addon,model,field,type,comodel,string,store,compute,related,required,index,readonly,groups,ondelete,tracking,default,inverse,search,company_dependent,selection,tiene_help,help,usos_py,usos_xml,usos_js,usos_tests,file,line
quimibond_sgi,sgi.activity.spec.gap,activity_id,Many2one,sgi.process.activity,Actividad,True,,,True,True,,,cascade,,,,,,,no,,220,26,0,63,addons/quimibond_sgi/models/sgi_activity_spec.py,122
quimibond_sgi,sgi.activity.spec.gap,process_id,Many2one,,Proceso,True,,activity_id.process_id,,True,,,,,,,,,,no,,241,81,3,142,addons/quimibond_sgi/models/sgi_activity_spec.py,125
quimibond_sgi,sgi.activity.spec.gap,code,Selection,,Faltante,True,,,True,True,,,,,,,,,SGI_SPEC_GAPS,no,,593,355,0,336,addons/quimibond_sgi/models/sgi_activity_spec.py,127
quimibond_sgi,sgi.activity.spec.gap,severity,Selection,,Severidad,True,,,True,True,,,,,,,,,"[('error', 'Error (bloquea publicar)'), ('warning', 'Advertencia')]",no,,30,29,0,20,addons/quimibond_sgi/models/sgi_activity_spec.py,128
quimibond_sgi,sgi.activity.spec.gap,message,Char,,Detalle,True,,,,,,,,,,,,,,no,,42,3,0,20,addons/quimibond_sgi/models/sgi_activity_spec.py,132
quimibond_sgi,sgi.activity.spec.gap,company_id,Many2one,,Empresa,True,,activity_id.company_id,,True,,,,,,,,,,no,,207,50,0,19,addons/quimibond_sgi/models/sgi_activity_spec.py,133
quimibond_sgi,sgi.process.activity,check_against,Char,,Contra qué se compara,True,,,,,,,,,,,,,,sí,"Lista de precios vigente, release anterior, IT-C2-06… Obligatorio cuando el verbo es de comparación (verificar, revisar, validar…).",11,2,0,2,addons/quimibond_sgi/models/sgi_activity_spec.py,141
quimibond_sgi,sgi.process.activity,done_criteria,Text,,Criterio de terminado,True,,,,,,,,,,,,,,sí,"Cómo se sabe que quedó bien hecha, en una frase que se contesta con sí o no: «El pedido coincide con el release en cantidad, fecha y planta, y trae número de OC».",9,2,0,12,addons/quimibond_sgi/models/sgi_activity_spec.py,146
quimibond_sgi,sgi.process.activity,on_fail,Text,,Si no se puede cumplir,True,,,,,,,,,,,,,,sí,"Qué hace quien ejecuta si no se puede o el resultado no pasa: «Si cambia cantidad o fecha, avisar a Planeación el mismo día».",11,2,0,5,addons/quimibond_sgi/models/sgi_activity_spec.py,151
quimibond_sgi,sgi.process.activity,due_weekday,Selection,,Vence el (semanal),True,,,,,,,,,,,,,SGI_WEEKDAYS,sí,Cadencia semanal: día de la semana en que vence.,17,2,0,6,addons/quimibond_sgi/models/sgi_activity_spec.py,156
quimibond_sgi,sgi.process.activity,due_business_day,Integer,,Vence el día hábil (mensual),True,,,,,,,,,,,,,,sí,Cadencia mensual: día hábil del mes en que vence (1 a 23).,18,2,0,3,addons/quimibond_sgi/models/sgi_activity_spec.py,159
quimibond_sgi,sgi.process.activity,due_month,Selection,,Vence en el mes,True,,,,,,,,,,,,,SGI_MONTHS,sí,"Trimestral, semestral o anual: mes en que vence dentro del periodo. Trimestral con «Febrero» = febrero, mayo, agosto y noviembre.",13,2,0,5,addons/quimibond_sgi/models/sgi_activity_spec.py,165
quimibond_sgi,sgi.process.activity,due_day,Integer,,Vence el día,True,,,,,,,,,,,,,,sí,"Día del mes en que vence (1 a 31; si el mes es más corto, el último día).",18,2,0,7,addons/quimibond_sgi/models/sgi_activity_spec.py,169
quimibond_sgi,sgi.process.activity,exec_channel,Selection,,Dónde se hace,True,,,,True,,,,,,,,,SGI_EXEC_CHANNELS,sí,Dónde se hace el trabajo (no cómo se mide).,15,30,0,7,addons/quimibond_sgi/models/sgi_activity_spec.py,173
quimibond_sgi,sgi.process.activity,odoo_action_id,Many2one,ir.actions.act_window,Acción de Odoo,True,_compute_odoo_action_id,,,,False,,,,,,,,,sí,Pantalla que abre «Ir a hacerlo»; sale del menú y se puede cambiar.,4,2,0,1,addons/quimibond_sgi/models/sgi_activity_spec.py,176
quimibond_sgi,sgi.process.activity,external_system,Char,,Sistema externo,True,,,,,,,,,,,,,,sí,"Portal proveedores GM, VUCEM, sistema del agente aduanal…",14,2,0,0,addons/quimibond_sgi/models/sgi_activity_spec.py,180
quimibond_sgi,sgi.process.activity,location_id,Many2one,stock.location,Ubicación,True,,,,,,,,,,,,,,sí,Ubicación física cuando la actividad mueve o toca material.,11,3,0,37,addons/quimibond_sgi/models/sgi_activity_spec.py,183
quimibond_sgi,sgi.process.activity,workcenter_id,Many2one,mrp.workcenter,Centro de trabajo,True,,,,,,,,,,,,,,no,,14,6,0,3,addons/quimibond_sgi/models/sgi_activity_spec.py,186
quimibond_sgi,sgi.process.activity,place_note,Char,,Lugar,True,,,,,,,,,,,,,,sí,"Andén, laboratorio, oficina de embarques…",8,2,0,0,addons/quimibond_sgi/models/sgi_activity_spec.py,188
quimibond_sgi,sgi.process.activity,how_steps,Text,,Cómo (pasos),True,,,,,,,,,,,,,,sí,De 1 a 5 pasos cortos cuando no amerita un instructivo: «Abrir el pedido → actualizar cantidad y fecha → capturar la OC → confirmar».,9,2,0,8,addons/quimibond_sgi/models/sgi_activity_spec.py,191
quimibond_sgi,sgi.process.activity,spec_gap_ids,One2many,sgi.activity.spec.gap,Faltantes,n/a,,,,,True,,,,,,,,,no,,7,1,0,3,addons/quimibond_sgi/models/sgi_activity_spec.py,196
quimibond_sgi,sgi.process.activity,spec_complete,Boolean,,Especificación completa,True,,,,True,True,,,,,,,,,sí,Sin faltantes de tipo error.,3,7,0,3,addons/quimibond_sgi/models/sgi_activity_spec.py,198
quimibond_sgi,sgi.process.activity,spec_gap_summary,Text,,Qué le falta,False,_compute_spec_gap_summary,,,,,,,,,,,,,no,,1,2,0,0,addons/quimibond_sgi/models/sgi_activity_spec.py,201
quimibond_sgi,sgi.activity.input,applies_domain,Char,,Aplica cuando,True,,,,,,,,,,,,,,sí,"Dominio sobre el registro del entregable de entrada. Si no se cumple, la actividad no aplica a ese registro: no vence ni cuenta como atrasada. Ej. [('partner_id.country_id.code', '!=', 'MX')].",10,1,0,2,addons/quimibond_sgi/models/sgi_activity_spec.py,469
quimibond_sgi,sgi.activity.input,applies_note,Char,,Aplica cuando (en palabras),True,,,,,,,,,,,,,,sí,«Solo embarques de exportación».,6,1,0,2,addons/quimibond_sgi/models/sgi_activity_spec.py,474
quimibond_sgi,sgi.activity.input,match_path,Char,,Se liga con la salida por,True,,,,,,,,,,,,,,sí,"Campo de la salida que apunta al registro de esta entrada, cuando son modelos distintos (ej. «sale_id» si la salida es un stock.picking y la entrada un sale.order). Mismo modelo: no hace falta.",8,1,0,1,addons/quimibond_sgi/models/sgi_activity_spec.py,476
quimibond_sgi,sgi.activity.input,due_field,Char,,Vence según el campo,True,,,,,,,,,,,,,,sí,Campo de fecha del registro de esta entrada contra el que vence la actividad (ej. «scheduled_date» de la entrega). Con esto el plazo no son días desde que llegó sino esa fecha más el margen.,16,1,0,9,addons/quimibond_sgi/models/sgi_activity_spec.py,483
quimibond_sgi,sgi.activity.input,offset_days,Integer,,Margen (días hábiles),True,,,,,,,,,,,,,,sí,Días hábiles que se suman a «Vence según el campo». Negativo = antes: -2 vence dos días hábiles antes de la fecha programada.,8,1,0,7,addons/quimibond_sgi/models/sgi_activity_spec.py,488
quimibond_sgi,sgi.deliverable,complete_domain,Char,,Filtro: está completo,True,,,,,,,,,,,,,,sí,"Además de existir, cuándo cuenta como completo, ej. [('client_order_ref', '!=', False), ('commitment_date', '!=', False)]. Vacío: lo que existe cuenta como completo.",19,2,0,3,addons/quimibond_sgi/models/sgi_activity_spec.py,568
quimibond_sgi,sgi.deliverable,complete_criteria,Text,,Completo significa,True,,,,,,,,,,,,,,sí,Lo mismo en palabras; se imprime en el procedimiento.,3,1,0,2,addons/quimibond_sgi/models/sgi_activity_spec.py,573
quimibond_sgi,sgi.process,state,Selection,,Estado,True,,,True,True,,,,True,sí,,,,"[('borrador', 'Borrador'), ('piloto', 'Piloto'), ('vigente', 'Vigente')]",sí,Borrador y piloto se pueden cargar incompletos (los faltantes se ven). Vigente exige la especificación completa de actividades e indicadores.,486,472,44,237,addons/quimibond_sgi/models/sgi_activity_spec.py,599
quimibond_sgi,sgi.process,spec_error_count,Integer,,Faltantes que bloquean,False,_compute_spec_counts,,,,,,,,,,,,,no,,1,2,0,0,addons/quimibond_sgi/models/sgi_activity_spec.py,606
quimibond_sgi,sgi.process,spec_warning_count,Integer,,Advertencias,False,_compute_spec_counts,,,,,,,,,,,,,no,,1,2,0,0,addons/quimibond_sgi/models/sgi_activity_spec.py,608
quimibond_sgi,sgi.process,channel_odoo_pct,Integer,,% en Odoo,False,_compute_channel_pct,,,,,,,,,,,,,sí,"Actividades con canal Odoo, sobre las que tienen canal.",1,1,0,1,addons/quimibond_sgi/models/sgi_activity_spec.py,610
quimibond_sgi,sgi.process,channel_manual_pct,Integer,,"% en papel, correo o teléfono",False,_compute_channel_pct,,,,,,,,,,,,,sí,La lista de trabajo de automatización.,1,1,0,1,addons/quimibond_sgi/models/sgi_activity_spec.py,613
quimibond_sgi,sgi.process,odoo_measured_pct,Integer,,% de lo que se hace en Odoo que se mide solo,False,_compute_channel_pct,,,,,,,,,,,,,sí,"Actividades con canal Odoo que se miden por su entregable. Si se hace en Odoo y no se mide solo, es un hueco del SGI, no del proceso.",1,1,0,0,addons/quimibond_sgi/models/sgi_activity_spec.py,616
quimibond_sgi,sgi.indicator,baseline_value,Float,,Valor de arranque,True,,,,,,,,,,,,,,sí,El primer mes medido.,6,2,0,3,addons/quimibond_sgi/models/sgi_activity_spec.py,700
quimibond_sgi,sgi.indicator,target_date,Date,,Llegar a la meta el,True,,,,,,,,,,,,,,sí,"Opcional: sin fecha, la meta es permanente.",15,1,0,6,addons/quimibond_sgi/models/sgi_activity_spec.py,702
quimibond_sgi,sgi.indicator,spec_missing,Char,,Le falta,True,_compute_spec_missing,,,,,,,,,,,,,no,,2,2,0,1,addons/quimibond_sgi/models/sgi_activity_spec.py,705
quimibond_sgi,sgi.indicator,activity_id,Many2one,sgi.process.activity,Actividad medida,True,,,,,,,set null,,,,,,,sí,Para «% a tiempo»: la actividad cuyo cumplimiento semanal se toma.,220,26,0,63,addons/quimibond_sgi/models/sgi_activity_spec.py,709
quimibond_sgi,sgi.indicator,deliverable_id,Many2one,sgi.deliverable,Entregable medido,True,,,,,,,set null,,,,,,,sí,Para «% completo»: el entregable cuyo filtro «ya está completo» se compara contra lo entregado. Vacío: el entregable con el que se mide la actividad.,71,16,0,12,addons/quimibond_sgi/models/sgi_activity_spec.py,712
quimibond_sgi,sgi.activity.week.stat,activity_id,Many2one,sgi.process.activity,Actividad,True,,,True,True,True,,cascade,,,,,,,no,,220,26,0,63,addons/quimibond_sgi/models/sgi_activity_spec.py,851
quimibond_sgi,sgi.activity.week.stat,process_id,Many2one,,Proceso,True,,activity_id.process_id,,True,,,,,,,,,,no,,241,81,3,142,addons/quimibond_sgi/models/sgi_activity_spec.py,854
quimibond_sgi,sgi.activity.week.stat,exec_channel,Selection,,Canal,True,,activity_id.exec_channel,,,,,,,,,,,,no,,15,30,0,7,addons/quimibond_sgi/models/sgi_activity_spec.py,856
quimibond_sgi,sgi.activity.week.stat,period_start,Date,,Semana,True,,,True,True,True,,,,,,,,,no,,18,10,0,5,addons/quimibond_sgi/models/sgi_activity_spec.py,858
quimibond_sgi,sgi.activity.week.stat,applicable_count,Integer,,Aplicables,True,,,,,True,,,,,,,,,no,,2,1,0,1,addons/quimibond_sgi/models/sgi_activity_spec.py,859
quimibond_sgi,sgi.activity.week.stat,done_count,Integer,,Hechas,True,,,,,True,,,,,,,,,no,,5,3,0,2,addons/quimibond_sgi/models/sgi_activity_spec.py,860
quimibond_sgi,sgi.activity.week.stat,complete_count,Integer,,Completas,True,,,,,True,,,,,,,,,no,,4,2,0,1,addons/quimibond_sgi/models/sgi_activity_spec.py,861
quimibond_sgi,sgi.activity.week.stat,timed_count,Integer,,Con plazo medible,True,,,,,True,,,,,,,,,sí,Hechas cuya entrada se pudo ligar (o con vencimiento periódico).,10,1,0,3,addons/quimibond_sgi/models/sgi_activity_spec.py,862
quimibond_sgi,sgi.activity.week.stat,on_time_count,Integer,,A tiempo,True,,,,,True,,,,,,,,,no,,8,2,0,3,addons/quimibond_sgi/models/sgi_activity_spec.py,865
quimibond_sgi,sgi.activity.week.stat,late_open_count,Integer,,Vencidas abiertas,True,,,,,True,,,,,,,,,sí,Entradas aplicables sin salida y con el plazo vencido al cierre de la semana.,3,4,0,2,addons/quimibond_sgi/models/sgi_activity_spec.py,866
quimibond_sgi,sgi.activity.week.stat,completeness_rate,Float,,% completas,True,_compute_rates,,,,,,,,,,,,,no,,1,2,0,0,addons/quimibond_sgi/models/sgi_activity_spec.py,869
quimibond_sgi,sgi.activity.week.stat,on_time_rate,Float,,% a tiempo,True,_compute_rates,,,,,,,,,,,,,no,,1,1,0,0,addons/quimibond_sgi/models/sgi_activity_spec.py,872
quimibond_sgi,sgi.activity.week.stat,company_id,Many2one,,Empresa,True,,activity_id.company_id,,True,,,,,,,,,,no,,207,50,0,19,addons/quimibond_sgi/models/sgi_activity_spec.py,875
quimibond_sgi,sgi.alert.source,code,Char,,Clave técnica,True,,,True,True,True,,,,,,,,,sí,Identificador que usa el código para pedir permiso antes de levantar la NC. No se edita: lo fija el módulo que la dispara.,593,355,0,336,addons/quimibond_sgi/models/sgi_alert_source.py,26
quimibond_sgi,sgi.alert.source,name,Char,,Fuente,True,,,True,,,,,,,,,,,no,,1116,8842,3,1148,addons/quimibond_sgi/models/sgi_alert_source.py,30
quimibond_sgi,sgi.alert.source,sequence,Integer,,,True,,,,,,,,,sí,,,,,no,,104,294,0,19,addons/quimibond_sgi/models/sgi_alert_source.py,31
quimibond_sgi,sgi.alert.source,enabled,Boolean,,Activa,True,,,,,,,,True,sí,,,,,sí,"Desactívala para dejar de generar No Conformidades por este motivo. El cambio queda registrado en el historial con autor y fecha, para poder justificarlo en auditoría.",2,4,0,19,addons/quimibond_sgi/models/sgi_alert_source.py,32
quimibond_sgi,sgi.alert.source,trigger_type,Selection,,Disparo,True,,,True,,True,,,,sí,,,,"[('automatico', 'Automático'), ('manual', 'Manual (botón)')]",sí,"Automático: lo levanta el sistema solo; al desactivarlo, la NC simplemente no se crea. Manual: lo levanta una persona con un botón; al desactivarlo, el botón avisa que la fuente está apagada en vez d…",1,12,0,0,addons/quimibond_sgi/models/sgi_alert_source.py,37
quimibond_sgi,sgi.alert.source,trigger_note,Text,,Qué la dispara,True,,,,,,,,,,,,,,sí,Descripción en lenguaje de piso de la condición que genera la NC.,0,12,0,0,addons/quimibond_sgi/models/sgi_alert_source.py,45
quimibond_sgi,sgi.alert.source,origin_module,Char,,Módulo,True,,,,,True,,,,,,,,,no,,0,11,0,0,addons/quimibond_sgi/models/sgi_alert_source.py,48
quimibond_sgi,sgi.alert.source,alert_count,Integer,,# NC generadas,False,_compute_alert_count,,,,,,,,,,,,,no,,3,4,0,3,addons/quimibond_sgi/models/sgi_alert_source.py,50
quimibond_sgi,sgi.alert.source,suppressed_count,Integer,,# NC omitidas,True,,,,,True,,,,,,,,,sí,Cuántas veces se cumplió la condición mientras la fuente estaba apagada. Sirve para dimensionar lo que se dejó de registrar.,4,3,0,5,addons/quimibond_sgi/models/sgi_alert_source.py,51
quimibond_sgi,sgi.alert.source,last_suppressed_on,Datetime,,Última omisión,True,,,,,True,,,,,,,,,no,,1,2,0,2,addons/quimibond_sgi/models/sgi_alert_source.py,55
quimibond_sgi,studio.approval.rule,sgi_role_id,Many2one,sgi.activity.role,Rol SGI que aprueba,True,,,,btree_not_null,,,set null,,,,,,,sí,Renglón «Aprueba» de la actividad del procedimiento que mantiene esta regla.,18,0,0,3,addons/quimibond_sgi/models/sgi_approval_native.py,61
quimibond_sgi,approval.category,sgi_role_id,Many2one,sgi.activity.role,Rol SGI que aprueba,True,,,,btree_not_null,,,set null,,,,,,,sí,Categoría creada para un renglón «Aprueba»: sus aprobadores siguen a las personas del puesto.,18,0,0,3,addons/quimibond_sgi/models/sgi_approval_native.py,69
quimibond_sgi,sgi.activity.role,approval_kind,Selection,,Cómo se aprueba,True,,,,,,,,,sí,,,,APPROVAL_KINDS,sí,Botón de Odoo: la regla nativa bloquea el botón del documento. Solicitud: una categoría de Aprobaciones para decisiones sin documento. Firma: una plantilla de Sign.,9,10,0,2,addons/quimibond_sgi/models/sgi_approval_native.py,77
quimibond_sgi,sgi.activity.role,approval_category_id,Many2one,approval.category,Categoría de Aprobaciones,True,,,,,,,set null,,,,,,,sí,Vacía: «Sincronizar» crea una categoría propia con las personas del puesto.,9,1,0,1,addons/quimibond_sgi/models/sgi_approval_native.py,81
quimibond_sgi,sgi.activity.role,approval_sign_template_id,Many2one,sign.template,Plantilla de Sign,True,,,,,,,set null,,,,,,,no,,3,1,0,0,addons/quimibond_sgi/models/sgi_approval_native.py,84
quimibond_sgi,sgi.activity.role,approval_conflict_rule_ids,Many2many,studio.approval.rule,Otras reglas en el botón,False,_compute_approval_conflicts,,,,,,,,,,,,,sí,Reglas de aprobación activas en el mismo botón que no mantiene este rol: el documento pediría dos aprobaciones. Adóptala o quítala antes de sincronizar.,7,1,0,2,addons/quimibond_sgi/models/sgi_approval_native.py,86
quimibond_sgi,sgi.activity.role,approval_model_id,Many2one,ir.model,Documento que se aprueba,True,_compute_approval_model_id,,,,False,,set null,,,,,,,sí,Modelo de Odoo cuyo botón queda bloqueado hasta que el puesto aprueba. Se sugiere el modelo que materializa la actividad.,19,3,0,1,addons/quimibond_sgi/models/sgi_approval_native.py,91
quimibond_sgi,sgi.activity.role,approval_model_name,Char,,Modelo técnico,False,,approval_model_id.model,,,,,,,,,,,,no,,0,0,0,0,addons/quimibond_sgi/models/sgi_approval_native.py,96
quimibond_sgi,sgi.activity.role,approval_method,Char,,Botón que se aprueba,True,_compute_approval_method,,,,False,,,,,,,,,sí,"Método del botón (button_confirm, action_post, button_validate…).",12,1,0,3,addons/quimibond_sgi/models/sgi_approval_native.py,97
quimibond_sgi,sgi.activity.role,condition_field_id,Many2one,ir.model.fields,Campo de la condición,True,,,,,,,set null,,,,,,,sí,Solo cuando la aprobación aplica bajo una condición (ej. total de la orden).,6,3,0,2,addons/quimibond_sgi/models/sgi_approval_native.py,100
quimibond_sgi,sgi.activity.role,condition_operator,Selection,,Operador,True,,,,,,,,,sí,,,,CONDITION_OPERATORS,no,,2,1,0,2,addons/quimibond_sgi/models/sgi_approval_native.py,105
quimibond_sgi,sgi.activity.role,condition_value,Char,,Valor,True,,,,,,,,,,,,,,sí,"Número, texto o True/False.",3,1,0,3,addons/quimibond_sgi/models/sgi_approval_native.py,106
quimibond_sgi,sgi.activity.role,approval_domain,Char,,Condición en Odoo,True,_compute_approval_domain,,,,,,,,,,,,,no,,3,0,0,1,addons/quimibond_sgi/models/sgi_approval_native.py,107
quimibond_sgi,sgi.activity.role,approval_rule_id,Many2one,studio.approval.rule,Regla nativa,True,,,,,True,,set null,,,,,,,no,,16,4,0,4,addons/quimibond_sgi/models/sgi_approval_native.py,108
quimibond_sgi,sgi.activity.role,approval_user_ids,Many2many,res.users,Personas que aprueban,False,_compute_approval_users,,,,,,,,,,,,,no,,4,1,0,1,addons/quimibond_sgi/models/sgi_approval_native.py,110
quimibond_sgi,sgi.activity.role,approval_state,Selection,,Aprobación en Odoo,False,_compute_approval_state,,,,,,,,,,,,APPROVAL_STATES,no,,10,12,0,10,addons/quimibond_sgi/models/sgi_approval_native.py,112
quimibond_sgi,sgi.activity.role,approval_entry_count,Integer,,Aprobaciones dadas,False,_compute_approval_entries,,,,,,,,,,,,,no,,3,1,0,0,addons/quimibond_sgi/models/sgi_approval_native.py,114
quimibond_sgi,sgi.activity.role,approval_last_date,Datetime,,Última aprobación,False,_compute_approval_entries,,,,,,,,,,,,,no,,3,1,0,0,addons/quimibond_sgi/models/sgi_approval_native.py,115
quimibond_sgi,sgi.area,code,Char,,Clave,True,,,True,True,,,,,,,,,,no,,593,355,0,336,addons/quimibond_sgi/models/sgi_area.py,10
quimibond_sgi,sgi.area,name,Char,,Nombre,True,,,True,,,,,,,,,,,no,,1116,8842,3,1148,addons/quimibond_sgi/models/sgi_area.py,11
quimibond_sgi,sgi.area,department_id,Many2one,hr.department,Departamento,True,,,,,,,,,,,,,,no,,34,49,0,13,addons/quimibond_sgi/models/sgi_area.py,12
quimibond_sgi,sgi.area,active,Boolean,,,True,,,,,,,,,sí,,,,,no,,148,78,4,48,addons/quimibond_sgi/models/sgi_area.py,13
quimibond_sgi,sgi.audit.program,name,Char,,Nombre,True,_compute_name,,,,,,,,,,,,,no,,1116,8842,3,1148,addons/quimibond_sgi/models/sgi_audit.py,38
quimibond_sgi,sgi.audit.program,year,Integer,,Año,True,,,True,,,,,,sí,,,,,no,,95,10,0,77,addons/quimibond_sgi/models/sgi_audit.py,39
quimibond_sgi,sgi.audit.program,state,Selection,,Estado,True,,,True,,,,,True,sí,,,,"[('borrador', 'Borrador'), ('aprobado', 'Aprobado'), ('cerrado', 'Cerrado')]",no,,486,472,44,237,addons/quimibond_sgi/models/sgi_audit.py,41
quimibond_sgi,sgi.audit.program,line_ids,One2many,sgi.audit.program.line,Líneas,n/a,,,,,,,,,,,,,,no,,96,12,0,62,addons/quimibond_sgi/models/sgi_audit.py,46
quimibond_sgi,sgi.audit.program.line,program_id,Many2one,sgi.audit.program,Programa,True,,,True,,,,cascade,,,,,,,no,,6,0,0,0,addons/quimibond_sgi/models/sgi_audit.py,125
quimibond_sgi,sgi.audit.program.line,process_id,Many2one,sgi.process,Proceso,True,,,,,,,,,,,,,,no,,241,81,3,142,addons/quimibond_sgi/models/sgi_audit.py,127
quimibond_sgi,sgi.audit.program.line,planned_month,Selection,,Mes planificado,True,,,True,,,,,,,,,,MONTH_SELECTION,no,,8,1,0,2,addons/quimibond_sgi/models/sgi_audit.py,128
quimibond_sgi,sgi.audit.program.line,audit_type,Selection,,Tipo,True,,,True,,,,,,sí,,,,"[('interna', 'Interna'), ('externa', 'Externa (certificación)'), ('cliente', 'De cliente'), ('proveedor', 'A proveedor'…",no,,19,10,0,15,addons/quimibond_sgi/models/sgi_audit.py,129
quimibond_sgi,sgi.audit.program.line,partner_id,Many2one,res.partner,Cliente / proveedor,True,,,,,,,,,,,,,,no,,190,41,0,100,addons/quimibond_sgi/models/sgi_audit.py,135
quimibond_sgi,sgi.audit.program.line,norm_ids,Many2many,sgi.norm,Normas,True,,,,,,,,,,,,,,no,,15,7,0,5,addons/quimibond_sgi/models/sgi_audit.py,136
quimibond_sgi,sgi.audit.program.line,lead_auditor_id,Many2one,res.users,Auditor líder,True,,,,,,,,,,,,,,no,,9,7,0,9,addons/quimibond_sgi/models/sgi_audit.py,137
quimibond_sgi,sgi.audit.program.line,state,Selection,,Estado,True,,,True,,,,,,sí,,,,"[('pendiente', 'Pendiente'), ('creada', 'Auditoría creada'), ('cerrada', 'Auditoría cerrada')]",no,,486,472,44,237,addons/quimibond_sgi/models/sgi_audit.py,138
quimibond_sgi,sgi.audit.program.line,audit_id,Many2one,sgi.audit,Auditoría,True,,,,,True,,,,,,,,,no,,25,2,0,10,addons/quimibond_sgi/models/sgi_audit.py,143
quimibond_sgi,sgi.audit,name,Char,,Nombre,True,_compute_name,,,,,,,,,,,,,no,,1116,8842,3,1148,addons/quimibond_sgi/models/sgi_audit.py,178
quimibond_sgi,sgi.audit,program_line_id,Many2one,sgi.audit.program.line,Línea de programa,True,,,,,,,,,,,,,,no,,3,1,0,0,addons/quimibond_sgi/models/sgi_audit.py,179
quimibond_sgi,sgi.audit,audit_type,Selection,,Tipo,True,,,True,,,,,True,sí,,,,"[('interna', 'Interna'), ('externa', 'Externa (certificación)'), ('cliente', 'De cliente'), ('proveedor', 'A proveedor'…",no,,19,10,0,15,addons/quimibond_sgi/models/sgi_audit.py,180
quimibond_sgi,sgi.audit,partner_id,Many2one,res.partner,Cliente / proveedor,True,,,,,,,,True,,,,,,no,,190,41,0,100,addons/quimibond_sgi/models/sgi_audit.py,189
quimibond_sgi,sgi.audit,external_report_ref,Char,,N° de reporte externo,True,,,,,,,,True,,,,,,sí,Número del reporte de auditoría del cliente.,1,1,0,1,addons/quimibond_sgi/models/sgi_audit.py,190
quimibond_sgi,sgi.audit,norm_ids,Many2many,sgi.norm,Normas,True,,,,,,,,,,,,,,no,,15,7,0,5,addons/quimibond_sgi/models/sgi_audit.py,192
quimibond_sgi,sgi.audit,process_ids,Many2many,sgi.process,Procesos auditados,True,,,,,,,,,,,,,,no,,20,11,0,19,addons/quimibond_sgi/models/sgi_audit.py,193
quimibond_sgi,sgi.audit,lead_auditor_id,Many2one,res.users,Auditor líder,True,,,,,,,,True,,,,,,no,,9,7,0,9,addons/quimibond_sgi/models/sgi_audit.py,194
quimibond_sgi,sgi.audit,auditor_ids,Many2many,res.users,Equipo auditor,True,,,,,,,,,,,,,,no,,3,3,0,1,addons/quimibond_sgi/models/sgi_audit.py,195
quimibond_sgi,sgi.audit,auditee_ids,Many2many,res.users,Auditados,True,,,,,,,,,,,,,,no,,1,3,0,0,addons/quimibond_sgi/models/sgi_audit.py,197
quimibond_sgi,sgi.audit,date_planned,Date,,Fecha planificada,True,,,,,,,,,,,,,,no,,12,6,0,1,addons/quimibond_sgi/models/sgi_audit.py,199
quimibond_sgi,sgi.audit,date_start,Date,,Inicio real,True,,,,,,,,,,,,,,no,,8,3,0,3,addons/quimibond_sgi/models/sgi_audit.py,200
quimibond_sgi,sgi.audit,date_end,Date,,Fin real,True,,,,,,,,,,,,,,no,,6,3,0,2,addons/quimibond_sgi/models/sgi_audit.py,201
quimibond_sgi,sgi.audit,survey_id,Many2one,survey.survey,Checklist (encuesta),True,,,,,,,,,,,,,,no,,17,32,0,6,addons/quimibond_sgi/models/sgi_audit.py,202
quimibond_sgi,sgi.audit,survey_input_ids,Many2many,survey.user_input,Respuestas del checklist,True,,,,,,,,,,,,,,no,,3,2,0,2,addons/quimibond_sgi/models/sgi_audit.py,203
quimibond_sgi,sgi.audit,conclusion,Text,,Conclusión,True,,,,,,,,,,,,,,no,,0,2,0,1,addons/quimibond_sgi/models/sgi_audit.py,205
quimibond_sgi,sgi.audit,opening_minutes,Text,,Minuta de apertura,True,,,,,,,,,,,,,,sí,"Acuerdos de la reunión de apertura: alcance confirmado, agenda, criterios. Sustituye el formato F-P-G03-05.",0,2,0,3,addons/quimibond_sgi/models/sgi_audit.py,208
quimibond_sgi,sgi.audit,closing_minutes,Text,,Minuta de cierre,True,,,,,,,,,,,,,,sí,"Resumen presentado al auditado: hallazgos, conclusión, plazos. Sustituye el formato F-P-G03-06.",0,2,0,3,addons/quimibond_sgi/models/sgi_audit.py,212
quimibond_sgi,sgi.audit,state,Selection,,Estado,True,,,True,,,,,True,sí,,,,"[('borrador', 'Borrador'), ('planificada', 'Planificada'), ('en_ejecucion', 'En ejecución'), ('informe', 'Informe'), ('…",no,,486,472,44,237,addons/quimibond_sgi/models/sgi_audit.py,216
quimibond_sgi,sgi.audit,finding_ids,One2many,sgi.audit.finding,Hallazgos,n/a,,,,,,,,,,,,,,no,,11,4,0,6,addons/quimibond_sgi/models/sgi_audit.py,223
quimibond_sgi,sgi.audit,finding_count,Integer,,# Hallazgos,False,_compute_finding_count,,,,,,,,,,,,,no,,3,3,0,0,addons/quimibond_sgi/models/sgi_audit.py,224
quimibond_sgi,sgi.audit,checklist_line_ids,One2many,sgi.audit.checklist.line,Checklist,n/a,,,,,,,,,,,,,,no,,8,4,0,11,addons/quimibond_sgi/models/sgi_audit.py,226
quimibond_sgi,sgi.audit,checklist_count,Integer,,,False,_compute_checklist_counts,,,,,,,,,,,,,no,,1,2,0,2,addons/quimibond_sgi/models/sgi_audit.py,228
quimibond_sgi,sgi.audit,checklist_answered_count,Integer,,,False,_compute_checklist_counts,,,,,,,,,,,,,no,,1,2,0,1,addons/quimibond_sgi/models/sgi_audit.py,229
quimibond_sgi,sgi.audit,checklist_nonconforming_count,Integer,,,False,_compute_checklist_counts,,,,,,,,,,,,,no,,1,1,0,1,addons/quimibond_sgi/models/sgi_audit.py,230
quimibond_sgi,sgi.audit,report_document_id,Many2one,documents.document,Informe archivado,True,,,,,True,,,,,,,,,no,,7,2,0,3,addons/quimibond_sgi/models/sgi_audit.py,232
quimibond_sgi,sgi.audit.finding,audit_id,Many2one,sgi.audit,Auditoría,True,,,True,,,,cascade,,,,,,,no,,25,2,0,10,addons/quimibond_sgi/models/sgi_audit.py,533
quimibond_sgi,sgi.audit.finding,finding_type,Selection,,Tipo,True,,,True,,,,,,sí,,,,"[('conformidad', 'Conformidad'), ('observacion', 'Observación'), ('nc_menor', 'No conformidad menor'), ('nc_mayor', 'No…",no,,16,4,0,13,addons/quimibond_sgi/models/sgi_audit.py,535
quimibond_sgi,sgi.audit.finding,norm_clause_id,Many2one,sgi.norm.clause,Cláusula,True,,,,,,,,,,,,,,no,,3,3,0,3,addons/quimibond_sgi/models/sgi_audit.py,542
quimibond_sgi,sgi.audit.finding,checklist_line_id,Many2one,sgi.audit.checklist.line,Pregunta del checklist,True,,,,,True,,set null,,,,,,,no,,1,0,0,1,addons/quimibond_sgi/models/sgi_audit.py,543
quimibond_sgi,sgi.audit.finding,survey_line_id,Many2one,survey.user_input.line,Respuesta del checklist,True,,,,,True,,,,,,,,,no,,3,0,0,0,addons/quimibond_sgi/models/sgi_audit.py,545
quimibond_sgi,sgi.audit.finding,process_id,Many2one,sgi.process,Proceso,True,,,,,,,,,,,,,,no,,241,81,3,142,addons/quimibond_sgi/models/sgi_audit.py,548
quimibond_sgi,sgi.audit.finding,description,Text,,Descripción,True,,,,,,,,,,,,,,no,,32,38,0,18,addons/quimibond_sgi/models/sgi_audit.py,549
quimibond_sgi,sgi.audit.finding,evidence,Text,,Evidencia,True,,,,,,,,,,,,,,no,,31,8,0,10,addons/quimibond_sgi/models/sgi_audit.py,550
quimibond_sgi,sgi.audit.finding,disposition,Selection,,Disposición,True,,,,,,,,,,,,,"[('genera_nc', 'Genera NC'), ('sin_accion', 'Sin acción'), ('mejora', 'Mejora')]",no,,9,7,0,5,addons/quimibond_sgi/models/sgi_audit.py,551
quimibond_sgi,sgi.audit.finding,alert_id,Many2one,quality.alert,No Conformidad,True,,,,,True,,,,,,,,,no,,62,18,0,58,addons/quimibond_sgi/models/sgi_audit.py,556
quimibond_sgi,sgi.audit.finding,reason_no_action,Text,,Justificación sin acción,True,,,,,,,,,,,,,,no,,1,1,0,3,addons/quimibond_sgi/models/sgi_audit.py,557
quimibond_sgi,sgi.audit.checklist.line,audit_id,Many2one,sgi.audit,Auditoría,True,,,True,True,,,cascade,,,,,,,no,,25,2,0,10,addons/quimibond_sgi/models/sgi_audit.py,620
quimibond_sgi,sgi.audit.checklist.line,sequence,Integer,,,True,,,,,,,,,sí,,,,,no,,104,294,0,19,addons/quimibond_sgi/models/sgi_audit.py,622
quimibond_sgi,sgi.audit.checklist.line,activity_id,Many2one,sgi.process.activity,Actividad,True,,,True,,,,cascade,,,,,,,no,,220,26,0,63,addons/quimibond_sgi/models/sgi_audit.py,623
quimibond_sgi,sgi.audit.checklist.line,process_id,Many2one,,Proceso,True,,activity_id.process_id,,,,,,,,,,,,no,,241,81,3,142,addons/quimibond_sgi/models/sgi_audit.py,625
quimibond_sgi,sgi.audit.checklist.line,question,Char,,Pregunta,True,_compute_question,,,,,,,,,,,,,no,,5,68,0,14,addons/quimibond_sgi/models/sgi_audit.py,626
quimibond_sgi,sgi.audit.checklist.line,executor,Char,,Quién la ejecuta,True,_compute_question,,,,,,,,,,,,,no,,2,1,0,1,addons/quimibond_sgi/models/sgi_audit.py,627
quimibond_sgi,sgi.audit.checklist.line,deliverables,Char,,Entregable,True,_compute_question,,,,,,,,,,,,,no,,15,1,0,4,addons/quimibond_sgi/models/sgi_audit.py,628
quimibond_sgi,sgi.audit.checklist.line,can_open_records,Boolean,,,False,_compute_can_open_records,,,,,,,,,,,,,no,,1,2,0,1,addons/quimibond_sgi/models/sgi_audit.py,629
quimibond_sgi,sgi.audit.checklist.line,answer,Selection,,Respuesta,True,,,,,,,,,,,,,"[('conforme', 'Conforme'), ('observacion', 'Observación'), ('nc_menor', 'NC menor'), ('nc_mayor', 'NC mayor')]",no,,23,49,0,16,addons/quimibond_sgi/models/sgi_audit.py,630
quimibond_sgi,sgi.audit.checklist.line,evidence,Text,,Evidencia,True,,,,,,,,,,,,,,sí,Qué registros se revisaron y qué se encontró.,31,8,0,10,addons/quimibond_sgi/models/sgi_audit.py,636
quimibond_sgi,sgi.audit.checklist.line,finding_id,Many2one,sgi.audit.finding,Hallazgo,True,,,,,True,,,,,,,,,no,,9,1,0,13,addons/quimibond_sgi/models/sgi_audit.py,637
quimibond_sgi,sgi.audit.checklist.line,audit_state,Selection,,,False,,audit_id.state,,,,,,,,,,,,no,,0,0,0,0,addons/quimibond_sgi/models/sgi_audit.py,638
quimibond_sgi,sgi.base.mixin,folio,Char,,Folio,True,,,,True,True,,,True,,,,,,no,,147,49,0,30,addons/quimibond_sgi/models/sgi_base.py,34
quimibond_sgi,budget.analytic,sgi_sales_budget_id,Many2one,sgi.sales.budget,Presupuesto de ventas base,True,,,,True,,,set null,,,,,,,sí,Presupuesto de ventas del SGI del que parte este presupuesto de gastos e inversiones (E1.02).,2,1,0,3,addons/quimibond_sgi/models/sgi_budget_analytic.py,13
quimibond_sgi,sgi.process.activity,sale_team_ids,Many2many,crm.team,Aplica a (equipo de ventas),True,,,,,,,,,,,,,,sí,Líneas de negocio (equipos de venta de Odoo) a las que aplica la actividad. Vacío = a todas.,15,8,0,7,addons/quimibond_sgi/models/sgi_business_line.py,69
quimibond_sgi,sgi.process.activity,fiscal_position_ids,Many2many,account.fiscal.position,Mercado (posición fiscal),True,,,,,,,,,,,,,,sí,"Mercado al que aplica (Nacional, Cliente extranjero…). Vacío = a todos.",6,3,0,1,addons/quimibond_sgi/models/sgi_business_line.py,74
quimibond_sgi,sgi.process.activity,department_ids,Many2many,hr.department,Departamentos,True,_compute_department_ids,,,,,,,,,,,,,sí,Departamentos de los puestos que la ejecutan (se calcula).,2,6,0,3,addons/quimibond_sgi/models/sgi_business_line.py,78
quimibond_sgi,sgi.process.activity,team_filter_id,Many2one,crm.team,Equipo (con las generales),False,_compute_line_filters,,,,,,,,,,_search_team_filter_id,,,no,,3,2,0,6,addons/quimibond_sgi/models/sgi_business_line.py,82
quimibond_sgi,sgi.process.activity,market_filter_id,Many2one,account.fiscal.position,Mercado (con las generales),False,_compute_line_filters,,,,,,,,,,_search_market_filter_id,,,no,,1,1,0,2,addons/quimibond_sgi/models/sgi_business_line.py,85
quimibond_sgi,sgi.process,activity_team_ids,Many2many,crm.team,Equipos de sus actividades,False,_compute_activity_team_ids,,,,,,,,,,_search_activity_team_ids,,,sí,Equipos de venta que aparecen en las actividades del proceso.,1,1,0,1,addons/quimibond_sgi/models/sgi_business_line.py,125
quimibond_sgi,hr.job,sgi_team_ids,Many2many,crm.team,Equipos de venta de sus personas,False,_compute_sgi_team_ids,,,,,,,,,,,,,sí,"Equipos de venta de los que son miembros o líderes las personas del puesto. Si todas están en alguno, «Mi procedimiento» del puesto muestra solo lo general y lo de esos equipos.",3,4,0,3,addons/quimibond_sgi/models/sgi_business_line.py,145
quimibond_sgi,hr.employee,sgi_team_ids,Many2many,crm.team,Equipos de venta,False,_compute_sgi_team_ids,,,,,,,,,,,,,sí,Equipos de venta de los que su usuario es miembro o líder (se capturan en Ventas). Filtran su «Mi procedimiento».,3,4,0,3,addons/quimibond_sgi/models/sgi_business_line.py,190
quimibond_sgi,sgi.activity.exec.stat,department_id,Many2one,,Departamento,True,,job_id.department_id,,True,,,,,,,,,,no,,34,49,0,13,addons/quimibond_sgi/models/sgi_business_line.py,244
quimibond_sgi,sgi.activity.exec.stat,sale_team_ids,Many2many,crm.team,Aplica a (equipo de ventas),True,_compute_sale_team_ids,,,,,,,,,,,,,no,,15,8,0,7,addons/quimibond_sgi/models/sgi_business_line.py,246
quimibond_sgi,sgi.activity.exec.stat,team_filter_id,Many2one,,Equipo (con las generales),False,,activity_id.team_filter_id,,,,,,,,,,,,no,,3,2,0,6,addons/quimibond_sgi/models/sgi_business_line.py,249
quimibond_sgi,sgi.indicator,measure_split,Selection,,Desglose,True,,,True,,,,,True,sí,,,,"[('none', 'Solo el total'), ('team', 'Por equipo de ventas'), ('market', 'Por mercado (nacional / exportación)')]",sí,"Además del total, una medición por equipo de ventas o por mercado (país del cliente contra el de la compañía). Solo con fórmula configurable y registros que lleguen al equipo o al cliente.",9,2,0,3,addons/quimibond_sgi/models/sgi_business_line.py,261
quimibond_sgi,sgi.indicator,measure_team_ids,Many2many,crm.team,Equipos a desglosar,True,,,,,,,,,,,,,,sí,Vacío = los equipos de venta de la compañía del indicador.,1,1,0,1,addons/quimibond_sgi/models/sgi_business_line.py,270
quimibond_sgi,sgi.indicator,split_support,Char,,Desglose posible,False,_compute_split_support,,,,,,,,,,,,,no,,2,1,0,2,addons/quimibond_sgi/models/sgi_business_line.py,274
quimibond_sgi,sgi.indicator.measure,split_ids,One2many,sgi.indicator.measure.split,Desglose,n/a,,,,,,,,,,,,,,no,,1,2,0,4,addons/quimibond_sgi/models/sgi_business_line.py,413
quimibond_sgi,sgi.indicator.measure.split,measure_id,Many2one,sgi.indicator.measure,Medición,True,,,True,True,,,cascade,,,,,,,no,,19,3,0,7,addons/quimibond_sgi/models/sgi_business_line.py,425
quimibond_sgi,sgi.indicator.measure.split,indicator_id,Many2one,,Indicador,True,,measure_id.indicator_id,,True,,,,,,,,,,no,,127,31,0,59,addons/quimibond_sgi/models/sgi_business_line.py,427
quimibond_sgi,sgi.indicator.measure.split,period_date,Date,,Periodo,True,,measure_id.period_date,,,,,,,,,,,,no,,92,19,0,62,addons/quimibond_sgi/models/sgi_business_line.py,429
quimibond_sgi,sgi.indicator.measure.split,team_id,Many2one,crm.team,Equipo de ventas,True,,,,True,,,cascade,,,,,,,no,,97,23,0,111,addons/quimibond_sgi/models/sgi_business_line.py,430
quimibond_sgi,sgi.indicator.measure.split,market,Selection,,Mercado,True,,,,,,,,,,,,,_MARKETS,no,,11,2,0,1,addons/quimibond_sgi/models/sgi_business_line.py,431
quimibond_sgi,sgi.indicator.measure.split,label,Char,,Renglón,True,_compute_label,,,,,,,,,,,,,no,,290,43,11,10,addons/quimibond_sgi/models/sgi_business_line.py,432
quimibond_sgi,sgi.indicator.measure.split,value,Float,,Valor,True,,,,,,,,,,,,,,no,,300,153,4,137,addons/quimibond_sgi/models/sgi_business_line.py,433
quimibond_sgi,sgi.indicator.measure.split,numerator,Float,,Numerador,True,,,,,,,,,,,,,,no,,41,11,0,54,addons/quimibond_sgi/models/sgi_business_line.py,434
quimibond_sgi,sgi.indicator.measure.split,denominator,Float,,Denominador,True,,,,,,,,,,,,,,no,,39,11,0,33,addons/quimibond_sgi/models/sgi_business_line.py,435
quimibond_sgi,sgi.indicator.measure.split,sample_size,Integer,,Casos,True,,,,,,,,,,,,,,no,,11,5,0,2,addons/quimibond_sgi/models/sgi_business_line.py,436
quimibond_sgi,sgi.indicator.measure.split,state,Selection,,Estado,True,,,True,,,,,,sí,,,,"[('capturado', 'Calculado'), ('sin_dato', 'Sin dato')]",no,,486,472,44,237,addons/quimibond_sgi/models/sgi_business_line.py,437
quimibond_sgi,sgi.indicator.measure.split,uom,Char,,Unidad,False,,indicator_id.uom,,,,,,,,,,,,no,,49,60,0,64,addons/quimibond_sgi/models/sgi_business_line.py,441
quimibond_sgi,sgi.indicator.measure.split,semaphore,Selection,,Semáforo,True,_compute_semaphore,,,,,,,,,,,,"[('verde', 'Verde'), ('amarillo', 'Amarillo'), ('rojo', 'Rojo')]",no,,37,37,0,22,addons/quimibond_sgi/models/sgi_business_line.py,442
quimibond_sgi,sgi.indicator.measure.split,detail_model,Char,,Modelo del detalle,True,,,,,,,,,,,,,,no,,13,0,0,1,addons/quimibond_sgi/models/sgi_business_line.py,447
quimibond_sgi,sgi.indicator.measure.split,detail_ids,Text,,Registros del detalle,True,,,,,,,,,,,,,,no,,12,4,0,0,addons/quimibond_sgi/models/sgi_business_line.py,448
quimibond_sgi,quality.check,sgi_equipment_id,Many2one,maintenance.equipment,Equipo de medición,True,_compute_sgi_equipment_id,,,,False,,,,,,,,,sí,Instrumento con el que se toma la medición. Un equipo con calibración vencida o fuera de tolerancia no puede usarse para dictaminar la inspección (IATF 7.1.5.2.1).,7,2,0,3,addons/quimibond_sgi/models/sgi_calibration.py,11
quimibond_sgi,maintenance.equipment,sgi_is_measuring,Boolean,,Equipo de medición,True,,,,,,,,,,,,,,no,,7,14,0,5,addons/quimibond_sgi/models/sgi_calibration.py,54
quimibond_sgi,maintenance.equipment,sgi_magnitude,Char,,Magnitud,True,,,,,,,,,,,,,,no,,1,3,0,0,addons/quimibond_sgi/models/sgi_calibration.py,55
quimibond_sgi,maintenance.equipment,sgi_range,Char,,Rango,True,,,,,,,,,,,,,,no,,0,3,0,0,addons/quimibond_sgi/models/sgi_calibration.py,56
quimibond_sgi,maintenance.equipment,sgi_resolution,Char,,Resolución,True,,,,,,,,,,,,,,no,,0,3,0,0,addons/quimibond_sgi/models/sgi_calibration.py,57
quimibond_sgi,maintenance.equipment,sgi_calibration_interval_months,Integer,,Intervalo de calibración (meses),True,,,,,,,,,sí,,,,,no,,5,3,0,2,addons/quimibond_sgi/models/sgi_calibration.py,58
quimibond_sgi,maintenance.equipment,sgi_last_calibration_date,Date,,Última calibración,True,,,,,,,,,,,,,,no,,4,1,0,4,addons/quimibond_sgi/models/sgi_calibration.py,60
quimibond_sgi,maintenance.equipment,sgi_next_calibration_date,Date,,Próxima calibración,True,_compute_next_calibration_date,,,,False,,,,,,,,,sí,"Se calcula como última + intervalo, pero el laboratorio puede fijar otra fecha (prevalece).",22,2,0,3,addons/quimibond_sgi/models/sgi_calibration.py,61
quimibond_sgi,maintenance.equipment,sgi_calibration_state,Selection,,Estado de calibración,True,_compute_calibration_state,,,,,,,,,,,,"[('vigente', 'Vigente'), ('por_vencer', 'Por vencer'), ('vencido', 'Vencido')]",no,,9,5,0,1,addons/quimibond_sgi/models/sgi_calibration.py,66
quimibond_sgi,maintenance.equipment,sgi_do_not_use,Boolean,,No usar,True,,,,,,,,True,,,,,,sí,Equipo bloqueado (fuera de tolerancia o calibración vencida).,8,2,0,6,addons/quimibond_sgi/models/sgi_calibration.py,71
quimibond_sgi,maintenance.equipment,sgi_calibration_ids,One2many,sgi.calibration,Calibraciones,n/a,,,,,,,,,,,,,,no,,2,0,0,0,addons/quimibond_sgi/models/sgi_calibration.py,73
quimibond_sgi,maintenance.equipment,sgi_calibration_count,Integer,,N° de calibraciones,False,_compute_calibration_count,,,,,,,,,,,,,no,,1,1,0,0,addons/quimibond_sgi/models/sgi_calibration.py,75
quimibond_sgi,maintenance.equipment,sgi_is_ppe,Boolean,,Equipo de protección personal (EPP),True,,,,,,,,,,,,,,no,,1,3,0,0,addons/quimibond_sgi/models/sgi_calibration.py,79
quimibond_sgi,maintenance.equipment,sgi_ppe_expiry_date,Date,,Vencimiento del EPP,True,,,,,,,,,,,,,,no,,3,2,0,0,addons/quimibond_sgi/models/sgi_calibration.py,80
quimibond_sgi,sgi.calibration,equipment_id,Many2one,maintenance.equipment,Equipo,True,,,True,,,,,True,,,,,,no,,28,17,0,14,addons/quimibond_sgi/models/sgi_calibration.py,127
quimibond_sgi,sgi.calibration,date,Date,,Fecha,True,,,True,,,,,True,sí,,,,,no,,193,79,0,587,addons/quimibond_sgi/models/sgi_calibration.py,129
quimibond_sgi,sgi.calibration,calibration_type,Selection,,Tipo,True,,,True,,,,,,sí,,,,"[('interna', 'Interna'), ('externa', 'Externa')]",no,,2,4,0,3,addons/quimibond_sgi/models/sgi_calibration.py,131
quimibond_sgi,sgi.calibration,provider_id,Many2one,res.partner,Laboratorio / Proveedor,True,,,,,,,,,,,,,,no,,1,6,0,0,addons/quimibond_sgi/models/sgi_calibration.py,135
quimibond_sgi,sgi.calibration,certificate_ref,Char,,N° de certificado,True,,,,,,,,,,,,,,no,,2,6,0,5,addons/quimibond_sgi/models/sgi_calibration.py,136
quimibond_sgi,sgi.calibration,certificate_file,Binary,,Certificado (PDF),True,,,,,,,,,,,,,,no,,2,1,0,0,addons/quimibond_sgi/models/sgi_calibration.py,139
quimibond_sgi,sgi.calibration,certificate_filename,Char,,Nombre del certificado,True,,,,,,,,,,,,,,no,,0,2,0,0,addons/quimibond_sgi/models/sgi_calibration.py,140
quimibond_sgi,sgi.calibration,result,Selection,,Resultado,True,,,True,,,,,True,sí,,,,"[('conforme', 'Conforme'), ('fuera_tolerancia', 'Fuera de tolerancia')]",no,,118,34,0,135,addons/quimibond_sgi/models/sgi_calibration.py,141
quimibond_sgi,sgi.calibration,notes,Text,,Notas,True,,,,,,,,,,,,,,no,,8,13,0,0,addons/quimibond_sgi/models/sgi_calibration.py,145
quimibond_sgi,sgi.calibration,next_date,Date,,Próxima calibración,True,_compute_next_date,,,,False,,,,,,,,,no,,24,10,0,7,addons/quimibond_sgi/models/sgi_calibration.py,146
quimibond_sgi,sgi.calibration,sgi_alert_id,Many2one,quality.alert,NC generada,True,,,,,True,,,,,,,,,no,,15,8,0,24,addons/quimibond_sgi/models/sgi_calibration.py,148
quimibond_sgi,sgi.job.family,code,Char,,Código,True,,,True,True,,,,,,,,,,no,,593,355,0,336,addons/quimibond_sgi/models/sgi_catalog.py,65
quimibond_sgi,sgi.job.family,name,Char,,Familia,True,,,True,,,,,,,,,,,no,,1116,8842,3,1148,addons/quimibond_sgi/models/sgi_catalog.py,66
quimibond_sgi,sgi.job.family,job_ids,Many2many,hr.job,Puestos,True,,,,,,,,,,,,,,no,,30,5,1,10,addons/quimibond_sgi/models/sgi_catalog.py,67
quimibond_sgi,sgi.job.family,company_id,Many2one,res.company,Empresa,True,,,True,True,,,,,sí,,,,,no,,207,50,0,19,addons/quimibond_sgi/models/sgi_catalog.py,70
quimibond_sgi,sgi.job.family,active,Boolean,,,True,,,,,,,,,sí,,,,,no,,148,78,4,48,addons/quimibond_sgi/models/sgi_catalog.py,73
quimibond_sgi,sgi.job.family,employee_count,Integer,,Empleados activos,False,_compute_employee_count,,,,,,,,,,,,,no,,4,5,0,0,addons/quimibond_sgi/models/sgi_catalog.py,74
quimibond_sgi,sgi.activity.role,activity_id,Many2one,sgi.process.activity,Actividad,True,,,True,True,,,cascade,,,,,,,no,,220,26,0,63,addons/quimibond_sgi/models/sgi_catalog.py,119
quimibond_sgi,sgi.activity.role,role,Selection,,Rol,True,,,True,,,,,,sí,,,,SGI_ROLE_SELECTION,no,,400,120,1,184,addons/quimibond_sgi/models/sgi_catalog.py,122
quimibond_sgi,sgi.activity.role,target_type,Selection,,Asignado a,True,,,True,,,,,,sí,,,,SGI_ROLE_TARGETS,no,,31,21,0,15,addons/quimibond_sgi/models/sgi_catalog.py,126
quimibond_sgi,sgi.activity.role,job_id,Many2one,hr.job,Puesto,True,,,,True,,,restrict,,,,,,,no,,167,51,1,135,addons/quimibond_sgi/models/sgi_catalog.py,128
quimibond_sgi,sgi.activity.role,family_id,Many2one,sgi.job.family,Familia de puestos,True,,,,True,,,restrict,,,,,,,no,,45,11,1,10,addons/quimibond_sgi/models/sgi_catalog.py,130
quimibond_sgi,sgi.activity.role,relative_role,Selection,,Rol relativo,True,,,,,,,,,,,,,SGI_RELATIVE_ROLES,sí,Rol que no es de un puesto fijo. «Dueño del proceso» se resuelve al dueño del proceso; los demás no se resuelven a un puesto (no cuentan para «puesto sin persona» ni para adherencia).,22,4,0,4,addons/quimibond_sgi/models/sgi_catalog.py,133
quimibond_sgi,sgi.activity.role,after_days,Integer,,Escala a los (días hábiles),True,,,,,,,,,,,,,,sí,Solo para «Escala»: días hábiles después del plazo de la actividad en que se avisa a este destino. Puede haber varios niveles.,29,7,0,7,addons/quimibond_sgi/models/sgi_catalog.py,138
quimibond_sgi,sgi.activity.role,condition,Char,,Condición,True,,,,,,,,,,,,,,sí,"Solo para quien aprueba o se entera: cuándo aplica, ej. «arriba del monto que se fije». Vacío = siempre. Si según el caso la ejecuta otro puesto, son dos actividades.",25,11,0,5,addons/quimibond_sgi/models/sgi_catalog.py,142
quimibond_sgi,sgi.activity.role,sequence,Integer,,Secuencia,True,,,,,,,,,sí,,,,,no,,104,294,0,19,addons/quimibond_sgi/models/sgi_catalog.py,147
quimibond_sgi,sgi.activity.role,process_id,Many2one,,Proceso,True,,activity_id.process_id,,True,,,,,,,,,,no,,241,81,3,142,addons/quimibond_sgi/models/sgi_catalog.py,148
quimibond_sgi,sgi.activity.role,company_id,Many2one,,Empresa,True,,activity_id.company_id,,True,,,,,,,,,,no,,207,50,0,19,addons/quimibond_sgi/models/sgi_catalog.py,151
quimibond_sgi,hr.job,sgi_role_ids,One2many,sgi.activity.role,Roles en actividades SGI,n/a,,,,,,,,,,,,,,no,,0,0,0,0,addons/quimibond_sgi/models/sgi_catalog.py,310
quimibond_sgi,hr.job,sgi_family_ids,Many2many,sgi.job.family,Familias SGI,True,,,,,True,,,,,,,,,no,,3,0,0,1,addons/quimibond_sgi/models/sgi_catalog.py,312
quimibond_sgi,hr.job,sgi_family_id,Many2one,sgi.job.family,Familia SGI,True,_compute_sgi_family_id,,,True,True,,,,,,,,,sí,Familia de puestos del SGI (se define en la familia). El puesto hereda las actividades de su familia.,12,2,0,1,addons/quimibond_sgi/models/sgi_catalog.py,315
quimibond_sgi,hr.job,sgi_vacancy_approved,Boolean,,Vacante aprobada (SGI),True,,,,,,,,,,,,,,sí,"El puesto no tiene personas porque se va a contratar. Mientras esté vigente, el SGI lo acepta como responsable con advertencia.",1,3,0,1,addons/quimibond_sgi/models/sgi_catalog.py,322
quimibond_sgi,hr.job,sgi_vacancy_until,Date,,Vacante vigente hasta,True,,,,,,,,,,,,,,sí,Vacío = sin fecha límite.,2,1,0,2,addons/quimibond_sgi/models/sgi_catalog.py,326
quimibond_sgi,hr.job,sgi_execute_count,Integer,,Ejecuta,False,_compute_sgi_role_counts,,,,,,,,,,,,,no,,3,1,0,2,addons/quimibond_sgi/models/sgi_catalog.py,370
quimibond_sgi,hr.job,sgi_approve_count,Integer,,Aprueba,False,_compute_sgi_role_counts,,,,,,,,,,,,,no,,2,1,0,2,addons/quimibond_sgi/models/sgi_catalog.py,372
quimibond_sgi,hr.job,sgi_participate_count,Integer,,Participa,False,_compute_sgi_role_counts,,,,,,,,,,,,,no,,2,1,0,1,addons/quimibond_sgi/models/sgi_catalog.py,374
quimibond_sgi,hr.job,sgi_inform_count,Integer,,Se entera,False,_compute_sgi_role_counts,,,,,,,,,,,,,no,,2,1,0,1,addons/quimibond_sgi/models/sgi_catalog.py,376
quimibond_sgi,hr.job,sgi_role_count,Integer,,Actividades SGI,False,_compute_sgi_role_counts,,,,,,,,,,,,,no,,1,3,0,2,addons/quimibond_sgi/models/sgi_catalog.py,378
quimibond_sgi,hr.job,sgi_all_role_ids,Many2many,sgi.activity.role,Actividades SGI (propias y de su familia),False,_compute_sgi_all_role_ids,,,,,,,,,,,,,no,,2,1,0,1,addons/quimibond_sgi/models/sgi_catalog.py,380
quimibond_sgi,sgi.document.type,code,Char,,Código,True,,,True,True,,,,,,,,,,sí,"Identificador estable (procedimiento, instructivo, formato…). El campo heredado «Tipo de documento» se calcula desde él.",593,355,0,336,addons/quimibond_sgi/models/sgi_catalog.py,573
quimibond_sgi,sgi.document.type,name,Char,,Nombre,True,,,True,,,,,,,,,,,no,,1116,8842,3,1148,addons/quimibond_sgi/models/sgi_catalog.py,577
quimibond_sgi,sgi.document.type,sequence,Integer,,,True,,,,,,,,,sí,,,,,no,,104,294,0,19,addons/quimibond_sgi/models/sgi_catalog.py,578
quimibond_sgi,sgi.document.type,active,Boolean,,,True,,,,,,,,,sí,,,,,no,,148,78,4,48,addons/quimibond_sgi/models/sgi_catalog.py,579
quimibond_sgi,sgi.document.type,prefix_pattern,Char,,Patrón de clave,True,,,,,,,,,,,,,,sí,"Cómo se arma la clave. Marcadores: {process} = clave del proceso (C6, S2…), {seq} o {seq:02d} = consecutivo. Ej. PR-{process}, IT-{process}-{seq:02d}, CO-{seq:02d}. Vacío = clave libre.",13,8,0,0,addons/quimibond_sgi/models/sgi_catalog.py,580
quimibond_sgi,sgi.document.type,requires_process,Boolean,,Exige proceso,True,,,,,,,,,,,,,,sí,Un documento controlado de este tipo debe estar ligado a un proceso (salvo que conserve una clave heredada).,1,17,0,0,addons/quimibond_sgi/models/sgi_catalog.py,585
quimibond_sgi,sgi.document.type,code_required,Boolean,,Exige clave,True,,,,,,,,,sí,,,,,sí,"Apágalo para tipos sin clave propia (documentos externos, formularios de Odoo).",4,17,0,0,addons/quimibond_sgi/models/sgi_catalog.py,589
quimibond_sgi,sgi.document.type,legacy_code_regex,Char,,Claves heredadas aceptadas (regex),True,,,,,,,,,,,,,,sí,Expresión regular de la nomenclatura anterior que se sigue aceptando mientras se migra (ej. ^P-[AGCDEIMPSV]\d{2}$).,6,11,0,0,addons/quimibond_sgi/models/sgi_catalog.py,593
quimibond_sgi,sgi.document.type,company_id,Many2one,res.company,Empresa,True,,,,True,,,,,,,,,,sí,Vacío = tipo compartido por todas las empresas.,207,50,0,19,addons/quimibond_sgi/models/sgi_catalog.py,597
quimibond_sgi,sgi.checklist.template,name,Char,,Checklist,True,,,True,,,,,,,,,,,no,,1116,8842,3,1148,addons/quimibond_sgi/models/sgi_checklist.py,30
quimibond_sgi,sgi.checklist.template,code,Char,,Clave,True,,,,,,,,,,,,,,sí,"Actividad o formato que sustituye: S5.15, S5.16, S5.20…",593,355,0,336,addons/quimibond_sgi/models/sgi_checklist.py,31
quimibond_sgi,sgi.checklist.template,frequency,Selection,,Frecuencia,True,,,True,,,,,,sí,,,,"[('diaria', 'Diaria (lunes a viernes)'), ('semanal', 'Semanal (lunes)')]",no,,18,48,0,17,addons/quimibond_sgi/models/sgi_checklist.py,32
quimibond_sgi,sgi.checklist.template,equipment_ids,Many2many,maintenance.equipment,Equipos o unidades,True,,,True,,,,,,,,,,,no,,1,2,0,2,addons/quimibond_sgi/models/sgi_checklist.py,36
quimibond_sgi,sgi.checklist.template,maintenance_team_id,Many2one,maintenance.team,Equipo de mantenimiento,True,,,,,,,,,,,,,,no,,5,1,0,0,addons/quimibond_sgi/models/sgi_checklist.py,37
quimibond_sgi,sgi.checklist.template,user_id,Many2one,res.users,Responsable de llenarlo,True,,,,,,,,,,,,,,sí,Usuario que ve las hojas: el de la tableta compartida o el jefe del área.,199,28,0,94,addons/quimibond_sgi/models/sgi_checklist.py,38
quimibond_sgi,sgi.checklist.template,employee_ids,Many2many,hr.employee,Quién lo llena,True,,,,,,,,,,,,,,sí,Electromecánicos o choferes que pueden firmar la hoja. Vacío: cualquiera.,5,12,0,7,addons/quimibond_sgi/models/sgi_checklist.py,40
quimibond_sgi,sgi.checklist.template,item_ids,One2many,sgi.checklist.template.item,Puntos a revisar,n/a,,,,,,,,,,,,,,no,,2,1,0,4,addons/quimibond_sgi/models/sgi_checklist.py,43
quimibond_sgi,sgi.checklist.template,active,Boolean,,,True,,,,,,,,,sí,,,,,no,,148,78,4,48,addons/quimibond_sgi/models/sgi_checklist.py,44
quimibond_sgi,sgi.checklist.template,last_run,Date,,Última generación,True,,,,,True,,,,,,,,,no,,1,2,0,0,addons/quimibond_sgi/models/sgi_checklist.py,45
quimibond_sgi,sgi.checklist.template,company_id,Many2one,res.company,,True,,,True,,,,,,sí,,,,,no,,207,50,0,19,addons/quimibond_sgi/models/sgi_checklist.py,46
quimibond_sgi,sgi.checklist.template.item,template_id,Many2one,sgi.checklist.template,,True,,,True,,,,cascade,,,,,,,no,,17,2,0,9,addons/quimibond_sgi/models/sgi_checklist.py,105
quimibond_sgi,sgi.checklist.template.item,sequence,Integer,,,True,,,,,,,,,sí,,,,,no,,104,294,0,19,addons/quimibond_sgi/models/sgi_checklist.py,106
quimibond_sgi,sgi.checklist.template.item,name,Char,,Qué se revisa,True,,,True,,,,,,,,,,,no,,1116,8842,3,1148,addons/quimibond_sgi/models/sgi_checklist.py,107
quimibond_sgi,sgi.checklist.template.item,hint,Char,,Cómo / criterio,True,,,,,,,,,,,,,,sí,"Ej. «Presión entre 6 y 8 bar», «Llantas sin cortes».",3,2,0,1,addons/quimibond_sgi/models/sgi_checklist.py,108
quimibond_sgi,sgi.checklist.line,request_id,Many2one,maintenance.request,,True,,,True,True,,,cascade,,,,,,,no,,18,1,0,9,addons/quimibond_sgi/models/sgi_checklist.py,116
quimibond_sgi,sgi.checklist.line,sequence,Integer,,,True,,,,,,,,,sí,,,,,no,,104,294,0,19,addons/quimibond_sgi/models/sgi_checklist.py,117
quimibond_sgi,sgi.checklist.line,name,Char,,Qué se revisa,True,,,True,,,,,,,,,,,no,,1116,8842,3,1148,addons/quimibond_sgi/models/sgi_checklist.py,118
quimibond_sgi,sgi.checklist.line,hint,Char,,Criterio,True,,,,,,,,,,,,,,no,,3,2,0,1,addons/quimibond_sgi/models/sgi_checklist.py,119
quimibond_sgi,sgi.checklist.line,answer,Selection,,Resultado,True,,,,,,,,,,,,,_ANSWERS,no,,23,49,0,16,addons/quimibond_sgi/models/sgi_checklist.py,120
quimibond_sgi,sgi.checklist.line,note,Char,,Observación,True,,,,,,,,,,,,,,no,,70,30,0,9,addons/quimibond_sgi/models/sgi_checklist.py,121
quimibond_sgi,sgi.checklist.line,corrective_request_id,Many2one,maintenance.request,Correctivo,True,,,,,True,,,,,,,,,no,,2,1,0,2,addons/quimibond_sgi/models/sgi_checklist.py,122
quimibond_sgi,maintenance.request,sgi_checklist_template_id,Many2one,sgi.checklist.template,Checklist SGI,True,,,,True,True,,,,,,,,,no,,4,5,0,0,addons/quimibond_sgi/models/sgi_checklist.py,129
quimibond_sgi,maintenance.request,sgi_checklist_date,Date,,Día del checklist,True,,,,True,True,,,,,,,,,no,,2,3,0,0,addons/quimibond_sgi/models/sgi_checklist.py,131
quimibond_sgi,maintenance.request,sgi_checklist_line_ids,One2many,sgi.checklist.line,Hoja de checklist,n/a,,,,,,,,,,,,,,no,,5,1,0,3,addons/quimibond_sgi/models/sgi_checklist.py,132
quimibond_sgi,maintenance.request,sgi_checklist_employee_id,Many2one,hr.employee,Lo llenó,True,,,,True,True,,,True,,,,,,no,,3,9,0,1,addons/quimibond_sgi/models/sgi_checklist.py,133
quimibond_sgi,maintenance.request,sgi_checklist_done_at,Datetime,,Terminado el,True,,,,,True,,,,,,,,,no,,1,3,0,1,addons/quimibond_sgi/models/sgi_checklist.py,135
quimibond_sgi,maintenance.request,sgi_checklist_state,Selection,,Checklist,True,_compute_sgi_checklist_state,,,,,,,,,,,,"[('pendiente', 'Pendiente'), ('completo', 'Completo'), ('con_fallas', 'Con fallas')]",no,,4,9,0,2,addons/quimibond_sgi/models/sgi_checklist.py,136
quimibond_sgi,sgi.checklist.finish,request_id,Many2one,maintenance.request,,True,,,True,,,,cascade,,,,,,,no,,18,1,0,9,addons/quimibond_sgi/models/sgi_checklist.py,187
quimibond_sgi,sgi.checklist.finish,allowed_employee_ids,Many2many,hr.employee,,False,_compute_allowed_employee_ids,,,,,,,,,,,,,no,,7,2,0,3,addons/quimibond_sgi/models/sgi_checklist.py,188
quimibond_sgi,sgi.checklist.finish,employee_id,Many2one,hr.employee,¿Quién lo llenó?,True,,,True,,,,,,,,,,,no,,145,48,0,51,addons/quimibond_sgi/models/sgi_checklist.py,189
quimibond_sgi,sgi.checklist.finish,pin,Char,,PIN del empleado,True,,,,,,,,,,,,,,no,,2,1,0,5,addons/quimibond_sgi/models/sgi_checklist.py,191
quimibond_sgi,res.partner,sgi_requires_coa,Boolean,,Requiere COA en cada embarque,True,,,,,,,,,,,,True,,sí,Cada salida a este cliente (o a sus direcciones de entrega) debe llevar el certificado de análisis adjunto.,9,8,0,9,addons/quimibond_sgi/models/sgi_coa.py,55
quimibond_sgi,res.partner,sgi_coa_recipient_ids,Many2many,res.partner,Reciben el COA,True,,,,,,,,,,,,,,sí,Contactos a quienes se manda el COA. Vacío: el contacto de la entrega.,2,2,0,1,addons/quimibond_sgi/models/sgi_coa.py,59
quimibond_sgi,stock.picking,sgi_requires_coa,Boolean,,Requiere COA,True,_compute_sgi_requires_coa,,,,,,,,,,,,,sí,Salida a un cliente que pide certificado de análisis en cada embarque.,9,8,0,9,addons/quimibond_sgi/models/sgi_coa.py,95
quimibond_sgi,stock.picking,sgi_coa_attachment_ids,Many2many,ir.attachment,COA,True,,,,,,,,,,,,,,sí,Certificados de análisis del embarque (uno por producto).,5,1,0,0,addons/quimibond_sgi/models/sgi_coa.py,105
quimibond_sgi,stock.picking,sgi_coa_date,Datetime,,COA adjuntado,True,,,,,True,,,,,,,,,no,,1,1,0,2,addons/quimibond_sgi/models/sgi_coa.py,109
quimibond_sgi,stock.picking,sgi_coa_uid,Many2one,res.users,COA adjuntado por,True,,,,,True,,,,,,,,,no,,1,1,0,1,addons/quimibond_sgi/models/sgi_coa.py,110
quimibond_sgi,stock.picking,sgi_coa_sent_date,Datetime,,COA enviado al cliente,True,,,,,True,,,,,,,,,no,,4,1,0,2,addons/quimibond_sgi/models/sgi_coa.py,112
quimibond_sgi,stock.picking,sgi_coa_status,Selection,,Estado del COA,True,_compute_sgi_coa_status,,,True,,,,,,,,,COA_STATUS,no,,10,16,0,11,addons/quimibond_sgi/models/sgi_coa.py,114
quimibond_sgi,sale.order,sgi_coa_status,Selection,,COA,True,_compute_sgi_coa_status,,,,,,,,,,,,COA_STATUS,sí,El peor estado del COA de sus salidas que lo requieren.,10,16,0,11,addons/quimibond_sgi/models/sgi_coa.py,214
quimibond_sgi,sale.order,sgi_coa_attachment_count,Integer,,# COA,False,_compute_sgi_coa_attachment_count,,,,,,,,,,,,,no,,1,1,0,1,addons/quimibond_sgi/models/sgi_coa.py,217
quimibond_sgi,sgi.coa.attach.wizard,picking_id,Many2one,stock.picking,Entrega,True,,,True,,,,,,,,,,,no,,24,3,0,4,addons/quimibond_sgi/models/sgi_coa.py,246
quimibond_sgi,sgi.coa.attach.wizard,attachment_ids,Many2many,ir.attachment,COA (PDF),True,,,,,,,,,,,,,,sí,Uno por producto. Se acepta el nombre que ya usa el laboratorio.,19,3,0,2,addons/quimibond_sgi/models/sgi_coa.py,247
quimibond_sgi,sgi.coa.attach.wizard,recipient_ids,Many2many,res.partner,Destinatarios,True,,,,,,,,,,,,,,no,,4,1,0,1,addons/quimibond_sgi/models/sgi_coa.py,250
quimibond_sgi,sgi.coa.attach.wizard,send,Boolean,,Enviar al cliente,True,,,,,,,,,sí,,,,,no,,3,3,0,4,addons/quimibond_sgi/models/sgi_coa.py,253
quimibond_sgi,sgi.coa.exception.wizard,picking_ids,Many2many,stock.picking,Salidas,True,,,,,,,,,,,,,,no,,17,3,0,4,addons/quimibond_sgi/models/sgi_coa.py,293
quimibond_sgi,sgi.coa.exception.wizard,reason,Text,,Motivo,True,,,True,,,,,,,,,,,no,,54,9,0,18,addons/quimibond_sgi/models/sgi_coa.py,294
quimibond_sgi,sgi.coa.inbox,name,Char,,Asunto,True,,,True,,,,,,sí,,,,,no,,1116,8842,3,1148,addons/quimibond_sgi/models/sgi_coa.py,317
quimibond_sgi,sgi.coa.inbox,email_from,Char,,Remitente,True,,,,,,,,,,,,,,no,,2,4,0,0,addons/quimibond_sgi/models/sgi_coa.py,318
quimibond_sgi,sgi.coa.inbox,state,Selection,,Estado,True,,,True,True,,,,True,sí,,,,"[('sin_ligar', 'COA sin ligar'), ('ligado', 'Ligado')]",no,,486,472,44,237,addons/quimibond_sgi/models/sgi_coa.py,319
quimibond_sgi,sgi.coa.inbox,picking_ids,Many2many,stock.picking,Salidas ligadas,True,,,,,True,,,,,,,,,no,,17,3,0,4,addons/quimibond_sgi/models/sgi_coa.py,323
quimibond_sgi,sgi.coa.inbox,picking_id,Many2one,stock.picking,Asignar a la salida,True,,,,,,,,,,,,,,sí,Para los que no se ligaron solos: la salida a la que pertenecen.,24,3,0,4,addons/quimibond_sgi/models/sgi_coa.py,326
quimibond_sgi,sgi.coa.inbox,result,Text,,Resultado,True,,,,,True,,,,,,,,,no,,118,34,0,135,addons/quimibond_sgi/models/sgi_coa.py,330
quimibond_sgi,sgi.coa.inbox,company_id,Many2one,res.company,,True,,,,,,,,,sí,,,,,no,,207,50,0,19,addons/quimibond_sgi/models/sgi_coa.py,331
quimibond_sgi,hr.employee,sgi_skill_gap_count,Integer,,Brechas de competencia,False,_compute_sgi_skill_gap_count,,,,,,,,,,,,,no,,1,1,0,2,addons/quimibond_sgi/models/sgi_competence.py,8
quimibond_sgi,sgi.competence.gap,employee_id,Many2one,hr.employee,Empleado,True,,,,,True,,,,,,,,,no,,145,48,0,51,addons/quimibond_sgi/models/sgi_competence.py,38
quimibond_sgi,sgi.competence.gap,department_id,Many2one,hr.department,Departamento,True,,,,,True,,,,,,,,,no,,34,49,0,13,addons/quimibond_sgi/models/sgi_competence.py,39
quimibond_sgi,sgi.competence.gap,job_id,Many2one,hr.job,Puesto,True,,,,,True,,,,,,,,,no,,167,51,1,135,addons/quimibond_sgi/models/sgi_competence.py,40
quimibond_sgi,sgi.competence.gap,skill_id,Many2one,hr.skill,Competencia,True,,,,,True,,,,,,,,,no,,8,4,0,8,addons/quimibond_sgi/models/sgi_competence.py,41
quimibond_sgi,sgi.competence.gap,skill_type_id,Many2one,hr.skill.type,Tipo,True,,,,,True,,,,,,,,,no,,8,8,0,13,addons/quimibond_sgi/models/sgi_competence.py,42
quimibond_sgi,sgi.competence.gap,required_level_id,Many2one,hr.skill.level,Nivel requerido,True,,,,,True,,,,,,,,,no,,1,1,0,0,addons/quimibond_sgi/models/sgi_competence.py,43
quimibond_sgi,sgi.competence.gap,current_level_id,Many2one,hr.skill.level,Nivel actual,True,,,,,True,,,,,,,,,no,,1,1,0,0,addons/quimibond_sgi/models/sgi_competence.py,44
quimibond_sgi,sgi.competence.gap,required_progress,Integer,,% requerido,True,,,,,True,,,,,,,,,no,,1,0,0,0,addons/quimibond_sgi/models/sgi_competence.py,45
quimibond_sgi,sgi.competence.gap,current_progress,Integer,,% actual,True,,,,,True,,,,,,,,,no,,1,0,0,0,addons/quimibond_sgi/models/sgi_competence.py,46
quimibond_sgi,sgi.competence.gap,gap,Integer,,Brecha (%),True,,,,,True,,,,,,,,,no,,54,42,1,10,addons/quimibond_sgi/models/sgi_competence.py,47
quimibond_sgi,helpdesk.ticket,sgi_sale_order_id,Many2one,sale.order,Pedido de venta,True,,,,,,,,,,,,,,no,,2,1,0,0,addons/quimibond_sgi/models/sgi_complaint.py,8
quimibond_sgi,helpdesk.ticket,sgi_product_id,Many2one,product.product,Producto,True,,,,,,,,,,,,,,no,,3,1,0,0,addons/quimibond_sgi/models/sgi_complaint.py,9
quimibond_sgi,helpdesk.ticket,sgi_lot_id,Many2one,stock.lot,Lote,True,,,,,,,,,,,,,,no,,2,1,0,0,addons/quimibond_sgi/models/sgi_complaint.py,10
quimibond_sgi,helpdesk.ticket,sgi_qty_affected,Float,,Metros afectados,True,,,,,,,,,,,,,,no,,0,1,0,1,addons/quimibond_sgi/models/sgi_complaint.py,11
quimibond_sgi,helpdesk.ticket,sgi_disposition,Selection,,Disposición,True,,,,,,,,,,,,,"[('devolucion', 'Devolución'), ('reposicion', 'Reposición'), ('nota_credito', 'Nota de crédito'), ('concesion', 'Conces…",no,,2,5,0,0,addons/quimibond_sgi/models/sgi_complaint.py,12
quimibond_sgi,helpdesk.ticket,sgi_alert_id,Many2one,quality.alert,No Conformidad,True,,,,,True,,,,,,,,,no,,15,8,0,24,addons/quimibond_sgi/models/sgi_complaint.py,19
quimibond_sgi,sgi.interested.party,name,Char,,Parte interesada,True,,,True,,,,,True,,,,,,no,,1116,8842,3,1148,addons/quimibond_sgi/models/sgi_context.py,23
quimibond_sgi,sgi.interested.party,party_type,Selection,,Tipo,True,,,True,,,,,,sí,,,,"[('interna', 'Interna'), ('externa', 'Externa')]",no,,2,3,0,1,addons/quimibond_sgi/models/sgi_context.py,24
quimibond_sgi,sgi.interested.party,category,Selection,,Categoría,True,,,True,,,,,True,sí,,,,"[('cliente', 'Cliente'), ('trabajador', 'Trabajadores'), ('autoridad', 'Autoridad / regulador'), ('proveedor', 'Proveed…",no,,65,25,3,47,addons/quimibond_sgi/models/sgi_context.py,28
quimibond_sgi,sgi.interested.party,needs,Text,,Necesidades y expectativas,True,,,True,,,,,,,,,,,sí,"Qué espera esta parte del SGI (calidad, cumplimiento legal, condiciones seguras, continuidad de suministro…).",1,2,0,2,addons/quimibond_sgi/models/sgi_context.py,37
quimibond_sgi,sgi.interested.party,becomes_requirement,Boolean,,Se adopta como requisito del SGI,True,,,,,,,,True,,,,,,sí,La organización DECIDE cuáles necesidades se vuelven requisito (4.2): márcalo y documenta cómo se atiende.,1,4,0,0,addons/quimibond_sgi/models/sgi_context.py,41
quimibond_sgi,sgi.interested.party,requirement_note,Text,,Cómo se atiende,True,,,,,,,,,,,,,,sí,"Con qué proceso, documento, requisito legal o control se responde a la expectativa adoptada.",0,1,0,0,addons/quimibond_sgi/models/sgi_context.py,45
quimibond_sgi,sgi.interested.party,process_ids,Many2many,sgi.process,Procesos relacionados,True,,,,,,,,,,,,,,no,,20,11,0,19,addons/quimibond_sgi/models/sgi_context.py,49
quimibond_sgi,sgi.interested.party,risk_ids,Many2many,sgi.risk,Riesgos/oportunidades ligados,True,,,,,,,,,,,,,,sí,Riesgos u oportunidades (incluido FODA) que nacen de esta parte.,7,4,0,1,addons/quimibond_sgi/models/sgi_context.py,50
quimibond_sgi,sgi.interested.party,legal_ids,Many2many,sgi.legal.requirement,Requisitos legales ligados,True,,,,,,,,,,,,,,no,,2,1,0,0,addons/quimibond_sgi/models/sgi_context.py,53
quimibond_sgi,sgi.interested.party,review_frequency_months,Integer,,Frecuencia de revisión (meses),True,,,,,,,,,sí,,,,,no,,3,1,0,0,addons/quimibond_sgi/models/sgi_context.py,55
quimibond_sgi,sgi.interested.party,last_review_date,Date,,Última revisión,True,,,,,,,,True,,,,,,no,,5,1,0,1,addons/quimibond_sgi/models/sgi_context.py,57
quimibond_sgi,sgi.interested.party,next_review_date,Date,,Próxima revisión,True,_compute_next_review_date,,,,False,,,,,,,,,no,,20,8,0,6,addons/quimibond_sgi/models/sgi_context.py,58
quimibond_sgi,sgi.interested.party,active,Boolean,,,True,,,,,,,,,sí,,,,,no,,148,78,4,48,addons/quimibond_sgi/models/sgi_context.py,61
quimibond_sgi,quality.point,sgi_control_plan_id,Many2one,sgi.control.plan,Plan de control,True,,,,True,,,set null,,,,,,,no,,9,4,0,4,addons/quimibond_sgi/models/sgi_control_plan.py,11
quimibond_sgi,quality.point,sgi_replaced_document_ids,One2many,documents.document,Formatos que sustituye,n/a,,,,,,,,,,,,,,no,,2,0,0,0,addons/quimibond_sgi/models/sgi_control_plan.py,15
quimibond_sgi,quality.point,sgi_replaced_document_count,Integer,,# Formatos sustituidos,False,_compute_sgi_replaced_document_count,,,,,,,,,,,,,no,,1,2,0,1,addons/quimibond_sgi/models/sgi_control_plan.py,18
quimibond_sgi,quality.point,sgi_characteristic,Char,,Característica,True,,,,,,,,,,,,,,sí,Característica de la Master Spec del cliente.,0,5,0,0,addons/quimibond_sgi/models/sgi_control_plan.py,35
quimibond_sgi,quality.point,sgi_criticality,Selection,,Criticidad (F/R/S),True,,,,,,,,,,,,,"[('f', 'F - Función'), ('r', 'R - Regulación'), ('s', 'S - Seguridad')]",sí,"Esquema de criticidad tipo Continental: F=Función, R=Regulación, S=Seguridad.",0,5,0,0,addons/quimibond_sgi/models/sgi_control_plan.py,37
quimibond_sgi,quality.point,sgi_in_coa,Boolean,,Aparece en el Certificado de Calidad,True,,,,,,,,,,,,,,sí,"Si está marcado, esta característica se imprime en el Certificado de Conformidad (CoA) del lote.",2,4,0,1,addons/quimibond_sgi/models/sgi_control_plan.py,43
quimibond_sgi,quality.point,sgi_cpk_target,Float,,Cpk objetivo,True,,,,,,,,,,,,,,sí,"Cpk objetivo sugerido: 1.33 para F, 1.67 para R/S.",0,4,0,0,addons/quimibond_sgi/models/sgi_control_plan.py,46
quimibond_sgi,quality.point,sgi_reaction_plan,Text,,Plan de reacción,True,,,,,,,,,,,,,,no,,0,2,0,0,addons/quimibond_sgi/models/sgi_control_plan.py,48
quimibond_sgi,quality.point,sgi_equipment_id,Many2one,maintenance.equipment,Equipo de medición,True,,,,,,,,,,,,,,sí,Instrumento con el que se mide esta característica. Su calibración se verifica al registrar la inspección (IATF 7.1.5.2.1).,7,2,0,3,addons/quimibond_sgi/models/sgi_control_plan.py,49
quimibond_sgi,sgi.control.plan,name,Char,,Nombre,True,,,True,,,,,True,,,,,,no,,1116,8842,3,1148,addons/quimibond_sgi/models/sgi_control_plan.py,68
quimibond_sgi,sgi.control.plan,partner_id,Many2one,res.partner,Cliente,True,,,,,,,,,,,,,,no,,190,41,0,100,addons/quimibond_sgi/models/sgi_control_plan.py,69
quimibond_sgi,sgi.control.plan,product_tmpl_ids,Many2many,product.template,Productos,True,,,,,,,,,,,,,,no,,1,2,0,1,addons/quimibond_sgi/models/sgi_control_plan.py,71
quimibond_sgi,sgi.control.plan,phase,Selection,,Fase,True,,,True,,,,,True,sí,,,,"[('prototipo', 'Prototipo'), ('prelanzamiento', 'Prelanzamiento'), ('produccion', 'Producción')]",no,,0,6,0,0,addons/quimibond_sgi/models/sgi_control_plan.py,72
quimibond_sgi,sgi.control.plan,revision,Char,,Revisión,True,,,,,,,,True,sí,,,,,no,,65,26,0,12,addons/quimibond_sgi/models/sgi_control_plan.py,77
quimibond_sgi,sgi.control.plan,state,Selection,,Estado,True,,,True,,,,,True,sí,,,,"[('borrador', 'Borrador'), ('vigente', 'Vigente'), ('obsoleto', 'Obsoleto')]",no,,486,472,44,237,addons/quimibond_sgi/models/sgi_control_plan.py,78
quimibond_sgi,sgi.control.plan,point_ids,One2many,quality.point,Puntos de control,n/a,,,,,,,,,,,,,,no,,6,1,0,0,addons/quimibond_sgi/models/sgi_control_plan.py,83
quimibond_sgi,sgi.control.plan,point_count,Integer,,N° de puntos,False,_compute_point_count,,,,,,,,,,,,,no,,1,3,0,0,addons/quimibond_sgi/models/sgi_control_plan.py,85
quimibond_sgi,sgi.control.plan,fmea_ids,One2many,sgi.fmea,AMEF ligados,n/a,,,,,,,,,,,,,,no,,2,0,0,0,addons/quimibond_sgi/models/sgi_control_plan.py,86
quimibond_sgi,sgi.control.plan,fmea_count,Integer,,# AMEF,False,_compute_fmea_count,,,,,,,,,,,,,no,,1,2,0,0,addons/quimibond_sgi/models/sgi_control_plan.py,87
quimibond_sgi,sgi.control.plan,document_id,Many2one,documents.document,Especificación del cliente,True,,,,,,,,,,,,,,no,,44,17,0,5,addons/quimibond_sgi/models/sgi_control_plan.py,88
quimibond_sgi,sgi.control.plan,notes,Text,,Notas,True,,,,,,,,,,,,,,no,,8,13,0,0,addons/quimibond_sgi/models/sgi_control_plan.py,89
quimibond_sgi,crm.team,sgi_complaint_response_days,Integer,,Días hábiles para responder una reclamación,True,,,,,,,,,sí,,,,,sí,"C5.19: plazo de la respuesta formal al cliente (5 Confección, 20 Industrial). Si el cliente pidió otro plazo, se captura en la NC.",3,1,0,1,addons/quimibond_sgi/models/sgi_customer_reply.py,29
quimibond_sgi,quality.alert,sgi_customer_reply_required,Boolean,,Responde al cliente,True,_compute_sgi_customer_reply_required,,,,,,,,,,,,,sí,"Reclamación, scorecard o NC con cliente: se mide el acuse y la respuesta (C5.19).",6,2,0,1,addons/quimibond_sgi/models/sgi_customer_reply.py,38
quimibond_sgi,quality.alert,sgi_sale_team_id,Many2one,crm.team,Línea (equipo de venta),True,_compute_sgi_sale_team_id,,,,False,,,,,,,,,sí,"Del pedido de la reclamación o, si no hay, del último pedido del cliente. Fija el plazo de respuesta.",6,1,0,1,addons/quimibond_sgi/models/sgi_customer_reply.py,41
quimibond_sgi,quality.alert,sgi_customer_received_date,Date,,Reclamación recibida el,True,_compute_sgi_customer_received_date,,,,False,,,,,,,,,sí,"Día en que llegó la reclamación (el del ticket, si lo hay). Desde aquí corren los plazos.",6,1,0,2,addons/quimibond_sgi/models/sgi_customer_reply.py,46
quimibond_sgi,quality.alert,sgi_customer_ack_due,Date,,Acusar recibo a más tardar,True,_compute_sgi_customer_dues,,,,,,,,,,,,,no,,8,1,0,2,addons/quimibond_sgi/models/sgi_customer_reply.py,50
quimibond_sgi,quality.alert,sgi_customer_ack_date,Date,,Acuse de recibo al cliente,True,,,,,,,,True,,,,,,no,,5,2,0,1,addons/quimibond_sgi/models/sgi_customer_reply.py,52
quimibond_sgi,quality.alert,sgi_customer_deadline,Date,,Plazo pedido por el cliente,True,,,,,,,,,,,,,,sí,"Si el cliente fijó su propio plazo de respuesta, sustituye el de la línea.",2,1,0,1,addons/quimibond_sgi/models/sgi_customer_reply.py,53
quimibond_sgi,quality.alert,sgi_customer_response_due,Date,,Responder a más tardar,True,_compute_sgi_customer_dues,,,,,,,,,,,,,no,,8,1,0,2,addons/quimibond_sgi/models/sgi_customer_reply.py,56
quimibond_sgi,quality.alert,sgi_customer_response_date,Date,,Respuesta formal al cliente,True,,,,,,,,True,,,,,,no,,6,2,0,1,addons/quimibond_sgi/models/sgi_customer_reply.py,58
quimibond_sgi,quality.alert,sgi_customer_ack_on_time,Boolean,,Acuse a tiempo,True,_compute_sgi_customer_on_time,,,,,,,,,,,,,no,,1,1,0,1,addons/quimibond_sgi/models/sgi_customer_reply.py,59
quimibond_sgi,quality.alert,sgi_customer_response_on_time,Boolean,,Respuesta a tiempo,True,_compute_sgi_customer_on_time,,,,,,,,,,,,,no,,1,1,0,1,addons/quimibond_sgi/models/sgi_customer_reply.py,61
quimibond_sgi,quality.alert,sgi_shipped_status,Selection,,¿Producto ya embarcado?,True,,,,,,,,True,,,,,"[('no', 'No se embarcó'), ('si', 'Sí, ya se embarcó'), ('posible', 'Pudo haberse embarcado')]",sí,C5.20: al abrir la NC revisar si hay lotes del mismo origen ya embarcados.,1,3,0,1,addons/quimibond_sgi/models/sgi_customer_reply.py,64
quimibond_sgi,quality.alert,sgi_customer_notice_date,Date,,Aviso escrito al cliente,True,,,,,,,,True,,,,,,sí,"Fecha del aviso vía Administración de ventas con lotes, cantidades y plan.",1,1,0,1,addons/quimibond_sgi/models/sgi_customer_reply.py,70
quimibond_sgi,quality.alert,sgi_customer_notice_note,Char,,Cómo se avisó (referencia),True,,,,,,,,,,,,,,no,,0,1,0,0,addons/quimibond_sgi/models/sgi_customer_reply.py,73
quimibond_sgi,sgi.process.stage,process_id,Many2one,sgi.process,Proceso,True,,,True,True,,,cascade,,,,,,,no,,241,81,3,142,addons/quimibond_sgi/models/sgi_deliverable.py,34
quimibond_sgi,sgi.process.stage,sequence,Integer,,,True,,,,,,,,,sí,,,,,no,,104,294,0,19,addons/quimibond_sgi/models/sgi_deliverable.py,36
quimibond_sgi,sgi.process.stage,code,Char,,Letra,True,,,,,,,,,,,,,,sí,"A, B, C… (opcional).",593,355,0,336,addons/quimibond_sgi/models/sgi_deliverable.py,37
quimibond_sgi,sgi.process.stage,name,Char,,Etapa,True,,,True,,,,,,,,,,,no,,1116,8842,3,1148,addons/quimibond_sgi/models/sgi_deliverable.py,38
quimibond_sgi,sgi.process.stage,activity_ids,One2many,sgi.process.activity,Actividades,n/a,,,,,,,,,,,,,,no,,9,2,0,9,addons/quimibond_sgi/models/sgi_deliverable.py,39
quimibond_sgi,sgi.process.stage,activity_count,Integer,,Núm. de actividades,False,_compute_activity_count,,,,,,,,,,,,,no,,7,10,0,8,addons/quimibond_sgi/models/sgi_deliverable.py,40
quimibond_sgi,sgi.process.stage,company_id,Many2one,,Empresa,True,,process_id.company_id,,True,,,,,,,,,,no,,207,50,0,19,addons/quimibond_sgi/models/sgi_deliverable.py,41
quimibond_sgi,sgi.deliverable,code,Char,,Código,True,,,,True,,,,,,,,,,sí,"Clave corta para la carga por API (C2-PEDIDO, C3-PROGRAMA…).",593,355,0,336,addons/quimibond_sgi/models/sgi_deliverable.py,87
quimibond_sgi,sgi.deliverable,name,Char,,Entregable,True,,,True,,,,,,,,,,,sí,Qué pasa de un paso al otro: «Pedido confirmado».,1116,8842,3,1148,addons/quimibond_sgi/models/sgi_deliverable.py,90
quimibond_sgi,sgi.deliverable,document_id,Many2one,documents.document,Formato,True,,,,,,,,,,,,,,sí,"Formato controlado en el que viaja, si aplica.",44,17,0,5,addons/quimibond_sgi/models/sgi_deliverable.py,92
quimibond_sgi,sgi.deliverable,odoo_model_id,Many2one,ir.model,Modelo de Odoo,True,,,,,,,set null,,,,,,,sí,"Dónde vive el entregable en Odoo (sale.order, stock.picking…). Con modelo, la actividad que lo entrega se puede medir con él.",42,47,0,15,addons/quimibond_sgi/models/sgi_deliverable.py,96
quimibond_sgi,sgi.deliverable,odoo_model_name,Char,,Modelo técnico,False,,odoo_model_id.model,,,,,,,,,,,,no,,1,3,0,1,addons/quimibond_sgi/models/sgi_deliverable.py,100
quimibond_sgi,sgi.deliverable,measure_domain,Char,,Filtro: ya está entregado,True,,,,,,,,,sí,,,,,sí,"Qué registros cuentan como entregados, ej. [('state', '=', 'sale')].",16,2,0,25,addons/quimibond_sgi/models/sgi_deliverable.py,104
quimibond_sgi,sgi.deliverable,measure_date_field,Char,,Campo de fecha,True,,,,,,,,,sí,,,,,sí,"Cuándo quedó entregado: date_order, date_done, invoice_date…",15,2,0,11,addons/quimibond_sgi/models/sgi_deliverable.py,107
quimibond_sgi,sgi.deliverable,measure_user_field,Char,,Campo de usuario,True,,,,,,,,,,,,,,sí,"Quién lo entregó (create_uid, user_id…): mide si lo hizo el puesto que debía.",14,6,0,4,addons/quimibond_sgi/models/sgi_deliverable.py,110
quimibond_sgi,sgi.deliverable,acceptance_criteria,Text,,Criterio de aceptación,True,,,,,,,,,,,,,,no,,8,7,0,0,addons/quimibond_sgi/models/sgi_deliverable.py,114
quimibond_sgi,sgi.deliverable,active,Boolean,,,True,,,,,,,,,sí,,,,,no,,148,78,4,48,addons/quimibond_sgi/models/sgi_deliverable.py,115
quimibond_sgi,sgi.deliverable,company_id,Many2one,res.company,Empresa,True,,,True,True,,,,,sí,,,,,no,,207,50,0,19,addons/quimibond_sgi/models/sgi_deliverable.py,116
quimibond_sgi,sgi.deliverable,producer_activity_ids,Many2many,sgi.process.activity,Lo entregan,True,,,,,,,,,,,,,,no,,5,4,0,0,addons/quimibond_sgi/models/sgi_deliverable.py,120
quimibond_sgi,sgi.deliverable,input_line_ids,One2many,sgi.activity.input,Lo reciben,n/a,,,,,,,,,,,,,,no,,5,5,0,0,addons/quimibond_sgi/models/sgi_deliverable.py,123
quimibond_sgi,sgi.deliverable,consumer_activity_ids,Many2many,sgi.process.activity,Actividades que lo reciben,False,_compute_consumers,,,,,,,,,,,,,no,,1,0,0,0,addons/quimibond_sgi/models/sgi_deliverable.py,124
quimibond_sgi,sgi.deliverable,measured_activity_ids,One2many,sgi.process.activity,Se miden con él,n/a,,,,,,,,,,,,,,no,,2,2,0,0,addons/quimibond_sgi/models/sgi_deliverable.py,126
quimibond_sgi,sgi.deliverable,link_ids,One2many,sgi.activity.link,Ligas,n/a,,,,,,,,,,,,,,no,,0,0,0,0,addons/quimibond_sgi/models/sgi_deliverable.py,128
quimibond_sgi,sgi.deliverable,producer_process_ids,Many2many,sgi.process,Procesos que lo entregan,False,_compute_processes,,,,,,,,,,,,,no,,1,1,0,0,addons/quimibond_sgi/models/sgi_deliverable.py,130
quimibond_sgi,sgi.deliverable,consumer_process_ids,Many2many,sgi.process,Procesos que lo reciben,False,_compute_processes,,,,,,,,,,,,,no,,1,1,0,0,addons/quimibond_sgi/models/sgi_deliverable.py,132
quimibond_sgi,sgi.deliverable,orphan,Selection,,Cabo suelto,False,_compute_processes,,,,,,,,,,,,"[('sin_origen', 'Nadie lo entrega'), ('sin_destino', 'Nadie lo recibe')]",sí,Un entregable que alguien recibe pero nadie entrega (o al revés) es un hueco en la cadena.,3,4,0,5,addons/quimibond_sgi/models/sgi_deliverable.py,134
quimibond_sgi,sgi.activity.input,activity_id,Many2one,sgi.process.activity,Actividad,True,,,True,True,,,cascade,,,,,,,no,,220,26,0,63,addons/quimibond_sgi/models/sgi_deliverable.py,329
quimibond_sgi,sgi.activity.input,deliverable_id,Many2one,sgi.deliverable,Entregable,True,,,True,True,,,restrict,,,,,,,no,,71,16,0,12,addons/quimibond_sgi/models/sgi_deliverable.py,331
quimibond_sgi,sgi.activity.input,sequence,Integer,,,True,,,,,,,,,sí,,,,,no,,104,294,0,19,addons/quimibond_sgi/models/sgi_deliverable.py,333
quimibond_sgi,sgi.activity.input,max_days,Integer,,Plazo (días hábiles),True,,,,,,,,,,,,,,sí,"Días hábiles que puede pasar entre que se entrega y que esta actividad lo toma. Pasado el plazo, el eslabón está atorado. 0 = sin plazo (solo se revisa que ambas tengan evidencia).",18,5,0,10,addons/quimibond_sgi/models/sgi_deliverable.py,334
quimibond_sgi,sgi.activity.input,process_id,Many2one,,Proceso,True,,activity_id.process_id,,,,,,,,,,,,no,,241,81,3,142,addons/quimibond_sgi/models/sgi_deliverable.py,339
quimibond_sgi,sgi.activity.input,company_id,Many2one,,Empresa,True,,activity_id.company_id,,,,,,,,,,,,no,,207,50,0,19,addons/quimibond_sgi/models/sgi_deliverable.py,340
quimibond_sgi,sgi.process,stage_ids,One2many,sgi.process.stage,Etapas,n/a,,,,,,,,,,,,,,no,,2,1,0,2,addons/quimibond_sgi/models/sgi_deliverable.py,388
quimibond_sgi,sgi.process,input_deliverable_ids,Many2many,sgi.deliverable,Inicia con,False,_compute_io_deliverables,,,,,,,,,,,,,sí,Inicio del proceso: lo que sus actividades reciben y ninguna actividad del proceso produce.,6,3,0,7,addons/quimibond_sgi/models/sgi_deliverable.py,389
quimibond_sgi,sgi.process,output_deliverable_ids,Many2many,sgi.deliverable,Termina con,False,_compute_io_deliverables,,,,,,,,,,,,,sí,Fin del proceso: lo que sus actividades entregan y ninguna actividad del proceso recibe (sale hacia otros procesos o al cliente).,31,5,0,16,addons/quimibond_sgi/models/sgi_deliverable.py,393
quimibond_sgi,sgi.calculated.connection.mixin,deliverable_id,Many2one,sgi.deliverable,Entregable (catálogo),True,,,,True,,,cascade,,,,,,,sí,"Si viene de un entregable, se calcula sola de quién lo entrega y quién lo recibe; no se edita a mano.",71,16,0,12,addons/quimibond_sgi/models/sgi_deliverable.py,434
quimibond_sgi,sgi.calculated.connection.mixin,active,Boolean,,,True,,,,,,,,,sí,,,,,no,,148,78,4,48,addons/quimibond_sgi/models/sgi_deliverable.py,438
quimibond_sgi,sgi.calculated.connection.mixin,inactive_reason,Char,,Motivo de desactivación,True,,,,,,,,,,,,,,sí,Por qué esta conexión calculada no aplica (obligatorio al desactivarla).,6,5,0,3,addons/quimibond_sgi/models/sgi_deliverable.py,439
quimibond_sgi,sgi.calculated.connection.mixin,origin,Selection,,Origen,False,_compute_origin,,,,,,,,,,,,"[('entregable', 'Calculada del entregable'), ('anterior', 'Capturada a mano (versión anterior)')]",no,,34,5,0,5,addons/quimibond_sgi/models/sgi_deliverable.py,442
quimibond_sgi,sgi.activity.link,input_id,Many2one,sgi.activity.input,Renglón «recibe»,True,,,,True,True,,cascade,,,,,,,no,,4,0,0,0,addons/quimibond_sgi/models/sgi_deliverable.py,514
quimibond_sgi,sgi.activity.link,max_days,Integer,,Plazo (días hábiles),False,,input_id.max_days,,,,,,,,,,,,no,,18,5,0,10,addons/quimibond_sgi/models/sgi_deliverable.py,517
quimibond_sgi,sgi.process.activity,input_ids,One2many,sgi.activity.input,Recibe,n/a,,,,,,,,,,,,,,sí,Qué entregables recibe y en cuántos días hábiles deben llegarle.,21,1,0,13,addons/quimibond_sgi/models/sgi_deliverable.py,564
quimibond_sgi,sgi.process.activity,input_deliverable_ids,Many2many,sgi.deliverable,Entregables que recibe,False,_compute_input_deliverables,,,,,,,,,_inverse_input_deliverables,,,,no,,6,3,0,7,addons/quimibond_sgi/models/sgi_deliverable.py,567
quimibond_sgi,sgi.process.activity,output_deliverable_ids,Many2many,sgi.deliverable,Entrega,True,,,,,,,,,,,,,,no,,31,5,0,16,addons/quimibond_sgi/models/sgi_deliverable.py,570
quimibond_sgi,sgi.process.activity,measure_deliverable_id,Many2one,sgi.deliverable,Se mide con el entregable,True,,,,True,,,restrict,,,,,,,sí,"Con el método «Por su entregable», la actividad copia el modelo, el filtro, la fecha y el usuario de este entregable.",20,1,0,2,addons/quimibond_sgi/models/sgi_deliverable.py,573
quimibond_sgi,project.project,sgi_is_ft,Boolean,,Proyecto FT (desarrollo),True,_compute_sgi_is_ft,,,,False,,,,,,,,,sí,Se marca solo cuando el nombre empieza con «FT-». Habilita la pestaña Solicitud de desarrollo.,3,2,0,2,addons/quimibond_sgi/models/sgi_dev_request.py,64
quimibond_sgi,project.project,sgi_dev_type,Selection,,Tipo de desarrollo,True,,,,,,,,,sí,,,,DEV_TYPES,no,,3,3,0,1,addons/quimibond_sgi/models/sgi_dev_request.py,67
quimibond_sgi,project.project,sgi_dev_format_code,Char,,Formato,False,_compute_sgi_dev_format_code,,,,,,,,,,,,,no,,2,1,0,1,addons/quimibond_sgi/models/sgi_dev_request.py,68
quimibond_sgi,project.project,sgi_dev_date,Date,,Fecha de solicitud,True,,,,,,,,,,,,,,no,,0,2,0,0,addons/quimibond_sgi/models/sgi_dev_request.py,69
quimibond_sgi,project.project,sgi_dev_requester,Char,,Nombre del solicitante,True,,,,,,,,,,,,,,no,,0,2,0,0,addons/quimibond_sgi/models/sgi_dev_request.py,70
quimibond_sgi,project.project,sgi_dev_use,Text,,Descripción y uso del producto,True,,,,,,,,,,,,,,no,,0,2,0,0,addons/quimibond_sgi/models/sgi_dev_request.py,71
quimibond_sgi,project.project,sgi_dev_spec,Text,,Especificación del cliente,True,,,,,,,,,,,,,,no,,0,2,0,0,addons/quimibond_sgi/models/sgi_dev_request.py,72
quimibond_sgi,project.project,sgi_dev_sample_m,Float,,Cantidad de la muestra (m),True,,,,,,,,,,,,,,no,,0,2,0,0,addons/quimibond_sgi/models/sgi_dev_request.py,73
quimibond_sgi,project.project,sgi_dev_sample_kg,Float,,Cantidad de la muestra (kg),True,,,,,,,,,,,,,,no,,0,2,0,0,addons/quimibond_sgi/models/sgi_dev_request.py,74
quimibond_sgi,project.project,sgi_dev_volume,Float,,Volumen estimado,True,,,,,,,,,,,,,,no,,0,3,0,0,addons/quimibond_sgi/models/sgi_dev_request.py,75
quimibond_sgi,project.project,sgi_dev_volume_uom,Selection,,Unidad del volumen,True,,,,,,,,,sí,,,,"[('m', 'm / mes'), ('kg', 'kg / mes')]",no,,0,3,0,0,addons/quimibond_sgi/models/sgi_dev_request.py,76
quimibond_sgi,project.project,sgi_dev_target_price,Monetary,,Precio objetivo,True,,,,,,,,,,,,,,no,,0,2,0,0,addons/quimibond_sgi/models/sgi_dev_request.py,77
quimibond_sgi,project.project,sgi_dev_currency_id,Many2one,res.currency,Moneda del precio,True,,,,,,,,,sí,,,,,no,,1,1,0,0,addons/quimibond_sgi/models/sgi_dev_request.py,78
quimibond_sgi,project.project,sgi_dev_norms,Char,,Norma(s) a cumplir,True,,,,,,,,,,,,,,no,,0,2,0,0,addons/quimibond_sgi/models/sgi_dev_request.py,80
quimibond_sgi,project.project,sgi_dev_packaging,Text,,Datos en la etiqueta y empaque,True,,,,,,,,,,,,,,no,,0,2,0,0,addons/quimibond_sgi/models/sgi_dev_request.py,81
quimibond_sgi,project.project,sgi_dev_customer_property,Selection,,Propiedad del cliente recibida,True,,,,,,,,,,,,,"[('muestra', 'Muestra del producto'), ('especificacion', 'Especificación del producto'), ('ambos', 'Muestra y especific…",no,,0,3,0,0,addons/quimibond_sgi/models/sgi_dev_request.py,82
quimibond_sgi,project.project,sgi_dev_other,Text,,Otras características,True,,,,,,,,,,,,,,no,,0,3,0,0,addons/quimibond_sgi/models/sgi_dev_request.py,86
quimibond_sgi,project.project,sgi_dev_line_ids,One2many,sgi.dev.characteristic,Características del producto,n/a,,,,,,,,,,,,,,no,,2,2,0,3,addons/quimibond_sgi/models/sgi_dev_request.py,87
quimibond_sgi,project.project,sgi_dev_prepared_by_id,Many2one,res.users,Elaboró (Diseño y Desarrollo),True,,,,,,,,,,,,,,no,,0,2,0,0,addons/quimibond_sgi/models/sgi_dev_request.py,88
quimibond_sgi,project.project,sgi_dev_approved_by_id,Many2one,res.users,Aprobó (Dirección de Operaciones),True,,,,,,,,,,,,,,no,,0,2,0,0,addons/quimibond_sgi/models/sgi_dev_request.py,89
quimibond_sgi,sgi.dev.characteristic,project_id,Many2one,project.project,,True,,,True,True,,,cascade,,,,,,,no,,2,1,0,4,addons/quimibond_sgi/models/sgi_dev_request.py,132
quimibond_sgi,sgi.dev.characteristic,sequence,Integer,,,True,,,,,,,,,sí,,,,,no,,104,294,0,19,addons/quimibond_sgi/models/sgi_dev_request.py,133
quimibond_sgi,sgi.dev.characteristic,name,Char,,Característica,True,,,True,,,,,,,,,,,no,,1116,8842,3,1148,addons/quimibond_sgi/models/sgi_dev_request.py,134
quimibond_sgi,sgi.dev.characteristic,direction,Selection,,Dirección,True,,,,,,,,,sí,,,,"[('na', '—'), ('largo', 'Largo'), ('ancho', 'Ancho')]",no,,39,63,0,24,addons/quimibond_sgi/models/sgi_dev_request.py,135
quimibond_sgi,sgi.dev.characteristic,unit,Char,,Unidad,True,,,,,,,,,,,,,,no,,13,5,0,4,addons/quimibond_sgi/models/sgi_dev_request.py,136
quimibond_sgi,sgi.dev.characteristic,value,Char,,Valor pedido,True,,,,,,,,,,,,,,no,,300,153,4,137,addons/quimibond_sgi/models/sgi_dev_request.py,137
quimibond_sgi,sgi.dev.characteristic,tolerance,Char,,Tolerancia,True,,,,,,,,,,,,,,no,,6,4,0,0,addons/quimibond_sgi/models/sgi_dev_request.py,138
quimibond_sgi,sgi.dev.characteristic,method,Char,,Método / norma,True,,,,,,,,,,,,,,no,,35,4,0,12,addons/quimibond_sgi/models/sgi_dev_request.py,139
quimibond_sgi,sgi.dev.characteristic,note,Char,,Observaciones,True,,,,,,,,,,,,,,no,,70,30,0,9,addons/quimibond_sgi/models/sgi_dev_request.py,140
quimibond_sgi,sgi.diagnostic.line,diagnostic_id,Many2one,sgi.diagnostic,Diagnóstico,True,,,True,True,,,cascade,,,,,,,no,,3,2,0,1,addons/quimibond_sgi/models/sgi_diagnostic.py,28
quimibond_sgi,sgi.diagnostic.line,sequence,Integer,,,True,,,,,,,,,sí,,,,,no,,104,294,0,19,addons/quimibond_sgi/models/sgi_diagnostic.py,30
quimibond_sgi,sgi.diagnostic.line,section,Char,,Sección,True,,,True,,,,,,,,,,,no,,61,18,0,10,addons/quimibond_sgi/models/sgi_diagnostic.py,31
quimibond_sgi,sgi.diagnostic.line,level,Selection,,Nivel,True,,,True,,,,,,,,,,LEVELS,no,,33,19,2,22,addons/quimibond_sgi/models/sgi_diagnostic.py,32
quimibond_sgi,sgi.diagnostic.line,text,Text,,Hallazgo,True,,,True,,,,,,,,,,,no,,97,286,11,37,addons/quimibond_sgi/models/sgi_diagnostic.py,33
quimibond_sgi,sgi.diagnostic.line,fix,Char,,Dónde se arregla,True,,,,,,,,,,,,,,no,,7,3,0,1,addons/quimibond_sgi/models/sgi_diagnostic.py,34
quimibond_sgi,sgi.diagnostic,date,Date,,Fecha,True,,,,,True,,,,sí,,,,,no,,193,79,0,587,addons/quimibond_sgi/models/sgi_diagnostic.py,41
quimibond_sgi,sgi.diagnostic,line_ids,One2many,sgi.diagnostic.line,Hallazgos,n/a,,,,,,,,,,,,,,no,,96,12,0,62,addons/quimibond_sgi/models/sgi_diagnostic.py,42
quimibond_sgi,sgi.diagnostic,bad_count,Integer,,Fallas,False,_compute_counts,,,,,,,,,,,,,no,,2,0,0,1,addons/quimibond_sgi/models/sgi_diagnostic.py,43
quimibond_sgi,sgi.diagnostic,warn_count,Integer,,Avisos,False,_compute_counts,,,,,,,,,,,,,no,,2,0,0,1,addons/quimibond_sgi/models/sgi_diagnostic.py,44
quimibond_sgi,sgi.diagnostic,ok_count,Integer,,En orden,False,_compute_counts,,,,,,,,,,,,,no,,3,0,0,2,addons/quimibond_sgi/models/sgi_diagnostic.py,45
quimibond_sgi,sgi.diagnostic,summary,Text,,Resumen,False,_compute_summary,,,,,,,,,,,,,no,,92,1,0,62,addons/quimibond_sgi/models/sgi_diagnostic.py,46
quimibond_sgi,ir.ui.view,type,Selection,,,True,,,,,,,,,,,,,,no,,228,846,7,151,addons/quimibond_sgi/models/sgi_diagram_view.py,24
quimibond_sgi,ir.actions.act_window.view,view_mode,Selection,,,True,,,,,,,{'sgi_diagram': 'cascade'},,,,,,,no,,143,126,0,9,addons/quimibond_sgi/models/sgi_diagram_view.py,51
quimibond_sgi,sgi.indicator,calc_mode,Selection,,,True,,,,,,,{'acuerdos_rxd': 'set default'},,,,,,,no,,37,57,0,80,addons/quimibond_sgi/models/sgi_direction_board.py,20
quimibond_sgi,sgi.indicator,level,Selection,,Nivel,True,,,True,,,,,True,sí,,,,"[('direccion', 'Dirección'), ('proceso', 'Proceso'), ('actividad', 'Actividad')]",sí,Dirección: va al Tablero de dirección. Proceso: lo sigue el dueño del proceso. Actividad: medición de un paso del procedimiento.,33,19,2,22,addons/quimibond_sgi/models/sgi_direction_board.py,23
quimibond_sgi,sgi.indicator,last_six,Char,,Últimos 6 periodos,False,_compute_last_six,,,,,,,,,,,,,sí,"Periodo: valor y semáforo (V verde, A amarillo, R rojo).",1,1,0,2,addons/quimibond_sgi/models/sgi_direction_board.py,30
quimibond_sgi,sgi.direction.board,date,Date,,Fecha,True,,,,,True,,,,sí,,,,,no,,193,79,0,587,addons/quimibond_sgi/models/sgi_direction_board.py,58
quimibond_sgi,sgi.direction.board,objective_ids,Many2many,sgi.objective,Objetivos integrales,False,_compute_board,,,,,,,,,,,,,no,,7,3,0,0,addons/quimibond_sgi/models/sgi_direction_board.py,59
quimibond_sgi,sgi.direction.board,indicator_ids,Many2many,sgi.indicator,Indicadores de dirección,False,_compute_board,,,,,,,,,,,,,no,,19,4,0,13,addons/quimibond_sgi/models/sgi_direction_board.py,60
quimibond_sgi,sgi.direction.board,red_no_plan_measure_ids,Many2many,sgi.indicator.measure,Rojos sin causa ni plan,False,_compute_board,,,,,,,,,,,,,no,,1,2,0,0,addons/quimibond_sgi/models/sgi_direction_board.py,61
quimibond_sgi,sgi.direction.board,overdue_agreement_ids,Many2many,sgi.action.line,Acuerdos de la RxD vencidos,False,_compute_board,,,,,,,,,,,,,no,,1,2,0,0,addons/quimibond_sgi/models/sgi_direction_board.py,63
quimibond_sgi,sgi.direction.board,delayed_process_ids,Many2many,sgi.process,Procesos con más atrasos,False,_compute_board,,,,,,,,,,,,,no,,1,2,0,0,addons/quimibond_sgi/models/sgi_direction_board.py,65
quimibond_sgi,sgi.direction.board,indicator_count,Integer,,,False,_compute_board,,,,,,,,,,,,,no,,8,8,0,4,addons/quimibond_sgi/models/sgi_direction_board.py,67
quimibond_sgi,sgi.direction.board,indicator_note,Char,,Nota de indicadores,False,_compute_board,,,,,,,,,,,,,no,,1,2,0,4,addons/quimibond_sgi/models/sgi_direction_board.py,68
quimibond_sgi,sgi.direction.board,red_count,Integer,,,False,_compute_board,,,,,,,,,,,,,no,,1,2,0,0,addons/quimibond_sgi/models/sgi_direction_board.py,69
quimibond_sgi,approval.category,sgi_is_doc_change,Boolean,,Cambio documental SGI,True,,,,,,,,,,,,,,no,,12,6,0,5,addons/quimibond_sgi/models/sgi_doc_change.py,13
quimibond_sgi,approval.category,sgi_is_moc,Boolean,,Gestión del cambio SGI (MOC),True,,,,,,,,,,,,,,sí,"Cambios de proceso, infraestructura o plantilla (9001 §6.3, 45001 §8.1.3): la solicitud exige motivo, procesos afectados y evaluación de riesgos ANTES de poder aprobarse.",3,4,0,1,addons/quimibond_sgi/models/sgi_doc_change.py,14
quimibond_sgi,approval.request,sgi_is_doc_change,Boolean,,,True,,category_id.sgi_is_doc_change,,,,,,,,,,,,no,,12,6,0,5,addons/quimibond_sgi/models/sgi_doc_change.py,24
quimibond_sgi,approval.request,sgi_is_moc,Boolean,,,True,,category_id.sgi_is_moc,,,,,,,,,,,,no,,3,4,0,1,addons/quimibond_sgi/models/sgi_doc_change.py,25
quimibond_sgi,approval.request,sgi_moc_risk_note,Text,,Evaluación de riesgos del cambio,True,,,,,,,,,,,,,,sí,"45001 §8.1.3 / 9001 §6.3: riesgos del cambio para calidad, ambiente y SST, y cómo se controlan. Obligatoria para aprobar.",1,1,0,1,addons/quimibond_sgi/models/sgi_doc_change.py,26
quimibond_sgi,approval.request,sgi_document_id,Many2one,documents.document,Documento afectado,True,,,,,,,,,,,,,,no,,12,15,0,5,addons/quimibond_sgi/models/sgi_doc_change.py,30
quimibond_sgi,approval.request,sgi_change_kind,Selection,,Tipo de cambio,True,,,,,,,,,,,,,"[('alta', 'Alta'), ('modificacion', 'Modificación'), ('baja', 'Baja')]",no,,7,10,0,6,addons/quimibond_sgi/models/sgi_doc_change.py,31
quimibond_sgi,approval.request,sgi_what_changes,Selection,,¿Qué se modifica?,True,,,,,,,,,,,,,"[('formato', 'Formato'), ('contenido', 'Contenido')]",no,,0,1,0,0,addons/quimibond_sgi/models/sgi_doc_change.py,36
quimibond_sgi,approval.request,sgi_current_revision,Integer,,Revisión vigente,False,,sgi_document_id.sgi_revision,,,True,,,,,,,,,no,,0,3,0,0,addons/quimibond_sgi/models/sgi_doc_change.py,40
quimibond_sgi,approval.request,sgi_new_revision,Integer,,Nueva revisión,True,,,,,,,,,,,,,,no,,4,3,0,6,addons/quimibond_sgi/models/sgi_doc_change.py,42
quimibond_sgi,approval.request,sgi_pilot,Boolean,,Prueba piloto,True,,,,,,,,,,,,,,no,,3,6,0,1,addons/quimibond_sgi/models/sgi_doc_change.py,43
quimibond_sgi,approval.request,sgi_pilot_start,Date,,Inicio de piloto,True,,,,,,,,,,,,,,no,,6,2,0,1,addons/quimibond_sgi/models/sgi_doc_change.py,44
quimibond_sgi,approval.request,sgi_pilot_end,Date,,Fin de piloto,True,,,,,,,,,,,,,,no,,5,2,0,1,addons/quimibond_sgi/models/sgi_doc_change.py,45
quimibond_sgi,approval.request,sgi_reason,Text,,Motivo del cambio,True,,,,,,,,,,,,,,no,,4,4,0,4,addons/quimibond_sgi/models/sgi_doc_change.py,46
quimibond_sgi,approval.request,sgi_changes,Text,,Descripción de cambios,True,,,,,,,,,,,,,,no,,2,3,0,1,addons/quimibond_sgi/models/sgi_doc_change.py,47
quimibond_sgi,approval.request,sgi_affected_process_ids,Many2many,sgi.process,Procesos afectados,True,,,,,,,,,,,,,,no,,5,3,0,1,addons/quimibond_sgi/models/sgi_doc_change.py,48
quimibond_sgi,approval.request,sgi_applied,Boolean,,Cambio aplicado al documento,True,,,,,,,,,,,,,,no,,3,2,0,3,addons/quimibond_sgi/models/sgi_doc_change.py,49
quimibond_sgi,approval.request,sgi_new_document_id,Many2one,documents.document,Revisión publicada,True,,,,,True,,,,,,,,,no,,2,2,0,2,addons/quimibond_sgi/models/sgi_doc_change.py,52
quimibond_sgi,approval.category,sgi_sign_required,Boolean,,Se aprueba firmando en Sign,True,,,,,,,,,,,,,,sí,Al enviar la solicitud se crea la firma en Sign (elaboró → revisó → aprobó) y cada firma aprueba su renglón. El botón Aprobar de Aprobaciones queda bloqueado.,4,5,0,2,addons/quimibond_sgi/models/sgi_doc_change_sign.py,44
quimibond_sgi,approval.request,sgi_sign_required,Boolean,,,False,,category_id.sgi_sign_required,,,,,,,,,,,,no,,4,5,0,2,addons/quimibond_sgi/models/sgi_doc_change_sign.py,54
quimibond_sgi,approval.request,sgi_sign_request_id,Many2one,sign.request,Firma (Sign),True,,,,,True,,,,,,,,,no,,12,3,0,2,addons/quimibond_sgi/models/sgi_doc_change_sign.py,55
quimibond_sgi,approval.request,sgi_sign_state,Selection,,Estado de la firma,False,,sgi_sign_request_id.state,,,,,,,,,,,,no,,0,5,0,0,addons/quimibond_sgi/models/sgi_doc_change_sign.py,57
quimibond_sgi,approval.request,sgi_sign_progress,Char,,Firmas,False,_compute_sgi_sign_progress,,,,,,,,,,,,,no,,1,1,0,1,addons/quimibond_sgi/models/sgi_doc_change_sign.py,59
quimibond_sgi,approval.request,sgi_change_attachment_id,Many2one,ir.attachment,Archivo de la revisión nueva,True,,,,,True,,,,,,,,,sí,El archivo que se mandó a firmar: es el que se publica al aprobarse.,4,4,0,1,addons/quimibond_sgi/models/sgi_doc_change_sign.py,61
quimibond_sgi,approval.request,sgi_sign_archived,Boolean,,,True,,,,,True,,,,,,,,,no,,4,0,0,1,addons/quimibond_sgi/models/sgi_doc_change_sign.py,64
quimibond_sgi,approval.request,sgi_sign_notified_state,Char,,,True,,,,,True,,,,,,,,,no,,2,0,0,0,addons/quimibond_sgi/models/sgi_doc_change_sign.py,65
quimibond_sgi,documents.document,sgi_is_controlled,Boolean,,Documento controlado SGI,True,,,,,,,,True,,,,,,no,,58,9,0,55,addons/quimibond_sgi/models/sgi_document.py,31
quimibond_sgi,documents.document,sgi_code,Char,,Clave SGI,True,,,,True,,,,True,,,,,,no,,130,48,0,82,addons/quimibond_sgi/models/sgi_document.py,32
quimibond_sgi,documents.document,sgi_previous_code,Char,,Clave anterior,True,,,,True,,,,True,,,,,,no,,3,6,0,1,addons/quimibond_sgi/models/sgi_document.py,36
quimibond_sgi,documents.document,sgi_previous_code_date,Date,,Cambio de clave,True,,,,,,,,,,,,,,sí,Desde cuándo rige la clave actual; la anterior se encuentra hasta 12 meses después.,2,2,0,0,addons/quimibond_sgi/models/sgi_document.py,38
quimibond_sgi,documents.document,sgi_doc_type_id,Many2one,sgi.document.type,Tipo de documento,True,,,,True,,,restrict,True,,,,,,no,,16,6,0,5,addons/quimibond_sgi/models/sgi_document.py,45
quimibond_sgi,documents.document,sgi_doc_type,Selection,,Tipo (código),True,_compute_sgi_doc_type,,,,False,,,,,_inverse_sgi_doc_type,,,"[('miid', 'Manual (MIID)'), ('procedimiento', 'Procedimiento (P)'), ('instructivo', 'Instructivo (IT)'), ('formato', 'F…",sí,Código del tipo de documento (compatibilidad). Un tipo nuevo creado en Configuración que no esté en esta lista deja este campo vacío; usa «Tipo de documento».,41,24,0,73,addons/quimibond_sgi/models/sgi_document.py,48
quimibond_sgi,documents.document,sgi_odoo_menu_id,Many2one,ir.ui.menu,Menú de Odoo,True,,,,,,,,,,,,,,sí,Menú donde vive el formulario que sustituye a este documento. El botón «Abrir en Odoo» salta directo a él.,6,3,0,3,addons/quimibond_sgi/models/sgi_document.py,72
quimibond_sgi,documents.document,sgi_area_id,Many2one,sgi.area,Área SGI,True,,,,,,,,,,,,,,no,,6,51,0,0,addons/quimibond_sgi/models/sgi_document.py,76
quimibond_sgi,documents.document,sgi_process_id,Many2one,sgi.process,Proceso SGI,True,,,,,,,,,,,,,,no,,81,19,0,43,addons/quimibond_sgi/models/sgi_document.py,77
quimibond_sgi,documents.document,sgi_doc_change_id,Many2one,approval.request,Último cambio documental,True,,,,True,True,,set null,,,,,,,sí,"Solicitud de cambio documental aprobada que produjo esta versión (la de alta, o la última modificación o baja aplicada).",4,2,0,2,addons/quimibond_sgi/models/sgi_document.py,81
quimibond_sgi,documents.document,sgi_revision,Integer,,Revisión,True,,,,,,,,True,,,,,,no,,41,6,0,35,addons/quimibond_sgi/models/sgi_document.py,88
quimibond_sgi,documents.document,sgi_revision_label,Char,,Rev.,False,_compute_sgi_revision_label,,,,,,,,,,,,,no,,13,9,0,1,addons/quimibond_sgi/models/sgi_document.py,89
quimibond_sgi,documents.document,sgi_revision_legacy,Char,,Revisión (texto anterior),True,,,,,True,,,,,,,,,sí,Valor de texto que no se pudo convertir a número al migrar (p. ej. «A»). Captura la revisión real en «Revisión».,0,2,0,0,addons/quimibond_sgi/models/sgi_document.py,91
quimibond_sgi,documents.document,sgi_issue_date,Date,,Fecha de emisión,True,,,,,,,,,,,,,,no,,12,6,0,1,addons/quimibond_sgi/models/sgi_document.py,95
quimibond_sgi,documents.document,sgi_state,Selection,,Estado SGI,True,,,,,,,,True,,,,,"[('borrador', 'Borrador'), ('piloto', 'Prueba piloto'), ('vigente', 'Vigente'), ('obsoleto', 'Obsoleto')]",sí,Solo los documentos controlados del SGI llevan estado; los demás archivos de Documentos quedan sin él (2026-09-25).,81,28,0,80,addons/quimibond_sgi/models/sgi_document.py,96
quimibond_sgi,documents.document,sgi_owner_id,Many2one,res.users,Responsable SGI,True,,,,,,,,,,,,,,no,,9,6,0,3,addons/quimibond_sgi/models/sgi_document.py,104
quimibond_sgi,documents.document,sgi_job_ids,Many2many,hr.job,Puestos a los que aplica,True,,,,,,,,,,,,,,no,,18,1,0,11,addons/quimibond_sgi/models/sgi_document.py,105
quimibond_sgi,documents.document,sgi_next_review_date,Date,,Próxima revisión,True,,,,,,,,,,,,,,no,,14,5,0,2,addons/quimibond_sgi/models/sgi_document.py,107
quimibond_sgi,documents.document,sgi_obsolete_date,Date,,Obsoleto desde,True,,,,,True,,,,,,,,,no,,2,2,0,2,addons/quimibond_sgi/models/sgi_document.py,109
quimibond_sgi,documents.document,sgi_obsolete_reason,Char,,Motivo de obsolescencia,True,,,,,True,,,,,,,,,no,,1,2,0,2,addons/quimibond_sgi/models/sgi_document.py,110
quimibond_sgi,documents.document,sgi_replaced_by_process_id,Many2one,sgi.process,Lo sustituye el proceso,True,,,,True,True,,,,,,,,,no,,1,2,0,1,addons/quimibond_sgi/models/sgi_document.py,111
quimibond_sgi,documents.document,sgi_pilot_end_date,Date,,Fin de prueba piloto,True,,,,,,,,,,,,,,no,,4,1,0,0,addons/quimibond_sgi/models/sgi_document.py,113
quimibond_sgi,documents.document,sgi_retention_years,Integer,,Retención (años),True,,,,,,,,,,,,,,sí,Años que el registro/documento se conserva tras quedar obsoleto o cerrado. 0 = sin definir. Clientes automotrices suelen exigir vida del programa + años: captúralo por documento o familia.,1,6,0,0,addons/quimibond_sgi/models/sgi_document.py,119
quimibond_sgi,documents.document,sgi_disposition,Selection,,Disposición final,True,,,,,,,,,,,,,"[('archivo', 'Archivo muerto'), ('destruccion', 'Destrucción controlada'), ('devolucion', 'Devolución al cliente')]",sí,Qué se hace con el registro al cumplirse la retención.,2,5,0,0,addons/quimibond_sgi/models/sgi_document.py,124
quimibond_sgi,documents.document,sgi_procedure_dirty,Boolean,,Procedimiento vivo pendiente de revisión,True,,,,,True,,,,,,,,,sí,Las actividades/responsabilidades del procedimiento vivo cambiaron después de esta revisión vigente. Genere una nueva revisión controlada o confirme que el cambio no la amerita.,5,2,0,15,addons/quimibond_sgi/models/sgi_document.py,137
quimibond_sgi,documents.document,sgi_procedure_dirty_since,Datetime,,Divergencia desde,True,,,,,True,,,,,,,,,no,,2,1,0,2,addons/quimibond_sgi/models/sgi_document.py,142
quimibond_sgi,documents.document,sgi_procedure_dirty_by,Many2one,res.users,Divergencia registrada por,True,,,,,True,,,,,,,,,no,,2,1,0,1,addons/quimibond_sgi/models/sgi_document.py,144
quimibond_sgi,documents.document,sgi_migration_class,Selection,,Clase de migración,True,,,,,,,,True,,,,,"[('a', 'A - Transacción Odoo'), ('b', 'B - Hoja de trabajo Calidad'), ('c', 'C - Salida impresa (reporte)'), ('d', 'D -…",sí,A: el registro de Odoo sustituye al formato. B: se configura como punto de control con hoja de trabajo. C: Odoo lo genera como reporte. D: permanece como documento controlado.,2,8,0,0,addons/quimibond_sgi/models/sgi_document.py,148
quimibond_sgi,documents.document,sgi_migration_state,Selection,,Estado de migración,True,,,,,,,,True,sí,,,,"[('pendiente', 'Pendiente'), ('en_curso', 'En curso'), ('migrado', 'Migrado a Odoo'), ('baja', 'Baja tramitada'), ('na'…",no,,0,14,0,0,addons/quimibond_sgi/models/sgi_document.py,158
quimibond_sgi,documents.document,sgi_migration_target,Char,,Destino en Odoo,True,,,,,,,,,,,,,,sí,Objeto/menú de Odoo que sustituye a este formato (p.ej. 'SGI > No Conformidades').,4,5,0,2,addons/quimibond_sgi/models/sgi_document.py,165
quimibond_sgi,documents.document,sgi_migration_point_id,Many2one,quality.point,Worksheet destino,True,,,,,,,,,,,,,,sí,Punto de calidad (worksheet) que sustituye a este formato. El botón «Abrir worksheet» salta directo a él.,5,5,0,1,addons/quimibond_sgi/models/sgi_document.py,170
quimibond_sgi,documents.document,sgi_ack_ids,One2many,sgi.document.ack,Acuses de lectura,n/a,,,,,,,,,,,,,,no,,8,2,0,18,addons/quimibond_sgi/models/sgi_document.py,233
quimibond_sgi,documents.document,sgi_ack_count,Integer,,# Acuses,True,_compute_sgi_ack_stats,,,,,,,,,,,,,no,,1,0,0,1,addons/quimibond_sgi/models/sgi_document.py,235
quimibond_sgi,documents.document,sgi_ack_read_pct,Float,,% Difusión,True,_compute_sgi_ack_stats,,,,,,,,,,,,,no,,1,2,0,0,addons/quimibond_sgi/models/sgi_document.py,236
quimibond_sgi,documents.document,sgi_parent_document_id,Many2one,documents.document,Procedimiento padre,True,,,,True,,,set null,,,,,,,sí,Procedimiento del que depende este documento (familia documental).,18,1,0,17,addons/quimibond_sgi/models/sgi_document.py,242
quimibond_sgi,documents.document,sgi_child_document_ids,One2many,documents.document,Documentos hijos,n/a,,,,,,,,,,,,,,no,,4,0,0,0,addons/quimibond_sgi/models/sgi_document.py,246
quimibond_sgi,documents.document,sgi_family_document_ids,Many2many,documents.document,Documentos de la familia,False,_compute_sgi_family,,,,,,,,,,,,,sí,Hermanos (hijos del mismo padre) más los hijos propios.,3,1,0,7,addons/quimibond_sgi/models/sgi_document.py,248
quimibond_sgi,documents.document,sgi_reference_ids,Many2many,documents.document,Referencias cruzadas,True,,,,,,,,,,,,,,sí,"Documentos de OTRAS familias que este documento menciona (ej. P-A28 referencia P-A22, P-C01, P-D01). Captura de MAST.",1,1,0,1,addons/quimibond_sgi/models/sgi_document.py,252
quimibond_sgi,sgi.document.ack,document_id,Many2one,documents.document,Documento,True,,,True,,,,cascade,,,,,,,no,,44,17,0,5,addons/quimibond_sgi/models/sgi_document.py,760
quimibond_sgi,sgi.document.ack,sgi_code,Char,,Clave,True,,document_id.sgi_code,,,,,,,,,,,,no,,130,48,0,82,addons/quimibond_sgi/models/sgi_document.py,761
quimibond_sgi,sgi.document.ack,employee_id,Many2one,hr.employee,Empleado,True,,,True,,,,cascade,,,,,,,no,,145,48,0,51,addons/quimibond_sgi/models/sgi_document.py,762
quimibond_sgi,sgi.document.ack,user_id,Many2one,res.users,Usuario,True,,employee_id.user_id,,,,,,,,,,,,no,,199,28,0,94,addons/quimibond_sgi/models/sgi_document.py,763
quimibond_sgi,sgi.document.ack,state,Selection,,Estado,True,,,True,,,,,,sí,,,,"[('pendiente', 'Pendiente'), ('leido', 'Leído y entendido')]",no,,486,472,44,237,addons/quimibond_sgi/models/sgi_document.py,764
quimibond_sgi,sgi.document.ack,ack_date,Datetime,,Fecha de acuse,True,,,,,True,,,,,,,,,no,,7,7,0,4,addons/quimibond_sgi/models/sgi_document.py,768
quimibond_sgi,sgi.emergency.plan,name,Char,,Escenario de emergencia,True,,,True,,,,,True,,,,,,no,,1116,8842,3,1148,addons/quimibond_sgi/models/sgi_emergency.py,22
quimibond_sgi,sgi.emergency.plan,plan_type,Selection,,Tipo,True,,,True,,,,,True,sí,,,,"[('incendio', 'Incendio'), ('sismo', 'Sismo'), ('derrame_quimico', 'Derrame químico'), ('fuga_gas', 'Fuga de gas'), ('e…",no,,5,4,0,2,addons/quimibond_sgi/models/sgi_emergency.py,23
quimibond_sgi,sgi.emergency.plan,location,Char,,Ubicación / zona,True,,,,,,,,,,,,,,no,,20,6,0,17,addons/quimibond_sgi/models/sgi_emergency.py,32
quimibond_sgi,sgi.emergency.plan,responsible_id,Many2one,res.users,Responsable (brigada),True,,,,,,,,True,,,,,,no,,62,43,0,67,addons/quimibond_sgi/models/sgi_emergency.py,33
quimibond_sgi,sgi.emergency.plan,document_id,Many2one,documents.document,Plan documentado,True,,,,,,,,,,,,,,no,,44,17,0,5,addons/quimibond_sgi/models/sgi_emergency.py,35
quimibond_sgi,sgi.emergency.plan,risk_ids,Many2many,sgi.risk,Riesgos ligados (IPER/ambiental),True,,,,,,,,,,,,,,no,,7,4,0,1,addons/quimibond_sgi/models/sgi_emergency.py,37
quimibond_sgi,sgi.emergency.plan,drill_frequency_months,Integer,,Frecuencia de simulacro (meses),True,,,,,,,,,sí,,,,,no,,3,1,0,1,addons/quimibond_sgi/models/sgi_emergency.py,39
quimibond_sgi,sgi.emergency.plan,state,Selection,,Estado,True,,,True,,,,,True,sí,,,,"[('borrador', 'Borrador'), ('vigente', 'Vigente'), ('obsoleto', 'Obsoleto')]",no,,486,472,44,237,addons/quimibond_sgi/models/sgi_emergency.py,41
quimibond_sgi,sgi.emergency.plan,drill_ids,One2many,sgi.emergency.drill,Simulacros,n/a,,,,,,,,,,,,,,no,,5,0,0,0,addons/quimibond_sgi/models/sgi_emergency.py,46
quimibond_sgi,sgi.emergency.plan,drill_count,Integer,,# Simulacros,False,_compute_drill_count,,,,,,,,,,,,,no,,2,2,0,0,addons/quimibond_sgi/models/sgi_emergency.py,51
quimibond_sgi,sgi.emergency.plan,last_drill_date,Date,,Último simulacro,True,_compute_drill_dates,,,,,,,,,,,,,no,,3,2,0,1,addons/quimibond_sgi/models/sgi_emergency.py,52
quimibond_sgi,sgi.emergency.plan,next_drill_date,Date,,Próximo simulacro,True,_compute_drill_dates,,,,,,,,,,,,,no,,9,2,0,1,addons/quimibond_sgi/models/sgi_emergency.py,54
quimibond_sgi,sgi.emergency.drill,plan_id,Many2one,sgi.emergency.plan,Plan de emergencia,True,,,True,True,,,cascade,,,,,,,no,,10,4,0,4,addons/quimibond_sgi/models/sgi_emergency.py,120
quimibond_sgi,sgi.emergency.drill,plan_type,Selection,,,True,,plan_id.plan_type,,,,,,,,,,,,no,,5,4,0,2,addons/quimibond_sgi/models/sgi_emergency.py,122
quimibond_sgi,sgi.emergency.drill,date_planned,Date,,Fecha programada,True,,,True,,,,,True,sí,,,,,no,,12,6,0,1,addons/quimibond_sgi/models/sgi_emergency.py,123
quimibond_sgi,sgi.emergency.drill,date_done,Date,,Fecha realizada,True,,,,,,,,True,,,,,,no,,86,19,0,44,addons/quimibond_sgi/models/sgi_emergency.py,125
quimibond_sgi,sgi.emergency.drill,participants_count,Integer,,Participantes,True,,,,,,,,,,,,,,no,,1,2,0,2,addons/quimibond_sgi/models/sgi_emergency.py,126
quimibond_sgi,sgi.emergency.drill,duration_minutes,Integer,,Duración (min),True,,,,,,,,,,,,,,no,,0,1,0,0,addons/quimibond_sgi/models/sgi_emergency.py,127
quimibond_sgi,sgi.emergency.drill,result,Selection,,Resultado,True,,,,,,,,True,,,,,"[('satisfactorio', 'Satisfactorio'), ('con_observaciones', 'Con observaciones'), ('no_satisfactorio', 'No satisfactorio…",no,,118,34,0,135,addons/quimibond_sgi/models/sgi_emergency.py,128
quimibond_sgi,sgi.emergency.drill,findings,Text,,Hallazgos / observaciones,True,,,,,,,,,,,,,,no,,3,5,0,1,addons/quimibond_sgi/models/sgi_emergency.py,133
quimibond_sgi,sgi.emergency.drill,action_line_ids,One2many,sgi.action.line,Acciones,n/a,,,,,,,,,,,,,,no,,21,9,0,1,addons/quimibond_sgi/models/sgi_emergency.py,134
quimibond_sgi,sgi.emergency.drill,state,Selection,,Estado,True,,,True,,,,,True,sí,,,,"[('programado', 'Programado'), ('realizado', 'Realizado'), ('cancelado', 'Cancelado')]",no,,486,472,44,237,addons/quimibond_sgi/models/sgi_emergency.py,136
quimibond_sgi,sgi.epp.delivery,name,Char,,Folio,True,,,,,True,,,,sí,,,,,no,,1116,8842,3,1148,addons/quimibond_sgi/models/sgi_epp.py,21
quimibond_sgi,sgi.epp.delivery,employee_id,Many2one,hr.employee,Empleado,True,,,True,True,,,restrict,,,,,,,no,,145,48,0,51,addons/quimibond_sgi/models/sgi_epp.py,22
quimibond_sgi,sgi.epp.delivery,user_id,Many2one,,Usuario,True,,employee_id.user_id,,,,,,,,,,,,no,,199,28,0,94,addons/quimibond_sgi/models/sgi_epp.py,26
quimibond_sgi,sgi.epp.delivery,job_id,Many2one,hr.job,Puesto al entregar,True,_compute_job_id,,,,False,,,,,,,,,no,,167,51,1,135,addons/quimibond_sgi/models/sgi_epp.py,27
quimibond_sgi,sgi.epp.delivery,date,Date,,Fecha de entrega,True,,,True,,,,,,sí,,,,,no,,193,79,0,587,addons/quimibond_sgi/models/sgi_epp.py,29
quimibond_sgi,sgi.epp.delivery,items,Text,,EPP entregado,True,,,True,,,,,,,,,,,sí,Se propone el EPP requerido del puesto; ajusta lo que realmente se entregó.,152,25,2,24,addons/quimibond_sgi/models/sgi_epp.py,30
quimibond_sgi,sgi.epp.delivery,delivered_by_id,Many2one,res.users,Entregó,True,,,True,,,,,,sí,,,,,no,,0,4,0,0,addons/quimibond_sgi/models/sgi_epp.py,33
quimibond_sgi,sgi.epp.delivery,note,Text,,Observaciones,True,,,,,,,,,,,,,,no,,70,30,0,9,addons/quimibond_sgi/models/sgi_epp.py,35
quimibond_sgi,sgi.epp.delivery,state,Selection,,Estado,True,,,True,,,,,True,sí,,,,"[('entregada', 'Entregada, sin firmar'), ('firmada', 'Firmada por el empleado')]",no,,486,472,44,237,addons/quimibond_sgi/models/sgi_epp.py,36
quimibond_sgi,sgi.epp.delivery,signed_date,Datetime,,Firmada el,True,,,,,True,,,,,,,,,no,,4,6,0,1,addons/quimibond_sgi/models/sgi_epp.py,40
quimibond_sgi,sgi.epp.delivery,can_sign,Boolean,,,False,_compute_can_sign,,,,,,,,,,,,,no,,2,8,0,2,addons/quimibond_sgi/models/sgi_epp.py,41
quimibond_sgi,hr.employee,sgi_epp_required,Text,,EPP requerido por el puesto,False,,job_id.sgi_epp_required,,,,,,,,,,,,no,,10,2,0,4,addons/quimibond_sgi/models/sgi_epp.py,107
quimibond_sgi,hr.employee,sgi_epp_delivery_ids,One2many,sgi.epp.delivery,Responsivas de EPP,n/a,,,,,,,,,,,,,,no,,0,2,0,0,addons/quimibond_sgi/models/sgi_epp.py,108
quimibond_sgi,hr.employee,sgi_epp_delivery_count,Integer,,,False,_compute_sgi_epp_counts,,,,,,,,,,,,,no,,1,1,0,0,addons/quimibond_sgi/models/sgi_epp.py,109
quimibond_sgi,hr.employee,sgi_epp_pending_count,Integer,,Responsivas sin firmar,False,_compute_sgi_epp_counts,,,,,,,,,,,,,no,,1,0,0,2,addons/quimibond_sgi/models/sgi_epp.py,110
quimibond_sgi,sgi.epp.delivery.line,delivery_id,Many2one,sgi.epp.delivery,,True,,,True,,,,cascade,,,,,,,no,,1,0,0,0,addons/quimibond_sgi/models/sgi_epp_sign.py,25
quimibond_sgi,sgi.epp.delivery.line,sequence,Integer,,,True,,,,,,,,,sí,,,,,no,,104,294,0,19,addons/quimibond_sgi/models/sgi_epp_sign.py,26
quimibond_sgi,sgi.epp.delivery.line,quantity,Float,,Cantidad,True,,,True,,,,,,sí,,,,,no,,13,7,0,32,addons/quimibond_sgi/models/sgi_epp_sign.py,27
quimibond_sgi,sgi.epp.delivery.line,uom,Selection,,Unidad,True,,,True,,,,,,sí,,,,"[('pz', 'pz'), ('par', 'par'), ('juego', 'juego')]",no,,49,60,0,64,addons/quimibond_sgi/models/sgi_epp_sign.py,28
quimibond_sgi,sgi.epp.delivery.line,name,Char,,Artículo,True,,,True,,,,,,,,,,,no,,1116,8842,3,1148,addons/quimibond_sgi/models/sgi_epp_sign.py,29
quimibond_sgi,sgi.epp.delivery.line,size,Char,,Talla,True,,,,,,,,,,,,,,no,,3,93,1,1,addons/quimibond_sgi/models/sgi_epp_sign.py,30
quimibond_sgi,sgi.epp.delivery.line,note,Char,,Observaciones,True,,,,,,,,,,,,,,no,,70,30,0,9,addons/quimibond_sgi/models/sgi_epp_sign.py,31
quimibond_sgi,sgi.epp.delivery,line_ids,One2many,sgi.epp.delivery.line,Renglones de EPP,n/a,,,,,,,,,,,,,,no,,96,12,0,62,addons/quimibond_sgi/models/sgi_epp_sign.py,37
quimibond_sgi,sgi.epp.delivery,items,Text,,,True,_compute_items,,False,,False,,,,,,,,,no,,152,25,2,24,addons/quimibond_sgi/models/sgi_epp_sign.py,38
quimibond_sgi,sgi.epp.delivery,sign_request_id,Many2one,sign.request,Solicitud de firma (Sign),True,,,,,True,,set null,,,,,,,no,,14,4,0,4,addons/quimibond_sgi/models/sgi_epp_sign.py,39
quimibond_sgi,sgi.epp.delivery,sign_state,Selection,,Firma electrónica,True,,sign_request_id.state,,,,,,,,,,,,no,,3,6,0,0,addons/quimibond_sgi/models/sgi_epp_sign.py,41
quimibond_sgi,res.config.settings,sgi_epp_sign_template_id,Many2one,sign.template,Plantilla de Sign de la responsiva de EPP,True,,,,,,,,,,,,,,sí,"Opcional: vacío, el SGI arma la plantilla sola (responsiva + hoja «Recibí el EPP»). Solo si se quiere otra, una plantilla hecha a mano con un solo firmante (el empleado).",0,1,0,0,addons/quimibond_sgi/models/sgi_epp_sign.py,133
quimibond_sgi,sgi.activity.exec.stat,activity_id,Many2one,sgi.process.activity,Actividad,True,,,True,True,True,,cascade,,,,,,,no,,220,26,0,63,addons/quimibond_sgi/models/sgi_exec_stat.py,26
quimibond_sgi,sgi.activity.exec.stat,process_id,Many2one,,Proceso,True,,activity_id.process_id,,True,,,,,,,,,,no,,241,81,3,142,addons/quimibond_sgi/models/sgi_exec_stat.py,29
quimibond_sgi,sgi.activity.exec.stat,period_start,Date,,Semana,True,,,True,True,True,,,,,,,,,sí,Lunes de la semana medida.,18,10,0,5,addons/quimibond_sgi/models/sgi_exec_stat.py,32
quimibond_sgi,sgi.activity.exec.stat,user_id,Many2one,res.users,Usuario,True,,,,True,True,,,,,,,,,no,,199,28,0,94,addons/quimibond_sgi/models/sgi_exec_stat.py,35
quimibond_sgi,sgi.activity.exec.stat,employee_id,Many2one,hr.employee,Empleado,True,,,,,True,,,,,,,,,sí,Empleado del usuario al momento de medir.,145,48,0,51,addons/quimibond_sgi/models/sgi_exec_stat.py,37
quimibond_sgi,sgi.activity.exec.stat,job_id,Many2one,hr.job,Puesto,True,,,,,True,,,,,,,,,sí,Puesto del empleado al momento de medir.,167,51,1,135,addons/quimibond_sgi/models/sgi_exec_stat.py,40
quimibond_sgi,sgi.activity.exec.stat,family_id,Many2one,sgi.job.family,Familia,True,,,,,True,,,,,,,,,no,,45,11,1,10,addons/quimibond_sgi/models/sgi_exec_stat.py,43
quimibond_sgi,sgi.activity.exec.stat,exec_class,Selection,,Clase,True,,,,,True,,,,,,,,SGI_EXEC_CLASSES,sí,"Vacía cuando el ejecutor de la actividad es un rol relativo (solicitante, quien detecta…): no hay contra quién comparar.",5,17,0,2,addons/quimibond_sgi/models/sgi_exec_stat.py,45
quimibond_sgi,sgi.activity.exec.stat,count,Integer,,Ejecuciones,True,,,,,True,,,,,,,,,no,,109,7,0,10,addons/quimibond_sgi/models/sgi_exec_stat.py,49
quimibond_sgi,sgi.activity.exec.stat,company_id,Many2one,,Empresa,True,,activity_id.company_id,,True,,,,,,,,,,no,,207,50,0,19,addons/quimibond_sgi/models/sgi_exec_stat.py,50
quimibond_sgi,documents.document,sgi_ext_issuer,Char,,Emisor,True,,,,,,,,,,,,,,sí,"Quién emite el documento (cliente, norma, autoridad, proveedor).",1,4,0,1,addons/quimibond_sgi/models/sgi_external_doc.py,19
quimibond_sgi,documents.document,sgi_ext_issuer_revision,Char,,Revisión del emisor,True,,,,,,,,,,,,,,sí,Revisión o edición como la trae el emisor.,1,2,0,1,addons/quimibond_sgi/models/sgi_external_doc.py,21
quimibond_sgi,documents.document,sgi_ext_received_date,Date,,Fecha de recepción,True,,,,,,,,,,,,,,no,,5,3,0,3,addons/quimibond_sgi/models/sgi_external_doc.py,23
quimibond_sgi,documents.document,sgi_ext_deadline,Date,,Implantar a más tardar,True,_compute_sgi_ext_deadline,,,,,,,,,,,,,sí,Recepción + 10 días hábiles (parámetro quimibond_sgi.external_doc_days).,8,2,0,2,addons/quimibond_sgi/models/sgi_external_doc.py,24
quimibond_sgi,documents.document,sgi_ext_implemented_date,Date,,Implantado el,True,,,,,,,,,,,,,,sí,Fecha en que el proceso dueño ya lo aplica (y difundió lo que cambia).,3,2,0,1,addons/quimibond_sgi/models/sgi_external_doc.py,27
quimibond_sgi,documents.document,sgi_ext_state,Selection,,Implantación,True,_compute_sgi_ext_state,,,,,,,,,,,,"[('por_implantar', 'Por implantar'), ('vencido', 'Vencido'), ('implantado', 'Implantado')]",no,,3,11,0,4,addons/quimibond_sgi/models/sgi_external_doc.py,30
quimibond_sgi,sgi.fmea,name,Char,,Nombre,True,,,True,,,,,True,,,,,,no,,1116,8842,3,1148,addons/quimibond_sgi/models/sgi_fmea.py,20
quimibond_sgi,sgi.fmea,fmea_type,Selection,,Tipo,True,,,True,,,,,True,sí,,,,"[('proceso', 'Proceso (PFMEA)'), ('diseno', 'Diseño (DFMEA)')]",no,,0,8,0,5,addons/quimibond_sgi/models/sgi_fmea.py,21
quimibond_sgi,sgi.fmea,product_tmpl_id,Many2one,product.template,Producto,True,,,,,,,,,,,,,,no,,20,13,0,25,addons/quimibond_sgi/models/sgi_fmea.py,25
quimibond_sgi,sgi.fmea,process_id,Many2one,sgi.process,Proceso,True,,,,,,,,,,,,,,no,,241,81,3,142,addons/quimibond_sgi/models/sgi_fmea.py,26
quimibond_sgi,sgi.fmea,control_plan_id,Many2one,sgi.control.plan,Plan de control,True,,,,,,,set null,,,,,,,sí,Plan de control que materializa los controles de este AMEF (cadena IATF PFMEA → plan de control).,5,3,0,0,addons/quimibond_sgi/models/sgi_fmea.py,30
quimibond_sgi,sgi.fmea,revision,Char,,Revisión,True,,,,,,,,True,sí,,,,,no,,65,26,0,12,addons/quimibond_sgi/models/sgi_fmea.py,34
quimibond_sgi,sgi.fmea,date,Date,,Fecha,True,,,,,,,,,sí,,,,,no,,193,79,0,587,addons/quimibond_sgi/models/sgi_fmea.py,35
quimibond_sgi,sgi.fmea,team_ids,Many2many,res.users,Equipo AMEF,True,,,,,,,,,,,,,,no,,7,15,0,5,addons/quimibond_sgi/models/sgi_fmea.py,36
quimibond_sgi,sgi.fmea,state,Selection,,Estado,True,,,True,,,,,True,sí,,,,"[('borrador', 'Borrador'), ('vigente', 'Vigente'), ('obsoleto', 'Obsoleto')]",no,,486,472,44,237,addons/quimibond_sgi/models/sgi_fmea.py,37
quimibond_sgi,sgi.fmea,line_ids,One2many,sgi.fmea.line,Modos de falla,n/a,,,,,,,,,,,,,,no,,96,12,0,62,addons/quimibond_sgi/models/sgi_fmea.py,42
quimibond_sgi,sgi.fmea,max_npr,Integer,,NPR máximo,True,_compute_max_npr,,,,,,,,,,,,,no,,1,2,0,1,addons/quimibond_sgi/models/sgi_fmea.py,43
quimibond_sgi,sgi.fmea,sgi_nc_ids,One2many,quality.alert,NCs ligadas,n/a,,,,,,,,,,,,,,no,,7,0,0,2,addons/quimibond_sgi/models/sgi_fmea.py,45
quimibond_sgi,sgi.fmea,sgi_nc_count,Integer,,# NCs ligadas,False,_compute_sgi_nc_count,,,,,,,,,,,,,no,,12,12,0,2,addons/quimibond_sgi/models/sgi_fmea.py,46
quimibond_sgi,sgi.fmea.line,fmea_id,Many2one,sgi.fmea,AMEF,True,,,True,,,,cascade,,,,,,,no,,11,3,0,5,addons/quimibond_sgi/models/sgi_fmea.py,151
quimibond_sgi,sgi.fmea.line,sequence,Integer,,Secuencia,True,,,,,,,,,sí,,,,,no,,104,294,0,19,addons/quimibond_sgi/models/sgi_fmea.py,152
quimibond_sgi,sgi.fmea.line,step,Char,,Paso / Función,True,,,True,,,,,,,,,,,no,,75,8,0,17,addons/quimibond_sgi/models/sgi_fmea.py,153
quimibond_sgi,sgi.fmea.line,failure_mode,Char,,Modo de falla,True,,,,,,,,,,,,,,no,,0,5,0,0,addons/quimibond_sgi/models/sgi_fmea.py,154
quimibond_sgi,sgi.fmea.line,effect,Char,,Efecto,True,,,,,,,,,,,,,,no,,0,5,0,0,addons/quimibond_sgi/models/sgi_fmea.py,155
quimibond_sgi,sgi.fmea.line,severity,Selection,,Severidad (S),True,,,,,,,,,,,,,SCALE_1_10,no,,30,29,0,20,addons/quimibond_sgi/models/sgi_fmea.py,156
quimibond_sgi,sgi.fmea.line,cause,Char,,Causa,True,,,,,,,,,,,,,,no,,12,9,0,2,addons/quimibond_sgi/models/sgi_fmea.py,157
quimibond_sgi,sgi.fmea.line,occurrence,Selection,,Ocurrencia (O),True,,,,,,,,,,,,,SCALE_1_10,no,,3,5,0,5,addons/quimibond_sgi/models/sgi_fmea.py,158
quimibond_sgi,sgi.fmea.line,current_controls,Char,,Controles actuales,True,,,,,,,,,,,,,,no,,0,5,0,0,addons/quimibond_sgi/models/sgi_fmea.py,159
quimibond_sgi,sgi.fmea.line,detection,Selection,,Detección (D),True,,,,,,,,,,,,,SCALE_1_10,no,,3,5,0,5,addons/quimibond_sgi/models/sgi_fmea.py,160
quimibond_sgi,sgi.fmea.line,npr,Integer,,NPR,True,_compute_npr,,,,,,,,,,,,,no,,7,5,0,2,addons/quimibond_sgi/models/sgi_fmea.py,161
quimibond_sgi,sgi.fmea.line,requires_action,Boolean,,Requiere acción,True,_compute_npr,,,,,,,,,,,,,no,,5,5,0,3,addons/quimibond_sgi/models/sgi_fmea.py,162
quimibond_sgi,sgi.fmea.line,action_line_ids,One2many,sgi.action.line,Acciones,n/a,,,,,,,,,,,,,,no,,21,9,0,1,addons/quimibond_sgi/models/sgi_fmea.py,163
quimibond_sgi,sgi.fmea.line,severity_post,Selection,,Severidad post,True,,,,,,,,,,,,,SCALE_1_10,no,,3,1,0,4,addons/quimibond_sgi/models/sgi_fmea.py,166
quimibond_sgi,sgi.fmea.line,occurrence_post,Selection,,Ocurrencia post,True,,,,,,,,,,,,,SCALE_1_10,no,,3,1,0,5,addons/quimibond_sgi/models/sgi_fmea.py,167
quimibond_sgi,sgi.fmea.line,detection_post,Selection,,Detección post,True,,,,,,,,,,,,,SCALE_1_10,no,,3,1,0,4,addons/quimibond_sgi/models/sgi_fmea.py,168
quimibond_sgi,sgi.fmea.line,npr_post,Integer,,NPR post,True,_compute_npr_post,,,,,,,,,,,,,no,,4,7,0,0,addons/quimibond_sgi/models/sgi_fmea.py,169
quimibond_sgi,sgi.fmea.line,post_note,Char,,Justificación NPR post,True,,,,,,,,,,,,,,sí,Obligatoria para marcar el AMEF vigente cuando el NPR post de un modo de falla con NPR alto no baja respecto al inicial (p. ej. la severidad no puede reducirse por diseño).,1,1,0,1,addons/quimibond_sgi/models/sgi_fmea.py,170
quimibond_sgi,sgi.format.map,model_id,Many2one,ir.model,Modelo de Odoo,True,,,True,,,,cascade,,,,,,,sí,El documento de Odoo que sustituye al formato en Excel.,22,101,0,12,addons/quimibond_sgi/models/sgi_format_map.py,24
quimibond_sgi,sgi.format.map,model_name,Char,,Modelo técnico,True,,model_id.model,,,,,,,,,,,,no,,44,0,0,3,addons/quimibond_sgi/models/sgi_format_map.py,27
quimibond_sgi,sgi.format.map,sgi_code,Char,,Clave SGI,True,,,True,,,,,,,,,,,sí,Clave del formato controlado (ej. F-P-A28-04).,130,48,0,82,addons/quimibond_sgi/models/sgi_format_map.py,28
quimibond_sgi,sgi.format.map,sgi_code_alt,Char,,Clave alternativa,True,,,,,,,,,,,,,,sí,Clave que aplica cuando el registro está confirmado (solo ventas: cotización vs pedido). Vacío = siempre la clave principal.,5,4,0,1,addons/quimibond_sgi/models/sgi_format_map.py,30
quimibond_sgi,sgi.format.map,active,Boolean,,,True,,,,,,,,,sí,,,,,no,,148,78,4,48,addons/quimibond_sgi/models/sgi_format_map.py,34
quimibond_sgi,sgi.format.map,note,Char,,Nota,True,,,,,,,,,,,,,,no,,70,30,0,9,addons/quimibond_sgi/models/sgi_format_map.py,35
quimibond_sgi,sgi.format.mixin,sgi_format_banner,Char,,Formato SGI,False,_compute_sgi_format_banner,,,,,,,,,,,,,no,,1,17,0,8,addons/quimibond_sgi/models/sgi_format_map.py,654
quimibond_sgi,sgi.process.activity,flow_parent_id,Many2one,sgi.process.activity,Paso anterior,True,_compute_flow_parent_id,,,True,,,set null,,,,,,,sí,El paso del mismo proceso que entrega a esta actividad (el primero en la secuencia). Es lo que dibuja el diagrama; se calcula de los eslabones «Recibe de».,2,1,0,4,addons/quimibond_sgi/models/sgi_hierarchy.py,19
quimibond_sgi,sgi.process.activity,flow_child_ids,One2many,sgi.process.activity,Pasos siguientes (diagrama),n/a,,,,,,,,,,,,,,no,,2,1,0,1,addons/quimibond_sgi/models/sgi_hierarchy.py,25
quimibond_sgi,sgi.process.activity,flow_child_count,Integer,,Siguientes,False,_compute_flow_child_count,,,,,,,,,,,,,no,,1,1,0,1,addons/quimibond_sgi/models/sgi_hierarchy.py,27
quimibond_sgi,sgi.process.activity,flow_executor,Char,,Quién ejecuta,False,_compute_flow_executor,,,,,,,,,,,,,no,,1,3,0,0,addons/quimibond_sgi/models/sgi_hierarchy.py,28
quimibond_sgi,sgi.process,child_count,Integer,,Núm. de subprocesos,False,_compute_child_count,,,,,,,,,,,,,no,,1,1,0,1,addons/quimibond_sgi/models/sgi_hierarchy.py,55
quimibond_sgi,sgi.health.record,employee_id,Many2one,hr.employee,Trabajador,True,,,True,True,,,,True,,,,,,no,,145,48,0,51,addons/quimibond_sgi/models/sgi_hse_records.py,35
quimibond_sgi,sgi.health.record,department_id,Many2one,,Departamento,True,,employee_id.department_id,,,,,,,,,,,,no,,34,49,0,13,addons/quimibond_sgi/models/sgi_hse_records.py,36
quimibond_sgi,sgi.health.record,job_id,Many2one,,Puesto,True,,employee_id.job_id,,,,,,,,,,,,no,,167,51,1,135,addons/quimibond_sgi/models/sgi_hse_records.py,37
quimibond_sgi,sgi.health.record,kind,Selection,,Tipo,True,,,True,,,,,True,sí,,,,_HEALTH_KINDS,no,,137,74,22,39,addons/quimibond_sgi/models/sgi_hse_records.py,38
quimibond_sgi,sgi.health.record,name,Char,,Estudio o examen,True,,,True,,,,,True,,,,,,sí,"Audiometría, espirometría, examen de ingreso, ruido (NOM-011), iluminación (NOM-025)…",1116,8842,3,1148,addons/quimibond_sgi/models/sgi_hse_records.py,39
quimibond_sgi,sgi.health.record,date,Date,,Fecha,True,,,True,,,,,True,sí,,,,,no,,193,79,0,587,addons/quimibond_sgi/models/sgi_hse_records.py,41
quimibond_sgi,sgi.health.record,validity_months,Integer,,Vigencia (meses),True,,,,,,,,,sí,,,,,no,,3,1,0,2,addons/quimibond_sgi/models/sgi_hse_records.py,42
quimibond_sgi,sgi.health.record,next_date,Date,,Vence,True,_compute_next_date,,,,False,,,True,,,,,,sí,Fecha + vigencia; se puede corregir a mano.,24,10,0,7,addons/quimibond_sgi/models/sgi_hse_records.py,43
quimibond_sgi,sgi.health.record,result,Selection,,Resultado,True,,,,,,,,True,,,,,_HEALTH_RESULTS,no,,118,34,0,135,addons/quimibond_sgi/models/sgi_hse_records.py,45
quimibond_sgi,sgi.health.record,provider_id,Many2one,res.partner,Laboratorio / médico,True,,,,,,,,,,,,,,no,,1,6,0,0,addons/quimibond_sgi/models/sgi_hse_records.py,46
quimibond_sgi,sgi.health.record,notes,Text,,Observaciones y restricciones,True,,,,,,,,,,,,,,no,,8,13,0,0,addons/quimibond_sgi/models/sgi_hse_records.py,47
quimibond_sgi,sgi.health.record,attachment_ids,Many2many,ir.attachment,Resultados (PDF),True,,,,,,,,,,,,,,no,,19,3,0,2,addons/quimibond_sgi/models/sgi_hse_records.py,48
quimibond_sgi,sgi.health.record,state,Selection,,Vigencia,True,_compute_state,,,,,,,,,,,,"[('vigente', 'Vigente'), ('por_vencer', 'Por vencer (30 días)'), ('vencido', 'Vencido')]",no,,486,472,44,237,addons/quimibond_sgi/models/sgi_hse_records.py,49
quimibond_sgi,sgi.health.record,company_id,Many2one,res.company,,True,,,True,,,,,,sí,,,,,no,,207,50,0,19,addons/quimibond_sgi/models/sgi_hse_records.py,54
quimibond_sgi,hr.employee,sgi_health_record_ids,One2many,sgi.health.record,Estudios y exámenes,n/a,,,,,,"hr.group_hr_user,quimibond_sgi.group_sgi_manager",,,,,,,,no,,0,1,0,0,addons/quimibond_sgi/models/sgi_hse_records.py,100
quimibond_sgi,sgi.csh.inspection,name,Char,,Folio,True,,,,,True,,,,sí,,,,,no,,1116,8842,3,1148,addons/quimibond_sgi/models/sgi_hse_records.py,122
quimibond_sgi,sgi.csh.inspection,date,Date,,Fecha del recorrido,True,,,True,,,,,True,sí,,,,,no,,193,79,0,587,addons/quimibond_sgi/models/sgi_hse_records.py,123
quimibond_sgi,sgi.csh.inspection,area,Char,,Áreas recorridas,True,,,,,,,,,,,,,,no,,28,20,0,2,addons/quimibond_sgi/models/sgi_hse_records.py,125
quimibond_sgi,sgi.csh.inspection,department_ids,Many2many,hr.department,Departamentos,True,,,,,,,,,,,,,,no,,2,6,0,3,addons/quimibond_sgi/models/sgi_hse_records.py,126
quimibond_sgi,sgi.csh.inspection,participant_ids,Many2many,hr.employee,Integrantes de la Comisión,True,,,,,,,,,,,,,,no,,0,1,0,0,addons/quimibond_sgi/models/sgi_hse_records.py,127
quimibond_sgi,sgi.csh.inspection,notes,Text,,Acta / observaciones generales,True,,,,,,,,,,,,,,no,,8,13,0,0,addons/quimibond_sgi/models/sgi_hse_records.py,128
quimibond_sgi,sgi.csh.inspection,attachment_ids,Many2many,ir.attachment,Acta firmada (PDF) y fotos,True,,,,,,,,,,,,,,no,,19,3,0,2,addons/quimibond_sgi/models/sgi_hse_records.py,129
quimibond_sgi,sgi.csh.inspection,finding_ids,One2many,sgi.csh.finding,Hallazgos,n/a,,,,,,,,,,,,,,no,,11,4,0,6,addons/quimibond_sgi/models/sgi_hse_records.py,130
quimibond_sgi,sgi.csh.inspection,finding_count,Integer,,Número de hallazgos,False,_compute_counts,,,,,,,,,,,,,no,,3,3,0,0,addons/quimibond_sgi/models/sgi_hse_records.py,131
quimibond_sgi,sgi.csh.inspection,nc_count,Integer,,NC,False,_compute_counts,,,,,,,,,,,,,no,,17,13,0,2,addons/quimibond_sgi/models/sgi_hse_records.py,132
quimibond_sgi,sgi.csh.inspection,state,Selection,,Estado,True,,,,,,,,True,sí,,,,"[('borrador', 'En captura'), ('cerrado', 'Cerrado')]",no,,486,472,44,237,addons/quimibond_sgi/models/sgi_hse_records.py,133
quimibond_sgi,sgi.csh.inspection,company_id,Many2one,res.company,,True,,,True,,,,,,sí,,,,,no,,207,50,0,19,addons/quimibond_sgi/models/sgi_hse_records.py,137
quimibond_sgi,sgi.csh.finding,inspection_id,Many2one,sgi.csh.inspection,,True,,,True,True,,,cascade,,,,,,,no,,3,0,0,0,addons/quimibond_sgi/models/sgi_hse_records.py,180
quimibond_sgi,sgi.csh.finding,sequence,Integer,,,True,,,,,,,,,sí,,,,,no,,104,294,0,19,addons/quimibond_sgi/models/sgi_hse_records.py,181
quimibond_sgi,sgi.csh.finding,description,Text,,Condición o acto inseguro,True,,,True,,,,,,,,,,,no,,32,38,0,18,addons/quimibond_sgi/models/sgi_hse_records.py,182
quimibond_sgi,sgi.csh.finding,location,Char,,Lugar,True,,,,,,,,,,,,,,no,,20,6,0,17,addons/quimibond_sgi/models/sgi_hse_records.py,183
quimibond_sgi,sgi.csh.finding,severity,Selection,,Riesgo,True,,,,,,,,,sí,,,,"[('alta', 'Alta'), ('media', 'Media'), ('baja', 'Baja')]",no,,30,29,0,20,addons/quimibond_sgi/models/sgi_hse_records.py,184
quimibond_sgi,sgi.csh.finding,responsible_id,Many2one,res.users,Responsable,True,,,,,,,,,,,,,,no,,62,43,0,67,addons/quimibond_sgi/models/sgi_hse_records.py,187
quimibond_sgi,sgi.csh.finding,disposition,Selection,,Qué se hizo,True,,,,,,,,,,,,,"[('corregido', 'Corregido en el momento'), ('nc', 'Genera no conformidad'), ('sin_accion', 'Sin acción')]",no,,9,7,0,5,addons/quimibond_sgi/models/sgi_hse_records.py,188
quimibond_sgi,sgi.csh.finding,justification,Char,,Motivo (sin acción),True,,,,,,,,,,,,,,no,,3,1,0,0,addons/quimibond_sgi/models/sgi_hse_records.py,193
quimibond_sgi,sgi.csh.finding,alert_id,Many2one,quality.alert,No conformidad,True,,,,,True,,,,,,,,,no,,62,18,0,58,addons/quimibond_sgi/models/sgi_hse_records.py,194
quimibond_sgi,project.project,sgi_is_improvement,Boolean,,Proyecto de mejora SGI,True,,,,,,,,,,,,,,no,,3,5,0,0,addons/quimibond_sgi/models/sgi_improvement.py,9
quimibond_sgi,project.task.type,sgi_is_done_stage,Boolean,,Etapa de cierre (Mejora SGI),True,,,,,,,,,,,,,,no,,1,2,0,0,addons/quimibond_sgi/models/sgi_improvement.py,15
quimibond_sgi,project.task,sgi_is_improvement,Boolean,,,True,,project_id.sgi_is_improvement,,,,,,,,,,,,no,,3,5,0,0,addons/quimibond_sgi/models/sgi_improvement.py,21
quimibond_sgi,project.task,sgi_improvement_type,Selection,,Tipo de mejora,True,,,,,,,,,,,,,"[('ambiental', 'Ambiental'), ('proceso', 'Proceso'), ('recurso', 'Recurso'), ('otros', 'Otros')]",no,,0,1,0,0,addons/quimibond_sgi/models/sgi_improvement.py,22
quimibond_sgi,project.task,sgi_area_id,Many2one,sgi.area,Área SGI,True,,,,,,,,,,,,,,no,,6,51,0,0,addons/quimibond_sgi/models/sgi_improvement.py,28
quimibond_sgi,project.task,sgi_process_id,Many2one,sgi.process,Proceso SGI,True,,,,,,,,,,,,,,no,,81,19,0,43,addons/quimibond_sgi/models/sgi_improvement.py,29
quimibond_sgi,quality.alert,sgi_incident_id,Many2one,sgi.incident,Incidente SST de origen,True,,,,,True,,,,,,,,,no,,1,2,0,3,addons/quimibond_sgi/models/sgi_incident.py,9
quimibond_sgi,sgi.incident,name,Char,,Título,True,,,True,,,,,True,,,,,,no,,1116,8842,3,1148,addons/quimibond_sgi/models/sgi_incident.py,26
quimibond_sgi,sgi.incident,date,Datetime,,Fecha y hora,True,,,True,,,,,True,sí,,,,,no,,193,79,0,587,addons/quimibond_sgi/models/sgi_incident.py,27
quimibond_sgi,sgi.incident,incident_type,Selection,,Tipo,True,,,True,,,,,True,sí,,,,"[('lesion', 'Lesión / accidente'), ('casi_accidente', 'Casi accidente'), ('dano_propiedad', 'Daño a la propiedad'), ('a…",no,,0,8,0,5,addons/quimibond_sgi/models/sgi_incident.py,29
quimibond_sgi,sgi.incident,severity,Selection,,Severidad,True,,,True,,,,,True,sí,,,,"[('leve', 'Leve'), ('moderado', 'Moderado'), ('grave', 'Grave'), ('fatal', 'Fatal')]",no,,30,29,0,20,addons/quimibond_sgi/models/sgi_incident.py,36
quimibond_sgi,sgi.incident,employee_ids,Many2many,hr.employee,Personas afectadas,True,,,,,,,,,,,,,,no,,5,12,0,7,addons/quimibond_sgi/models/sgi_incident.py,42
quimibond_sgi,sgi.incident,reporter_id,Many2one,res.users,Reportado por,True,,,,,,,,True,sí,,,,,no,,0,2,0,0,addons/quimibond_sgi/models/sgi_incident.py,43
quimibond_sgi,sgi.incident,location,Char,,Lugar,True,,,,,,,,,,,,,,no,,20,6,0,17,addons/quimibond_sgi/models/sgi_incident.py,45
quimibond_sgi,sgi.incident,process_id,Many2one,sgi.process,Proceso,True,,,,,,,,,,,,,,no,,241,81,3,142,addons/quimibond_sgi/models/sgi_incident.py,46
quimibond_sgi,sgi.incident,sgi_area_id,Many2one,sgi.area,Área SGI,True,,,,,,,,,,,,,,no,,6,51,0,0,addons/quimibond_sgi/models/sgi_incident.py,47
quimibond_sgi,sgi.incident,description,Text,,Descripción del evento,True,,,,,,,,,,,,,,no,,32,38,0,18,addons/quimibond_sgi/models/sgi_incident.py,48
quimibond_sgi,sgi.incident,days_lost,Integer,,Días perdidos,True,,,,,,,,,,,,,,no,,0,3,0,0,addons/quimibond_sgi/models/sgi_incident.py,49
quimibond_sgi,sgi.incident,immediate_causes,Text,,Causas inmediatas (actos/condiciones),True,,,,,,,,,,,,,,no,,1,3,0,5,addons/quimibond_sgi/models/sgi_incident.py,52
quimibond_sgi,sgi.incident,basic_causes,Text,,Causas básicas (factores personales/de trabajo),True,,,,,,,,,,,,,,no,,1,3,0,5,addons/quimibond_sgi/models/sgi_incident.py,53
quimibond_sgi,sgi.incident,lack_of_control,Text,,Falta de control (sistema de gestión),True,,,,,,,,,,,,,,no,,1,3,0,5,addons/quimibond_sgi/models/sgi_incident.py,54
quimibond_sgi,sgi.incident,risk_id,Many2one,sgi.risk,Riesgo / IPER relacionado,True,,,,,,,,,,,,,,no,,21,4,0,18,addons/quimibond_sgi/models/sgi_incident.py,56
quimibond_sgi,sgi.incident,action_line_ids,One2many,sgi.action.line,Acciones,n/a,,,,,,,,,,,,,,no,,21,9,0,1,addons/quimibond_sgi/models/sgi_incident.py,58
quimibond_sgi,sgi.incident,sgi_alert_id,Many2one,quality.alert,No Conformidad generada,True,,,,,True,,,,,,,,,no,,15,8,0,24,addons/quimibond_sgi/models/sgi_incident.py,59
quimibond_sgi,sgi.incident,state,Selection,,Estado,True,,,True,,,,,True,sí,,,,"[('reportado', 'Reportado'), ('investigacion', 'En investigación'), ('acciones', 'Acciones'), ('cerrado', 'Cerrado')]",no,,486,472,44,237,addons/quimibond_sgi/models/sgi_incident.py,62
quimibond_sgi,sgi.indicator,code,Char,,Clave,True,,,True,True,,,,,,,,,,no,,593,355,0,336,addons/quimibond_sgi/models/sgi_indicator.py,69
quimibond_sgi,sgi.indicator,name,Char,,Nombre,True,,,True,,,,,,,,,,,no,,1116,8842,3,1148,addons/quimibond_sgi/models/sgi_indicator.py,70
quimibond_sgi,sgi.indicator,process_id,Many2one,sgi.process,Proceso,True,,,,,,,,,,,,,,no,,241,81,3,142,addons/quimibond_sgi/models/sgi_indicator.py,71
quimibond_sgi,sgi.indicator,sgi_process_active,Boolean,,Proceso vigente,True,,process_id.active,,,,,,,,,,,,sí,"El proceso al que pertenece está activo. Sin proceso o con el proceso archivado, queda pendiente de proceso nuevo.",6,4,0,3,addons/quimibond_sgi/models/sgi_indicator.py,74
quimibond_sgi,sgi.indicator,sgi_area_id,Many2one,sgi.area,Área SGI,True,,,,,,,,,,,,,,no,,6,51,0,0,addons/quimibond_sgi/models/sgi_indicator.py,78
quimibond_sgi,sgi.indicator,responsible_id,Many2one,res.users,Responsable,True,,,,,,,,,,,,,,no,,62,43,0,67,addons/quimibond_sgi/models/sgi_indicator.py,79
quimibond_sgi,sgi.indicator,objective_id,Many2one,sgi.objective,Objetivo integral,True,,,,,,,,,,,,,,no,,21,22,0,9,addons/quimibond_sgi/models/sgi_indicator.py,80
quimibond_sgi,sgi.indicator,uom,Char,,Unidad,True,,,,,,,,,,,,,,sí,"% , MXN, unidades, kg, m…",49,60,0,64,addons/quimibond_sgi/models/sgi_indicator.py,81
quimibond_sgi,sgi.indicator,direction,Selection,,Sentido,True,,,True,,,,,,sí,,,,"[('higher_better', 'Más alto es mejor'), ('lower_better', 'Más bajo es mejor')]",no,,39,63,0,24,addons/quimibond_sgi/models/sgi_indicator.py,82
quimibond_sgi,sgi.indicator,target_objective,Float,,Objetivo,True,,,,,,,,,,,,,,no,,27,51,0,23,addons/quimibond_sgi/models/sgi_indicator.py,86
quimibond_sgi,sgi.indicator,target_acceptable,Float,,Aceptable,True,,,,,,,,,,,,,,no,,18,49,0,17,addons/quimibond_sgi/models/sgi_indicator.py,87
quimibond_sgi,sgi.indicator,frequency,Selection,,Frecuencia,True,,,True,,,,,,sí,,,,"[('monthly', 'Mensual'), ('weekly', 'Semanal')]",no,,18,48,0,17,addons/quimibond_sgi/models/sgi_indicator.py,88
quimibond_sgi,sgi.indicator,calc_mode,Selection,,Modo de cálculo,True,,,True,,,,,,sí,,,,CALC_MODES,no,,37,57,0,80,addons/quimibond_sgi/models/sgi_indicator.py,92
quimibond_sgi,sgi.indicator,formula,Text,,Fórmula,True,,,,,,,,,,,,,,sí,"Cómo se calcula, en palabras: «Entregas completas en la fecha compromiso ÷ entregas del mes». Sale en el procedimiento impreso.",3,5,0,6,addons/quimibond_sgi/models/sgi_indicator.py,94
quimibond_sgi,sgi.indicator,source,Text,,De dónde sale el dato,True,,,,,,,,,,,,,,sí,Qué registros o documentos alimentan la fórmula: «Fecha compromiso del pedido contra fecha de la orden de entrega».,43,18,0,48,addons/quimibond_sgi/models/sgi_indicator.py,98
quimibond_sgi,sgi.indicator,source_type,Selection,,Origen del dato,True,_compute_source,,,,,,,,,,,,"[('auto', 'Automático'), ('manual', 'Manual')]",no,,5,15,0,1,addons/quimibond_sgi/models/sgi_indicator.py,102
quimibond_sgi,sgi.indicator,source_info,Char,,Fuente del dato,True,_compute_source,,,,,,,,,,,,,no,,3,5,0,2,addons/quimibond_sgi/models/sgi_indicator.py,106
quimibond_sgi,sgi.indicator,monthly_budget,Float,,Presupuesto mensual,True,,,,,,,,,,,,,,sí,Meta mensual para el cálculo de presupuesto de ventas.,2,1,0,0,addons/quimibond_sgi/models/sgi_indicator.py,176
quimibond_sgi,sgi.indicator,nc_on_red,Boolean,,NC automática,True,,,,,,,,,sí,,,,,sí,"Con el indicador oficial, abre una no conformidad por persistencia (I-5): dos periodos seguidos en rojo, o uno solo si el indicador es crítico. Nunca con muestra chica ni sin dato, y no duplica la NC…",5,7,0,7,addons/quimibond_sgi/models/sgi_indicator.py,178
quimibond_sgi,sgi.indicator,active,Boolean,,,True,,,,,,,,,sí,,,,,no,,148,78,4,48,addons/quimibond_sgi/models/sgi_indicator.py,184
quimibond_sgi,sgi.indicator,measure_ids,One2many,sgi.indicator.measure,Mediciones,n/a,,,,,,,,,,,,,,no,,9,1,0,0,addons/quimibond_sgi/models/sgi_indicator.py,186
quimibond_sgi,sgi.indicator,last_measure_id,Many2one,sgi.indicator.measure,Última medición,True,_compute_last_measure,,,,,,,,,,,,,no,,1,0,0,0,addons/quimibond_sgi/models/sgi_indicator.py,188
quimibond_sgi,sgi.indicator,last_value,Float,,Último valor,True,_compute_last_measure,,,,,,,,,,,,,no,,4,3,0,1,addons/quimibond_sgi/models/sgi_indicator.py,190
quimibond_sgi,sgi.indicator,last_semaphore,Selection,,Último semáforo,True,_compute_last_measure,,,,,,,,,,,,"[('verde', 'Verde'), ('amarillo', 'Amarillo'), ('rojo', 'Rojo')]",no,,6,16,0,3,addons/quimibond_sgi/models/sgi_indicator.py,191
quimibond_sgi,sgi.indicator.measure,indicator_id,Many2one,sgi.indicator,Indicador,True,,,True,True,,,cascade,,,,,,,no,,127,31,0,59,addons/quimibond_sgi/models/sgi_indicator.py,1043
quimibond_sgi,sgi.indicator.measure,source_type,Selection,,Origen del dato,False,,indicator_id.source_type,,,,,,,,,,,,no,,5,15,0,1,addons/quimibond_sgi/models/sgi_indicator.py,1045
quimibond_sgi,sgi.indicator.measure,source_info,Char,,Fuente del dato,False,,indicator_id.source_info,,,,,,,,,,,,no,,3,5,0,2,addons/quimibond_sgi/models/sgi_indicator.py,1047
quimibond_sgi,sgi.indicator.measure,period_date,Date,,Periodo,True,,,True,,,,,,,,,,,sí,Día 1 del mes medido.,92,19,0,62,addons/quimibond_sgi/models/sgi_indicator.py,1049
quimibond_sgi,sgi.indicator.measure,value,Float,,Valor,True,,,,,,,,,,,,,,no,,300,153,4,137,addons/quimibond_sgi/models/sgi_indicator.py,1051
quimibond_sgi,sgi.indicator.measure,direction,Selection,,,False,,indicator_id.direction,,,,,,,,,,,,no,,39,63,0,24,addons/quimibond_sgi/models/sgi_indicator.py,1052
quimibond_sgi,sgi.indicator.measure,target_objective,Float,,Objetivo,False,,indicator_id.target_objective,,,,,,,,,,,,no,,27,51,0,23,addons/quimibond_sgi/models/sgi_indicator.py,1053
quimibond_sgi,sgi.indicator.measure,target_acceptable,Float,,Aceptable,False,,indicator_id.target_acceptable,,,,,,,,,,,,no,,18,49,0,17,addons/quimibond_sgi/models/sgi_indicator.py,1054
quimibond_sgi,sgi.indicator.measure,uom,Char,,Unidad,False,,indicator_id.uom,,,,,,,,,,,,no,,49,60,0,64,addons/quimibond_sgi/models/sgi_indicator.py,1055
quimibond_sgi,sgi.indicator.measure,semaphore,Selection,,Semáforo,True,_compute_semaphore,,,,,,,,,,,,"[('verde', 'Verde'), ('amarillo', 'Amarillo'), ('rojo', 'Rojo')]",no,,37,37,0,22,addons/quimibond_sgi/models/sgi_indicator.py,1056
quimibond_sgi,sgi.indicator.measure,note,Text,,Nota,True,,,,,,,,,,,,,,no,,70,30,0,9,addons/quimibond_sgi/models/sgi_indicator.py,1061
quimibond_sgi,sgi.indicator.measure,state,Selection,,Estado,True,,,True,,,,,,sí,,,,"[('pendiente', 'Pendiente'), ('capturado', 'Capturado'), ('validado', 'Validado')]",no,,486,472,44,237,addons/quimibond_sgi/models/sgi_indicator.py,1062
quimibond_sgi,sgi.indicator.measure,alert_id,Many2one,quality.alert,No Conformidad,True,,,,,True,,,,,,,,,no,,62,18,0,58,addons/quimibond_sgi/models/sgi_indicator.py,1067
quimibond_sgi,sgi.indicator.measure,sgi_nc_suppressed,Boolean,,NC omitida (fuente apagada),True,,,,,True,,,,,,,,,sí,La medición ameritaba NC pero la fuente «Indicador en semáforo rojo» estaba desactivada. Se reintenta sola en cuanto se reactive.,4,0,0,0,addons/quimibond_sgi/models/sgi_indicator.py,1068
quimibond_sgi,quality.alert,sgi_indicator_measure_id,Many2one,sgi.indicator.measure,Medición de indicador,True,,,,,True,,,,,,,,,no,,2,0,0,2,addons/quimibond_sgi/models/sgi_indicator.py,1454
quimibond_sgi,sgi.indicator,status,Selection,,Estado del indicador,True,,,True,,,,,True,sí,,,,"[('prueba', 'En prueba'), ('oficial', 'Oficial')]",sí,Nace en prueba. El dueño revisa una vez la lista de registros de una medición contra la realidad y lo pasa a oficial. Solo los oficiales pueden abrir una no conformidad.,45,20,0,34,addons/quimibond_sgi/models/sgi_indicator_detail.py,38
quimibond_sgi,sgi.indicator,measure_from,Date,,Medir desde,True,,,,,,,,True,,,,,,sí,Fecha desde la que hay dato confiable (el proceso entra a piloto o existe el campo que lo alimenta). Antes de ella no se crea medición.,5,1,0,3,addons/quimibond_sgi/models/sgi_indicator_detail.py,45
quimibond_sgi,sgi.indicator,critical,Boolean,,Crítico,True,,,,,,,,True,sí,,,,,sí,"Un solo periodo en rojo abre la NC (I-5). Sin marcar, hacen falta dos periodos seguidos en rojo.",2,2,0,3,addons/quimibond_sgi/models/sgi_indicator_detail.py,50
quimibond_sgi,sgi.indicator,calc_status,Selection,,Último cálculo,True,,,,True,True,,,,,,,,"[('ok', 'Calcula'), ('manual', 'Manual (se captura)'), ('antes', 'Antes de «medir desde»'), ('sin_formula', 'Sin fórmul…",no,,3,7,0,3,addons/quimibond_sgi/models/sgi_indicator_detail.py,57
quimibond_sgi,sgi.indicator,calc_message,Char,,Motivo,True,,,,,True,,,,,,,,,no,,1,1,0,1,addons/quimibond_sgi/models/sgi_indicator_detail.py,65
quimibond_sgi,sgi.indicator,calc_checked,Datetime,,Revisado el,True,,,,,True,,,,,,,,,no,,1,1,0,0,addons/quimibond_sgi/models/sgi_indicator_detail.py,66
quimibond_sgi,sgi.indicator.measure,state,Selection,,,True,,,,,,,{'sin_dato': 'set default'},,,,,,,no,,486,472,44,237,addons/quimibond_sgi/models/sgi_indicator_detail.py,284
quimibond_sgi,sgi.indicator.measure,numerator,Float,,Numerador,True,,,,,,,,,,,,,,no,,41,11,0,54,addons/quimibond_sgi/models/sgi_indicator_detail.py,286
quimibond_sgi,sgi.indicator.measure,denominator,Float,,Denominador,True,,,,,,,,,,,,,,no,,39,11,0,33,addons/quimibond_sgi/models/sgi_indicator_detail.py,287
quimibond_sgi,sgi.indicator.measure,sample_size,Integer,,Casos,True,,,,,,,,,,,,,,sí,Registros que forman la medición.,11,5,0,2,addons/quimibond_sgi/models/sgi_indicator_detail.py,288
quimibond_sgi,sgi.indicator.measure,small_sample,Boolean,,Muestra chica,True,_compute_small_sample,,,,,,,,,,,,,sí,"Menos casos que el mínimo (quimibond_sgi.indicator_min_sample): se mide, pero no abre NC.",5,6,0,2,addons/quimibond_sgi/models/sgi_indicator_detail.py,289
quimibond_sgi,sgi.indicator.measure,detail_model,Char,,Modelo de los registros,True,,,,,,,,,,,,,,no,,13,0,0,1,addons/quimibond_sgi/models/sgi_indicator_detail.py,293
quimibond_sgi,sgi.indicator.measure,detail_ids,Text,,Ids de los registros,True,,,,,,,,,,,,,,no,,12,4,0,0,addons/quimibond_sgi/models/sgi_indicator_detail.py,294
quimibond_sgi,sgi.indicator.measure,detail_count,Integer,,Registros,False,_compute_detail_count,,,,,,,,,,,,,no,,2,6,0,0,addons/quimibond_sgi/models/sgi_indicator_detail.py,295
quimibond_sgi,sgi.indicator.measure,value_is_pct,Boolean,,,False,_compute_value_is_pct,,,,,,,,,,,,,no,,2,0,0,0,addons/quimibond_sgi/models/sgi_indicator_detail.py,296
quimibond_sgi,sgi.indicator.measure,indicator_status,Selection,,Estado del indicador,False,,indicator_id.status,,,,,,,,,,,,no,,0,4,0,0,addons/quimibond_sgi/models/sgi_indicator_detail.py,297
quimibond_sgi,sgi.indicator.term,indicator_id,Many2one,sgi.indicator,,True,,,True,True,,,cascade,,,,,,,no,,127,31,0,59,addons/quimibond_sgi/models/sgi_indicator_formula.py,82
quimibond_sgi,sgi.indicator.term,role,Selection,,Parte de la fórmula,True,,,True,,,,,,sí,,,,"[('numerator', 'Numerador'), ('denominator', 'Denominador')]",no,,400,120,1,184,addons/quimibond_sgi/models/sgi_indicator_formula.py,83
quimibond_sgi,sgi.indicator.term,model_id,Many2one,ir.model,Modelo,True,,,True,,,,cascade,,,,,,,no,,22,101,0,12,addons/quimibond_sgi/models/sgi_indicator_formula.py,85
quimibond_sgi,sgi.indicator.term,model_name,Char,,Modelo técnico,False,,model_id.model,,,,,,,,,,,,no,,44,0,0,3,addons/quimibond_sgi/models/sgi_indicator_formula.py,86
quimibond_sgi,sgi.indicator.term,domain,Text,,Filtro,True,,,True,,,,,,sí,,,,,sí,"Dominio de Odoo, p. ej. [('state', '=', 'done')].",264,244,1,67,addons/quimibond_sgi/models/sgi_indicator_formula.py,87
quimibond_sgi,sgi.indicator.term,date_field,Char,,Campo de fecha,True,,,,,,,,,sí,,,,,sí,Campo de fecha o fecha-hora del modelo sobre el que se recorta la ventana. Vacío solo con ventana «Acumulado al cierre»: entonces cuenta todo lo que hay hoy (p. ej. las existencias).,53,11,0,15,addons/quimibond_sgi/models/sgi_indicator_formula.py,89
quimibond_sgi,sgi.indicator.term,aggregation,Selection,,Agregación,True,,,True,,,,,,sí,,,,AGGREGATIONS,no,,14,18,0,18,addons/quimibond_sgi/models/sgi_indicator_formula.py,94
quimibond_sgi,sgi.indicator.term,field_name,Char,,Campo a sumar / fecha A,True,,,,,,,,,,,,,,sí,"Campo numérico a sumar; en las agregaciones de fechas, la fecha A (inicio).",27,11,0,12,addons/quimibond_sgi/models/sgi_indicator_formula.py,95
quimibond_sgi,sgi.indicator.term,field_name_2,Char,,Fecha B (fin),True,,,,,,,,,,,,,,sí,Segunda fecha del registro para las agregaciones «B − A».,5,1,0,4,addons/quimibond_sgi/models/sgi_indicator_formula.py,97
quimibond_sgi,sgi.indicator.term,delta_unit,Selection,,Unidad,True,,,,,,,,,sí,,,,DELTA_UNITS,no,,13,3,0,6,addons/quimibond_sgi/models/sgi_indicator_formula.py,99
quimibond_sgi,sgi.indicator.term,delta_op,Selection,,Condición,True,,,,,,,,,sí,,,,DELTA_OPS,no,,4,1,0,3,addons/quimibond_sgi/models/sgi_indicator_formula.py,100
quimibond_sgi,sgi.indicator.term,delta_value,Float,,N,True,,,,,,,,,,,,,,sí,"Días, horas o el día del mes siguiente, según la unidad.",7,1,0,5,addons/quimibond_sgi/models/sgi_indicator_formula.py,101
quimibond_sgi,sgi.indicator.term,factor,Float,,Factor,True,,,,,,,,,sí,,,,,sí,"Multiplica el resultado: −1 invierte el signo, 0.001 pasa kg a toneladas.",19,5,0,14,addons/quimibond_sgi/models/sgi_indicator_formula.py,103
quimibond_sgi,sgi.indicator.term,window,Selection,,Ventana,True,,,True,,,,,,sí,,,,WINDOWS,no,,12,12,7,9,addons/quimibond_sgi/models/sgi_indicator_formula.py,106
quimibond_sgi,sgi.indicator,term_ids,One2many,sgi.indicator.term,Términos de la fórmula,n/a,,,,,,,,,,,,,,no,,21,2,0,1,addons/quimibond_sgi/models/sgi_indicator_formula.py,341
quimibond_sgi,sgi.indicator,has_formula,Boolean,,,False,_compute_has_formula,,,,,,,,,,,,,no,,3,1,0,2,addons/quimibond_sgi/models/sgi_indicator_formula.py,342
quimibond_sgi,sgi.indicator,formula_text,Text,,Fórmula configurada,False,_compute_has_formula,,,,,,,,,,,,,no,,1,1,0,1,addons/quimibond_sgi/models/sgi_indicator_formula.py,343
quimibond_sgi,sgi.indicator,can_edit_formula,Boolean,,,False,_compute_can_edit_formula,,,,,,,,,,,,,no,,1,2,0,2,addons/quimibond_sgi/models/sgi_indicator_formula.py,346
quimibond_sgi,sgi.indicator.measure,parallel_value,Float,,Valor de la fórmula,True,,,,,,,,,,,,,,sí,"Lo que daría la fórmula configurada del indicador en este periodo, mientras el indicador sigue en su modo de código. Cuando coincidan un mes, se migra.",2,1,0,3,addons/quimibond_sgi/models/sgi_indicator_formula.py,498
quimibond_sgi,sgi.indicator.measure,parallel_numerator,Float,,Numerador (fórmula),True,,,,,,,,,,,,,,no,,1,1,0,1,addons/quimibond_sgi/models/sgi_indicator_formula.py,503
quimibond_sgi,sgi.indicator.measure,parallel_denominator,Float,,Denominador (fórmula),True,,,,,,,,,,,,,,no,,1,2,0,1,addons/quimibond_sgi/models/sgi_indicator_formula.py,504
quimibond_sgi,sgi.indicator,window_label,Char,,Ventana,False,_compute_window_label,,,,,,,,,,,,,sí,Qué periodo de datos resume cada medición.,5,3,0,6,addons/quimibond_sgi/models/sgi_indicator_plan.py,50
quimibond_sgi,sgi.action.line,measure_id,Many2one,sgi.indicator.measure,Medición roja,True,,,,True,,,cascade,,,,,,,sí,Plan de acción de una medición en rojo (I-4).,19,3,0,7,addons/quimibond_sgi/models/sgi_indicator_plan.py,73
quimibond_sgi,sgi.indicator.measure,window_label,Char,,Ventana,False,,indicator_id.window_label,,,,,,,,,,,,no,,5,3,0,6,addons/quimibond_sgi/models/sgi_indicator_plan.py,111
quimibond_sgi,sgi.indicator.measure,cause,Text,,Causa,True,,,,,,,,,,,,,,sí,Por qué salió en rojo (I-4).,12,9,0,2,addons/quimibond_sgi/models/sgi_indicator_plan.py,112
quimibond_sgi,sgi.indicator.measure,action_line_ids,One2many,sgi.action.line,Acciones,n/a,,,,,,,,,,,,,,no,,21,9,0,1,addons/quimibond_sgi/models/sgi_indicator_plan.py,113
quimibond_sgi,sgi.indicator.measure,plan_required,Boolean,,Requiere plan,False,_compute_plan,,,,,,,,,,,,,no,,6,4,0,2,addons/quimibond_sgi/models/sgi_indicator_plan.py,114
quimibond_sgi,sgi.indicator.measure,plan_due,Date,,Plan antes del,False,_compute_plan,,,,,,,,,,,,,sí,Día 10 del mes siguiente al periodo.,7,2,0,1,addons/quimibond_sgi/models/sgi_indicator_plan.py,115
quimibond_sgi,sgi.indicator.measure,plan_done,Boolean,,Plan capturado,False,_compute_plan,,,,,,,,,,,,,no,,7,3,0,2,addons/quimibond_sgi/models/sgi_indicator_plan.py,117
quimibond_sgi,sgi.indicator.step,indicator_id,Many2one,sgi.indicator,,True,,,True,True,,,cascade,,,,,,,no,,127,31,0,59,addons/quimibond_sgi/models/sgi_indicator_trajectory.py,36
quimibond_sgi,sgi.indicator.step,date_from,Date,,Trimestre desde,True,,,True,,,,,,,,,,,no,,245,4,0,6,addons/quimibond_sgi/models/sgi_indicator_trajectory.py,37
quimibond_sgi,sgi.indicator.step,name,Char,,Trimestre,True,_compute_name,,,,,,,,,,,,,no,,1116,8842,3,1148,addons/quimibond_sgi/models/sgi_indicator_trajectory.py,38
quimibond_sgi,sgi.indicator.step,objective,Float,,Objetivo,True,,,,,,,,,,,,,,no,,47,18,0,34,addons/quimibond_sgi/models/sgi_indicator_trajectory.py,39
quimibond_sgi,sgi.indicator.step,acceptable,Float,,Aceptable,True,,,,,,,,,,,,,,no,,10,1,0,4,addons/quimibond_sgi/models/sgi_indicator_trajectory.py,40
quimibond_sgi,sgi.indicator.step,manual,Boolean,,Corregido a mano,True,,,,,True,,,,,,,,,no,,69,42,0,55,addons/quimibond_sgi/models/sgi_indicator_trajectory.py,41
quimibond_sgi,sgi.indicator.step,reason,Text,,Motivo,True,,,,,,,,,,,,,,sí,Obligatorio al corregir un escalón a mano.,54,9,0,18,addons/quimibond_sgi/models/sgi_indicator_trajectory.py,42
quimibond_sgi,sgi.indicator,direction,Selection,,,True,,,,,,,{'range': 'set default'},,,,,,,no,,39,63,0,24,addons/quimibond_sgi/models/sgi_indicator_trajectory.py,79
quimibond_sgi,sgi.indicator,range_min,Float,,Mínimo,True,,,,,,,,,,,,,,no,,11,2,0,3,addons/quimibond_sgi/models/sgi_indicator_trajectory.py,81
quimibond_sgi,sgi.indicator,range_max,Float,,Máximo,True,,,,,,,,,,,,,,no,,12,2,0,2,addons/quimibond_sgi/models/sgi_indicator_trajectory.py,82
quimibond_sgi,sgi.indicator,range_tolerance,Float,,Tolerancia,True,,,,,,,,,,,,,,sí,Fuera del rango pero dentro de esta distancia el semáforo es amarillo.,8,1,0,1,addons/quimibond_sgi/models/sgi_indicator_trajectory.py,83
quimibond_sgi,sgi.indicator,baseline_date,Date,,Arranque desde,True,,,,,,,,,,,,,,sí,Fecha del valor de arranque; inicio de la trayectoria.,12,1,0,2,addons/quimibond_sgi/models/sgi_indicator_trajectory.py,86
quimibond_sgi,sgi.indicator,step_ids,One2many,sgi.indicator.step,Escalones,n/a,,,,,,,,,,,,,,no,,19,1,0,10,addons/quimibond_sgi/models/sgi_indicator_trajectory.py,88
quimibond_sgi,sgi.indicator,has_trajectory,Boolean,,,False,_compute_has_trajectory,,,,,,,,,,,,,no,,1,1,0,0,addons/quimibond_sgi/models/sgi_indicator_trajectory.py,89
quimibond_sgi,sgi.indicator.measure,target_objective,Float,,Objetivo,False,_compute_targets,,,,,,,,,,,,,no,,27,51,0,23,addons/quimibond_sgi/models/sgi_indicator_trajectory.py,223
quimibond_sgi,sgi.indicator.measure,target_acceptable,Float,,Aceptable,False,_compute_targets,,,,,,,,,,,,,no,,18,49,0,17,addons/quimibond_sgi/models/sgi_indicator_trajectory.py,224
quimibond_sgi,sgi.indicator.measure,range_min,Float,,,False,,indicator_id.range_min,,,,,,,,,,,,no,,11,2,0,3,addons/quimibond_sgi/models/sgi_indicator_trajectory.py,225
quimibond_sgi,sgi.indicator.measure,range_max,Float,,,False,,indicator_id.range_max,,,,,,,,,,,,no,,12,2,0,2,addons/quimibond_sgi/models/sgi_indicator_trajectory.py,226
quimibond_sgi,sgi.process.activity,instruction_article_id,Many2one,knowledge.article,Instructivo en Knowledge,True,,,,,,,,,,,,,,sí,Artículo donde se escribe el instructivo. «Publicar como instructivo» lo congela como revisión del IT.,8,2,0,1,addons/quimibond_sgi/models/sgi_instruction_knowledge.py,18
quimibond_sgi,sgi.process.activity,instruction_article_stale,Boolean,,Artículo cambió desde la última revisión,False,_compute_instruction_article_stale,,,,,,,,,,,,,no,,1,3,0,2,addons/quimibond_sgi/models/sgi_instruction_knowledge.py,22
quimibond_sgi,documents.document,sgi_article_id,Many2one,knowledge.article,Artículo de Knowledge,True,,,,,True,,,,,,,,,sí,Artículo del que se congeló esta revisión (DOC-5).,2,0,0,1,addons/quimibond_sgi/models/sgi_instruction_knowledge.py,54
quimibond_sgi,sgi.instruction.publish,activity_id,Many2one,sgi.process.activity,,True,,,True,,,,,,,,,,,no,,220,26,0,63,addons/quimibond_sgi/models/sgi_instruction_knowledge.py,63
quimibond_sgi,sgi.instruction.publish,article_id,Many2one,,,False,,activity_id.instruction_article_id,,,,,,,,,,,,no,,0,1,0,0,addons/quimibond_sgi/models/sgi_instruction_knowledge.py,64
quimibond_sgi,sgi.instruction.publish,code,Char,,Clave IT,True,,,True,,,,,,,,,,,sí,Ej. IT-P-C11-05.,593,355,0,336,addons/quimibond_sgi/models/sgi_instruction_knowledge.py,65
quimibond_sgi,sgi.instruction.publish,job_ids,Many2many,hr.job,Puestos que aplican,True,_compute_job_ids,,,,False,,,,,,,,,sí,"Por omisión, los que ejecutan la actividad.",30,5,1,10,addons/quimibond_sgi/models/sgi_instruction_knowledge.py,66
quimibond_sgi,stock.picking,sgi_nc_count,Integer,,# NC,False,_compute_sgi_nc_count,,,,,,,,,,,,,no,,12,12,0,2,addons/quimibond_sgi/models/sgi_integration.py,9
quimibond_sgi,stock.picking,sgi_return_alert_id,Many2one,quality.alert,NC de devolución,True,,,,,True,,,,,,,,,no,,2,0,0,3,addons/quimibond_sgi/models/sgi_integration.py,30
quimibond_sgi,stock.picking,sgi_seal_number,Char,,Sello de embarque,True,,,,,,,,,,,,,,sí,Número de sello del transporte. Se imprime en la remisión. Sustituye F-IT-P-A07-01-07/08.,0,4,0,1,addons/quimibond_sgi/models/sgi_integration.py,35
quimibond_sgi,mrp.production,sgi_nc_count,Integer,,# NC,False,_compute_sgi_nc_count,,,,,,,,,,,,,no,,12,12,0,2,addons/quimibond_sgi/models/sgi_integration.py,90
quimibond_sgi,purchase.order,sgi_nc_count,Integer,,# NC proveedor,False,_compute_sgi_nc_count,,,,,,,,,,,,,no,,12,12,0,2,addons/quimibond_sgi/models/sgi_integration.py,112
quimibond_sgi,maintenance.request,sgi_alert_id,Many2one,quality.alert,NC generada,True,,,,,True,,,,,,,,,no,,15,8,0,24,addons/quimibond_sgi/models/sgi_integration.py,149
quimibond_sgi,hr.job,sgi_document_ids,Many2many,documents.document,Documentos aplicables,True,,,,,,,,,,,,,,no,,0,1,0,0,addons/quimibond_sgi/models/sgi_integration.py,192
quimibond_sgi,hr.job,sgi_epp_required,Text,,EPP requerido (S03-01),True,,,,,,,,,,,,,,sí,Equipo de protección personal que exige este puesto. Sustituye el formato F-P-S03-01; fuente única para RH y SST.,10,2,0,4,addons/quimibond_sgi/models/sgi_integration.py,197
quimibond_sgi,product.template,sgi_spec_document_id,Many2one,documents.document,Especificación (C04-06),True,,,,,,,,,,,,,,sí,Documento controlado con la especificación del material (sustituye F-P-C04-06). La inspección de recepción valida contra esta spec.,2,3,0,0,addons/quimibond_sgi/models/sgi_integration.py,210
quimibond_sgi,product.template,sgi_packaging_notes,Text,,Manejo y empaque (C14-02),True,,,,,,,,,,,,,,sí,Indicaciones de manejo y empaque del producto (sustituye F-P-C14-02). Visible para inspección y almacén.,0,1,0,2,addons/quimibond_sgi/models/sgi_integration.py,216
quimibond_sgi,hr.employee,sgi_procedure_count,Integer,,# Mis procedimientos,False,_compute_sgi_counts,,,,,,,,,,,,,no,,2,1,0,0,addons/quimibond_sgi/models/sgi_integration.py,244
quimibond_sgi,hr.employee,sgi_pending_ack_count,Integer,,# Acuses pendientes,False,_compute_sgi_counts,,,,,,,,,,,,,no,,1,1,0,0,addons/quimibond_sgi/models/sgi_integration.py,245
quimibond_sgi,res.partner,sgi_complaint_count,Integer,,# Reclamaciones,False,_compute_sgi_partner_counts,,,,,,,,,,,,,no,,2,2,0,0,addons/quimibond_sgi/models/sgi_integration.py,303
quimibond_sgi,res.partner,sgi_nc_count,Integer,,# NC,False,_compute_sgi_partner_counts,,,,,,,,,,,,,no,,12,12,0,2,addons/quimibond_sgi/models/sgi_integration.py,304
quimibond_sgi,product.template,sgi_first_sale_date,Date,,Primer pedido confirmado,True,,,,True,True,,,,,,,,,sí,Fecha del primer pedido de venta confirmado con este producto (C1-04).,4,1,0,2,addons/quimibond_sgi/models/sgi_kpi_fields.py,61
quimibond_sgi,stock.picking,sgi_export_crossing_datetime,Datetime,,Cruce (exportación),True,,,,,,,,,,,,,,sí,Fecha y hora en que la mercancía cruzó la frontera (C2-05).,1,1,0,0,addons/quimibond_sgi/models/sgi_kpi_fields.py,84
quimibond_sgi,stock.picking,sgi_export_file_closed_date,Date,,Expediente cerrado,True,,,,,,,,,,,,,,sí,Fecha en que quedó completo el expediente de exportación (C2-05).,1,1,0,0,addons/quimibond_sgi/models/sgi_kpi_fields.py,87
quimibond_sgi,stock.picking,sgi_quality_approved_at,Datetime,,Aprobado por Calidad,True,_compute_sgi_quality_approved,,,,,,,,,,,,,sí,Última aprobación de un control de calidad de este traslado (C5-03).,2,1,0,1,addons/quimibond_sgi/models/sgi_kpi_fields.py,90
quimibond_sgi,stock.picking,sgi_release_hours,Float,,Horas hasta la aprobación,True,_compute_sgi_quality_approved,,,,,,,,,,,,,sí,Horas entre la entrega de Inspección (creación del traslado) y la aprobación de Calidad (C5-03).,3,1,0,1,addons/quimibond_sgi/models/sgi_kpi_fields.py,93
quimibond_sgi,quality.alert,sgi_claimed_meters,Float,,Metros reclamados,True,,,,,,,,,,,,,,sí,Metros que el cliente reclama en esta NC (C5-01).,1,1,0,0,addons/quimibond_sgi/models/sgi_kpi_fields.py,116
quimibond_sgi,account.move.line,sgi_po_price_diff,Monetary,,Diferencia vs orden de compra,True,_compute_sgi_po_price_diff,,,,,,,,,,,,,sí,(precio facturado − precio de la orden de compra) × cantidad (S1-05).,3,1,0,0,addons/quimibond_sgi/models/sgi_kpi_fields.py,125
quimibond_sgi,account.move,sgi_payment_date,Date,,Fecha de pago,True,_compute_sgi_payment_date,,,,,,,,,,,,,sí,Fecha del último pago que dejó la factura pagada (S1-04: pagada en su vencimiento o antes).,3,2,0,1,addons/quimibond_sgi/models/sgi_kpi_fields.py,144
quimibond_sgi,sgi.management.review.agreement,done_date,Date,,Cumplido el,True,_compute_done_date,,,,False,,,,,,,,,sí,"Fecha de cumplimiento del acuerdo: la de su acción al terminarse, o capturada a mano si el acuerdo no tiene acción (E1-02: cerrado antes de su límite).",4,0,0,3,addons/quimibond_sgi/models/sgi_kpi_fields.py,167
quimibond_sgi,sgi.lock.date.log,company_id,Many2one,res.company,Compañía,True,,,True,True,,,,,,,,,,no,,207,50,0,19,addons/quimibond_sgi/models/sgi_kpi_fields.py,187
quimibond_sgi,sgi.lock.date.log,lock_field,Selection,,Fecha de bloqueo,True,,,True,,,,,,,,,,list(LOCK_FIELDS.items()),no,,1,1,0,3,addons/quimibond_sgi/models/sgi_kpi_fields.py,188
quimibond_sgi,sgi.lock.date.log,date_before,Date,,Antes,True,,,,,,,,,,,,,,no,,1,1,0,8,addons/quimibond_sgi/models/sgi_kpi_fields.py,189
quimibond_sgi,sgi.lock.date.log,date_after,Date,,Después,True,,,,,,,,,,,,,,no,,1,1,0,4,addons/quimibond_sgi/models/sgi_kpi_fields.py,190
quimibond_sgi,sgi.lock.date.log,moved_at,Datetime,,Movida el,True,,,True,,,,,,sí,,,,,no,,4,1,0,0,addons/quimibond_sgi/models/sgi_kpi_fields.py,191
quimibond_sgi,sgi.lock.date.log,user_id,Many2one,res.users,Quién,True,,,,,,,,,sí,,,,,no,,199,28,0,94,addons/quimibond_sgi/models/sgi_kpi_fields.py,192
quimibond_sgi,sgi.lock.date.log,business_day,Integer,,Día hábil del mes,True,_compute_business_day,,,,,,,,,,,,,sí,Número de día hábil del mes (calendario del SGI) en que se movió (S3-01).,8,1,0,2,addons/quimibond_sgi/models/sgi_kpi_fields.py,193
quimibond_sgi,sgi.inventory.value,company_id,Many2one,res.company,Compañía,True,,,True,True,,,,,,,,,,no,,207,50,0,19,addons/quimibond_sgi/models/sgi_kpi_fields.py,237
quimibond_sgi,sgi.inventory.value,date,Date,,Cierre,True,,,True,True,,,,,,,,,,sí,Último día del mes al que corresponde la foto.,193,79,0,587,addons/quimibond_sgi/models/sgi_kpi_fields.py,238
quimibond_sgi,sgi.inventory.value,value,Monetary,,Valor del inventario,True,,,,,,,,,,,,,,no,,300,153,4,137,addons/quimibond_sgi/models/sgi_kpi_fields.py,240
quimibond_sgi,sgi.inventory.value,currency_id,Many2one,,,False,,company_id.currency_id,,,,,,,,,,,,no,,40,21,0,17,addons/quimibond_sgi/models/sgi_kpi_fields.py,241
quimibond_sgi,sgi.inventory.value,quant_count,Integer,,# Existencias,True,,,,,,,,,,,,,,no,,1,1,0,0,addons/quimibond_sgi/models/sgi_kpi_fields.py,242
quimibond_sgi,sgi.inventory.value,taken_at,Datetime,,Tomada el,True,,,,,,,,,sí,,,,,no,,1,1,0,0,addons/quimibond_sgi/models/sgi_kpi_fields.py,243
quimibond_sgi,hr.version,sgi_departure_reason_id,Many2one,hr.departure.reason,Motivo de baja (SGI),True,_compute_sgi_departure,,,,,,,,,,,,,sí,"El motivo de la versión o, si no lo trae, el del empleado (S4-01).",2,0,0,1,addons/quimibond_sgi/models/sgi_kpi_fields.py,275
quimibond_sgi,hr.version,sgi_departure_registered_at,Datetime,,Baja registrada el,True,,,,,True,,,,,,,,,sí,Cuándo se capturó la fecha de baja (S4-01).,3,0,0,2,addons/quimibond_sgi/models/sgi_kpi_fields.py,278
quimibond_sgi,hr.employee,sgi_trial_date_end,Date,,Fin del periodo de prueba,True,,version_id.trial_date_end,,,,,,,,,,,,sí,Del contrato vigente; para medir las evaluaciones del periodo de prueba (S4-02).,1,0,0,1,addons/quimibond_sgi/models/sgi_kpi_fields.py,297
quimibond_sgi,res.users,sgi_deactivated_date,Date,,Desactivado el,True,,,,,True,,,,,,,,,sí,"Fecha en que se desactivó el usuario (S6-02, contra la baja del empleado).",3,0,0,3,addons/quimibond_sgi/models/sgi_kpi_fields.py,306
quimibond_sgi,sgi.legal.requirement,name,Char,,Requisito,True,,,True,,,,,True,,,,,,sí,"La obligación concreta, en lenguaje llano (ej. «Registro como generador de residuos peligrosos», «Programa interno de protección civil vigente»).",1116,8842,3,1148,addons/quimibond_sgi/models/sgi_legal.py,27
quimibond_sgi,sgi.legal.requirement,kind,Selection,,Tipo,True,,,True,,,,,True,sí,,,,"[('ley', 'Ley / reglamento'), ('nom', 'Norma oficial (NOM)'), ('permiso', 'Permiso / licencia / registro'), ('cliente',…",no,,137,74,22,39,addons/quimibond_sgi/models/sgi_legal.py,32
quimibond_sgi,sgi.legal.requirement,system,Selection,,Sistema,True,,,True,,,,,True,sí,,,,"[('ambiental', 'Ambiental (14001)'), ('sst', 'Seguridad y salud (45001)'), ('calidad', 'Calidad (9001 / cliente)'), ('v…",no,,3,7,0,3,addons/quimibond_sgi/models/sgi_legal.py,39
quimibond_sgi,sgi.legal.requirement,reference,Char,,Referencia,True,,,,,,,,True,,,,,,sí,"Instrumento y artículo/numeral (ej. NOM-052-SEMARNAT-2005, art. 42; NOM-002-STPS-2010).",15,4,0,4,addons/quimibond_sgi/models/sgi_legal.py,45
quimibond_sgi,sgi.legal.requirement,authority,Char,,Autoridad / origen,True,,,,,,,,,,,,,,sí,"Quién lo exige: SEMARNAT, STPS, municipio, cliente, corporativo…",0,4,0,0,addons/quimibond_sgi/models/sgi_legal.py,49
quimibond_sgi,sgi.legal.requirement,description,Text,,Obligación,True,,,,,,,,,,,,,,sí,Qué obliga a hacer exactamente (la parte aplicable a la planta).,32,38,0,18,addons/quimibond_sgi/models/sgi_legal.py,52
quimibond_sgi,sgi.legal.requirement,evidence,Text,,Cómo se cumple / evidencia,True,,,,,,,,,,,,,,sí,"Con qué se demuestra el cumplimiento: registro, bitácora, dictamen, constancia, documento controlado…",31,8,0,10,addons/quimibond_sgi/models/sgi_legal.py,55
quimibond_sgi,sgi.legal.requirement,process_ids,Many2many,sgi.process,Procesos donde aplica,True,,,,,,,,,,,,,,no,,20,11,0,19,addons/quimibond_sgi/models/sgi_legal.py,59
quimibond_sgi,sgi.legal.requirement,risk_ids,Many2many,sgi.risk,Riesgos ligados,True,,,,,,,,,,,,,,sí,Riesgos (IPER/ambiental) cuyo control responde a este requisito.,7,4,0,1,addons/quimibond_sgi/models/sgi_legal.py,61
quimibond_sgi,sgi.legal.requirement,document_ids,Many2many,documents.document,Documentos de evidencia,True,,,,,,,,,,,,,,no,,6,2,0,7,addons/quimibond_sgi/models/sgi_legal.py,64
quimibond_sgi,sgi.legal.requirement,responsible_id,Many2one,res.users,Responsable de la evaluación,True,,,True,,,,,True,sí,,,,,no,,62,43,0,67,addons/quimibond_sgi/models/sgi_legal.py,68
quimibond_sgi,sgi.legal.requirement,evaluation_ids,One2many,sgi.legal.evaluation,Evaluaciones,n/a,,,,,,,,,,,,,,no,,2,1,0,4,addons/quimibond_sgi/models/sgi_legal.py,71
quimibond_sgi,sgi.legal.requirement,evaluation_count,Integer,,,False,_compute_evaluation_count,,,,,,,,,,,,,no,,1,1,0,0,addons/quimibond_sgi/models/sgi_legal.py,73
quimibond_sgi,sgi.legal.requirement,expiry_date,Date,,Vencimiento del permiso,True,,,,,,,,True,,,,,,sí,Solo permisos/licencias con vigencia: fecha en que caduca el instrumento (independiente de la evaluación de cumplimiento).,9,3,0,0,addons/quimibond_sgi/models/sgi_legal.py,74
quimibond_sgi,sgi.legal.requirement,eval_frequency_months,Integer,,Frecuencia de evaluación (meses),True,,,,,,,,,sí,,,,,no,,4,1,0,0,addons/quimibond_sgi/models/sgi_legal.py,80
quimibond_sgi,sgi.legal.requirement,last_eval_date,Date,,Última evaluación,True,,,,,,,,True,,,,,,no,,7,5,0,3,addons/quimibond_sgi/models/sgi_legal.py,82
quimibond_sgi,sgi.legal.requirement,next_eval_date,Date,,Próxima evaluación,True,_compute_next_eval_date,,,,False,,,,,,,,,sí,"Última + frecuencia; puede fijarse a mano (prevalece, patrón de calibraciones).",24,4,0,4,addons/quimibond_sgi/models/sgi_legal.py,83
quimibond_sgi,sgi.legal.requirement,compliance_state,Selection,,Cumplimiento,True,,,True,,,,,True,sí,,,,"[('pendiente', 'Sin evaluar'), ('cumple', 'Cumple'), ('parcial', 'Cumple parcialmente'), ('no_cumple', 'No cumple'), ('…",no,,15,12,0,4,addons/quimibond_sgi/models/sgi_legal.py,88
quimibond_sgi,sgi.legal.requirement,eval_note,Text,,Notas de la última evaluación,True,,,,,,,,,,,,,,sí,Qué se revisó y qué se encontró (queda también en el chatter por el tracking del estado).,2,1,0,0,addons/quimibond_sgi/models/sgi_legal.py,95
quimibond_sgi,sgi.legal.requirement,alert_id,Many2one,quality.alert,NC de incumplimiento,True,,,,,True,,,,,,,,,no,,62,18,0,58,addons/quimibond_sgi/models/sgi_legal.py,99
quimibond_sgi,sgi.legal.requirement,active,Boolean,,,True,,,,,,,,,sí,,,,,no,,148,78,4,48,addons/quimibond_sgi/models/sgi_legal.py,101
quimibond_sgi,sgi.legal.evaluation,requirement_id,Many2one,sgi.legal.requirement,Requisito,True,,,True,True,,,cascade,,,,,,,no,,8,3,0,3,addons/quimibond_sgi/models/sgi_legal.py,237
quimibond_sgi,sgi.legal.evaluation,date,Date,,Fecha,True,,,True,,,,,,sí,,,,,no,,193,79,0,587,addons/quimibond_sgi/models/sgi_legal.py,239
quimibond_sgi,sgi.legal.evaluation,result,Selection,,Resultado,True,,,True,,,,,,,,,,"[('cumple', 'Cumple'), ('parcial', 'Cumple parcialmente'), ('no_cumple', 'No cumple'), ('no_aplica', 'No aplica')]",no,,118,34,0,135,addons/quimibond_sgi/models/sgi_legal.py,240
quimibond_sgi,sgi.legal.evaluation,evidence,Text,,Evidencia revisada,True,,,,,,,,,,,,,,no,,31,8,0,10,addons/quimibond_sgi/models/sgi_legal.py,246
quimibond_sgi,sgi.legal.evaluation,next_date,Date,,Próxima evaluación,True,,,,,,,,,,,,,,no,,24,10,0,7,addons/quimibond_sgi/models/sgi_legal.py,247
quimibond_sgi,sgi.legal.evaluation,user_id,Many2one,res.users,Evaluó,True,,,,,,,,,sí,,,,,no,,199,28,0,94,addons/quimibond_sgi/models/sgi_legal.py,248
quimibond_sgi,sgi.legal.evaluation,alert_id,Many2one,,NC,False,,requirement_id.alert_id,,,,,,,,,,,,no,,62,18,0,58,addons/quimibond_sgi/models/sgi_legal.py,249
quimibond_sgi,sgi.legal.evaluate,requirement_id,Many2one,sgi.legal.requirement,,True,,,True,,,,,,,,,,,no,,8,3,0,3,addons/quimibond_sgi/models/sgi_legal.py,256
quimibond_sgi,sgi.legal.evaluate,result,Selection,,Resultado,True,,,True,,,,,,sí,,,,"[('cumple', 'Cumple'), ('parcial', 'Cumple parcialmente'), ('no_cumple', 'No cumple'), ('no_aplica', 'No aplica')]",no,,118,34,0,135,addons/quimibond_sgi/models/sgi_legal.py,257
quimibond_sgi,sgi.legal.evaluate,evidence,Text,,Evidencia revisada,True,,,True,,,,,,,,,,,no,,31,8,0,10,addons/quimibond_sgi/models/sgi_legal.py,263
quimibond_sgi,sgi.legal.evaluate,next_date,Date,,Próxima evaluación,True,_compute_next_date,,,,False,,,,,,,,,no,,24,10,0,7,addons/quimibond_sgi/models/sgi_legal.py,266
quimibond_sgi,sgi.dyd.task.mixin,sgi_dyd_task_id,Many2one,project.task,Tarea del desarrollo,True,,,,True,,,set null,,,,,,,sí,Tarea del proyecto de Diseño y Desarrollo (FT-…) de la que sale este registro. Es la liga que mide las actividades C1.,5,5,0,6,addons/quimibond_sgi/models/sgi_links.py,27
quimibond_sgi,mrp.production,sgi_release_picking_ids,One2many,stock.picking,Traspasos a liberación,n/a,,,,,,,,,,,,,,sí,Traspasos (a liberación u otros) que salieron de esta orden (C4.19).,0,1,0,1,addons/quimibond_sgi/models/sgi_links.py,58
quimibond_sgi,project.task,sgi_fmea_ids,One2many,sgi.fmea,AMEF,n/a,,,,,,,,,,,,,,no,,5,2,0,3,addons/quimibond_sgi/models/sgi_links.py,66
quimibond_sgi,project.task,sgi_bom_ids,One2many,mrp.bom,Listas de materiales,n/a,,,,,,,,,,,,,,no,,2,1,0,1,addons/quimibond_sgi/models/sgi_links.py,67
quimibond_sgi,project.task,sgi_production_ids,One2many,mrp.production,Órdenes de muestra,n/a,,,,,,,,,,,,,,no,,2,1,0,0,addons/quimibond_sgi/models/sgi_links.py,68
quimibond_sgi,project.task,sgi_control_plan_ids,One2many,sgi.control.plan,Planes de control,n/a,,,,,,,,,,,,,,no,,5,2,0,1,addons/quimibond_sgi/models/sgi_links.py,69
quimibond_sgi,project.task,sgi_ppap_ids,One2many,sgi.ppap,PPAP,n/a,,,,,,,,,,,,,,no,,2,1,0,1,addons/quimibond_sgi/models/sgi_links.py,70
quimibond_sgi,project.task,sgi_dyd_link_count,Integer,,Ligas del desarrollo,False,_compute_sgi_dyd_link_count,,,,,,,,,,,,,no,,1,2,0,1,addons/quimibond_sgi/models/sgi_links.py,71
quimibond_sgi,product.template,sgi_control_plan_id,Many2one,sgi.control.plan,Plan de control,True,_compute_sgi_control_plan_id,,,True,False,,set null,,,,,,,sí,Plan de control vigente del artículo (C1.17). Se propone el último plan que lo incluye; se puede cambiar a mano.,9,4,0,4,addons/quimibond_sgi/models/sgi_links.py,84
quimibond_sgi,quality.alert,sgi_maintenance_request_id,Many2one,maintenance.request,Solicitud de mantenimiento,True,,,,True,,,set null,,,,,,,sí,Solicitud correctiva de la que salió esta NC (S5.06).,1,2,0,1,addons/quimibond_sgi/models/sgi_links.py,103
quimibond_sgi,purchase.order,sgi_approval_request_id,Many2one,approval.request,Requisición aprobada,True,,,,True,,,set null,,,,,,,sí,Solicitud de aprobación (requisición de compra) de la que salió esta orden (S1.09). Se llena sola al crear la orden desde la requisición.,3,1,0,0,addons/quimibond_sgi/models/sgi_links.py,112
quimibond_sgi,approval.request,sgi_purchase_order_ids,One2many,purchase.order,Órdenes de compra (SGI),n/a,,,,,,,,,,,,,,no,,0,0,0,0,addons/quimibond_sgi/models/sgi_links.py,122
quimibond_sgi,account.move,sgi_picking_ids,Many2many,stock.picking,Entregas facturadas,True,_compute_sgi_picking_ids,,,,False,,,,,,,,,sí,Entregas (o recepciones) que esta factura cobra (S2.08). Se proponen desde las líneas del pedido; se pueden ajustar a mano.,3,1,0,3,addons/quimibond_sgi/models/sgi_links.py,145
quimibond_sgi,ir.attachment,sgi_picking_id,Many2one,stock.picking,Entrega del acuse,True,,,,True,,,set null,,,,,,,sí,Entrega a la que pertenece este acuse firmado (C2.34).,5,0,0,2,addons/quimibond_sgi/models/sgi_links.py,169
quimibond_sgi,stock.picking,sgi_production_id,Many2one,mrp.production,Orden de producción,True,_compute_sgi_production_id,,,True,False,,set null,,,,,,,sí,Orden de producción de la que sale este traspaso (C4.19). Se propone desde los movimientos o el documento origen; se puede fijar a mano.,3,1,0,1,addons/quimibond_sgi/models/sgi_links.py,188
quimibond_sgi,stock.picking,sgi_acuse_attachment_ids,One2many,ir.attachment,Acuses firmados,n/a,,,,,,,,,,,,,,no,,2,0,0,2,addons/quimibond_sgi/models/sgi_links.py,193
quimibond_sgi,stock.picking,sgi_acuse_count,Integer,,Acuses,False,_compute_sgi_acuse_count,,,,,,,,,,,,,no,,1,2,0,1,addons/quimibond_sgi/models/sgi_links.py,195
quimibond_sgi,sgi.acuse.attach.wizard,picking_id,Many2one,stock.picking,,True,,,True,,,,,,,,,,,no,,24,3,0,4,addons/quimibond_sgi/models/sgi_links.py,234
quimibond_sgi,sgi.acuse.attach.wizard,file,Binary,,Acuse firmado,True,,,True,,,,,,,,,,,no,,8,35,0,9,addons/quimibond_sgi/models/sgi_links.py,235
quimibond_sgi,sgi.acuse.attach.wizard,file_name,Char,,Nombre del archivo,True,,,,,,,,,,,,,,no,,1,2,0,1,addons/quimibond_sgi/models/sgi_links.py,236
quimibond_sgi,sgi.acuse.attach.wizard,note,Char,,Nota,True,,,,,,,,,,,,,,no,,70,30,0,9,addons/quimibond_sgi/models/sgi_links.py,237
quimibond_sgi,sgi.catalog.load.wizard,payload_text,Text,,JSON,True,,,,,,,,,,,,,,no,,1,1,0,1,addons/quimibond_sgi/models/sgi_load_wizard.py,26
quimibond_sgi,sgi.catalog.load.wizard,payload_file,Binary,,Archivo JSON,True,,,,,,,,,,,,,,no,,2,1,0,0,addons/quimibond_sgi/models/sgi_load_wizard.py,27
quimibond_sgi,sgi.catalog.load.wizard,payload_filename,Char,,Nombre del archivo,True,,,,,,,,,,,,,,no,,0,2,0,0,addons/quimibond_sgi/models/sgi_load_wizard.py,28
quimibond_sgi,sgi.catalog.load.wizard,state,Selection,,,True,,,,,True,,,,sí,,,,"[('draft', 'Captura'), ('tested', 'Probado'), ('loaded', 'Cargado')]",no,,486,472,44,237,addons/quimibond_sgi/models/sgi_load_wizard.py,29
quimibond_sgi,sgi.catalog.load.wizard,dry_run_ok,Boolean,,,True,,,,,True,,,,,,,,,no,,1,2,0,1,addons/quimibond_sgi/models/sgi_load_wizard.py,34
quimibond_sgi,sgi.catalog.load.wizard,summary,Text,,Resumen,True,,,,,True,,,,,,,,,no,,92,1,0,62,addons/quimibond_sgi/models/sgi_load_wizard.py,35
quimibond_sgi,sgi.catalog.load.wizard,line_ids,One2many,sgi.catalog.load.wizard.line,Resultado,n/a,,,,,True,,,,,,,,,no,,96,12,0,62,addons/quimibond_sgi/models/sgi_load_wizard.py,36
quimibond_sgi,sgi.catalog.load.wizard,error_count,Integer,,,False,_compute_counts,,,,,,,,,,,,,no,,1,2,0,0,addons/quimibond_sgi/models/sgi_load_wizard.py,38
quimibond_sgi,sgi.catalog.load.wizard,change_count,Integer,,,False,_compute_counts,,,,,,,,,,,,,no,,1,1,0,0,addons/quimibond_sgi/models/sgi_load_wizard.py,39
quimibond_sgi,sgi.catalog.load.wizard.line,wizard_id,Many2one,sgi.catalog.load.wizard,,True,,,True,,,,cascade,,,,,,,no,,3,0,0,0,addons/quimibond_sgi/models/sgi_load_wizard.py,108
quimibond_sgi,sgi.catalog.load.wizard.line,kind,Char,,Qué,True,,,,,,,,,,,,,,no,,137,74,22,39,addons/quimibond_sgi/models/sgi_load_wizard.py,109
quimibond_sgi,sgi.catalog.load.wizard.line,key,Char,,Clave,True,,,,,,,,,,,,,,no,,321,39,12,20,addons/quimibond_sgi/models/sgi_load_wizard.py,110
quimibond_sgi,sgi.catalog.load.wizard.line,action,Selection,,Resultado,True,,,,,,,,,,,,,_ACTIONS,no,,131,125,9,296,addons/quimibond_sgi/models/sgi_load_wizard.py,111
quimibond_sgi,sgi.catalog.load.wizard.line,message,Char,,Detalle,True,,,,,,,,,,,,,,no,,42,3,0,20,addons/quimibond_sgi/models/sgi_load_wizard.py,112
quimibond_sgi,sgi.machine.sheet,name,Char,,Folio,True,,,,,True,,,,sí,,,,,no,,1116,8842,3,1148,addons/quimibond_sgi/models/sgi_machine_sheet.py,32
quimibond_sgi,sgi.machine.sheet,product_id,Many2one,product.product,Artículo,True,,,True,True,,,,True,,,,,,no,,136,26,0,122,addons/quimibond_sgi/models/sgi_machine_sheet.py,33
quimibond_sgi,sgi.machine.sheet,workcenter_id,Many2one,mrp.workcenter,Máquina / centro de trabajo,True,,,True,True,,,,True,,,,,,no,,14,6,0,3,addons/quimibond_sgi/models/sgi_machine_sheet.py,34
quimibond_sgi,sgi.machine.sheet,date,Date,,Fecha,True,,,True,,,,,,sí,,,,,no,,193,79,0,587,addons/quimibond_sgi/models/sgi_machine_sheet.py,35
quimibond_sgi,sgi.machine.sheet,area,Selection,,Área,True,,,True,,,,,,sí,,,,"[('produccion', 'Producción'), ('desarrollos', 'Desarrollos')]",no,,28,20,0,2,addons/quimibond_sgi/models/sgi_machine_sheet.py,36
quimibond_sgi,sgi.machine.sheet,revision,Integer,,Revisión,True,,,,,,,,,sí,,,,,no,,65,26,0,12,addons/quimibond_sgi/models/sgi_machine_sheet.py,37
quimibond_sgi,sgi.machine.sheet,state,Selection,,,True,,,True,,,,,True,sí,,,,"[('borrador', 'Borrador'), ('vigente', 'Vigente'), ('obsoleta', 'Obsoleta')]",no,,486,472,44,237,addons/quimibond_sgi/models/sgi_machine_sheet.py,38
quimibond_sgi,sgi.machine.sheet,active,Boolean,,,True,,,,,,,,,sí,,,,,no,,148,78,4,48,addons/quimibond_sgi/models/sgi_machine_sheet.py,40
quimibond_sgi,sgi.machine.sheet,yarn_line_ids,One2many,sgi.machine.sheet.yarn,Materia prima (hilos),n/a,,,,,,,,,,,,,,no,,2,2,0,0,addons/quimibond_sgi/models/sgi_machine_sheet.py,41
quimibond_sgi,sgi.machine.sheet,pulley_1,Char,,Polea 1,True,,,,,,,,,,,,,,no,,0,2,0,0,addons/quimibond_sgi/models/sgi_machine_sheet.py,42
quimibond_sgi,sgi.machine.sheet,pulley_2,Char,,Polea 2,True,,,,,,,,,,,,,,no,,0,2,0,0,addons/quimibond_sgi/models/sgi_machine_sheet.py,43
quimibond_sgi,sgi.machine.sheet,pulley_3,Char,,Polea 3,True,,,,,,,,,,,,,,no,,0,2,0,0,addons/quimibond_sgi/models/sgi_machine_sheet.py,44
quimibond_sgi,sgi.machine.sheet,pulley_4,Char,,Polea 4,True,,,,,,,,,,,,,,no,,0,2,0,0,addons/quimibond_sgi/models/sgi_machine_sheet.py,45
quimibond_sgi,sgi.machine.sheet,yarn_note,Text,,Observaciones de materia prima,True,,,,,,,,,,,,,,no,,0,3,0,0,addons/quimibond_sgi/models/sgi_machine_sheet.py,46
quimibond_sgi,sgi.machine.sheet,param_line_ids,One2many,sgi.machine.sheet.param,Parámetros,n/a,,,,,,,,,,,,,,no,,4,2,0,3,addons/quimibond_sgi/models/sgi_machine_sheet.py,47
quimibond_sgi,sgi.machine.sheet,machine_note,Text,,Observaciones de máquina,True,,,,,,,,,,,,,,no,,0,2,0,0,addons/quimibond_sgi/models/sgi_machine_sheet.py,48
quimibond_sgi,sgi.machine.sheet,fabric_note,Text,,Observaciones de tela acondicionada,True,,,,,,,,,,,,,,no,,0,2,0,0,addons/quimibond_sgi/models/sgi_machine_sheet.py,49
quimibond_sgi,sgi.machine.sheet,lab_user_id,Many2one,res.users,Laboratorista de tejido,True,,,,,,,,,,,,,,no,,0,2,0,0,addons/quimibond_sgi/models/sgi_machine_sheet.py,50
quimibond_sgi,sgi.machine.sheet,mechanic_user_id,Many2one,res.users,Mecánico de tejido,True,,,,,,,,,,,,,,no,,0,2,0,0,addons/quimibond_sgi/models/sgi_machine_sheet.py,51
quimibond_sgi,sgi.machine.sheet,approved_by_id,Many2one,res.users,Jefe técnico de tejido y acabado,True,,,,,,,,,,,,,,no,,0,2,0,0,addons/quimibond_sgi/models/sgi_machine_sheet.py,52
quimibond_sgi,sgi.machine.sheet,engineering_by_id,Many2one,res.users,Jefe de ingeniería de procesos,True,,,,,,,,,,,,,,no,,0,2,0,0,addons/quimibond_sgi/models/sgi_machine_sheet.py,53
quimibond_sgi,sgi.machine.sheet,company_id,Many2one,res.company,,True,,,,,,,,,sí,,,,,no,,207,50,0,19,addons/quimibond_sgi/models/sgi_machine_sheet.py,54
quimibond_sgi,sgi.machine.sheet.yarn,sheet_id,Many2one,sgi.machine.sheet,,True,,,True,,,,cascade,,,,,,,no,,7,7,0,2,addons/quimibond_sgi/models/sgi_machine_sheet.py,116
quimibond_sgi,sgi.machine.sheet.yarn,sequence,Integer,,,True,,,,,,,,,sí,,,,,no,,104,294,0,19,addons/quimibond_sgi/models/sgi_machine_sheet.py,117
quimibond_sgi,sgi.machine.sheet.yarn,fiber,Selection,,Fibra,True,,,True,,,,,,sí,,,,"[('poliester', 'Poliéster'), ('algodon', 'Algodón'), ('poliamida', 'Poliamida'), ('otro', 'Otro')]",no,,0,2,0,0,addons/quimibond_sgi/models/sgi_machine_sheet.py,118
quimibond_sgi,sgi.machine.sheet.yarn,feed,Char,,Disposición del hilo,True,,,,,,,,,,,,,,no,,0,2,0,0,addons/quimibond_sgi/models/sgi_machine_sheet.py,120
quimibond_sgi,sgi.machine.sheet.yarn,yarn_type,Char,,Tipo de hilo,True,,,,,,,,,,,,,,no,,0,2,0,0,addons/quimibond_sgi/models/sgi_machine_sheet.py,121
quimibond_sgi,sgi.machine.sheet.yarn,title,Char,,Título de hilo,True,,,,,,,,,,,,,,no,,69,129,8,47,addons/quimibond_sgi/models/sgi_machine_sheet.py,122
quimibond_sgi,sgi.machine.sheet.yarn,twist,Char,,Torsión,True,,,,,,,,,,,,,,no,,0,2,0,0,addons/quimibond_sgi/models/sgi_machine_sheet.py,123
quimibond_sgi,sgi.machine.sheet.yarn,consumption,Char,,cm/vuelta – longitud (m),True,,,,,,,,,,,,,,no,,1,2,0,0,addons/quimibond_sgi/models/sgi_machine_sheet.py,124
quimibond_sgi,sgi.machine.sheet.yarn,pct,Float,,% de hilo,True,,,,,,,,,,,,,,no,,16,2,2,0,addons/quimibond_sgi/models/sgi_machine_sheet.py,125
quimibond_sgi,sgi.machine.sheet.param,sheet_id,Many2one,sgi.machine.sheet,,True,,,True,,,,cascade,,,,,,,no,,7,7,0,2,addons/quimibond_sgi/models/sgi_machine_sheet.py,133
quimibond_sgi,sgi.machine.sheet.param,sequence,Integer,,,True,,,,,,,,,sí,,,,,no,,104,294,0,19,addons/quimibond_sgi/models/sgi_machine_sheet.py,134
quimibond_sgi,sgi.machine.sheet.param,section,Selection,,Sección,True,,,True,,,,,,sí,,,,"[('maquina', 'Datos de máquina'), ('tela', 'Datos de tela acondicionada')]",no,,61,18,0,10,addons/quimibond_sgi/models/sgi_machine_sheet.py,135
quimibond_sgi,sgi.machine.sheet.param,name,Char,,Condición,True,,,True,,,,,,,,,,,no,,1116,8842,3,1148,addons/quimibond_sgi/models/sgi_machine_sheet.py,136
quimibond_sgi,sgi.machine.sheet.param,spec,Char,,Especificación,True,,,,,,,,,,,,,,no,,14,11,0,5,addons/quimibond_sgi/models/sgi_machine_sheet.py,137
quimibond_sgi,sgi.machine.sheet.param,tolerance,Char,,Tolerancia (±),True,,,,,,,,,,,,,,no,,6,4,0,0,addons/quimibond_sgi/models/sgi_machine_sheet.py,138
quimibond_sgi,sgi.machine.sheet.param,unit,Char,,Unidad,True,,,,,,,,,,,,,,no,,13,5,0,4,addons/quimibond_sgi/models/sgi_machine_sheet.py,139
quimibond_sgi,sgi.management.review,name,Char,,Nombre,True,_compute_name,,,,,,,,,,,,,no,,1116,8842,3,1148,addons/quimibond_sgi/models/sgi_management_review.py,23
quimibond_sgi,sgi.management.review,date,Date,,Fecha,True,,,True,,,,,,sí,,,,,no,,193,79,0,587,addons/quimibond_sgi/models/sgi_management_review.py,24
quimibond_sgi,sgi.management.review,period_from,Date,,Periodo desde,True,,,True,,,,,,,,,,,no,,6,3,0,6,addons/quimibond_sgi/models/sgi_management_review.py,25
quimibond_sgi,sgi.management.review,period_to,Date,,Periodo hasta,True,,,True,,,,,,,,,,,no,,6,3,0,6,addons/quimibond_sgi/models/sgi_management_review.py,26
quimibond_sgi,sgi.management.review,attendee_ids,Many2many,hr.employee,Asistentes,True,,,,,,,,,,,,,,no,,1,2,0,0,addons/quimibond_sgi/models/sgi_management_review.py,27
quimibond_sgi,sgi.management.review,state,Selection,,Estado,True,,,True,,,,,True,sí,,,,"[('borrador', 'Borrador'), ('realizada', 'Realizada'), ('cerrada', 'Cerrada')]",no,,486,472,44,237,addons/quimibond_sgi/models/sgi_management_review.py,29
quimibond_sgi,sgi.management.review,prev_agreements_summary,Text,,1. Acuerdos previos,True,,,,,True,,,,,,,,,no,,2,2,0,0,addons/quimibond_sgi/models/sgi_management_review.py,36
quimibond_sgi,sgi.management.review,nc_summary,Text,,2. No conformidades,True,,,,,True,,,,,,,,,no,,2,2,0,1,addons/quimibond_sgi/models/sgi_management_review.py,37
quimibond_sgi,sgi.management.review,complaints_summary,Text,,3. Reclamaciones de clientes,True,,,,,True,,,,,,,,,no,,2,2,0,0,addons/quimibond_sgi/models/sgi_management_review.py,38
quimibond_sgi,sgi.management.review,audit_summary,Text,,4. Auditorías,True,,,,,True,,,,,,,,,no,,2,2,0,1,addons/quimibond_sgi/models/sgi_management_review.py,39
quimibond_sgi,sgi.management.review,audit_ids,Many2many,sgi.audit,Auditorías del periodo,True,,,,,,,,,,,,,,no,,2,1,0,2,addons/quimibond_sgi/models/sgi_management_review.py,43
quimibond_sgi,sgi.management.review,kpi_red_measure_ids,Many2many,sgi.indicator.measure,5. Indicadores en rojo,True,,,,,True,,,,,,,,,no,,3,2,0,0,addons/quimibond_sgi/models/sgi_management_review.py,46
quimibond_sgi,sgi.management.review,supplier_summary,Text,,6. Proveedores,True,,,,,True,,,,,,,,,no,,2,2,0,1,addons/quimibond_sgi/models/sgi_management_review.py,49
quimibond_sgi,sgi.management.review,risk_high_ids,Many2many,sgi.risk,7. Riesgos de atención inmediata/alta,True,,,,,True,,,,,,,,,no,,4,2,0,0,addons/quimibond_sgi/models/sgi_management_review.py,50
quimibond_sgi,sgi.management.review,env_summary,Text,,8. Desempeño ambiental (scrap),True,,,,,True,,,,,,,,,no,,2,2,0,0,addons/quimibond_sgi/models/sgi_management_review.py,53
quimibond_sgi,sgi.management.review,resources_note,Text,,9. Recursos (calibraciones/capacitación),True,,,,,,,,,,,,,,no,,1,2,0,0,addons/quimibond_sgi/models/sgi_management_review.py,54
quimibond_sgi,sgi.management.review,doc_changes_summary,Text,,10. Cambios documentales,True,,,,,True,,,,,,,,,no,,2,2,0,1,addons/quimibond_sgi/models/sgi_management_review.py,55
quimibond_sgi,sgi.management.review,legal_summary,Text,,11. Cumplimiento legal,True,,,,,True,,,,,,,,,sí,14001/45001 9.3: estado de la evaluación del cumplimiento de requisitos legales y permisos.,2,2,0,1,addons/quimibond_sgi/models/sgi_management_review.py,56
quimibond_sgi,sgi.management.review,participation_summary,Text,,12. Consulta y participación,True,,,,,True,,,,,,,,,sí,45001 5.4/9.3: respuestas de la encuesta de consulta y participación y quejas del canal interno en el periodo.,2,2,0,1,addons/quimibond_sgi/models/sgi_management_review.py,60
quimibond_sgi,sgi.management.review,objectives_summary,Text,,13. Objetivos e indicadores,True,,,,,True,,,,,,,,,sí,"Objetivos integrales con sus indicadores oficiales: último valor, semáforo y rojos sin plan.",2,2,0,1,addons/quimibond_sgi/models/sgi_management_review.py,65
quimibond_sgi,sgi.management.review,satisfaction_summary,Text,,14. Satisfacción del cliente,True,,,,,True,,,,,,,,,sí,Indicador CA-02 y reclamaciones del periodo.,2,2,0,1,addons/quimibond_sgi/models/sgi_management_review.py,69
quimibond_sgi,sgi.management.review,agreement_action_ids,One2many,sgi.action.line,Acuerdos (acciones),n/a,,,,,,,,,,,,,,sí,Los acuerdos de la revisión son acciones con responsable y fecha; miden E1-02 (acuerdos cumplidos a tiempo).,0,0,0,0,addons/quimibond_sgi/models/sgi_management_review.py,72
quimibond_sgi,sgi.management.review,agreement_ids,One2many,sgi.management.review.agreement,Acuerdos,n/a,,,,,,,,,,,,,,no,,8,2,0,2,addons/quimibond_sgi/models/sgi_management_review.py,78
quimibond_sgi,sgi.management.review.agreement,review_id,Many2one,sgi.management.review,Revisión,True,,,True,,,,cascade,,,,,,,no,,17,0,0,5,addons/quimibond_sgi/models/sgi_management_review.py,400
quimibond_sgi,sgi.management.review.agreement,name,Char,,Acuerdo,True,,,True,,,,,,,,,,,no,,1116,8842,3,1148,addons/quimibond_sgi/models/sgi_management_review.py,402
quimibond_sgi,sgi.management.review.agreement,responsible_id,Many2one,res.users,Responsable,True,,,,,,,,,,,,,,no,,62,43,0,67,addons/quimibond_sgi/models/sgi_management_review.py,403
quimibond_sgi,sgi.management.review.agreement,deadline,Date,,Fecha límite,True,,,,,,,,,,,,,,no,,28,2,0,5,addons/quimibond_sgi/models/sgi_management_review.py,404
quimibond_sgi,sgi.management.review.agreement,task_id,Many2one,project.task,Tarea (anterior a 52.0.0),True,,,,,True,,,,,,,,,no,,3,1,0,0,addons/quimibond_sgi/models/sgi_management_review.py,405
quimibond_sgi,sgi.management.review.agreement,action_line_id,Many2one,sgi.action.line,Acción,True,,,,,True,,,,,,,,,no,,12,1,0,5,addons/quimibond_sgi/models/sgi_management_review.py,406
quimibond_sgi,sgi.management.review.agreement,action_state,Selection,,Estado de la acción,False,,action_line_id.state,,,,,,,,,,,,no,,0,3,0,0,addons/quimibond_sgi/models/sgi_management_review.py,407
quimibond_sgi,sgi.management.review.agreement,is_done,Boolean,,,False,_compute_status,,,,,,,,,,,,,no,,6,0,0,0,addons/quimibond_sgi/models/sgi_management_review.py,408
quimibond_sgi,sgi.management.review.agreement,status_label,Char,,,False,_compute_status,,,,,,,,,,,,,no,,9,1,0,3,addons/quimibond_sgi/models/sgi_management_review.py,409
quimibond_sgi,sgi.action.line,review_id,Many2one,sgi.management.review,Revisión por la Dirección,True,,,,True,,,cascade,,,,,,,no,,17,0,0,5,addons/quimibond_sgi/models/sgi_management_review.py,430
quimibond_sgi,approval.category,sgi_is_mp_change,Boolean,,Cambio a «Mi procedimiento» (SGI),True,,,,,,,,,,,,,,sí,Categoría que usa el botón «Proponer cambio» de Mi procedimiento.,1,0,0,3,addons/quimibond_sgi/models/sgi_mp_change.py,51
quimibond_sgi,approval.request,sgi_activity_id,Many2one,sgi.process.activity,Actividad del procedimiento,True,,,,btree_not_null,,,,,,,,,,sí,Actividad de «Mi procedimiento» a la que se propone el cambio.,4,1,0,1,addons/quimibond_sgi/models/sgi_mp_change.py,67
quimibond_sgi,approval.request,sgi_mp_change_type,Selection,,Tipo de propuesta,True,,,,,,,,,,,,,MP_CHANGE_TYPES,no,,2,2,0,0,addons/quimibond_sgi/models/sgi_mp_change.py,70
quimibond_sgi,approval.request,sgi_mp_proposal_id,Many2one,sgi.activity.change,Propuesta,True,,,,btree_not_null,True,,,,,,,,,no,,3,2,0,0,addons/quimibond_sgi/models/sgi_mp_change.py,71
quimibond_sgi,approval.request,sgi_mp_diff_html,Html,,Qué cambia,False,,sgi_mp_proposal_id.diff_snapshot,,,,,,,,,,,,no,,0,1,0,1,addons/quimibond_sgi/models/sgi_mp_change.py,73
quimibond_sgi,approval.request,sgi_mp_apply_scheduled,Boolean,,Cambio aplicado,True,,,,,True,,,,,,,,,no,,2,1,0,0,addons/quimibond_sgi/models/sgi_mp_change.py,75
quimibond_sgi,sgi.process.activity,sgi_mp_change_ids,One2many,approval.request,Propuestas de cambio,n/a,,,,,,,,,,,,,,no,,0,0,0,0,addons/quimibond_sgi/models/sgi_mp_change.py,119
quimibond_sgi,sgi.my.procedure,no_employee,Boolean,,Usuario sin empleado,False,_compute_no_employee,,,,,,,,,,,,,sí,El usuario no está ligado a un empleado y no eligió a nadie: la pantalla muestra el aviso en vez de quedar vacía.,2,1,0,3,addons/quimibond_sgi/models/sgi_mp_change.py,138
quimibond_sgi,sgi.activity.change,state,Selection,,Estado,True,,,True,,True,,,,sí,,,,"[('borrador', 'Borrador'), ('enviada', 'Enviada'), ('aplicada', 'Aplicada')]",no,,486,472,44,237,addons/quimibond_sgi/models/sgi_mp_change.py,165
quimibond_sgi,sgi.activity.change,change_type,Selection,,Qué propones,True,,,True,,,,,,sí,,,,MP_CHANGE_TYPES,no,,12,4,0,4,addons/quimibond_sgi/models/sgi_mp_change.py,170
quimibond_sgi,sgi.activity.change,activity_id,Many2one,sgi.process.activity,Actividad,True,,,,True,True,,,,,,,,,no,,220,26,0,63,addons/quimibond_sgi/models/sgi_mp_change.py,171
quimibond_sgi,sgi.activity.change,process_id,Many2one,sgi.process,Proceso,True,,,,,,,,,,,,,,no,,241,81,3,142,addons/quimibond_sgi/models/sgi_mp_change.py,192
quimibond_sgi,sgi.activity.change,allowed_process_ids,Many2many,sgi.process,Procesos del puesto,True,,,,,,,,,,,,,,no,,1,3,0,0,addons/quimibond_sgi/models/sgi_mp_change.py,193
quimibond_sgi,sgi.activity.change,job_id,Many2one,hr.job,Puesto de quien propone,True,,,,,True,,,,,,,,,no,,167,51,1,135,addons/quimibond_sgi/models/sgi_mp_change.py,196
quimibond_sgi,sgi.activity.change,request_id,Many2one,approval.request,Solicitud,True,,,,,True,,,,,,,,,no,,18,1,0,9,addons/quimibond_sgi/models/sgi_mp_change.py,197
quimibond_sgi,sgi.activity.change,reason,Text,,Por qué,True,,,,,,,,,,,,,,no,,54,9,0,18,addons/quimibond_sgi/models/sgi_mp_change.py,198
quimibond_sgi,sgi.activity.change,attachment,Binary,,Adjunto,True,,,,,,,,,,,,,,no,,51,1,0,11,addons/quimibond_sgi/models/sgi_mp_change.py,199
quimibond_sgi,sgi.activity.change,attachment_name,Char,,Nombre del adjunto,True,,,,,,,,,,,,,,no,,1,2,0,0,addons/quimibond_sgi/models/sgi_mp_change.py,200
quimibond_sgi,sgi.activity.change,display_title,Char,,,False,_compute_display_title,,,,,,,,,,,,,no,,4,0,0,0,addons/quimibond_sgi/models/sgi_mp_change.py,201
quimibond_sgi,sgi.activity.change,name,Char,,Resumen,True,,,,,,,,,,,,,,no,,1116,8842,3,1148,addons/quimibond_sgi/models/sgi_mp_change.py,203
quimibond_sgi,sgi.activity.change,description,Text,,Descripción,True,,,,,,,,,,,,,,no,,32,38,0,18,addons/quimibond_sgi/models/sgi_mp_change.py,204
quimibond_sgi,sgi.activity.change,how_steps,Text,,Cómo (pasos),True,,,,,,,,,,,,,,no,,9,2,0,8,addons/quimibond_sgi/models/sgi_mp_change.py,205
quimibond_sgi,sgi.activity.change,instruction_id,Many2one,documents.document,Instructivo,True,,,,,,,,,,,,,,no,,17,5,0,5,addons/quimibond_sgi/models/sgi_mp_change.py,206
quimibond_sgi,sgi.activity.change,format_document_ids,Many2many,documents.document,Formatos referenciados,True,,,,,,,,,,,,,,no,,9,6,0,5,addons/quimibond_sgi/models/sgi_mp_change.py,208
quimibond_sgi,sgi.activity.change,related_procedure_id,Many2one,documents.document,Procedimiento relacionado,True,,,,,,,,,,,,,,no,,14,2,0,3,addons/quimibond_sgi/models/sgi_mp_change.py,211
quimibond_sgi,sgi.activity.change,measure_cadence,Selection,,Cadencia esperada,True,,,,,,,,,,,,,_activity_selection('measure_cadence'),no,,24,12,0,22,addons/quimibond_sgi/models/sgi_mp_change.py,214
quimibond_sgi,sgi.activity.change,due_weekday,Selection,,Vence el (semanal),True,,,,,,,,,,,,,_activity_selection('due_weekday'),no,,17,2,0,6,addons/quimibond_sgi/models/sgi_mp_change.py,215
quimibond_sgi,sgi.activity.change,due_business_day,Integer,,Vence el día hábil (mensual),True,,,,,,,,,,,,,,no,,18,2,0,3,addons/quimibond_sgi/models/sgi_mp_change.py,216
quimibond_sgi,sgi.activity.change,due_month,Selection,,Vence en el mes,True,,,,,,,,,,,,,_activity_selection('due_month'),no,,13,2,0,5,addons/quimibond_sgi/models/sgi_mp_change.py,217
quimibond_sgi,sgi.activity.change,due_day,Integer,,Vence el día,True,,,,,,,,,,,,,,no,,18,2,0,7,addons/quimibond_sgi/models/sgi_mp_change.py,218
quimibond_sgi,sgi.activity.change,exec_channel,Selection,,Dónde se hace,True,,,,,,,,,,,,,_activity_selection('exec_channel'),no,,15,30,0,7,addons/quimibond_sgi/models/sgi_mp_change.py,219
quimibond_sgi,sgi.activity.change,odoo_menu_id,Many2one,ir.ui.menu,Menú de Odoo,True,,,,,,,,,,,,,,no,,24,8,0,9,addons/quimibond_sgi/models/sgi_mp_change.py,220
quimibond_sgi,sgi.activity.change,external_system,Char,,Sistema externo,True,,,,,,,,,,,,,,no,,14,2,0,0,addons/quimibond_sgi/models/sgi_mp_change.py,221
quimibond_sgi,sgi.activity.change,place_note,Char,,Lugar,True,,,,,,,,,,,,,,no,,8,2,0,0,addons/quimibond_sgi/models/sgi_mp_change.py,222
quimibond_sgi,sgi.activity.change,check_against,Char,,Contra qué se compara,True,,,,,,,,,,,,,,no,,11,2,0,2,addons/quimibond_sgi/models/sgi_mp_change.py,223
quimibond_sgi,sgi.activity.change,done_criteria,Text,,Criterio de terminado,True,,,,,,,,,,,,,,no,,9,2,0,12,addons/quimibond_sgi/models/sgi_mp_change.py,224
quimibond_sgi,sgi.activity.change,on_fail,Text,,Si no se puede cumplir,True,,,,,,,,,,,,,,no,,11,2,0,5,addons/quimibond_sgi/models/sgi_mp_change.py,225
quimibond_sgi,sgi.activity.change,role_line_ids,One2many,sgi.activity.change.role,Quién la hace,n/a,,,,,,,,,,,,,,no,,11,1,0,5,addons/quimibond_sgi/models/sgi_mp_change.py,226
quimibond_sgi,sgi.activity.change,diff_html,Html,,Qué cambia,False,_compute_diff_html,,,,,,,,,,,,,no,,3,1,0,2,addons/quimibond_sgi/models/sgi_mp_change.py,227
quimibond_sgi,sgi.activity.change,diff_snapshot,Html,,Cambio enviado,True,,,,,True,,,,,,,,,no,,3,0,0,0,addons/quimibond_sgi/models/sgi_mp_change.py,230
quimibond_sgi,sgi.activity.change.role,change_id,Many2one,sgi.activity.change,,True,,,True,True,,,cascade,,,,,,,no,,7,0,0,0,addons/quimibond_sgi/models/sgi_mp_change.py,516
quimibond_sgi,sgi.activity.change.role,sequence,Integer,,,True,,,,,,,,,sí,,,,,no,,104,294,0,19,addons/quimibond_sgi/models/sgi_mp_change.py,517
quimibond_sgi,sgi.activity.change.role,role,Selection,,Rol,True,,,True,,,,,,sí,,,,_role_selection('role'),no,,400,120,1,184,addons/quimibond_sgi/models/sgi_mp_change.py,532
quimibond_sgi,sgi.activity.change.role,target_type,Selection,,Asignado a,True,,,True,,,,,,sí,,,,_role_selection('target_type'),no,,31,21,0,15,addons/quimibond_sgi/models/sgi_mp_change.py,533
quimibond_sgi,sgi.activity.change.role,job_id,Many2one,hr.job,Puesto,True,,,,,,,,,,,,,,no,,167,51,1,135,addons/quimibond_sgi/models/sgi_mp_change.py,535
quimibond_sgi,sgi.activity.change.role,family_id,Many2one,sgi.job.family,Familia de puestos,True,,,,,,,,,,,,,,no,,45,11,1,10,addons/quimibond_sgi/models/sgi_mp_change.py,536
quimibond_sgi,sgi.activity.change.role,relative_role,Selection,,Rol relativo,True,,,,,,,,,,,,,_role_selection('relative_role'),no,,22,4,0,4,addons/quimibond_sgi/models/sgi_mp_change.py,537
quimibond_sgi,sgi.activity.change.role,after_days,Integer,,Escala a los (días hábiles),True,,,,,,,,,,,,,,no,,29,7,0,7,addons/quimibond_sgi/models/sgi_mp_change.py,538
quimibond_sgi,sgi.activity.change.role,condition,Char,,Condición,True,,,,,,,,,,,,,,no,,25,11,0,5,addons/quimibond_sgi/models/sgi_mp_change.py,539
quimibond_sgi,maintenance.equipment,sgi_msa_ids,One2many,sgi.msa.study,Estudios MSA,n/a,,,,,,,,,,,,,,no,,0,0,0,0,addons/quimibond_sgi/models/sgi_msa.py,17
quimibond_sgi,maintenance.equipment,sgi_msa_count,Integer,,# MSA,False,_compute_sgi_msa_count,,,,,,,,,,,,,no,,1,1,0,1,addons/quimibond_sgi/models/sgi_msa.py,19
quimibond_sgi,sgi.msa.study,equipment_id,Many2one,maintenance.equipment,Equipo de medición,True,,,True,,,,,True,,,,,,no,,28,17,0,14,addons/quimibond_sgi/models/sgi_msa.py,47
quimibond_sgi,sgi.msa.study,study_type,Selection,,Tipo de estudio,True,,,True,,,,,True,sí,,,,"[('grr_variable', 'Gage R&R (variables)'), ('atributos', 'Estudio por atributos'), ('sesgo_linealidad', 'Sesgo / lineal…",no,,3,5,0,0,addons/quimibond_sgi/models/sgi_msa.py,50
quimibond_sgi,sgi.msa.study,date,Date,,Fecha,True,,,True,,,,,True,sí,,,,,no,,193,79,0,587,addons/quimibond_sgi/models/sgi_msa.py,56
quimibond_sgi,sgi.msa.study,characteristic,Char,,Característica medida,True,,,,,,,,,,,,,,no,,3,1,0,0,addons/quimibond_sgi/models/sgi_msa.py,58
quimibond_sgi,sgi.msa.study,point_id,Many2one,quality.point,Punto de control,True,,,,,,,,,,,,,,no,,4,7,0,6,addons/quimibond_sgi/models/sgi_msa.py,59
quimibond_sgi,sgi.msa.study,grr_pct,Float,,% GRR,True,,,,,,,,,,,,,,sí,Porcentaje de variación del sistema de medición (solo Gage R&R de variables).,6,2,0,4,addons/quimibond_sgi/models/sgi_msa.py,60
quimibond_sgi,sgi.msa.study,ndc,Integer,,ndc (categorías distintas),True,,,,,,,,,,,,,,sí,Número de categorías distintas; AIAG pide ≥ 5.,1,2,0,0,addons/quimibond_sgi/models/sgi_msa.py,63
quimibond_sgi,sgi.msa.study,verdict,Selection,,Veredicto,True,_compute_verdict,,,,False,,,True,,,,,"[('aceptable', 'Aceptable'), ('marginal', 'Marginal'), ('inaceptable', 'Inaceptable')]",sí,Para Gage R&R se calcula de los umbrales AIAG (%GRR <10 / 10-30 / >30); para los demás tipos se captura a mano.,10,12,0,3,addons/quimibond_sgi/models/sgi_msa.py,65
quimibond_sgi,sgi.msa.study,notes,Text,,Notas / referencia del reporte,True,,,,,,,,,,,,,,no,,8,13,0,0,addons/quimibond_sgi/models/sgi_msa.py,73
quimibond_sgi,sgi.my.pending,user_id,Many2one,res.users,Usuario,True,,,,,True,,,,,,,,,no,,199,28,0,94,addons/quimibond_sgi/models/sgi_my_pending.py,52
quimibond_sgi,sgi.my.pending,employee_id,Many2one,hr.employee.public,Persona,True,,,,,True,,,,,,,,,no,,145,48,0,51,addons/quimibond_sgi/models/sgi_my_pending.py,53
quimibond_sgi,sgi.my.pending,kind,Selection,,Tipo,True,,,True,,True,,,,,,,,PENDING_KINDS,no,,137,74,22,39,addons/quimibond_sgi/models/sgi_my_pending.py,54
quimibond_sgi,sgi.my.pending,name,Char,,Qué,True,,,,,True,,,,,,,,,no,,1116,8842,3,1148,addons/quimibond_sgi/models/sgi_my_pending.py,55
quimibond_sgi,sgi.my.pending,process_id,Many2one,sgi.process,Proceso,True,,,,,True,,,,,,,,,no,,241,81,3,142,addons/quimibond_sgi/models/sgi_my_pending.py,56
quimibond_sgi,sgi.my.pending,date_due,Date,,Vence,True,,,,,True,,,,,,,,,no,,10,4,0,0,addons/quimibond_sgi/models/sgi_my_pending.py,57
quimibond_sgi,sgi.my.pending,state,Selection,,Estado,True,,,,,True,,,,,,,,PENDING_STATES,no,,486,472,44,237,addons/quimibond_sgi/models/sgi_my_pending.py,58
quimibond_sgi,sgi.my.pending,state_rank,Integer,,,True,,,,,True,,,,,,,,,no,,3,2,0,0,addons/quimibond_sgi/models/sgi_my_pending.py,59
quimibond_sgi,sgi.my.pending,res_model,Char,,,True,,,,,True,,,,,,,,,no,,166,83,2,118,addons/quimibond_sgi/models/sgi_my_pending.py,60
quimibond_sgi,sgi.my.pending,res_id,Integer,,,True,,,,,True,,,,,,,,,no,,147,2,7,93,addons/quimibond_sgi/models/sgi_my_pending.py,61
quimibond_sgi,sgi.my.procedure,pending_total,Integer,,Mis pendientes,False,_compute_pending_summary,,,,,,,,,,,,,no,,1,2,0,1,addons/quimibond_sgi/models/sgi_my_pending.py,265
quimibond_sgi,sgi.my.procedure,pending_late,Integer,,Pendientes atrasados,False,_compute_pending_summary,,,,,,,,,,,,,no,,1,2,0,1,addons/quimibond_sgi/models/sgi_my_pending.py,266
quimibond_sgi,hr.employee.public,sgi_mp_pending_total,Integer,,Pendientes,False,_compute_sgi_mp_pending,,,,,,,,,,_search_sgi_mp_pending_total,,,no,,1,6,0,0,addons/quimibond_sgi/models/sgi_my_pending.py,290
quimibond_sgi,hr.employee.public,sgi_mp_pending_late,Integer,,Pendientes atrasados,False,_compute_sgi_mp_pending,,,,,,,,,,_search_sgi_mp_pending_late,,,no,,1,4,0,2,addons/quimibond_sgi/models/sgi_my_pending.py,293
quimibond_sgi,hr.employee.public,sgi_mp_pending_state,Selection,,Semáforo,False,_compute_sgi_mp_pending,,,,,,,,,,_search_sgi_mp_pending_state,,PENDING_STATES,sí,"El peor estado de sus pendientes: atrasada, por vencer o al día.",1,11,0,3,addons/quimibond_sgi/models/sgi_my_pending.py,296
quimibond_sgi,documents.document,sgi_doc_type,Selection,,,True,,,,,,,{'mi_procedimiento': 'set null'},,,,,,,no,,41,24,0,73,addons/quimibond_sgi/models/sgi_my_procedure.py,60
quimibond_sgi,documents.document,sgi_content_hash,Char,,Huella del contenido,True,,,,True,True,,,,,,,,,no,,12,0,0,0,addons/quimibond_sgi/models/sgi_my_procedure.py,65
quimibond_sgi,sgi.activity.role,cadence,Selection,,Cadencia,True,,activity_id.measure_cadence,,,,,,,,,,,,no,,16,6,0,4,addons/quimibond_sgi/models/sgi_my_procedure.py,73
quimibond_sgi,sgi.activity.role,activity_active,Boolean,,Actividad activa,True,,activity_id.active,,,,,,,,,,,,no,,6,0,0,1,addons/quimibond_sgi/models/sgi_my_procedure.py,75
quimibond_sgi,sgi.activity.role,activity_menu_id,Many2one,,Menú de Odoo,False,,activity_id.odoo_menu_id,,,,,,,,,,,,no,,0,1,0,0,addons/quimibond_sgi/models/sgi_my_procedure.py,77
quimibond_sgi,sgi.activity.role,activity_when,Char,,Cuándo,False,_compute_activity_when,,,,,,,,,,,,,no,,1,4,0,3,addons/quimibond_sgi/models/sgi_my_procedure.py,79
quimibond_sgi,hr.job,sgi_my_procedure_doc_id,Many2one,documents.document,Mi procedimiento (vigente),False,_compute_sgi_my_procedure_doc,,,,,,,,,,,,,no,,1,3,0,1,addons/quimibond_sgi/models/sgi_my_procedure.py,100
quimibond_sgi,hr.job,sgi_my_procedure_stale,Boolean,,Mi procedimiento desactualizado,False,_compute_sgi_my_procedure_doc,,,,,,,,,,,,,sí,Las actividades del puesto cambiaron desde la última revisión publicada de «Mi procedimiento».,1,2,0,2,addons/quimibond_sgi/models/sgi_my_procedure.py,103
quimibond_sgi,hr.employee,sgi_document_ack_ids,One2many,sgi.document.ack,Acuses de lectura,n/a,,,,,,,,,,,,,,no,,2,0,0,0,addons/quimibond_sgi/models/sgi_my_procedure.py,647
quimibond_sgi,hr.employee,sgi_my_procedure_ack_state,Selection,,Mi procedimiento,True,_compute_sgi_my_procedure_ack,,,True,,,,,,,,,"[('sin_publicar', 'Sin publicar'), ('pendiente', 'Acuse pendiente'), ('leido', 'Leído y entendido')]",no,,6,1,0,6,addons/quimibond_sgi/models/sgi_my_procedure.py,649
quimibond_sgi,sgi.my.procedure.mixin,sgi_mp_role_ids,Many2many,sgi.activity.role,Mis actividades,False,_compute_sgi_mp_roles,,,,,,,,,,,,,no,,7,3,0,19,addons/quimibond_sgi/models/sgi_my_procedure_screen.py,126
quimibond_sgi,sgi.my.procedure.mixin,sgi_mp_received_role_ids,Many2many,sgi.activity.role,Escalamientos que recibe,False,_compute_sgi_mp_roles,,,,,,,,,,,,,no,,7,9,0,1,addons/quimibond_sgi/models/sgi_my_procedure_screen.py,128
quimibond_sgi,sgi.my.procedure.mixin,sgi_mp_short_role_ids,Many2many,sgi.activity.role,Participa o se entera,False,_compute_sgi_mp_roles,,,,,,,,,,,,,no,,7,9,0,1,addons/quimibond_sgi/models/sgi_my_procedure_screen.py,130
quimibond_sgi,sgi.my.procedure.mixin,sgi_mp_ack_ids,Many2many,sgi.document.ack,Acuses de lectura (Mi procedimiento),False,_compute_sgi_mp_lists,,,,,,,,,,,,,no,,2,6,0,2,addons/quimibond_sgi/models/sgi_my_procedure_screen.py,132
quimibond_sgi,sgi.my.procedure.mixin,sgi_mp_document_ids,Many2many,documents.document,Documentos que aplican al puesto,False,_compute_sgi_mp_lists,,,,,,,,,,,,,no,,1,9,0,2,addons/quimibond_sgi/models/sgi_my_procedure_screen.py,134
quimibond_sgi,sgi.my.procedure.mixin,sgi_mp_epp_ids,Many2many,sgi.epp.delivery,Responsivas de EPP (Mi procedimiento),False,_compute_sgi_mp_lists,,,,,,,,,,,,,no,,2,6,0,0,addons/quimibond_sgi/models/sgi_my_procedure_screen.py,136
quimibond_sgi,sgi.my.procedure.mixin,sgi_mp_epp_text,Text,,EPP requerido (Mi procedimiento),False,_compute_sgi_mp_lists,,,,,,,,,,,,,no,,1,8,0,1,addons/quimibond_sgi/models/sgi_my_procedure_screen.py,138
quimibond_sgi,sgi.my.procedure.mixin,sgi_mp_can_sign,Boolean,,Puede firmar,False,_compute_sgi_mp_lists,,,,,,,,,,,,,no,,2,4,0,4,addons/quimibond_sgi/models/sgi_my_procedure_screen.py,139
quimibond_sgi,sgi.my.procedure.mixin,sgi_mp_process_ids,Many2many,sgi.process,Procesos donde participa,False,_compute_sgi_mp_roles,,,,,,,,,,,,,no,,8,3,0,4,addons/quimibond_sgi/models/sgi_my_procedure_screen.py,140
quimibond_sgi,hr.employee,sgi_mp_job_id,Many2one,hr.job,Puesto (Mi procedimiento),True,,current_version_id.job_id,,True,True,,,,,,,,,no,,13,0,0,1,addons/quimibond_sgi/models/sgi_my_procedure_screen.py,222
quimibond_sgi,hr.employee,sgi_mp_role_ids,Many2many,sgi.activity.role,Mis actividades,True,_compute_sgi_mp_roles_stored,,,,,,,,,,,,,no,,7,3,0,19,addons/quimibond_sgi/models/sgi_my_procedure_screen.py,225
quimibond_sgi,hr.employee,sgi_mp_received_role_ids,Many2many,sgi.activity.role,Escalamientos que recibe,True,_compute_sgi_mp_roles_stored,,,,,,,,,,,,,no,,7,9,0,1,addons/quimibond_sgi/models/sgi_my_procedure_screen.py,228
quimibond_sgi,hr.employee,sgi_mp_short_role_ids,Many2many,sgi.activity.role,Participa o se entera,True,_compute_sgi_mp_roles_stored,,,,,,,,,,,,,no,,7,9,0,1,addons/quimibond_sgi/models/sgi_my_procedure_screen.py,231
quimibond_sgi,hr.employee,sgi_mp_process_ids,Many2many,sgi.process,Procesos donde participa,True,_compute_sgi_mp_roles_stored,,,,,,,,,,,,,no,,8,3,0,4,addons/quimibond_sgi/models/sgi_my_procedure_screen.py,234
quimibond_sgi,sgi.activity.role,mp_status,Selection,,Estado,False,_compute_mp_pieces,,,,,,,,,,,,_MP_STATUS,no,,6,13,0,4,addons/quimibond_sgi/models/sgi_my_procedure_screen.py,288
quimibond_sgi,sgi.activity.role,mp_status_detail,Char,,Detalle del estado,False,_compute_mp_pieces,,,,,,,,,,,,,no,,2,2,0,0,addons/quimibond_sgi/models/sgi_my_procedure_screen.py,289
quimibond_sgi,sgi.activity.role,mp_number,Char,,Numeral,False,_compute_mp_pieces,,,,,,,,,,,,,no,,2,7,0,0,addons/quimibond_sgi/models/sgi_my_procedure_screen.py,290
quimibond_sgi,sgi.activity.role,mp_name,Char,,Nombre de la actividad,False,,activity_id.name,,,,,,,,,,,,no,,0,7,0,0,addons/quimibond_sgi/models/sgi_my_procedure_screen.py,291
quimibond_sgi,sgi.activity.role,mp_how,Text,,Cómo,False,_compute_mp_pieces,,,,,,,,,,,,,no,,2,2,0,1,addons/quimibond_sgi/models/sgi_my_procedure_screen.py,292
quimibond_sgi,sgi.activity.role,mp_where,Char,,Dónde,False,_compute_mp_pieces,,,,,,,,,,,,,no,,2,2,0,0,addons/quimibond_sgi/models/sgi_my_procedure_screen.py,293
quimibond_sgi,sgi.activity.role,mp_check_against,Char,,Contra qué se revisa,False,_compute_mp_pieces,,,,,,,,,,,,,no,,2,3,0,1,addons/quimibond_sgi/models/sgi_my_procedure_screen.py,294
quimibond_sgi,sgi.activity.role,mp_done,Text,,Terminada cuando,False,_compute_mp_pieces,,,,,,,,,,,,,no,,2,3,0,1,addons/quimibond_sgi/models/sgi_my_procedure_screen.py,295
quimibond_sgi,sgi.activity.role,mp_on_fail,Text,,Si no se puede,False,_compute_mp_pieces,,,,,,,,,,,,,no,,2,3,0,1,addons/quimibond_sgi/models/sgi_my_procedure_screen.py,296
quimibond_sgi,sgi.activity.role,mp_inputs,Char,,Recibe,False,_compute_mp_pieces,,,,,,,,,,,,,no,,2,3,0,0,addons/quimibond_sgi/models/sgi_my_procedure_screen.py,297
quimibond_sgi,sgi.activity.role,mp_outputs,Char,,Entrega,False,_compute_mp_pieces,,,,,,,,,,,,,no,,2,3,0,0,addons/quimibond_sgi/models/sgi_my_procedure_screen.py,298
quimibond_sgi,sgi.activity.role,mp_related,Char,,Conforme a,False,_compute_mp_pieces,,,,,,,,,,,,,no,,2,3,0,0,addons/quimibond_sgi/models/sgi_my_procedure_screen.py,299
quimibond_sgi,sgi.activity.role,mp_escalates,Char,,"Si se atora, escala a",False,_compute_mp_pieces,,,,,,,,,,,,,no,,2,3,0,1,addons/quimibond_sgi/models/sgi_my_procedure_screen.py,300
quimibond_sgi,sgi.activity.role,mp_norms,Char,,Cumple con,False,_compute_mp_pieces,,,,,,,,,,,,,no,,2,3,0,0,addons/quimibond_sgi/models/sgi_my_procedure_screen.py,301
quimibond_sgi,sgi.activity.role,mp_external,Char,,Se hace en,False,,activity_id.external_system,,,,,,,,,,,,no,,0,3,0,0,addons/quimibond_sgi/models/sgi_my_procedure_screen.py,302
quimibond_sgi,sgi.activity.role,mp_instruction_id,Many2one,,Instructivo,False,,activity_id.instruction_id,,,,,,,,,,,,no,,0,6,0,0,addons/quimibond_sgi/models/sgi_my_procedure_screen.py,303
quimibond_sgi,sgi.activity.role,mp_can_go,Boolean,,Se puede ir a hacer,False,_compute_mp_pieces,,,,,,,,,,,,,no,,2,6,0,1,addons/quimibond_sgi/models/sgi_my_procedure_screen.py,305
quimibond_sgi,sgi.my.procedure,employee_id,Many2one,hr.employee.public,Ver como: empleado,True,,,,,,,,,,,,,,no,,145,48,0,51,addons/quimibond_sgi/models/sgi_my_procedure_screen.py,363
quimibond_sgi,sgi.my.procedure,employee_avatar,Binary,,Foto,False,,employee_id.avatar_128,,,,,,,,,,,,no,,0,1,0,1,addons/quimibond_sgi/models/sgi_my_procedure_screen.py,364
quimibond_sgi,sgi.my.procedure,job_id,Many2one,hr.job,Ver como: puesto,True,_compute_job_id,,,,False,,,,,,,,,no,,167,51,1,135,addons/quimibond_sgi/models/sgi_my_procedure_screen.py,365
quimibond_sgi,sgi.my.procedure,can_pick,Boolean,,,False,_compute_scope,,,,,,,,,,,,,no,,2,2,0,5,addons/quimibond_sgi/models/sgi_my_procedure_screen.py,367
quimibond_sgi,sgi.my.procedure,can_publish,Boolean,,,False,_compute_scope,,,,,,,,,,,,,no,,1,0,0,1,addons/quimibond_sgi/models/sgi_my_procedure_screen.py,368
quimibond_sgi,sgi.my.procedure,allowed_employee_ids,Many2many,hr.employee.public,Empleados visibles,False,_compute_scope,,,,,,,,,,,,,no,,7,2,0,3,addons/quimibond_sgi/models/sgi_my_procedure_screen.py,369
quimibond_sgi,sgi.my.procedure,allowed_job_ids,Many2many,hr.job,Puestos visibles,False,_compute_scope,,,,,,,,,,,,,no,,3,1,0,1,addons/quimibond_sgi/models/sgi_my_procedure_screen.py,371
quimibond_sgi,sgi.my.procedure,is_me,Boolean,,,False,_compute_ack,,,,,,,,,,,,,no,,2,1,0,2,addons/quimibond_sgi/models/sgi_my_procedure_screen.py,373
quimibond_sgi,sgi.my.procedure,ack_state,Selection,,,False,_compute_ack,,,,,,,,,,,,"[('sin_publicar', 'Sin revisión publicada'), ('no_aplica', 'No aplica'), ('pendiente', 'Pendiente de firma'), ('leido',…",no,,4,3,0,4,addons/quimibond_sgi/models/sgi_my_procedure_screen.py,374
quimibond_sgi,sgi.my.procedure,ack_label,Char,,,False,_compute_ack,,,,,,,,,,,,,no,,4,2,0,0,addons/quimibond_sgi/models/sgi_my_procedure_screen.py,380
quimibond_sgi,sgi.my.procedure,doc_id,Many2one,documents.document,,False,_compute_ack,,,,,,,,,,,,,no,,15,1,0,0,addons/quimibond_sgi/models/sgi_my_procedure_screen.py,381
quimibond_sgi,sgi.my.procedure,boss_id,Many2one,hr.employee.public,Mi jefe,False,_compute_who,,,,,,,,,,,,,no,,1,2,0,1,addons/quimibond_sgi/models/sgi_my_procedure_screen.py,384
quimibond_sgi,sgi.my.procedure,department_id,Many2one,hr.department,Área,False,_compute_who,,,,,,,,,,,,,no,,34,49,0,13,addons/quimibond_sgi/models/sgi_my_procedure_screen.py,385
quimibond_sgi,sgi.my.procedure,family_id,Many2one,sgi.job.family,Familia de puestos,False,_compute_who,,,,,,,,,,,,,no,,45,11,1,10,addons/quimibond_sgi/models/sgi_my_procedure_screen.py,386
quimibond_sgi,sgi.my.procedure,process_ids,Many2many,sgi.process,Procesos donde participa,False,_compute_who,,,,,,,,,,,,,no,,20,11,0,19,addons/quimibond_sgi/models/sgi_my_procedure_screen.py,387
quimibond_sgi,sgi.my.procedure,job_employee_ids,Many2many,hr.employee.public,Personas en el puesto,False,_compute_who,,,,,,,,,,,,,no,,2,1,0,0,addons/quimibond_sgi/models/sgi_my_procedure_screen.py,388
quimibond_sgi,sgi.my.procedure,late_count,Integer,,Atrasadas,False,_compute_lists,,,,,,,,,,,,,no,,1,0,0,1,addons/quimibond_sgi/models/sgi_my_procedure_screen.py,392
quimibond_sgi,sgi.my.procedure,ok_count,Integer,,Al día,False,_compute_lists,,,,,,,,,,,,,no,,3,0,0,2,addons/quimibond_sgi/models/sgi_my_procedure_screen.py,393
quimibond_sgi,sgi.my.procedure,unmeasured_count,Integer,,Sin medición automática,False,_compute_lists,,,,,,,,,,,,,no,,1,0,0,1,addons/quimibond_sgi/models/sgi_my_procedure_screen.py,394
quimibond_sgi,sgi.my.procedure,pending_ack_count,Integer,,Firmas pendientes,False,_compute_lists,,,,,,,,,,,,,no,,1,2,0,1,addons/quimibond_sgi/models/sgi_my_procedure_screen.py,395
quimibond_sgi,sgi.my.procedure,pending_count,Integer,,Acciones abiertas,False,_compute_counts,,,,,,,,,,,,,no,,1,0,0,1,addons/quimibond_sgi/models/sgi_my_procedure_screen.py,396
quimibond_sgi,sgi.my.procedure,activity_count,Integer,,Actividades,False,_compute_counts,,,,,,,,,,,,,no,,7,10,0,8,addons/quimibond_sgi/models/sgi_my_procedure_screen.py,397
quimibond_sgi,sgi.my.procedure,role_ids,Many2many,sgi.activity.role,Mis actividades,False,_compute_lists,,,,,,,,,,,,,no,,44,6,2,82,addons/quimibond_sgi/models/sgi_my_procedure_screen.py,400
quimibond_sgi,sgi.my.procedure,received_role_ids,Many2many,sgi.activity.role,Escalamientos que recibe,False,_compute_lists,,,,,,,,,,,,,no,,4,2,0,3,addons/quimibond_sgi/models/sgi_my_procedure_screen.py,402
quimibond_sgi,sgi.my.procedure,short_role_ids,Many2many,sgi.activity.role,Participa o se entera,False,_compute_lists,,,,,,,,,,,,,no,,4,2,0,2,addons/quimibond_sgi/models/sgi_my_procedure_screen.py,404
quimibond_sgi,sgi.my.procedure,has_user,Boolean,,,False,_compute_lists,,,,,,,,,,,,,no,,1,0,0,2,addons/quimibond_sgi/models/sgi_my_procedure_screen.py,408
quimibond_sgi,sgi.my.procedure,pending_action_ids,Many2many,sgi.action.line,Acciones abiertas o vencidas,False,_compute_lists,,,,,,,,,,,,,no,,5,0,0,2,addons/quimibond_sgi/models/sgi_my_procedure_screen.py,409
quimibond_sgi,sgi.my.procedure,pending_nc_ids,Many2many,quality.alert,NC a contestar,False,_compute_lists,,,,,,,,,,,,,no,,5,0,0,0,addons/quimibond_sgi/models/sgi_my_procedure_screen.py,411
quimibond_sgi,sgi.my.procedure,pending_measure_ids,Many2many,sgi.indicator.measure,Mediciones por capturar o validar,False,_compute_lists,,,,,,,,,,,,,no,,5,0,0,0,addons/quimibond_sgi/models/sgi_my_procedure_screen.py,413
quimibond_sgi,sgi.my.procedure,indicator_ids,Many2many,sgi.indicator,Mis indicadores,False,_compute_lists,,,,,,,,,,,,,no,,19,4,0,13,addons/quimibond_sgi/models/sgi_my_procedure_screen.py,418
quimibond_sgi,sgi.my.procedure,official_indicator_ids,Many2many,sgi.indicator,Indicadores oficiales a mi cargo,False,_compute_lists,,,,,,,,,,,,,no,,2,0,0,1,addons/quimibond_sgi/models/sgi_my_procedure_screen.py,421
quimibond_sgi,sgi.my.procedure,has_obligations,Boolean,,,False,_compute_lists,,,,,,,,,,,,,no,,2,1,0,0,addons/quimibond_sgi/models/sgi_my_procedure_screen.py,423
quimibond_sgi,sgi.my.procedure,pending_legal_ids,Many2many,sgi.legal.requirement,Requisitos legales por evaluar,False,_compute_lists,,,,,,,,,,,,,no,,5,0,0,1,addons/quimibond_sgi/models/sgi_my_procedure_screen.py,424
quimibond_sgi,sgi.my.procedure,pending_doc_review_ids,Many2many,documents.document,Documentos por revisar (60 días),False,_compute_lists,,,,,,,,,,,,,no,,5,0,0,1,addons/quimibond_sgi/models/sgi_my_procedure_screen.py,426
quimibond_sgi,sgi.my.procedure,ack_ids,Many2many,sgi.document.ack,Mis acuses de lectura,False,_compute_lists,,,,,,,,,,,,,no,,2,2,0,1,addons/quimibond_sgi/models/sgi_my_procedure_screen.py,430
quimibond_sgi,sgi.my.procedure,document_ids,Many2many,documents.document,Documentos que aplican al puesto,False,_compute_lists,,,,,,,,,,,,,no,,6,2,0,7,addons/quimibond_sgi/models/sgi_my_procedure_screen.py,432
quimibond_sgi,sgi.my.procedure,epp_required,Text,,EPP requerido por el puesto,False,_compute_lists,,,,,,,,,,,,,no,,1,3,0,2,addons/quimibond_sgi/models/sgi_my_procedure_screen.py,436
quimibond_sgi,sgi.my.procedure,epp_delivery_ids,Many2many,sgi.epp.delivery,Responsivas de EPP,False,_compute_lists,,,,,,,,,,,,,no,,4,3,0,2,addons/quimibond_sgi/models/sgi_my_procedure_screen.py,437
quimibond_sgi,sgi.my.procedure,epp_pending_sign,Boolean,,Responsiva de EPP por firmar,False,_compute_lists,,,,,,,,,,,,,no,,1,0,0,2,addons/quimibond_sgi/models/sgi_my_procedure_screen.py,439
quimibond_sgi,sgi.my.procedure,epp_label,Char,,EPP,False,_compute_lists,,,,,,,,,,,,,no,,3,2,0,0,addons/quimibond_sgi/models/sgi_my_procedure_screen.py,440
quimibond_sgi,sgi.my.procedure,received_count,Integer,,,False,_compute_counts,,,,,,,,,,,,,no,,1,0,0,0,addons/quimibond_sgi/models/sgi_my_procedure_screen.py,644
quimibond_sgi,sgi.my.procedure,short_count,Integer,,,False,_compute_counts,,,,,,,,,,,,,no,,1,0,0,0,addons/quimibond_sgi/models/sgi_my_procedure_screen.py,645
quimibond_sgi,sgi.my.procedure,document_count,Integer,,,False,_compute_counts,,,,,,,,,,,,,no,,4,1,0,1,addons/quimibond_sgi/models/sgi_my_procedure_screen.py,646
quimibond_sgi,sgi.my.procedure,nc_count,Integer,,,False,_compute_counts,,,,,,,,,,,,,no,,17,13,0,2,addons/quimibond_sgi/models/sgi_my_procedure_screen.py,647
quimibond_sgi,sgi.my.procedure,measure_count,Integer,,,False,_compute_counts,,,,,,,,,,,,,no,,1,0,0,0,addons/quimibond_sgi/models/sgi_my_procedure_screen.py,648
quimibond_sgi,sgi.my.procedure,indicator_count,Integer,,,False,_compute_counts,,,,,,,,,,,,,no,,8,8,0,4,addons/quimibond_sgi/models/sgi_my_procedure_screen.py,649
quimibond_sgi,sgi.my.procedure,legal_count,Integer,,,False,_compute_counts,,,,,,,,,,,,,no,,1,0,0,0,addons/quimibond_sgi/models/sgi_my_procedure_screen.py,650
quimibond_sgi,sgi.my.procedure,doc_review_count,Integer,,,False,_compute_counts,,,,,,,,,,,,,no,,1,0,0,0,addons/quimibond_sgi/models/sgi_my_procedure_screen.py,651
quimibond_sgi,sgi.my.procedure,epp_count,Integer,,,False,_compute_counts,,,,,,,,,,,,,no,,1,0,0,0,addons/quimibond_sgi/models/sgi_my_procedure_screen.py,652
quimibond_sgi,sgi.my.procedure.check,ready_count,Integer,,Puestos listos para publicar,False,_compute_result,,,,,,,,,,,,,sí,Puestos con roles y con personas.,1,1,0,1,addons/quimibond_sgi/models/sgi_my_procedure_screen.py,888
quimibond_sgi,sgi.my.procedure.check,duplicate_job_ids,Many2many,hr.job,Puestos duplicados,False,_compute_result,,,,,,,,,,,,,sí,Puestos con el mismo nombre normalizado. Un empleado en el duplicado sin roles abre su procedimiento y lo ve vacío.,1,1,0,1,addons/quimibond_sgi/models/sgi_my_procedure_screen.py,891
quimibond_sgi,sgi.my.procedure.check,no_job_employee_ids,Many2many,hr.employee.public,Empleados sin puesto,False,_compute_result,,,,,,,,,,,,,no,,1,1,0,0,addons/quimibond_sgi/models/sgi_my_procedure_screen.py,895
quimibond_sgi,sgi.my.procedure.check,job_without_roles_employee_ids,Many2many,hr.employee.public,Empleados en un puesto sin roles,False,_compute_result,,,,,,,,,,,,,no,,1,1,0,1,addons/quimibond_sgi/models/sgi_my_procedure_screen.py,898
quimibond_sgi,sgi.my.procedure.check,roles_without_people_job_ids,Many2many,hr.job,Puestos con roles pero sin personas,False,_compute_result,,,,,,,,,,,,,no,,1,1,0,1,addons/quimibond_sgi/models/sgi_my_procedure_screen.py,901
quimibond_sgi,hr.employee.public,sgi_mp_late,Integer,,Atrasadas,False,_compute_sgi_mp_stats,,,,,,,,,,_search_sgi_mp_late,,,sí,Actividades del puesto (ejecuta o aprueba) que hoy están atrasadas.,3,0,0,2,addons/quimibond_sgi/models/sgi_my_procedure_screen.py,935
quimibond_sgi,hr.employee.public,sgi_mp_ok,Integer,,Al día,False,_compute_sgi_mp_stats,,,,,,,,,,,,,no,,2,0,0,0,addons/quimibond_sgi/models/sgi_my_procedure_screen.py,938
quimibond_sgi,hr.employee.public,sgi_mp_unmeasured,Integer,,Sin medición automática,False,_compute_sgi_mp_stats,,,,,,,,,,,,,no,,2,0,0,0,addons/quimibond_sgi/models/sgi_my_procedure_screen.py,939
quimibond_sgi,hr.employee.public,sgi_mp_total,Integer,,Actividades,False,_compute_sgi_mp_stats,,,,,,,,,,,,,no,,2,1,0,0,addons/quimibond_sgi/models/sgi_my_procedure_screen.py,940
quimibond_sgi,hr.employee.public,sgi_mp_acks_pending,Integer,,Firmas pendientes,False,_compute_sgi_mp_stats,,,,,,,,,,_search_sgi_mp_acks_pending,,,sí,Acuses de lectura pendientes de la persona (Mi procedimiento y demás documentos).,3,5,0,1,addons/quimibond_sgi/models/sgi_my_procedure_screen.py,941
quimibond_sgi,hr.employee.public,sgi_mp_ack_state,Selection,,Mi procedimiento,False,_compute_sgi_mp_stats,,,,,,,,,,_search_sgi_mp_ack_state,,"[('sin_publicar', 'Sin publicar'), ('pendiente', 'Acuse pendiente'), ('leido', 'Leído y entendido')]",no,,4,8,0,2,addons/quimibond_sgi/models/sgi_my_procedure_screen.py,945
quimibond_sgi,documents.document,sgi_publish_sign_request_id,Many2one,sign.request,Firma para entrar en vigor,True,,,,,True,,,,,,,,,sí,Solicitud de Sign de la que depende que esta revisión entre en vigor.,7,0,0,1,addons/quimibond_sgi/models/sgi_my_procedure_sign.py,24
quimibond_sgi,documents.document,sgi_publish_sign_state,Selection,,Estado de la firma,False,,sgi_publish_sign_request_id.state,,,,,,,,,,,,no,,0,0,0,0,addons/quimibond_sgi/models/sgi_my_procedure_sign.py,27
quimibond_sgi,res.config.settings,sgi_mp_sign_required,Boolean,,«Mi procedimiento» se firma en Sign,True,,,,,,,,,,,,,,sí,"Publicar deja la revisión en borrador y la manda a firmar (MAST elabora, el jefe directo aprueba); entra en vigor sola al firmarse.",0,1,0,0,addons/quimibond_sgi/models/sgi_my_procedure_sign.py,139
quimibond_sgi,quality.alert.stage,sgi_is_closing_stage,Boolean,,Etapa de cierre SGI,True,,,,,,,,,,,,,,no,,14,2,0,2,addons/quimibond_sgi/models/sgi_nonconformity.py,41
quimibond_sgi,quality.alert.stage,sgi_is_cancel_stage,Boolean,,Etapa de cancelación SGI,True,,,,,,,,,,,,,,no,,17,2,0,2,addons/quimibond_sgi/models/sgi_nonconformity.py,42
quimibond_sgi,quality.alert.team,sgi_sequence_id,Many2one,ir.sequence,Secuencia de folio SGI,True,,,,,,,,,,,,,,sí,Secuencia anual para el folio de las NC de este equipo.,8,2,0,0,addons/quimibond_sgi/models/sgi_nonconformity.py,48
quimibond_sgi,quality.alert,sgi_folio,Char,,Folio SGI,True,,,,True,True,,,True,,,,,,no,,50,25,0,11,addons/quimibond_sgi/models/sgi_nonconformity.py,62
quimibond_sgi,quality.alert,sgi_stage_is_closing,Boolean,,,False,,stage_id.sgi_is_closing_stage,,,,,,,,,,,,no,,8,4,0,0,addons/quimibond_sgi/models/sgi_nonconformity.py,63
quimibond_sgi,quality.alert,sgi_stage_is_cancel,Boolean,,,False,,stage_id.sgi_is_cancel_stage,,,,,,,,,,,,no,,6,5,0,0,addons/quimibond_sgi/models/sgi_nonconformity.py,64
quimibond_sgi,quality.alert,sgi_origin_type,Selection,,Origen,True,,,,,,,,True,sí,,,,"[('proceso', 'Proceso'), ('auditoria_interna', 'Auditoría interna'), ('auditoria_externa', 'Auditoría externa'), ('recl…",no,,16,7,0,16,addons/quimibond_sgi/models/sgi_nonconformity.py,65
quimibond_sgi,quality.alert,sgi_source_id,Many2one,sgi.alert.source,Fuente automática,True,,,,True,True,,set null,,,,,,,sí,Automatismo que levantó esta NC. Vacío si se capturó a mano.,6,0,0,6,addons/quimibond_sgi/models/sgi_nonconformity.py,78
quimibond_sgi,quality.alert,sgi_classification,Selection,,Clasificación,True,,,,,,,,True,,,,,"[('mayor', 'Mayor'), ('menor', 'Menor'), ('observacion', 'Observación')]",no,,14,8,0,13,addons/quimibond_sgi/models/sgi_nonconformity.py,82
quimibond_sgi,quality.alert,sgi_norm_clause_id,Many2one,sgi.norm.clause,Requisito (cláusula),True,,,,,,,,,,,,,,no,,8,2,0,3,addons/quimibond_sgi/models/sgi_nonconformity.py,87
quimibond_sgi,quality.alert,sgi_requester_id,Many2one,res.users,Solicitante,True,,,,,,,,,,,,,,no,,1,4,0,0,addons/quimibond_sgi/models/sgi_nonconformity.py,88
quimibond_sgi,quality.alert,sgi_requester_job,Char,,Cargo del solicitante,False,,sgi_requester_id.employee_id.job_title,,,True,,,,,,,,,no,,0,3,0,0,addons/quimibond_sgi/models/sgi_nonconformity.py,89
quimibond_sgi,quality.alert,sgi_lead_auditor_id,Many2one,res.users,Auditor líder,True,,,,,,,,,,,,,,no,,1,2,0,0,addons/quimibond_sgi/models/sgi_nonconformity.py,91
quimibond_sgi,quality.alert,sgi_process_id,Many2one,sgi.process,Proceso detectado,True,,,,,,,,,,,,,,no,,81,19,0,43,addons/quimibond_sgi/models/sgi_nonconformity.py,92
quimibond_sgi,quality.alert,sgi_responsible_ids,Many2many,res.users,Responsables a contestar,True,,,,,,,,,,,,,,no,,7,3,0,3,addons/quimibond_sgi/models/sgi_nonconformity.py,93
quimibond_sgi,quality.alert,sgi_deviation,Text,,Desviación detectada,True,,,,,,,,,,,,,,no,,10,7,0,1,addons/quimibond_sgi/models/sgi_nonconformity.py,95
quimibond_sgi,quality.alert,sgi_why_1,Char,,¿Por qué? 1,True,,,,,,,,,,,,,,no,,1,6,0,5,addons/quimibond_sgi/models/sgi_nonconformity.py,96
quimibond_sgi,quality.alert,sgi_why_2,Char,,¿Por qué? 2,True,,,,,,,,,,,,,,no,,1,5,0,5,addons/quimibond_sgi/models/sgi_nonconformity.py,97
quimibond_sgi,quality.alert,sgi_why_3,Char,,¿Por qué? 3,True,,,,,,,,,,,,,,no,,1,5,0,5,addons/quimibond_sgi/models/sgi_nonconformity.py,98
quimibond_sgi,quality.alert,sgi_why_4,Char,,¿Por qué? 4,True,,,,,,,,,,,,,,no,,1,5,0,5,addons/quimibond_sgi/models/sgi_nonconformity.py,99
quimibond_sgi,quality.alert,sgi_why_5,Char,,¿Por qué? 5,True,,,,,,,,,,,,,,no,,1,5,0,5,addons/quimibond_sgi/models/sgi_nonconformity.py,100
quimibond_sgi,quality.alert,sgi_root_cause,Text,,Causa raíz,True,,,,,,,,,,,,,,no,,4,4,0,13,addons/quimibond_sgi/models/sgi_nonconformity.py,101
quimibond_sgi,quality.alert,sgi_ishikawa_notes,Text,,Notas Ishikawa (5-6M),True,,,,,,,,,,,,,,no,,0,3,0,0,addons/quimibond_sgi/models/sgi_nonconformity.py,102
quimibond_sgi,quality.alert,sgi_effectiveness_note,Text,,Verificación de eficacia,True,,,,,,,,,,,,,,no,,1,4,0,11,addons/quimibond_sgi/models/sgi_nonconformity.py,103
quimibond_sgi,quality.alert,sgi_effectiveness_date,Date,,Fecha de eficacia,True,,,,,,,,,,,,,,no,,3,3,0,11,addons/quimibond_sgi/models/sgi_nonconformity.py,104
quimibond_sgi,quality.alert,sgi_effectiveness_by,Many2one,res.users,Eficacia verificada por,True,,,,,,,,,,,,,,no,,2,3,0,0,addons/quimibond_sgi/models/sgi_nonconformity.py,105
quimibond_sgi,quality.alert,sgi_lesson_captured,Boolean,,Lección aplicada a AMEF / plan de control / documento,True,,,,,,,,True,,,,,,sí,"Confírmelo cuando la lección aprendida de esta NC mayor ya se reflejó en el AMEF, el plan de control y/o el documento controlado correspondiente.",1,3,0,5,addons/quimibond_sgi/models/sgi_nonconformity.py,109
quimibond_sgi,quality.alert,sgi_followup_comments,Text,,Comentarios de seguimiento,True,,,,,,,,,,,,,,no,,0,1,0,0,addons/quimibond_sgi/models/sgi_nonconformity.py,115
quimibond_sgi,quality.alert,sgi_required_capa,Boolean,,¿Requirió acción correctiva?,True,,,,,,,,,,,,,,no,,0,1,0,0,addons/quimibond_sgi/models/sgi_nonconformity.py,116
quimibond_sgi,quality.alert,sgi_followup_action,Selection,,Acción a seguir,True,,,,,,,,,,,,,"[('exhorto', 'Exhorto'), ('administrativa', 'Acción administrativa'), ('na', 'N/A')]",no,,2,1,0,3,addons/quimibond_sgi/models/sgi_nonconformity.py,117
quimibond_sgi,quality.alert,sgi_verified_by,Many2one,res.users,Verificó,True,,,,,,,,,,,,,,no,,0,3,0,0,addons/quimibond_sgi/models/sgi_nonconformity.py,122
quimibond_sgi,quality.alert,sgi_verified_date,Date,,Fecha de verificación,True,,,,,,,,,,,,,,no,,0,2,0,0,addons/quimibond_sgi/models/sgi_nonconformity.py,123
quimibond_sgi,quality.alert,sgi_approved_by,Many2one,res.users,Aprobó,True,,,,,,,,,,,,,,no,,0,3,0,0,addons/quimibond_sgi/models/sgi_nonconformity.py,124
quimibond_sgi,quality.alert,sgi_approved_date,Date,,Fecha de aprobación,True,,,,,,,,,,,,,,no,,0,2,0,0,addons/quimibond_sgi/models/sgi_nonconformity.py,125
quimibond_sgi,quality.alert,sgi_complaint_ticket_id,Many2one,helpdesk.ticket,Reclamación ligada,True,,,,,True,,,,,,,,,no,,7,2,0,2,addons/quimibond_sgi/models/sgi_nonconformity.py,126
quimibond_sgi,quality.alert,sgi_external_ref,Char,,N° NCR externo,True,,,,,,,,,,,,,,no,,1,2,0,1,addons/quimibond_sgi/models/sgi_nonconformity.py,127
quimibond_sgi,quality.alert,sgi_action_line_ids,One2many,sgi.action.line,Correcciones y acciones,n/a,,,,,,,,,,,,,,no,,12,5,0,1,addons/quimibond_sgi/models/sgi_nonconformity.py,129
quimibond_sgi,quality.alert,sgi_due_containment,Date,,Contención vence,True,,,,,True,,,,,,,,,no,,5,1,0,3,addons/quimibond_sgi/models/sgi_nonconformity.py,138
quimibond_sgi,quality.alert,sgi_due_root_cause,Date,,Causa raíz vence,True,,,,,True,,,,,,,,,no,,5,1,0,3,addons/quimibond_sgi/models/sgi_nonconformity.py,139
quimibond_sgi,quality.alert,sgi_due_plan,Date,,Plan de acción vence,True,,,,,True,,,,,,,,,no,,7,1,0,3,addons/quimibond_sgi/models/sgi_nonconformity.py,140
quimibond_sgi,quality.alert,sgi_containment_state,Selection,,Contención,False,_compute_sgi_deadline_states,,,,,,,,,,,,_SGI_DEADLINE_STATES,no,,6,4,0,3,addons/quimibond_sgi/models/sgi_nonconformity.py,141
quimibond_sgi,quality.alert,sgi_root_cause_state,Selection,,Causa raíz (plazo),False,_compute_sgi_deadline_states,,,,,,,,,,,,_SGI_DEADLINE_STATES,no,,6,4,0,2,addons/quimibond_sgi/models/sgi_nonconformity.py,143
quimibond_sgi,quality.alert,sgi_plan_state,Selection,,Plan de acción,False,_compute_sgi_deadline_states,,,,,,,,,,,,_SGI_DEADLINE_STATES,no,,6,4,0,2,addons/quimibond_sgi/models/sgi_nonconformity.py,145
quimibond_sgi,quality.alert,sgi_containment_done,Boolean,,,False,_compute_sgi_deadline_states,,,,,,,,,,,,,no,,2,1,0,0,addons/quimibond_sgi/models/sgi_nonconformity.py,147
quimibond_sgi,quality.alert,sgi_effectiveness_due,Date,,Verificar eficacia el,True,,,,,True,,,,,,,,,sí,Se fija al terminar la última acción correctiva (90 días por omisión) y agenda la verificación al Jefe MAST.,5,2,0,3,addons/quimibond_sgi/models/sgi_nonconformity.py,149
quimibond_sgi,quality.alert,sgi_cancel_reason,Text,,Motivo de cancelación,True,,,,,True,,,,,,,,,no,,3,2,0,1,addons/quimibond_sgi/models/sgi_nonconformity.py,154
quimibond_sgi,quality.alert,sgi_cancel_requested_by,Many2one,res.users,Cancelación solicitada por,True,,,,,True,,,,,,,,,no,,2,2,0,1,addons/quimibond_sgi/models/sgi_nonconformity.py,155
quimibond_sgi,quality.alert,sgi_risk_ids,Many2many,sgi.risk,Riesgos ligados,True,,,,,,,,,,,,,,no,,0,1,0,1,addons/quimibond_sgi/models/sgi_nonconformity.py,159
quimibond_sgi,quality.alert,sgi_fmea_id,Many2one,sgi.fmea,AMEF ligado,True,,,,,,,,,,,,,,no,,7,3,0,3,addons/quimibond_sgi/models/sgi_nonconformity.py,162
quimibond_sgi,quality.alert,sgi_document_id,Many2one,documents.document,Documento ligado,True,,,,,,,,,,,,,,no,,12,15,0,5,addons/quimibond_sgi/models/sgi_nonconformity.py,163
quimibond_sgi,quality.alert,sgi_recurrence_count,Integer,,Reincidencias,True,_compute_sgi_recurrence,,,,,,,,,,,,,sí,Casos previos del mismo proceso en la ventana de reincidencia (misma cláusula cuenta doble).,2,1,0,5,addons/quimibond_sgi/models/sgi_nonconformity.py,170
quimibond_sgi,quality.alert,sgi_is_recurrent,Boolean,,Reincidente,True,_compute_sgi_recurrence,,,,,,,,,,,,,no,,4,3,0,2,addons/quimibond_sgi/models/sgi_nonconformity.py,174
quimibond_sgi,sgi.action.line,alert_id,Many2one,quality.alert,No Conformidad,True,,,,,,,cascade,,,,,,,no,,62,18,0,58,addons/quimibond_sgi/models/sgi_nonconformity.py,658
quimibond_sgi,sgi.action.line,risk_id,Many2one,sgi.risk,Riesgo / Oportunidad,True,,,,,,,cascade,,,,,,,no,,21,4,0,18,addons/quimibond_sgi/models/sgi_nonconformity.py,659
quimibond_sgi,sgi.action.line,fmea_line_id,Many2one,sgi.fmea.line,Modo de falla (AMEF),True,,,,,,,cascade,,,,,,,no,,13,3,0,4,addons/quimibond_sgi/models/sgi_nonconformity.py,660
quimibond_sgi,sgi.action.line,incident_id,Many2one,sgi.incident,Incidente SST,True,,,,,,,cascade,,,,,,,no,,13,4,0,7,addons/quimibond_sgi/models/sgi_nonconformity.py,662
quimibond_sgi,sgi.action.line,drill_id,Many2one,sgi.emergency.drill,Simulacro,True,,,,,,,cascade,,,,,,,no,,11,3,0,2,addons/quimibond_sgi/models/sgi_nonconformity.py,663
quimibond_sgi,sgi.action.line,objective_id,Many2one,sgi.objective,Objetivo integral,True,,,,,,,cascade,,,,,,,sí,Plan de acción del objetivo (ISO 6.2.2).,21,22,0,9,addons/quimibond_sgi/models/sgi_nonconformity.py,664
quimibond_sgi,sgi.action.line,action_type,Selection,,Tipo,True,,,True,,,,,,sí,,,,"[('contencion', 'Contención'), ('correccion', 'Corrección'), ('correctiva', 'Acción correctiva'), ('preventiva', 'Acció…",no,,13,16,0,23,addons/quimibond_sgi/models/sgi_nonconformity.py,667
quimibond_sgi,sgi.action.line,name,Char,,Descripción,True,,,True,,,,,,,,,,,no,,1116,8842,3,1148,addons/quimibond_sgi/models/sgi_nonconformity.py,673
quimibond_sgi,sgi.action.line,responsible_id,Many2one,res.users,Responsable,True,,,True,,,,,,,,,,,no,,62,43,0,67,addons/quimibond_sgi/models/sgi_nonconformity.py,674
quimibond_sgi,sgi.action.line,date_commit,Date,,Compromiso,True,,,True,,,,,,,,,,,no,,26,18,0,53,addons/quimibond_sgi/models/sgi_nonconformity.py,675
quimibond_sgi,sgi.action.line,date_done,Date,,Terminada el,True,,,,,,,,,,,,,,no,,86,19,0,44,addons/quimibond_sgi/models/sgi_nonconformity.py,676
quimibond_sgi,sgi.action.line,progress,Selection,,Avance,True,,,,,,,,,sí,,,,"[('0', '0%'), ('50', '50%'), ('100', '100%')]",no,,8,13,0,7,addons/quimibond_sgi/models/sgi_nonconformity.py,677
quimibond_sgi,sgi.action.line,state,Selection,,Estado,True,_compute_state,,,,,,,,,,,,"[('abierta', 'Abierta'), ('vencida', 'Vencida'), ('terminada', 'Terminada')]",no,,486,472,44,237,addons/quimibond_sgi/models/sgi_nonconformity.py,682
quimibond_sgi,sgi.action.line,activity_id,Many2one,mail.activity,Actividad,True,,,,True,True,,,,,,,,,no,,220,26,0,63,addons/quimibond_sgi/models/sgi_nonconformity.py,688
quimibond_sgi,sgi.action.line,origin_display,Char,,Origen,False,_compute_origin_display,,,,,,,,,,,,,no,,3,3,0,2,addons/quimibond_sgi/models/sgi_nonconformity.py,690
quimibond_sgi,sgi.nc.force.close,alert_id,Many2one,quality.alert,No Conformidad,True,,,True,,,,,,,,,,,no,,62,18,0,58,addons/quimibond_sgi/models/sgi_nonconformity.py,905
quimibond_sgi,sgi.nc.force.close,reason,Text,,Motivo del cierre forzado,True,,,True,,,,,,,,,,,no,,54,9,0,18,addons/quimibond_sgi/models/sgi_nonconformity.py,906
quimibond_sgi,sgi.nc.cancel,alert_id,Many2one,quality.alert,No Conformidad,True,,,True,,,,,,,,,,,no,,62,18,0,58,addons/quimibond_sgi/models/sgi_nonconformity.py,934
quimibond_sgi,sgi.nc.cancel,reason,Text,,Motivo de la cancelación,True,,,True,,,,,,,,,,,no,,54,9,0,18,addons/quimibond_sgi/models/sgi_nonconformity.py,935
quimibond_sgi,sgi.nc.cancel,is_manager,Boolean,,,False,_compute_is_manager,,,,,,,,,,,,,no,,1,5,0,2,addons/quimibond_sgi/models/sgi_nonconformity.py,936
quimibond_sgi,sgi.norm,code,Char,,Clave,True,,,True,True,,,,,,,,,,no,,593,355,0,336,addons/quimibond_sgi/models/sgi_norm.py,10
quimibond_sgi,sgi.norm,name,Char,,Nombre,True,,,True,,,,,,,,,,,no,,1116,8842,3,1148,addons/quimibond_sgi/models/sgi_norm.py,11
quimibond_sgi,sgi.norm,clause_ids,One2many,sgi.norm.clause,Cláusulas,n/a,,,,,,,,,,,,,,no,,1,1,0,4,addons/quimibond_sgi/models/sgi_norm.py,12
quimibond_sgi,sgi.norm,active,Boolean,,,True,,,,,,,,,sí,,,,,no,,148,78,4,48,addons/quimibond_sgi/models/sgi_norm.py,13
quimibond_sgi,sgi.norm.clause,norm_id,Many2one,sgi.norm,Norma,True,,,True,,,,cascade,,,,,,,no,,13,77,0,1,addons/quimibond_sgi/models/sgi_norm.py,26
quimibond_sgi,sgi.norm.clause,code,Char,,Numeral,True,,,True,,,,,,,,,,,no,,593,355,0,336,addons/quimibond_sgi/models/sgi_norm.py,27
quimibond_sgi,sgi.norm.clause,name,Char,,Requisito,True,,,True,,,,,,,,,,,no,,1116,8842,3,1148,addons/quimibond_sgi/models/sgi_norm.py,28
quimibond_sgi,sgi.process.activity,norm_clause_ids,Many2many,sgi.norm.clause,Cumple con,True,,,,,,,,,,,,,,sí,"Puntos de la norma (ISO 9001, 14001, 45001…) que esta actividad cumple. Alimenta la Matriz de cumplimiento y el checklist de auditoría.",20,3,0,6,addons/quimibond_sgi/models/sgi_norm_compliance.py,24
quimibond_sgi,sgi.norm.clause,short_label,Char,,Punto,False,_compute_short_label,,,,,,,,,,,,,no,,6,0,0,2,addons/quimibond_sgi/models/sgi_norm_compliance.py,44
quimibond_sgi,sgi.norm.clause,activity_ids,Many2many,sgi.process.activity,Actividades que lo cumplen,True,,,,,,,,,,,,,,no,,9,2,0,9,addons/quimibond_sgi/models/sgi_norm_compliance.py,45
quimibond_sgi,sgi.norm.clause,process_ids,Many2many,sgi.process,Procesos que lo cumplen,False,_compute_sgi_evidence,,,,,,,,,,,,,no,,20,11,0,19,addons/quimibond_sgi/models/sgi_norm_compliance.py,48
quimibond_sgi,sgi.norm.clause,activity_count,Integer,,Actividades,False,_compute_sgi_evidence,,,,,,,,,,,,,no,,7,10,0,8,addons/quimibond_sgi/models/sgi_norm_compliance.py,50
quimibond_sgi,sgi.norm.clause,alert_count,Integer,,NC,False,_compute_sgi_evidence,,,,,,,,,,,,,no,,3,4,0,3,addons/quimibond_sgi/models/sgi_norm_compliance.py,51
quimibond_sgi,sgi.norm.clause,covered,Boolean,,Con actividad,False,_compute_sgi_evidence,,,,,,,,,,_search_covered,,,no,,8,10,0,6,addons/quimibond_sgi/models/sgi_norm_compliance.py,52
quimibond_sgi,sgi.audit.checklist.line,activity_id,Many2one,,,True,,,False,,,,,,,,,,,no,,220,26,0,63,addons/quimibond_sgi/models/sgi_norm_compliance.py,167
quimibond_sgi,sgi.audit.checklist.line,norm_clause_ids,Many2many,sgi.norm.clause,Requisitos,True,_compute_norm_clause_ids,,,,False,,,,,,,,,sí,Puntos de la norma que se auditan con esta pregunta.,20,3,0,6,addons/quimibond_sgi/models/sgi_norm_compliance.py,168
quimibond_sgi,sgi.objective,name,Char,,Objetivo,True,,,True,,,,,,,,,,,no,,1116,8842,3,1148,addons/quimibond_sgi/models/sgi_objective.py,25
quimibond_sgi,sgi.objective,description,Text,,Descripción,True,,,,,,,,,,,,,,no,,32,38,0,18,addons/quimibond_sgi/models/sgi_objective.py,26
quimibond_sgi,sgi.objective,policy_id,Many2one,sgi.policy,Política integral,True,,,,,,,,,sí,,,,,sí,Política de la que se despliega este objetivo (cascada ISO).,6,1,0,7,addons/quimibond_sgi/models/sgi_objective.py,27
quimibond_sgi,sgi.objective,target_year,Integer,,Año meta,True,,,,,,,,,,,,,,no,,4,14,0,1,addons/quimibond_sgi/models/sgi_objective.py,31
quimibond_sgi,sgi.objective,indicator_ids,One2many,sgi.indicator,Indicadores,n/a,,,,,,,,,,,,,,no,,19,4,0,13,addons/quimibond_sgi/models/sgi_objective.py,32
quimibond_sgi,sgi.objective,indicator_count,Integer,,# Indicadores,False,_compute_indicator_count,,,,,,,,,,,,,no,,8,8,0,4,addons/quimibond_sgi/models/sgi_objective.py,33
quimibond_sgi,sgi.objective,action_line_ids,One2many,sgi.action.line,Plan de acción (6.2.2),n/a,,,,,,,,,,,,,,no,,21,9,0,1,addons/quimibond_sgi/models/sgi_objective.py,36
quimibond_sgi,sgi.objective,health,Selection,,Salud agregada,False,_compute_health,,,,,,,,,,,,"[('verde', 'Verde'), ('amarillo', 'Amarillo'), ('rojo', 'Rojo'), ('sin_dato', 'Sin dato')]",sí,Peor color entre los procesos de sus indicadores Y el último semáforo de cada indicador.,28,41,0,12,addons/quimibond_sgi/models/sgi_objective.py,38
quimibond_sgi,sgi.objective,active,Boolean,,,True,,,,,,,,,sí,,,,,no,,148,78,4,48,addons/quimibond_sgi/models/sgi_objective.py,46
quimibond_sgi,sgi.policy,name,Char,,Nombre,True,,,True,,,,,True,,,,,,no,,1116,8842,3,1148,addons/quimibond_sgi/models/sgi_policy.py,25
quimibond_sgi,sgi.policy,policy_text,Html,,Texto de la política,True,,,,,,,,,,,,,,no,,0,1,0,0,addons/quimibond_sgi/models/sgi_policy.py,26
quimibond_sgi,sgi.policy,issue_date,Date,,Fecha de emisión,True,,,,,,,,,sí,,,,,no,,5,3,0,0,addons/quimibond_sgi/models/sgi_policy.py,27
quimibond_sgi,sgi.policy,state,Selection,,Estado,True,,,True,,,,,True,sí,,,,"[('borrador', 'Borrador'), ('vigente', 'Vigente'), ('obsoleta', 'Obsoleta')]",no,,486,472,44,237,addons/quimibond_sgi/models/sgi_policy.py,29
quimibond_sgi,sgi.policy,document_id,Many2one,documents.document,Documento publicado (MIID),True,,,,,,,,,,,,,,sí,Documento controlado donde se publica la política (p. ej. el MIID).,44,17,0,5,addons/quimibond_sgi/models/sgi_policy.py,34
quimibond_sgi,sgi.policy,objective_ids,One2many,sgi.objective,Objetivos integrales,n/a,,,,,,,,,,,,,,no,,7,3,0,0,addons/quimibond_sgi/models/sgi_policy.py,38
quimibond_sgi,sgi.policy,objective_count,Integer,,# Objetivos,False,_compute_objective_count,,,,,,,,,,,,,no,,1,3,0,1,addons/quimibond_sgi/models/sgi_policy.py,40
quimibond_sgi,sgi.policy,health,Selection,,Salud agregada,False,_compute_health,,,,,,,,,,,,"[('verde', 'Verde'), ('amarillo', 'Amarillo'), ('rojo', 'Rojo')]",sí,Peor color entre los objetivos de la política (cascada abajo→arriba).,28,41,0,12,addons/quimibond_sgi/models/sgi_policy.py,42
quimibond_sgi,sgi.ppap.element.template,sequence,Integer,,N°,True,,,True,,,,,,,,,,,no,,104,294,0,19,addons/quimibond_sgi/models/sgi_ppap.py,22
quimibond_sgi,sgi.ppap.element.template,name,Char,,Elemento,True,,,True,,,,,,,,,,,no,,1116,8842,3,1148,addons/quimibond_sgi/models/sgi_ppap.py,23
quimibond_sgi,sgi.ppap.element.template,is_psw,Boolean,,Es PSW (elemento 18),True,,,,,,,,,,,,,,no,,1,2,0,2,addons/quimibond_sgi/models/sgi_ppap.py,24
quimibond_sgi,sgi.ppap.element.template,active,Boolean,,,True,,,,,,,,,sí,,,,,no,,148,78,4,48,addons/quimibond_sgi/models/sgi_ppap.py,25
quimibond_sgi,sgi.ppap,partner_id,Many2one,res.partner,Cliente,True,,,True,,,,,True,,,,,,no,,190,41,0,100,addons/quimibond_sgi/models/sgi_ppap.py,41
quimibond_sgi,sgi.ppap,product_tmpl_id,Many2one,product.template,Producto,True,,,True,,,,,True,,,,,,no,,20,13,0,25,addons/quimibond_sgi/models/sgi_ppap.py,43
quimibond_sgi,sgi.ppap,level,Selection,,Nivel,True,,,True,,,,,,sí,,,,"[('1', 'Nivel 1'), ('2', 'Nivel 2'), ('3', 'Nivel 3'), ('4', 'Nivel 4'), ('5', 'Nivel 5')]",no,,33,19,2,22,addons/quimibond_sgi/models/sgi_ppap.py,45
quimibond_sgi,sgi.ppap,reason,Selection,,Motivo,True,,,True,,,,,,sí,,,,"[('nuevo_producto', 'Nuevo producto'), ('cambio_ingenieria', 'Cambio de ingeniería'), ('cambio_proceso', 'Cambio de pro…",no,,54,9,0,18,addons/quimibond_sgi/models/sgi_ppap.py,52
quimibond_sgi,sgi.ppap,state,Selection,,Estado,True,,,True,,,,,True,sí,,,,"[('preparacion', 'Preparación'), ('enviado', 'Enviado'), ('aprobado', 'Aprobado'), ('interino', 'Interino'), ('rechazad…",no,,486,472,44,237,addons/quimibond_sgi/models/sgi_ppap.py,59
quimibond_sgi,sgi.ppap,date_submitted,Date,,Fecha de envío,True,,,,,True,,,,,,,,,no,,2,2,0,1,addons/quimibond_sgi/models/sgi_ppap.py,66
quimibond_sgi,sgi.ppap,date_decision,Date,,Fecha de decisión,True,,,,,True,,,,,,,,,no,,4,2,0,1,addons/quimibond_sgi/models/sgi_ppap.py,67
quimibond_sgi,sgi.ppap,element_ids,One2many,sgi.ppap.element,Elementos,n/a,,,,,,,,,,,,,,no,,5,1,0,13,addons/quimibond_sgi/models/sgi_ppap.py,68
quimibond_sgi,sgi.ppap,notes,Text,,Notas,True,,,,,,,,,,,,,,no,,8,13,0,0,addons/quimibond_sgi/models/sgi_ppap.py,69
quimibond_sgi,res.partner,sgi_ppap_count,Integer,,PPAP,False,_compute_sgi_ppap_count,,,,,,,,,,,,,no,,6,2,0,0,addons/quimibond_sgi/models/sgi_ppap.py,173
quimibond_sgi,product.template,sgi_ppap_count,Integer,,PPAP,False,_compute_sgi_ppap_count,,,,,,,,,,,,,no,,6,2,0,0,addons/quimibond_sgi/models/sgi_ppap.py,197
quimibond_sgi,product.product,sgi_ppap_count,Integer,,PPAP,False,_compute_sgi_ppap_count,,,,,,,,,,,,,no,,6,2,0,0,addons/quimibond_sgi/models/sgi_ppap.py,224
quimibond_sgi,sgi.ppap.element,ppap_id,Many2one,sgi.ppap,PPAP,True,,,True,,,,cascade,,,,,,,no,,5,0,0,1,addons/quimibond_sgi/models/sgi_ppap.py,240
quimibond_sgi,sgi.ppap.element,template_id,Many2one,sgi.ppap.element.template,Elemento (catálogo),True,,,,,,,,,,,,,,no,,17,2,0,9,addons/quimibond_sgi/models/sgi_ppap.py,241
quimibond_sgi,sgi.ppap.element,sequence,Integer,,N°,True,,,,,,,,,sí,,,,,no,,104,294,0,19,addons/quimibond_sgi/models/sgi_ppap.py,242
quimibond_sgi,sgi.ppap.element,name,Char,,Elemento,True,,,True,,,,,,,,,,,no,,1116,8842,3,1148,addons/quimibond_sgi/models/sgi_ppap.py,243
quimibond_sgi,sgi.ppap.element,state,Selection,,Estado,True,,,True,,,,,,sí,,,,"[('na', 'N/A'), ('pendiente', 'Pendiente'), ('listo', 'Listo'), ('aprobado', 'Aprobado')]",no,,486,472,44,237,addons/quimibond_sgi/models/sgi_ppap.py,244
quimibond_sgi,sgi.ppap.element,submission,Selection,,S/R,True,,,True,,,,,,sí,,,,"[('submit', 'Presentar (S)'), ('retain', 'Retener (R)')]",sí,Según el nivel AIAG del expediente: S se presenta al cliente y bloquea el envío si está pendiente; R se retiene en planta a disposición. Editable por elemento (p. ej. nivel 4).,3,3,0,5,addons/quimibond_sgi/models/sgi_ppap.py,250
quimibond_sgi,sgi.ppap.element,fmea_id,Many2one,sgi.fmea,AMEF,True,,,,,,,,,,,,,,no,,11,3,0,5,addons/quimibond_sgi/models/sgi_ppap.py,257
quimibond_sgi,sgi.ppap.element,control_plan_id,Many2one,sgi.control.plan,Plan de control,True,,,,,,,,,,,,,,no,,5,3,0,0,addons/quimibond_sgi/models/sgi_ppap.py,258
quimibond_sgi,sgi.ppap.element,document_id,Many2one,documents.document,Documento,True,,,,,,,,,,,,,,no,,44,17,0,5,addons/quimibond_sgi/models/sgi_ppap.py,259
quimibond_sgi,sgi.ppap.element,notes,Text,,Notas,True,,,,,,,,,,,,,,no,,8,13,0,0,addons/quimibond_sgi/models/sgi_ppap.py,260
quimibond_sgi,sgi.process,code,Char,,Clave,True,,,True,True,,,,,,,,,,no,,593,355,0,336,addons/quimibond_sgi/models/sgi_process.py,20
quimibond_sgi,sgi.process,name,Char,,Nombre,True,,,True,,,,,,,,,,,no,,1116,8842,3,1148,addons/quimibond_sgi/models/sgi_process.py,21
quimibond_sgi,sgi.process,company_id,Many2one,res.company,Empresa,True,,,True,True,,,,,sí,,,,,no,,207,50,0,19,addons/quimibond_sgi/models/sgi_process.py,22
quimibond_sgi,sgi.process,process_type,Selection,,Tipo,True,,,True,,,,,,sí,,,,"[('cop', 'Cadena de valor (COP)'), ('estrategico', 'Estratégico'), ('soporte', 'Soporte')]",no,,14,31,0,7,addons/quimibond_sgi/models/sgi_process.py,25
quimibond_sgi,sgi.process,parent_id,Many2one,sgi.process,Macroproceso,True,,,,True,,,restrict,,,,,,,no,,24,28,0,29,addons/quimibond_sgi/models/sgi_process.py,31
quimibond_sgi,sgi.process,parent_path,Char,,,True,,,,True,,,,,,,,,,no,,2,0,0,0,addons/quimibond_sgi/models/sgi_process.py,32
quimibond_sgi,sgi.process,child_ids,One2many,sgi.process,Subprocesos,n/a,,,,,,,,,,,,,,no,,3,5,0,3,addons/quimibond_sgi/models/sgi_process.py,33
quimibond_sgi,sgi.process,owner_id,Many2one,hr.employee,Dueño del proceso,True,,,,,,,,,,,,,,no,,35,20,0,13,addons/quimibond_sgi/models/sgi_process.py,34
quimibond_sgi,sgi.process,department_id,Many2one,hr.department,Departamento,True,,,,,,,,,,,,,,no,,34,49,0,13,addons/quimibond_sgi/models/sgi_process.py,35
quimibond_sgi,sgi.process,job_ids,Many2many,hr.job,Puestos,True,,,,,,,,,,,,,,no,,30,5,1,10,addons/quimibond_sgi/models/sgi_process.py,36
quimibond_sgi,sgi.process,active,Boolean,,,True,,,,,,,,,sí,,,,,no,,148,78,4,48,addons/quimibond_sgi/models/sgi_process.py,37
quimibond_sgi,sgi.process,purpose,Text,,Objetivo del proceso,True,,,,,,,,,,,,,,sí,Para qué existe el proceso (de la caracterización/SIPOC).,7,2,0,1,addons/quimibond_sgi/models/sgi_process.py,39
quimibond_sgi,sgi.process,start_trigger,Text,,Disparador de inicio,True,,,,,,,,,,,,,,sí,Qué hace que el proceso arranque (ej. llega un pedido).,2,3,0,3,addons/quimibond_sgi/models/sgi_process.py,44
quimibond_sgi,sgi.process,end_trigger,Text,,Termina cuando,True,,,,,,,,,,,,,,sí,Qué marca el fin del proceso (ej. la factura queda cobrada).,2,3,0,1,addons/quimibond_sgi/models/sgi_process.py,47
quimibond_sgi,sgi.process,inputs,Text,,Entradas,True,,,,,,,,,,,,,,no,,21,5,0,8,addons/quimibond_sgi/models/sgi_process.py,50
quimibond_sgi,sgi.process,outputs,Text,,Salidas,True,,,,,,,,,,,,,,no,,14,5,0,6,addons/quimibond_sgi/models/sgi_process.py,51
quimibond_sgi,sgi.process,replaced_document_ids,Many2many,documents.document,Procedimientos que sustituye,True,,,,,,,,,,,,,,sí,Documentos vigentes que este proceso reemplaza. Al poner en vigor el procedimiento del proceso se ofrece marcarlos obsoletos.,5,1,0,3,addons/quimibond_sgi/models/sgi_process.py,52
quimibond_sgi,sgi.process,replaced_by_id,Many2one,sgi.process,Sustituido por,True,,,,True,,,,,,,,,,sí,Proceso que tomó el lugar de este al archivarlo. La carga lo llena con «replaces»; en un proceso archivado sin sucesor se captura a mano y la siguiente carga mueve al sucesor lo que quede colgado (in…,5,1,0,1,addons/quimibond_sgi/models/sgi_process.py,60
quimibond_sgi,sgi.process,owner_valid,Boolean,,Dueño válido,False,_compute_owner_valid,,,,,,,,,,,,,sí,El dueño es un empleado activo con usuario de Odoo. Sin eso nadie recibe los avisos del proceso y la salud se pinta en rojo.,2,4,0,3,addons/quimibond_sgi/models/sgi_process.py,67
quimibond_sgi,sgi.process,in_flow_ids,One2many,sgi.process.flow,Flujos de entrada,n/a,,,,,,,,,,,,,,no,,3,0,0,2,addons/quimibond_sgi/models/sgi_process.py,72
quimibond_sgi,sgi.process,out_flow_ids,One2many,sgi.process.flow,Flujos de salida,n/a,,,,,,,,,,,,,,no,,3,0,0,2,addons/quimibond_sgi/models/sgi_process.py,73
quimibond_sgi,sgi.process,linked_document_ids,One2many,documents.document,Documentos del proceso,n/a,,,,,,,,,,,,,,no,,0,0,0,1,addons/quimibond_sgi/models/sgi_process.py,76
quimibond_sgi,sgi.process,procedure_ids,One2many,documents.document,Procedimientos e instructivos,n/a,,,,,,,,,,,,,,no,,1,0,0,0,addons/quimibond_sgi/models/sgi_process.py,78
quimibond_sgi,sgi.process,indicator_ids,One2many,sgi.indicator,Indicadores,n/a,,,,,,,,,,,,,,no,,19,4,0,13,addons/quimibond_sgi/models/sgi_process.py,82
quimibond_sgi,sgi.process,risk_ids,One2many,sgi.risk,Riesgos y oportunidades,n/a,,,,,,,,,,,,,,no,,7,4,0,1,addons/quimibond_sgi/models/sgi_process.py,83
quimibond_sgi,sgi.process,odoo_model_ids,Many2many,ir.model,Módulos de Odoo conectados,False,_compute_odoo_models,,,,,,,,,,,,,sí,Modelos donde viven los registros reales de las entradas/salidas.,1,1,0,1,addons/quimibond_sgi/models/sgi_process.py,84
quimibond_sgi,sgi.process,nc_count,Integer,,NC abiertas,False,_compute_health,,,,,,,,,,,,,no,,17,13,0,2,addons/quimibond_sgi/models/sgi_process.py,89
quimibond_sgi,sgi.process,overdue_action_count,Integer,,Acciones vencidas,False,_compute_health,,,,,,,,,,,,,no,,6,2,0,0,addons/quimibond_sgi/models/sgi_process.py,90
quimibond_sgi,sgi.process,red_kpi_count,Integer,,KPIs en rojo,False,_compute_health,,,,,,,,,,,,,no,,8,5,0,1,addons/quimibond_sgi/models/sgi_process.py,91
quimibond_sgi,sgi.process,open_high_risk_count,Integer,,Riesgos altos abiertos,False,_compute_health,,,,,,,,,,,,,no,,3,3,0,1,addons/quimibond_sgi/models/sgi_process.py,92
quimibond_sgi,sgi.process,health,Selection,,Salud del proceso,False,_compute_health,,,,,,,,,,,,"[('verde', 'Verde'), ('amarillo', 'Amarillo'), ('rojo', 'Rojo')]",no,,28,41,0,12,addons/quimibond_sgi/models/sgi_process.py,94
quimibond_sgi,sgi.process,document_count,Integer,,# Documentos,False,_compute_counts,,,,,,,,,,,,,no,,4,1,0,1,addons/quimibond_sgi/models/sgi_process.py,99
quimibond_sgi,sgi.process,indicator_count,Integer,,# Indicadores,False,_compute_counts,,,,,,,,,,,,,no,,8,8,0,4,addons/quimibond_sgi/models/sgi_process.py,100
quimibond_sgi,sgi.process,risk_count,Integer,,# Riesgos,False,_compute_counts,,,,,,,,,,,,,no,,2,1,0,0,addons/quimibond_sgi/models/sgi_process.py,101
quimibond_sgi,sgi.process,flow_count,Integer,,# Conexiones,False,_compute_flow_count,,,,,,,,,,,,,sí,Entregables que recibe de otros procesos más los que entrega.,1,1,0,1,addons/quimibond_sgi/models/sgi_process.py,102
quimibond_sgi,sgi.process.flow,name,Char,,Entregable,True,,,True,,,,,,,,,,,no,,1116,8842,3,1148,addons/quimibond_sgi/models/sgi_process.py,414
quimibond_sgi,sgi.process.flow,from_process_id,Many2one,sgi.process,Proceso origen,True,,,True,,,,cascade,,,,,,,no,,31,46,0,12,addons/quimibond_sgi/models/sgi_process.py,415
quimibond_sgi,sgi.process.flow,to_process_id,Many2one,sgi.process,Proceso destino,True,,,True,,,,cascade,,,,,,,no,,30,45,0,11,addons/quimibond_sgi/models/sgi_process.py,416
quimibond_sgi,sgi.process.flow,document_id,Many2one,documents.document,Formato de entrega,True,,,,,,,,,,,,,,no,,44,17,0,5,addons/quimibond_sgi/models/sgi_process.py,417
quimibond_sgi,sgi.process.flow,acceptance_criteria,Text,,Criterio de aceptación,True,,,,,,,,,,,,,,no,,8,7,0,0,addons/quimibond_sgi/models/sgi_process.py,418
quimibond_sgi,sgi.process.flow,odoo_model_id,Many2one,ir.model,Modelo Odoo que lo materializa,True,,,,,,,,,,,,,,no,,42,47,0,15,addons/quimibond_sgi/models/sgi_process.py,419
quimibond_sgi,sgi.process.flow,odoo_model_name,Char,,Modelo técnico,False,,odoo_model_id.model,,,,,,,,,,,,no,,1,3,0,1,addons/quimibond_sgi/models/sgi_process.py,420
quimibond_sgi,sgi.process.flow,company_id,Many2one,,Empresa,True,,from_process_id.company_id,,True,,,,,,,,,,no,,207,50,0,19,addons/quimibond_sgi/models/sgi_process.py,421
quimibond_sgi,sgi.process,scope,Text,,Alcance,True,,,,,,,,,,,,,,sí,A qué áreas/actividades aplica el procedimiento (sección 2).,4,2,0,5,addons/quimibond_sgi/models/sgi_process_procedure.py,40
quimibond_sgi,sgi.process,env_aspects,Text,,Descripción de aspectos ambientales,True,,,,,,,,,,,,,,sí,Aspectos ambientales del proceso (sección 5 del procedimiento).,4,2,0,2,addons/quimibond_sgi/models/sgi_process_procedure.py,43
quimibond_sgi,sgi.process,norm_ids,Many2many,sgi.norm,Marco normativo,True,,,,,,,,,,,,,,sí,Normas ISO que rigen el proceso (sección 7).,15,7,0,5,addons/quimibond_sgi/models/sgi_process_procedure.py,46
quimibond_sgi,sgi.process,job_responsibility_ids,One2many,sgi.process.responsibility,Responsabilidades de las áreas,n/a,,,,,,,,,,,,,,no,,1,2,0,2,addons/quimibond_sgi/models/sgi_process_procedure.py,50
quimibond_sgi,sgi.process,procedure_activity_ids,One2many,sgi.process.activity,Actividades del procedimiento,n/a,,,,,,,,,,,,,,no,,22,1,0,4,addons/quimibond_sgi/models/sgi_process_procedure.py,57
quimibond_sgi,sgi.process,activity_count,Integer,,# Actividades,False,_compute_activity_count,,,,,,,,,,,,,no,,7,10,0,8,addons/quimibond_sgi/models/sgi_process_procedure.py,60
quimibond_sgi,sgi.process,measurable_activity_count,Integer,,Actividades medibles,False,_compute_measure_stats,,,,,,,,,,,,,no,,1,0,0,1,addons/quimibond_sgi/models/sgi_process_procedure.py,64
quimibond_sgi,sgi.process,measure_red_count,Integer,,Sin evidencia en su periodo,False,_compute_measure_stats,,,,,,,,,,,,,no,,1,0,0,1,addons/quimibond_sgi/models/sgi_process_procedure.py,66
quimibond_sgi,sgi.process,procedure_compliance,Integer,,% Cumplimiento del procedimiento,False,_compute_measure_stats,,,,,,,,,,,,,sí,Porcentaje de actividades medibles con evidencia dentro de su cadencia esperada (lo calcula el cron de medición).,1,0,0,1,addons/quimibond_sgi/models/sgi_process_procedure.py,68
quimibond_sgi,sgi.process,measure_real_pct,Integer,,% medido de verdad,False,_compute_measure_methods,,,,,,,,,,,,,sí,Actividades con método «Registro en Odoo» o «Por consecuencia» entre el total de actividades activas del proceso.,1,3,0,0,addons/quimibond_sgi/models/sgi_process_procedure.py,75
quimibond_sgi,sgi.process,measure_method_summary,Char,,Actividades por método,False,_compute_measure_methods,,,,,,,,,,,,,no,,1,1,0,0,addons/quimibond_sgi/models/sgi_process_procedure.py,79
quimibond_sgi,sgi.process,activity_green_count,Integer,,En verde,False,_compute_activity_board,,,,,,,,,,,,,no,,2,3,0,0,addons/quimibond_sgi/models/sgi_process_procedure.py,81
quimibond_sgi,sgi.process,activity_red_count,Integer,,En rojo,False,_compute_activity_board,,,,,,,,,,,,,no,,7,6,0,0,addons/quimibond_sgi/models/sgi_process_procedure.py,83
quimibond_sgi,sgi.process,activity_grey_count,Integer,,Sin evidencia aún,False,_compute_activity_board,,,,,,,,,,,,,sí,"Pendientes de conector o registro, no aplica o sin medir.",1,3,0,0,addons/quimibond_sgi/models/sgi_process_procedure.py,85
quimibond_sgi,sgi.process,activity_no_method_count,Integer,,Sin método,False,_compute_activity_board,,,,,,,,,,,,,no,,1,0,0,0,addons/quimibond_sgi/models/sgi_process_procedure.py,88
quimibond_sgi,sgi.process,measure_adherence_avg,Float,,Adherencia promedio (%),False,_compute_activity_board,,,,,,,,,,,,,sí,Promedio de adherencia de las actividades con campo de usuario.,1,3,0,0,addons/quimibond_sgi/models/sgi_process_procedure.py,90
quimibond_sgi,sgi.process,measure_status,Selection,,Estado de medición,True,_compute_measure_status,,,,,,,,,,,,"[('verde', 'Todo con evidencia'), ('gris', 'Hay actividades sin evidencia aún'), ('rojo', 'Hay actividades en rojo')]",no,,3,9,0,0,addons/quimibond_sgi/models/sgi_process_procedure.py,95
quimibond_sgi,sgi.process,chain_link_ids,Many2many,sgi.activity.link,Ligas entre actividades,False,_compute_chain_link_ids,,,,,,,,,,,,,no,,1,0,0,0,addons/quimibond_sgi/models/sgi_process_procedure.py,100
quimibond_sgi,sgi.process,doc_owner_id,Many2one,res.users,Responsable del documento,True,,,,,,,,,,,,,,sí,Elabora / es dueño del procedimiento (bloque de firmas).,1,4,0,0,addons/quimibond_sgi/models/sgi_process_procedure.py,106
quimibond_sgi,sgi.process,doc_approver_id,Many2one,res.users,Aprueba,True,,,,,,,,,,,,,,no,,5,4,0,1,addons/quimibond_sgi/models/sgi_process_procedure.py,109
quimibond_sgi,sgi.process,doc_vobo_id,Many2one,res.users,Vo.Bo.,True,,,,,,,,,,,,,,no,,3,4,0,0,addons/quimibond_sgi/models/sgi_process_procedure.py,111
quimibond_sgi,sgi.process,chain_link_count,Integer,,Ligas de la cadena,False,_compute_chain_link_count,,,,,,,,,,,,,sí,Entregas entre actividades que tocan este proceso (entran o salen).,2,2,0,2,addons/quimibond_sgi/models/sgi_process_procedure.py,126
quimibond_sgi,sgi.process,inbound_reference_ids,Many2many,sgi.process.activity,Actividades que me referencian,False,_compute_inbound_references,,,,,,,,,,,,,no,,3,0,0,1,addons/quimibond_sgi/models/sgi_process_procedure.py,133
quimibond_sgi,sgi.process,inbound_reference_count,Integer,,Me referencian,False,_compute_inbound_references,,,,,,,,,,,,,no,,2,0,0,2,addons/quimibond_sgi/models/sgi_process_procedure.py,136
quimibond_sgi,sgi.process,chain_stuck_count,Integer,,Eslabones atorados,False,_compute_chain_link_count,,,,,,,,,,,,,sí,Ligas de este proceso donde el paso origen entregó pero el destino no tiene evidencia en su periodo.,2,3,0,1,addons/quimibond_sgi/models/sgi_process_procedure.py,187
quimibond_sgi,sgi.process.responsibility,process_id,Many2one,sgi.process,Proceso,True,,,True,True,,,cascade,,,,,,,no,,241,81,3,142,addons/quimibond_sgi/models/sgi_process_procedure.py,440
quimibond_sgi,sgi.process.responsibility,sequence,Integer,,Secuencia,True,,,,,,,,,sí,,,,,no,,104,294,0,19,addons/quimibond_sgi/models/sgi_process_procedure.py,443
quimibond_sgi,sgi.process.responsibility,company_id,Many2one,,Empresa,True,,process_id.company_id,,True,,,,,,,,,,no,,207,50,0,19,addons/quimibond_sgi/models/sgi_process_procedure.py,444
quimibond_sgi,sgi.process.responsibility,job_id,Many2one,hr.job,Puesto,True,,,True,,,,,,,,,,,sí,Puesto de hr.job al que corresponde el rol.,167,51,1,135,addons/quimibond_sgi/models/sgi_process_procedure.py,447
quimibond_sgi,sgi.process.responsibility,name,Char,,Rol en el procedimiento,True,,,True,,,,,,,,,,,sí,Nombre del rol tal como aparece en el procedimiento (no siempre mapea 1:1 al puesto de hr.job).,1116,8842,3,1148,addons/quimibond_sgi/models/sgi_process_procedure.py,450
quimibond_sgi,sgi.process.responsibility,responsibilities,Text,,Responsabilidades,True,,,,,,,,,,,,,,no,,1,2,0,1,addons/quimibond_sgi/models/sgi_process_procedure.py,454
quimibond_sgi,sgi.process.activity,process_id,Many2one,sgi.process,Proceso,True,,,True,True,,,cascade,,,,,,,no,,241,81,3,142,addons/quimibond_sgi/models/sgi_process_procedure.py,485
quimibond_sgi,sgi.process.activity,company_id,Many2one,,Empresa,True,,process_id.company_id,,True,,,,,,,,,,no,,207,50,0,19,addons/quimibond_sgi/models/sgi_process_procedure.py,488
quimibond_sgi,sgi.process.activity,active,Boolean,,,True,,,,,,,,,sí,,,,,sí,La carga por API archiva las actividades que ya no vienen en el catálogo del proceso; nunca las borra.,148,78,4,48,addons/quimibond_sgi/models/sgi_process_procedure.py,491
quimibond_sgi,sgi.process.activity,sequence,Integer,,Secuencia,True,,,,,,,,,sí,,,,,no,,104,294,0,19,addons/quimibond_sgi/models/sgi_process_procedure.py,495
quimibond_sgi,sgi.process.activity,step,Integer,,Paso,True,,,,True,,,,,,,,,,sí,Número del paso dentro del proceso. Vacío = el siguiente libre.,75,8,0,17,addons/quimibond_sgi/models/sgi_process_procedure.py,501
quimibond_sgi,sgi.process.activity,number,Char,,Numeral,True,_compute_number,,,True,,,,,,,,,,sí,"Clave del proceso + paso, ej. C6.22. Se calcula.",88,15,0,65,addons/quimibond_sgi/models/sgi_process_procedure.py,504
quimibond_sgi,sgi.process.activity,legacy_number,Char,,Numeral anterior,True,,,,True,True,,,,,,,,,sí,Numeral en texto de la versión anterior del procedimiento.,12,4,0,3,addons/quimibond_sgi/models/sgi_process_procedure.py,507
quimibond_sgi,sgi.process.activity,stage_id,Many2one,sgi.process.stage,Etapa,True,,,,True,,,set null,,,,,,,no,,69,13,0,47,addons/quimibond_sgi/models/sgi_process_procedure.py,512
quimibond_sgi,sgi.process.activity,block,Selection,,Bloque (anterior),True,,,True,,,,,,sí,,,,"[('inicial', 'Actividades iniciales'), ('desarrollo', 'Desarrollo'), ('final', 'Actividades finales')]",sí,Agrupación fija de la versión anterior; hoy mandan las etapas.,6,21,0,6,addons/quimibond_sgi/models/sgi_process_procedure.py,515
quimibond_sgi,sgi.process.activity,section,Char,,Sección,True,_compute_section,,,,,,,,,,,,,sí,Nombre de la etapa (se calcula de «Etapa»).,61,18,0,10,addons/quimibond_sgi/models/sgi_process_procedure.py,521
quimibond_sgi,sgi.process.activity,name,Char,,Resumen,True,,,,,,,,,,,,,,sí,Resumen corto de la actividad.,1116,8842,3,1148,addons/quimibond_sgi/models/sgi_process_procedure.py,524
quimibond_sgi,sgi.process.activity,description,Text,,Descripción,True,,,,,,,,,,,,,,sí,Texto completo del numeral del procedimiento.,32,38,0,18,addons/quimibond_sgi/models/sgi_process_procedure.py,525
quimibond_sgi,sgi.process.activity,role_ids,One2many,sgi.activity.role,Roles,n/a,,,,,,,,,,,,,,no,,44,6,2,82,addons/quimibond_sgi/models/sgi_process_procedure.py,532
quimibond_sgi,sgi.process.activity,responsible_job_ids,Many2many,hr.job,Puestos que ejecutan,True,_compute_responsible_job_ids,,,,,,,,,_inverse_responsible_job_ids,,,,no,,11,6,0,9,addons/quimibond_sgi/models/sgi_process_procedure.py,534
quimibond_sgi,sgi.process.activity,instruction_id,Many2one,documents.document,Instructivo,True,,,,,,,,,,,,,,sí,Instructivo (IT) que explica cómo se hace el paso. El «Procedimiento relacionado» es otra cosa: el procedimiento que rige la actividad.,17,5,0,5,addons/quimibond_sgi/models/sgi_process_procedure.py,538
quimibond_sgi,sgi.process.activity,value_class,Selection,,Clase de valor,True,,,,,,,,,,,,,"[('va', 'Agrega valor'), ('nva_n', 'No agrega valor, necesaria'), ('nva', 'No agrega valor (desperdicio)')]",no,,3,2,0,1,addons/quimibond_sgi/models/sgi_process_procedure.py,544
quimibond_sgi,sgi.process.activity,automation_level_current,Selection,,Automatización actual,True,,,True,,,,,,sí,,,,SGI_AUTOMATION_LEVELS,no,,6,5,0,2,addons/quimibond_sgi/models/sgi_process_procedure.py,552
quimibond_sgi,sgi.process.activity,automation_level_target,Selection,,Automatización meta,True,,,,,,,,,,,,,SGI_AUTOMATION_LEVELS,no,,2,3,0,1,addons/quimibond_sgi/models/sgi_process_procedure.py,555
quimibond_sgi,sgi.process.activity,automation_method,Selection,,Método de automatización,True,,,,,,,,,,,,,"[('estandar_odoo', 'Estándar de Odoo'), ('accion_automatizada', 'Acción automatizada'), ('cron', 'Acción planificada'),…",no,,2,1,0,0,addons/quimibond_sgi/models/sgi_process_procedure.py,557
quimibond_sgi,sgi.process.activity,responsible_role,Char,,Rol responsable,True,,,,,,,,,,,,,,sí,Nombre del rol en negritas del procedimiento (no siempre mapea a un puesto de hr.job).,4,8,0,1,addons/quimibond_sgi/models/sgi_process_procedure.py,565
quimibond_sgi,sgi.process.activity,format_document_ids,Many2many,documents.document,Formatos referenciados,True,,,,,,,,,,,,,,sí,Claves de formato en rojo que la actividad genera o usa.,9,6,0,5,addons/quimibond_sgi/models/sgi_process_procedure.py,569
quimibond_sgi,sgi.process.activity,related_procedure_id,Many2one,documents.document,Procedimiento relacionado,True,,,,,,,,,,,,,,sí,Otro procedimiento que rige esta actividad (ej. marca P-A22).,14,2,0,3,addons/quimibond_sgi/models/sgi_process_procedure.py,574
quimibond_sgi,sgi.process.activity,odoo_ref,Char,,Dónde se ejecuta en Odoo,True,,,,,,,,,,,,,,sí,"Ej. 'Ventas > Pedidos', 'Helpdesk Servicio Técnico'.",13,4,0,5,addons/quimibond_sgi/models/sgi_process_procedure.py,578
quimibond_sgi,sgi.process.activity,odoo_menu_id,Many2one,ir.ui.menu,Menú de Odoo,True,,,,,,,,,,,,,,sí,Menú real donde se ejecuta la actividad; el texto impreso se toma de la ruta.,24,8,0,9,addons/quimibond_sgi/models/sgi_process_procedure.py,581
quimibond_sgi,sgi.process.activity,note,Text,,Nota,True,,,,,,,,,,,,,,sí,Notas resaltadas del procedimiento.,70,30,0,9,addons/quimibond_sgi/models/sgi_process_procedure.py,585
quimibond_sgi,sgi.process.activity,out_link_ids,One2many,sgi.activity.link,Entrega a,n/a,,,,,,,,,,,,,,no,,2,2,0,2,addons/quimibond_sgi/models/sgi_process_procedure.py,589
quimibond_sgi,sgi.process.activity,in_link_ids,One2many,sgi.activity.link,Recibe de,n/a,,,,,,,,,,,,,,no,,6,1,0,0,addons/quimibond_sgi/models/sgi_process_procedure.py,591
quimibond_sgi,sgi.process.activity,next_activity_ids,Many2many,sgi.process.activity,Siguientes pasos,False,_compute_chain,,,,,,,,,,,,,no,,2,2,0,3,addons/quimibond_sgi/models/sgi_process_procedure.py,593
quimibond_sgi,sgi.process.activity,prev_activity_ids,Many2many,sgi.process.activity,Pasos anteriores,False,_compute_chain,,,,,,,,,,,,,no,,1,0,0,1,addons/quimibond_sgi/models/sgi_process_procedure.py,596
quimibond_sgi,sgi.process.activity,executor_role_ids,Many2many,sgi.activity.role,Ejecuta,False,_compute_role_views,,,,,,,,,,,,,no,,1,2,0,1,addons/quimibond_sgi/models/sgi_process_procedure.py,624
quimibond_sgi,sgi.process.activity,approver_role_ids,Many2many,sgi.activity.role,Aprueba,False,_compute_role_views,,,,,,,,,,,,,no,,1,1,0,0,addons/quimibond_sgi/models/sgi_process_procedure.py,626
quimibond_sgi,sgi.process.activity,informed_role_ids,Many2many,sgi.activity.role,Se entera,False,_compute_role_views,,,,,,,,,,,,,no,,1,1,0,0,addons/quimibond_sgi/models/sgi_process_procedure.py,628
quimibond_sgi,sgi.process.activity,measure_model_id,Many2one,ir.model,Modelo que la materializa,True,,,,,,,set null,,,,,,,sí,"Modelo de Odoo cuyos registros son la evidencia de que la actividad se ejecutó (sale.order para cotizar, mrp.production para cerrar una orden, quality.check para inspeccionar…).",24,11,0,5,addons/quimibond_sgi/models/sgi_process_procedure.py,848
quimibond_sgi,sgi.process.activity,measure_model_name,Char,,Modelo técnico,True,_compute_measure_model_name,,,,,,,,,_inverse_measure_model_name,,,,sí,"Nombre técnico (sale.order, mrp.production…). Escribirlo resuelve solo el modelo — útil para capturas masivas.",5,1,0,6,addons/quimibond_sgi/models/sgi_process_procedure.py,853
quimibond_sgi,sgi.process.activity,measure_domain,Char,,Filtro de evidencia,True,,,,,,,,,sí,,,,,sí,"Dominio sobre el modelo para acotar qué registros cuentan, ej. [('state', '=', 'done')].",16,2,0,25,addons/quimibond_sgi/models/sgi_process_procedure.py,858
quimibond_sgi,sgi.process.activity,measure_date_field,Char,,Campo de fecha,True,,,,,,,,,sí,,,,,sí,"Campo del modelo que fecha la ejecución (create_date, date_done, date_approve…). Si no existe, se usa create_date.",15,2,0,11,addons/quimibond_sgi/models/sgi_process_procedure.py,862
quimibond_sgi,sgi.process.activity,measure_cadence,Selection,,Cadencia esperada,True,,,,,,,,,sí,,,,"[('evento', 'Por evento (solo conteo)'), ('diaria', 'Diaria'), ('semanal', 'Semanal'), ('quincenal', 'Quincenal'), ('me…",sí,"Cada cuánto DEBE haber evidencia. «Por evento» solo cuenta, sin juzgar cumplimiento (actividades que dependen de demanda).",24,12,0,22,addons/quimibond_sgi/models/sgi_process_procedure.py,866
quimibond_sgi,sgi.process.activity,measure_last_date,Datetime,,Última ejecución,True,,,,,True,,,,,,,,,no,,16,1,0,7,addons/quimibond_sgi/models/sgi_process_procedure.py,878
quimibond_sgi,sgi.process.activity,measure_count_30d,Integer,,Ejecuciones (30 días),True,,,,,True,,,,,,,,,no,,7,3,0,4,addons/quimibond_sgi/models/sgi_process_procedure.py,879
quimibond_sgi,sgi.process.activity,measure_state,Selection,,Cumplimiento,True,,,,,True,,,,,,,,"[('verde', 'En cumplimiento'), ('rojo', 'Sin evidencia en su periodo'), ('pendiente', 'Pendiente de conector/registro')…",no,,26,22,0,16,addons/quimibond_sgi/models/sgi_process_procedure.py,880
quimibond_sgi,sgi.process.activity,measure_method,Selection,,Método de medición,True,,,,True,,,,,,,,,"[('odoo', 'Registro en Odoo'), ('entregable', 'Por su entregable'), ('consecuencia', 'Por consecuencia'), ('correo', 'P…",sí,"De mejor a peor. Odoo: deja registro (modelo, dominio, fecha, usuario). Por su entregable: igual que Odoo, pero el modelo, el filtro y la fecha son los del entregable que produce (se capturan una vez…",29,26,0,9,addons/quimibond_sgi/models/sgi_process_procedure.py,888
quimibond_sgi,sgi.process.activity,measure_proxy_activity_id,Many2one,sgi.process.activity,Se prueba con,True,,,,True,,,restrict,,,,,,,sí,"Actividad (de este proceso o de otro) cuya evidencia prueba que esta se hizo: si se validó la recepción, se descargó el camión.",14,1,0,3,addons/quimibond_sgi/models/sgi_process_procedure.py,906
quimibond_sgi,sgi.process.activity,sample_cadence,Selection,,Cadencia de muestreo,True,,,,,,,,,,,,,"[('semanal', 'Semanal'), ('mensual', 'Mensual')]",no,,6,1,0,0,addons/quimibond_sgi/models/sgi_process_procedure.py,911
quimibond_sgi,sgi.process.activity,measure_justification,Text,,Por qué no se mide,True,,,,,,,,,,,,,,sí,Obligatoria con «No aplica»: dónde se mide su resultado.,5,1,0,1,addons/quimibond_sgi/models/sgi_process_procedure.py,915
quimibond_sgi,sgi.process.activity,measure_user_field,Char,,Campo de usuario,True,,,,,,,,,,,,,,sí,"Campo del modelo de evidencia que dice QUÉ USUARIO ejecutó la actividad (create_uid, user_id…). Con él se mide si la hizo el puesto que debía.",14,6,0,4,addons/quimibond_sgi/models/sgi_process_procedure.py,922
quimibond_sgi,sgi.process.activity,exec_stat_ids,One2many,sgi.activity.exec.stat,Ejecuciones por semana,n/a,,,,,,,,,,,,,,no,,0,0,0,0,addons/quimibond_sgi/models/sgi_process_procedure.py,930
quimibond_sgi,sgi.process.activity,recent_exec_stat_ids,Many2many,sgi.activity.exec.stat,Últimas 4 semanas,False,_compute_recent_exec_stat_ids,,,,,,,,,,,,,no,,1,1,0,1,addons/quimibond_sgi/models/sgi_process_procedure.py,932
quimibond_sgi,sgi.process.activity,measure_adherence_pct,Float,,Adherencia (%),True,,,,,True,,,,,,,,,sí,"Ejecuciones de las últimas 4 semanas hechas por el puesto asignado, entre todas las que no son del sistema. 0 si no aplica (rol relativo o sin campo de usuario).",4,3,0,2,addons/quimibond_sgi/models/sgi_process_procedure.py,935
quimibond_sgi,sgi.process.activity,measure_top_users,Char,,Quién la ejecuta,True,,,,,True,,,,,,,,,sí,Usuarios con más ejecuciones en las últimas 4 semanas (✓ = puesto asignado).,3,2,0,0,addons/quimibond_sgi/models/sgi_process_procedure.py,941
quimibond_sgi,sgi.process.activity,measure_count_generic,Integer,,Por cuenta genérica (4 sem.),True,,,,,True,,,,,,,,,sí,Ejecuciones con una cuenta compartida (quimibond_sgi.generic_user_ids): no se pueden atribuir a nadie.,3,3,0,0,addons/quimibond_sgi/models/sgi_process_procedure.py,944
quimibond_sgi,sgi.process.activity,measure_count_no_employee,Integer,,Sin empleado (4 sem.),True,,,,,True,,,,,,,,,sí,Ejecuciones de usuarios sin empleado activo.,3,1,0,0,addons/quimibond_sgi/models/sgi_process_procedure.py,948
quimibond_sgi,sgi.process.activity,measure_count_system,Integer,,Del sistema (4 sem.),True,,,,,True,,,,,,,,,sí,Ejecuciones de OdooBot o procesos automáticos: no cuentan en la adherencia.,3,1,0,1,addons/quimibond_sgi/models/sgi_process_procedure.py,951
quimibond_sgi,sgi.process.activity,measure_count_other_job,Integer,,Por otro puesto (4 sem.),True,,,,,True,,,,,,,,,sí,Ejecuciones de empleados de un puesto al que no le toca.,3,3,0,1,addons/quimibond_sgi/models/sgi_process_procedure.py,955
quimibond_sgi,sgi.process.activity,measure_warning,Text,,Avisos de medición,True,,,,,True,,,,,,,,,no,,3,6,0,2,addons/quimibond_sgi/models/sgi_process_procedure.py,958
quimibond_sgi,sgi.activity.link,from_activity_id,Many2one,sgi.process.activity,Actividad origen,True,,,True,True,,,cascade,,,,,,,no,,33,4,0,12,addons/quimibond_sgi/models/sgi_process_procedure.py,1418
quimibond_sgi,sgi.activity.link,to_activity_id,Many2one,sgi.process.activity,Actividad destino,True,,,True,True,,,cascade,,,,,,,no,,27,5,0,12,addons/quimibond_sgi/models/sgi_process_procedure.py,1421
quimibond_sgi,sgi.activity.link,name,Char,,Entregable / condición,True,,,True,,,,,,,,,,,sí,"Qué pasa de un paso al otro: el pedido confirmado, el programa semanal, el lote liberado…",1116,8842,3,1148,addons/quimibond_sgi/models/sgi_process_procedure.py,1424
quimibond_sgi,sgi.activity.link,from_process_id,Many2one,,Proceso origen,True,,from_activity_id.process_id,,,,,,,,,,,,no,,31,46,0,12,addons/quimibond_sgi/models/sgi_process_procedure.py,1428
quimibond_sgi,sgi.activity.link,to_process_id,Many2one,,Proceso destino,True,,to_activity_id.process_id,,,,,,,,,,,,no,,30,45,0,11,addons/quimibond_sgi/models/sgi_process_procedure.py,1431
quimibond_sgi,sgi.activity.link,company_id,Many2one,,Empresa,True,,from_activity_id.company_id,,True,,,,,,,,,,no,,207,50,0,19,addons/quimibond_sgi/models/sgi_process_procedure.py,1434
quimibond_sgi,sgi.activity.link,is_cross_process,Boolean,,Cruza procesos,True,_compute_cross,,,,,,,,,,,,,no,,1,4,0,1,addons/quimibond_sgi/models/sgi_process_procedure.py,1437
quimibond_sgi,sgi.activity.link,chain_state,Selection,,Flujo,True,,,,,True,,,,,,,,"[('fluye', 'Fluye'), ('atorado', 'Atorado')]",sí,Fluye: ambos pasos con evidencia en su periodo. Atorado: el paso origen tiene evidencia pero el destino no — el entregable entró y no salió. Lo calcula el cron de medición.,9,11,0,2,addons/quimibond_sgi/models/sgi_process_procedure.py,1441
quimibond_sgi,sgi.activity.link,lag_days,Float,,Rezago (días),True,,,,,True,,,,,,,,,sí,"Días que la última evidencia del paso destino va detrás de la del paso origen. 0 = el eslabón está al día. Si el «recibe» tiene plazo, son días hábiles desde que se entregó.",4,1,0,0,addons/quimibond_sgi/models/sgi_process_procedure.py,1448
quimibond_sgi,sgi.activity.link,atorado_since,Datetime,,Atorado desde,True,,,,,True,,,,,,,,,no,,6,0,0,5,addons/quimibond_sgi/models/sgi_process_procedure.py,1453
quimibond_sgi,sgi.activity.link,nc_alert_id,Many2one,quality.alert,NC generada,True,,,,,True,,,,,,,,,no,,5,1,0,11,addons/quimibond_sgi/models/sgi_process_procedure.py,1454
quimibond_sgi,stock.picking,sgi_delivery_picking_id,Many2one,stock.picking,Entrega que surte,True,_compute_sgi_delivery_picking,,,True,False,,,,,,,,,sí,"Orden de entrega del mismo pedido que este traslado interno surte: la abierta con la fecha programada más próxima, o la última si todas están hechas. Se puede corregir a mano.",2,1,0,2,addons/quimibond_sgi/models/sgi_release.py,49
quimibond_sgi,sgi.risk.category,name,Char,,Categoría,True,,,True,,,,,,,,,,,no,,1116,8842,3,1148,addons/quimibond_sgi/models/sgi_risk.py,31
quimibond_sgi,sgi.risk.category,active,Boolean,,,True,,,,,,,,,sí,,,,,no,,148,78,4,48,addons/quimibond_sgi/models/sgi_risk.py,32
quimibond_sgi,sgi.risk,name,Char,,Aspecto / Peligro / Situación,True,,,True,,,,,True,,,,,,no,,1116,8842,3,1148,addons/quimibond_sgi/models/sgi_risk.py,48
quimibond_sgi,sgi.risk,consequence,Text,,Consecuencia,True,,,,,,,,,,,,,,no,,4,1,0,0,addons/quimibond_sgi/models/sgi_risk.py,49
quimibond_sgi,sgi.risk,instrument,Selection,,Instrumento,True,,,True,,,,,True,sí,,,,"[('ryo', 'Riesgos y oportunidades'), ('iper', 'IPER (SST)'), ('ambiental', 'Aspecto ambiental'), ('patrimonial', 'Patri…",no,,29,20,0,34,addons/quimibond_sgi/models/sgi_risk.py,50
quimibond_sgi,sgi.risk,kind,Selection,,Tipo,True,,,True,,,,,,sí,,,,"[('riesgo', 'Riesgo'), ('oportunidad', 'Oportunidad')]",no,,137,74,22,39,addons/quimibond_sgi/models/sgi_risk.py,57
quimibond_sgi,sgi.risk,category_id,Many2one,sgi.risk.category,Categoría,True,,,,,,,,,,,,,,no,,12,6,0,13,addons/quimibond_sgi/models/sgi_risk.py,61
quimibond_sgi,sgi.risk,source,Selection,,Origen,True,,,,,,,,,sí,,,,"[('interno', 'Interno'), ('externo', 'Externo')]",no,,43,18,0,48,addons/quimibond_sgi/models/sgi_risk.py,62
quimibond_sgi,sgi.risk,process_id,Many2one,sgi.process,Proceso,True,,,,,,,,,,,,,,no,,241,81,3,142,addons/quimibond_sgi/models/sgi_risk.py,66
quimibond_sgi,sgi.risk,sgi_process_active,Boolean,,Proceso vigente,True,,process_id.active,,,,,,,,,,,,sí,"El proceso al que pertenece está activo. Sin proceso o con el proceso archivado, queda pendiente de proceso nuevo.",6,4,0,3,addons/quimibond_sgi/models/sgi_risk.py,69
quimibond_sgi,sgi.risk,sgi_area_id,Many2one,sgi.area,Área SGI,True,,,,,,,,,,,,,,no,,6,51,0,0,addons/quimibond_sgi/models/sgi_risk.py,73
quimibond_sgi,sgi.risk,job_id,Many2one,hr.job,Puesto,True,,,,,,,,,,,,,,no,,167,51,1,135,addons/quimibond_sgi/models/sgi_risk.py,74
quimibond_sgi,sgi.risk,existing_controls,Text,,Controles existentes,True,,,,,,,,,,,,,,no,,0,2,0,0,addons/quimibond_sgi/models/sgi_risk.py,75
quimibond_sgi,sgi.risk,operational_control_id,Many2one,documents.document,Control operacional (ambiental),True,,,,,,,,,,,,,,no,,0,2,0,0,addons/quimibond_sgi/models/sgi_risk.py,76
quimibond_sgi,sgi.risk,condition,Selection,,Condición (IPER),True,,,,,,,,,,,,,"[('rutinaria', 'Rutinaria'), ('no_rutinaria', 'No rutinaria'), ('emergencia', 'Emergencia')]",no,,25,11,0,5,addons/quimibond_sgi/models/sgi_risk.py,78
quimibond_sgi,sgi.risk,foda_type,Selection,,Tipo FODA,True,,,,,,,,,,,,,"[('fortaleza', 'Fortaleza'), ('oportunidad', 'Oportunidad'), ('debilidad', 'Debilidad'), ('amenaza', 'Amenaza')]",no,,2,1,0,1,addons/quimibond_sgi/models/sgi_risk.py,83
quimibond_sgi,sgi.risk,action_line_ids,One2many,sgi.action.line,Acciones,n/a,,,,,,,,,,,,,,no,,21,9,0,1,addons/quimibond_sgi/models/sgi_risk.py,90
quimibond_sgi,sgi.risk,sgi_nc_ids,Many2many,quality.alert,NCs ligadas,True,,,,,,,,,,,,,,no,,7,0,0,2,addons/quimibond_sgi/models/sgi_risk.py,92
quimibond_sgi,sgi.risk,sgi_nc_count,Integer,,# NCs ligadas,False,_compute_sgi_nc_count,,,,,,,,,,,,,no,,12,12,0,2,addons/quimibond_sgi/models/sgi_risk.py,95
quimibond_sgi,sgi.risk,next_review_date,Date,,Próxima revisión,True,,,,,,,,,,,,,,no,,20,8,0,6,addons/quimibond_sgi/models/sgi_risk.py,97
quimibond_sgi,sgi.risk,state,Selection,,Estado,True,,,True,,,,,True,sí,,,,"[('identificado', 'Identificado'), ('en_tratamiento', 'En tratamiento'), ('controlado', 'Controlado'), ('cerrado', 'Cer…",no,,486,472,44,237,addons/quimibond_sgi/models/sgi_risk.py,98
quimibond_sgi,sgi.risk,active,Boolean,,,True,,,,,,,,,sí,,,,,no,,148,78,4,48,addons/quimibond_sgi/models/sgi_risk.py,104
quimibond_sgi,sgi.risk,eval_probability,Selection,,Probabilidad,True,,,,,,,,,,,,,SCALE_1_5,no,,9,2,0,22,addons/quimibond_sgi/models/sgi_risk.py,107
quimibond_sgi,sgi.risk,eval_impact,Selection,,Impacto / Severidad,True,,,,,,,,,,,,,SCALE_1_5,no,,9,2,0,22,addons/quimibond_sgi/models/sgi_risk.py,108
quimibond_sgi,sgi.risk,score,Integer,,Nivel de riesgo,True,_compute_score,,,,,,,,,,,,,no,,31,7,0,10,addons/quimibond_sgi/models/sgi_risk.py,109
quimibond_sgi,sgi.risk,attention_level,Selection,,Nivel de atención,True,_compute_score,,,,,,,,,,,,ATTENTION_LEVELS,no,,20,17,0,7,addons/quimibond_sgi/models/sgi_risk.py,110
quimibond_sgi,sgi.risk,residual_probability,Selection,,Probabilidad residual,True,,,,,,,,,,,,,SCALE_1_5,no,,5,1,0,3,addons/quimibond_sgi/models/sgi_risk.py,114
quimibond_sgi,sgi.risk,residual_impact,Selection,,Impacto residual,True,,,,,,,,,,,,,SCALE_1_5,no,,5,1,0,3,addons/quimibond_sgi/models/sgi_risk.py,115
quimibond_sgi,sgi.risk,residual_score,Integer,,Riesgo residual,True,_compute_residual,,,,,,,,,,,,,no,,5,2,0,1,addons/quimibond_sgi/models/sgi_risk.py,116
quimibond_sgi,sgi.risk,residual_level,Selection,,Nivel residual,True,_compute_residual,,,,,,,,,,,,ATTENTION_LEVELS,no,,2,1,0,0,addons/quimibond_sgi/models/sgi_risk.py,117
quimibond_sgi,sgi.risk,residual_note,Text,,Justificación del riesgo residual,True,,,,,,,,,,,,,,sí,Obligatoria para controlar/cerrar un riesgo de atención máxima si el riesgo residual no baja respecto al inicial.,1,1,0,1,addons/quimibond_sgi/models/sgi_risk.py,119
quimibond_sgi,sgi.risk,has_finished_actions,Boolean,,Acciones terminadas,False,_compute_has_finished_actions,,,,,,,,,,,,,no,,1,2,0,0,addons/quimibond_sgi/models/sgi_risk.py,123
quimibond_sgi,sgi.risk,last_eval_date,Date,,Última evaluación,True,,,,,True,,,,,,,,,no,,7,5,0,3,addons/quimibond_sgi/models/sgi_risk.py,128
quimibond_sgi,sgi.risk,semaphore,Selection,,Semáforo,True,_compute_semaphore,,,,,,,,,,,,"[('verde', 'Verde'), ('amarillo', 'Amarillo'), ('rojo', 'Rojo')]",no,,37,37,0,22,addons/quimibond_sgi/models/sgi_risk.py,129
quimibond_sgi,sgi.risk,high_without_action,Boolean,,Alto sin acción abierta,True,_compute_high_without_action,,,,,,,,,,,,,sí,"Riesgo de atención alta o inmediata, no cerrado, sin ninguna acción de tratamiento pendiente.",3,4,0,4,addons/quimibond_sgi/models/sgi_risk.py,132
quimibond_sgi,sale.order,commitment_date,Datetime,,,True,,,,,,,,True,,,,,,no,,11,0,0,7,addons/quimibond_sgi/models/sgi_sale_commitment.py,17
quimibond_sgi,sale.order,sgi_commitment_set_at,Datetime,,Fecha compromiso registrada el,True,,,,True,True,,,,,,,,,sí,Cuándo se registró por primera vez la fecha compromiso.,3,0,0,4,addons/quimibond_sgi/models/sgi_sale_commitment.py,18
quimibond_sgi,sale.order,sgi_commitment_set_uid,Many2one,res.users,Fecha compromiso registrada por,True,,,,,True,,,,,,,,,sí,Quién registró por primera vez la fecha compromiso.,1,0,0,1,addons/quimibond_sgi/models/sgi_sale_commitment.py,21
quimibond_sgi,sgi.sales.budget,year,Integer,,Año,True,,,True,,,,,True,sí,,,,,no,,95,10,0,77,addons/quimibond_sgi/models/sgi_sales_budget.py,51
quimibond_sgi,sgi.sales.budget,team_id,Many2one,crm.team,Mercado (equipo de ventas),True,,,True,,,,,True,,,,,,sí,"Cada hoja del F-P-A28-18 es un mercado: industrial, confección, especiales…",97,23,0,111,addons/quimibond_sgi/models/sgi_sales_budget.py,53
quimibond_sgi,sgi.sales.budget,revision,Integer,,Revisión,True,,,True,,,,,True,sí,,,,,no,,65,26,0,12,addons/quimibond_sgi/models/sgi_sales_budget.py,57
quimibond_sgi,sgi.sales.budget,kind,Selection,,Tipo,True,,,True,,,,,True,sí,,,,"[('presupuesto', 'Presupuesto mensual (por mercado)'), ('pronostico', 'Pronóstico semanal (por cliente)')]",sí,"Presupuesto: matriz mensual por mercado (F-P-A28-18). Pronóstico: matriz semanal por cliente (F-P-A28-13); un registro por cliente y año, como cada hoja del forecast.",137,74,22,39,addons/quimibond_sgi/models/sgi_sales_budget.py,59
quimibond_sgi,sgi.sales.budget,partner_id,Many2one,res.partner,Cliente del pronóstico,True,,,,,,,,,,,,,,sí,Cliente de este pronóstico (obligatorio en modo pronóstico; una hoja del forecast = un cliente-año).,190,41,0,100,addons/quimibond_sgi/models/sgi_sales_budget.py,66
quimibond_sgi,sgi.sales.budget,name,Char,,Nombre,True,_compute_name,,,,,,,,,,,,,no,,1116,8842,3,1148,addons/quimibond_sgi/models/sgi_sales_budget.py,71
quimibond_sgi,sgi.sales.budget,company_id,Many2one,res.company,Compañía,True,,,True,,,,,,sí,,,,,no,,207,50,0,19,addons/quimibond_sgi/models/sgi_sales_budget.py,72
quimibond_sgi,sgi.sales.budget,currency_id,Many2one,res.currency,Moneda,False,,company_id.currency_id,,,True,,,,,,,,,no,,40,21,0,17,addons/quimibond_sgi/models/sgi_sales_budget.py,74
quimibond_sgi,sgi.sales.budget,state,Selection,,Estado,True,,,True,,,,,True,sí,,,,"[('borrador', 'Borrador'), ('revisado', 'Revisado'), ('aprobado', 'Aprobado'), ('obsoleto', 'Obsoleto')]",no,,486,472,44,237,addons/quimibond_sgi/models/sgi_sales_budget.py,82
quimibond_sgi,sgi.sales.budget,line_ids,One2many,sgi.sales.budget.line,Líneas del presupuesto,n/a,,,,,,,,,,,,,,no,,96,12,0,62,addons/quimibond_sgi/models/sgi_sales_budget.py,88
quimibond_sgi,sgi.sales.budget,line_count,Integer,,# Líneas,False,_compute_line_count,,,,,,,,,,,,,no,,1,1,0,0,addons/quimibond_sgi/models/sgi_sales_budget.py,90
quimibond_sgi,sgi.sales.budget,amount_budget_total,Monetary,,Presupuesto (total),False,_compute_amount_totals,,,,,,,,,,,,,no,,8,3,0,0,addons/quimibond_sgi/models/sgi_sales_budget.py,94
quimibond_sgi,sgi.sales.budget,amount_real_total,Monetary,,Facturado (total),False,_compute_amount_totals,,,,,,,,,,,,,no,,2,2,0,0,addons/quimibond_sgi/models/sgi_sales_budget.py,96
quimibond_sgi,sgi.sales.budget,amount_ordered_total,Monetary,,Pedido (total),False,_compute_amount_totals,,,,,,,,,,,,,no,,1,1,0,0,addons/quimibond_sgi/models/sgi_sales_budget.py,98
quimibond_sgi,sgi.sales.budget,fulfillment_pct,Float,,% Cumplimiento (importe),False,_compute_amount_totals,,,,,,,,,,,,,no,,3,6,0,0,addons/quimibond_sgi/models/sgi_sales_budget.py,100
quimibond_sgi,sgi.sales.budget,amount_real_unbudgeted,Monetary,,Facturado NO presupuestado,False,_compute_unbudgeted,,,,,,,,,,,,,sí,Facturación neta del equipo en el año que no matchea ninguna línea (ni global ni por cliente): total real del equipo menos el real capturado por las líneas. Producto/cliente vendido sin presupuestar.,1,1,0,2,addons/quimibond_sgi/models/sgi_sales_budget.py,102
quimibond_sgi,sgi.sales.budget,qty_budget_text,Char,,Cantidad presupuestada (por unidad),False,_compute_qty_texts,,,,,,,,,,,,,no,,2,1,0,1,addons/quimibond_sgi/models/sgi_sales_budget.py,108
quimibond_sgi,sgi.sales.budget,qty_real_text,Char,,Cantidad facturada (por unidad),False,_compute_qty_texts,,,,,,,,,,,,,no,,1,2,0,0,addons/quimibond_sgi/models/sgi_sales_budget.py,110
quimibond_sgi,sgi.sales.budget,unconverted_count,Integer,,Facturas sin convertir (otra unidad),False,_compute_unconverted_count,,,,,,,,,,,,,sí,Líneas de factura del periodo cuya unidad es de otra categoría que la presupuestada: se cuentan en importe pero NO en cantidad. El hueco queda visible aquí para corregir la unidad.,8,4,0,3,addons/quimibond_sgi/models/sgi_sales_budget.py,112
quimibond_sgi,sgi.sales.budget,amount_currency_text,Char,,Totales por divisa,False,_compute_amount_currency_text,,,,,,,,,,,,,sí,Totales POR divisa de las líneas cuya lista no es la moneda de la compañía. Nunca se suman entre sí: el único total global es en pesos.,1,1,0,1,addons/quimibond_sgi/models/sgi_sales_budget.py,118
quimibond_sgi,sgi.sales.budget,no_price_count,Integer,,Productos sin precio de lista,False,_compute_no_price_count,,,,,,,,,,,,,sí,Líneas cuyo producto no tiene precio en la lista aplicable. Corrige LA LISTA de precios (no el presupuesto).,3,2,0,3,addons/quimibond_sgi/models/sgi_sales_budget.py,122
quimibond_sgi,sgi.sales.budget,price_deviation_count,Integer,,Desviaciones de precio,False,_compute_price_deviation_count,,,,,,,,,,,,,sí,Líneas con desviación de precio leve o grave (facturado vs lista).,1,2,0,1,addons/quimibond_sgi/models/sgi_sales_budget.py,126
quimibond_sgi,sgi.sales.budget,uncovered_count,Integer,,Semanas descubiertas,False,_compute_uncovered_count,,,,,,,,,,,,,sí,Líneas de pronóstico en horizonte sin pedido o con pedido parcial.,1,2,0,2,addons/quimibond_sgi/models/sgi_sales_budget.py,129
quimibond_sgi,sgi.sales.budget,nonfulfillment_note,Text,,Justificación de incumplimiento (F-P-A28 4.3.6.1),True,,,,,,,,,,,,,,sí,"Análisis del porqué del incumplimiento del presupuesto (bajo el umbral de cumplimiento). No bloquea: es justificación, no candado.",3,1,0,0,addons/quimibond_sgi/models/sgi_sales_budget.py,134
quimibond_sgi,sgi.sales.budget,needs_justification,Boolean,,Requiere justificación,False,_compute_needs_justification,,,,,,,,,,,,,sí,El presupuesto aprobado va por debajo del umbral de cumplimiento (Ajustes → 'Cumplimiento mínimo del presupuesto') y aún no tiene justificación capturada.,1,2,0,0,addons/quimibond_sgi/models/sgi_sales_budget.py,138
quimibond_sgi,sgi.sales.budget,sgi_mps_available,Boolean,,,False,_compute_mps_available,,,,,,,,,,,,,no,,1,2,0,1,addons/quimibond_sgi/models/sgi_sales_budget.py,959
quimibond_sgi,sgi.sales.budget.import,budget_id,Many2one,sgi.sales.budget,Presupuesto,True,,,True,,,,,,sí,,,,,no,,57,6,0,60,addons/quimibond_sgi/models/sgi_sales_budget_import.py,41
quimibond_sgi,sgi.sales.budget.import,file,Binary,,Archivo .xlsx,True,,,True,,,,,,,,,,,no,,8,35,0,9,addons/quimibond_sgi/models/sgi_sales_budget_import.py,44
quimibond_sgi,sgi.sales.budget.import,filename,Char,,Nombre del archivo,True,,,,,,,,,,,,,,no,,34,8,0,4,addons/quimibond_sgi/models/sgi_sales_budget_import.py,45
quimibond_sgi,sgi.sales.budget.import,available_sheets,Char,,Hojas del archivo,True,,,,,True,,,,,,,,,no,,3,2,0,0,addons/quimibond_sgi/models/sgi_sales_budget_import.py,46
quimibond_sgi,sgi.sales.budget.import,sheet_name,Char,,Hoja a importar,True,,,,,,,,,,,,,,sí,Vacío = la primera hoja del libro.,3,1,0,8,addons/quimibond_sgi/models/sgi_sales_budget_import.py,47
quimibond_sgi,sgi.sales.budget.import,conflict_mode,Selection,,Si el producto ya tiene líneas,True,,,True,,,,,,sí,,,,"[('replace', 'Reemplazar líneas existentes del producto'), ('add', 'Sumar a las existentes')]",no,,3,1,0,2,addons/quimibond_sgi/models/sgi_sales_budget_import.py,50
quimibond_sgi,sgi.sales.budget.import,result,Text,,Resultado,True,,,,,True,,,,,,,,,no,,118,34,0,135,addons/quimibond_sgi/models/sgi_sales_budget_import.py,54
quimibond_sgi,sgi.sales.budget.line,budget_id,Many2one,sgi.sales.budget,Presupuesto,True,,,True,True,,,cascade,,,,,,,no,,57,6,0,60,addons/quimibond_sgi/models/sgi_sales_budget_line.py,24
quimibond_sgi,sgi.sales.budget.line,team_id,Many2one,,Mercado,True,,budget_id.team_id,,,,,,,,,,,,no,,97,23,0,111,addons/quimibond_sgi/models/sgi_sales_budget_line.py,26
quimibond_sgi,sgi.sales.budget.line,company_id,Many2one,,,True,,budget_id.company_id,,,,,,,,,,,,no,,207,50,0,19,addons/quimibond_sgi/models/sgi_sales_budget_line.py,28
quimibond_sgi,sgi.sales.budget.line,currency_id,Many2one,,Moneda,True,,budget_id.currency_id,,,,,,,,,,,,no,,40,21,0,17,addons/quimibond_sgi/models/sgi_sales_budget_line.py,29
quimibond_sgi,sgi.sales.budget.line,kind,Selection,,Tipo,True,,budget_id.kind,,,,,,,,,,,,no,,137,74,22,39,addons/quimibond_sgi/models/sgi_sales_budget_line.py,31
quimibond_sgi,sgi.sales.budget.line,product_id,Many2one,product.product,Producto,True,,,True,True,,,,,,,,,,no,,136,26,0,122,addons/quimibond_sgi/models/sgi_sales_budget_line.py,32
quimibond_sgi,sgi.sales.budget.line,customer_code,Char,,Código del cliente para el material,True,,,,,,,,,,,,,,sí,Código con que el cliente identifica el material (ej. SCR31); se imprime junto al producto en el pronóstico F-P-A28-13.,12,2,0,5,addons/quimibond_sgi/models/sgi_sales_budget_line.py,34
quimibond_sgi,sgi.sales.budget.line,partner_id,Many2one,res.partner,Cliente,True,,,,True,,,,,,,,,,sí,Presupuesto: vacío = producto para todo el mercado; con cliente = esa cuenta (un producto no mezcla ambos). Pronóstico: es el cliente de la cabecera (no editable).,190,41,0,100,addons/quimibond_sgi/models/sgi_sales_budget_line.py,38
quimibond_sgi,sgi.sales.budget.line,date,Date,,Mes / Semana,True,,,True,,,,,,,,,,,sí,Presupuesto: primer día del mes. Pronóstico: lunes de la semana.,193,79,0,587,addons/quimibond_sgi/models/sgi_sales_budget_line.py,44
quimibond_sgi,sgi.sales.budget.line,uom_id,Many2one,uom.uom,Unidad,True,,,True,,,,,,,,,,,sí,"Unidad en que se captura y lee la cantidad de esta línea (vendemos en metros, kg, rollos, piezas). Editable solo dentro de la misma categoría que la unidad de venta del producto.",56,5,0,100,addons/quimibond_sgi/models/sgi_sales_budget_line.py,47
quimibond_sgi,sgi.sales.budget.line,qty_budget,Float,,Cantidad presupuestada,True,,,,,,,,,,,,,,no,,34,6,0,68,addons/quimibond_sgi/models/sgi_sales_budget_line.py,52
quimibond_sgi,sgi.sales.budget.line,price_unit_budget,Monetary,,Precio MXN,True,_compute_price,,,,,,,,,,,,,sí,"Precio unitario en moneda de la compañía, tomado de la lista de precios del cliente (o la lista default). No se captura.",4,3,0,10,addons/quimibond_sgi/models/sgi_sales_budget_line.py,59
quimibond_sgi,sgi.sales.budget.line,price_unit_currency,Monetary,,Precio (divisa),True,_compute_price,,,,,,,,,,,,,sí,Precio en la moneda de la lista aplicada (lo que el cliente conoce).,6,4,0,4,addons/quimibond_sgi/models/sgi_sales_budget_line.py,64
quimibond_sgi,sgi.sales.budget.line,list_currency_id,Many2one,res.currency,Moneda de la lista,True,_compute_price,,,,,,,,,,,,,no,,15,9,0,4,addons/quimibond_sgi/models/sgi_sales_budget_line.py,68
quimibond_sgi,sgi.sales.budget.line,has_list_price,Boolean,,Con precio de lista,True,_compute_price,,,,,,,,,,,,,sí,"Falso si el producto no tiene precio en la lista aplicable: la línea se crea igual, pero hay que corregir LA LISTA.",9,3,0,10,addons/quimibond_sgi/models/sgi_sales_budget_line.py,71
quimibond_sgi,sgi.sales.budget.line,price_source,Char,,Origen del precio,True,_compute_price,,,,,,,,,,,,,sí,"Rastro del origen del precio y el tipo de cambio usado (ej. ""Lista 'Export USD': 2.15 USD × 17.50"").",3,2,0,6,addons/quimibond_sgi/models/sgi_sales_budget_line.py,75
quimibond_sgi,sgi.sales.budget.line,amount_budget,Monetary,,Importe MXN,True,_compute_amount_budget,,,,,,,,,,,,,sí,"Cantidad × precio de lista, en moneda de la compañía.",13,10,0,8,addons/quimibond_sgi/models/sgi_sales_budget_line.py,79
quimibond_sgi,sgi.sales.budget.line,amount_currency,Monetary,,Importe (divisa),True,_compute_amount_budget,,,,,,,,,,,,,sí,"Cantidad × precio, en la moneda de la lista.",8,4,0,1,addons/quimibond_sgi/models/sgi_sales_budget_line.py,83
quimibond_sgi,sgi.sales.budget.line,qty_real,Float,,Cantidad facturada,True,_compute_real,,,,,,,,,,,,,sí,Cantidad facturada del periodo convertida a la unidad de esta línea.,21,5,0,10,addons/quimibond_sgi/models/sgi_sales_budget_line.py,92
quimibond_sgi,sgi.sales.budget.line,amount_real,Monetary,,Importe real,True,_compute_real,,,,,,,,,,,,,sí,Presupuesto: FACTURADO — suma de account.move.line.balance (con el signo de out_invoice/out_refund) de las facturas del periodo (contabilidad ya convirtió a moneda compañía; no se reconvierte). Pronó…,19,11,0,8,addons/quimibond_sgi/models/sgi_sales_budget_line.py,96
quimibond_sgi,sgi.sales.budget.line,unconverted_count,Integer,,Facturas sin convertir,True,_compute_real,,,,,,,,,,,,,no,,8,4,0,3,addons/quimibond_sgi/models/sgi_sales_budget_line.py,103
quimibond_sgi,sgi.sales.budget.line,qty_ordered,Float,,Cantidad pedida,True,_compute_ordered,,,,,,,,,,,,,sí,"Lo pedido (sale.order confirmadas) — visión comercial, aún no necesariamente facturado.",2,2,0,0,addons/quimibond_sgi/models/sgi_sales_budget_line.py,105
quimibond_sgi,sgi.sales.budget.line,amount_ordered,Monetary,,Importe pedido,True,_compute_ordered,,,,,,,,,,,,,no,,4,6,0,1,addons/quimibond_sgi/models/sgi_sales_budget_line.py,110
quimibond_sgi,sgi.sales.budget.line,qty_net_demand,Float,,Demanda neta,True,_compute_net_demand,,,,,,,,,,,,,sí,"Consumo de pronóstico (forecast consumption): max(pronosticado, comprometido). Los pedidos confirmados CONSUMEN el pronóstico de su semana; si superan lo pronosticado, manda el pedido. Es la demanda …",5,3,0,2,addons/quimibond_sgi/models/sgi_sales_budget_line.py,112
quimibond_sgi,sgi.sales.budget.line,avg_price_budget,Monetary,,Precio prom. presupuestado,False,_compute_avg_prices,,,,,,,,,,,,,no,,1,2,0,2,addons/quimibond_sgi/models/sgi_sales_budget_line.py,119
quimibond_sgi,sgi.sales.budget.line,avg_price_real,Monetary,,Precio prom. real,False,_compute_avg_prices,,,,,,,,,,,,,no,,1,2,0,0,addons/quimibond_sgi/models/sgi_sales_budget_line.py,121
quimibond_sgi,sgi.sales.budget.line,coverage_pct,Float,,Cobertura del pronóstico,True,_compute_real,,,,,,,,,,,,,sí,Comprometido / pronosticado (pedidos confirmados de la semana entre lo pronosticado). Solo pronóstico.,5,2,0,0,addons/quimibond_sgi/models/sgi_sales_budget_line.py,128
quimibond_sgi,sgi.sales.budget.line,coverage_state,Selection,,Estado de cobertura,True,_compute_real,,,,,,,,sí,,,,"[('cubierto', 'Cubierto'), ('parcial', 'Parcial'), ('sin_pedido', 'Sin pedido'), ('excedido', 'Excedido'), ('fuera_hori…",no,,11,12,0,10,addons/quimibond_sgi/models/sgi_sales_budget_line.py,132
quimibond_sgi,sgi.sales.budget.line,qty_forecast,Float,,Pronosticado (info),False,_compute_qty_forecast,,,,,,,,,,,,,sí,Cantidad pronosticada de este producto/cliente en el mes por los pronósticos vigentes del año (agregando semanas). Referencia: no entra en el importe ni en la demanda; solo compara.,2,3,0,0,addons/quimibond_sgi/models/sgi_sales_budget_line.py,143
quimibond_sgi,sgi.sales.budget.line,price_real_unit_currency,Monetary,,Precio real (divisa),True,_compute_real,,,,,,,,,,,,,sí,"Precio unitario facturado promedio, en la moneda de la lista. Si la factura está en otra moneda, se convierte el promedio contable con el tipo presupuestal (ver Desviación cruza divisas).",3,1,0,3,addons/quimibond_sgi/models/sgi_sales_budget_line.py,153
quimibond_sgi,sgi.sales.budget.line,price_gap_fx,Boolean,,Desviación cruza divisas,True,_compute_real,,,,,,,,,,,,,sí,La comparación de precio usó conversión (la factura no estaba en la moneda de la lista); tómala como referencia.,4,1,0,2,addons/quimibond_sgi/models/sgi_sales_budget_line.py,159
quimibond_sgi,sgi.sales.budget.line,price_gap,Monetary,,Desviación de precio (divisa),True,_compute_real,,,,,,,,,,,,,no,,3,0,0,0,addons/quimibond_sgi/models/sgi_sales_budget_line.py,163
quimibond_sgi,sgi.sales.budget.line,price_gap_pct,Float,,Desviación de precio (%),True,_compute_real,,,,,,,,,,,,,no,,3,1,0,2,addons/quimibond_sgi/models/sgi_sales_budget_line.py,166
quimibond_sgi,sgi.sales.budget.line,price_gap_alert,Selection,,Alerta de precio,True,_compute_real,,,,,,,,sí,,,,"[('ok', 'OK'), ('leve', 'Leve'), ('grave', 'Grave')]",no,,8,5,0,3,addons/quimibond_sgi/models/sgi_sales_budget_line.py,168
quimibond_sgi,res.config.settings,sgi_nc_escalation_days,Integer,,Días para escalar una NC sin acciones,True,,,,,,,,,,,,,,sí,NC interna sin acciones tras estos días → actividad al responsable y aviso a MAST.,0,1,0,0,addons/quimibond_sgi/models/sgi_settings.py,14
quimibond_sgi,res.config.settings,sgi_nc_escalation_days_external,Integer,,Días para escalar una NC externa/cliente,True,,,,,,,,,,,,,,sí,Las NC de auditoría externa y reclamaciones de cliente escalan más rápido que las internas.,0,1,0,0,addons/quimibond_sgi/models/sgi_settings.py,19
quimibond_sgi,res.config.settings,sgi_nc_days_containment,Integer,,Plazo de contención de una NC (días hábiles),True,,,,,,,,,,,,,,no,,0,2,0,0,addons/quimibond_sgi/models/sgi_settings.py,24
quimibond_sgi,res.config.settings,sgi_nc_days_root_cause,Integer,,Plazo de causa raíz de una NC (días hábiles),True,,,,,,,,,,,,,,no,,0,2,0,0,addons/quimibond_sgi/models/sgi_settings.py,27
quimibond_sgi,res.config.settings,sgi_nc_days_plan,Integer,,Plazo del plan de acción de una NC (días hábiles),True,,,,,,,,,,,,,,no,,0,2,0,0,addons/quimibond_sgi/models/sgi_settings.py,30
quimibond_sgi,res.config.settings,sgi_nc_escalation_mast_days,Integer,,Días vencido un plazo de NC antes de escalar a MAST,True,,,,,,,,,,,,,,no,,0,2,0,0,addons/quimibond_sgi/models/sgi_settings.py,33
quimibond_sgi,res.config.settings,sgi_nc_days_supplier_response,Integer,,Días hábiles para que el proveedor conteste una NC (portal),True,,,,,,,,,,,,,,no,,0,1,0,0,addons/quimibond_sgi/models/sgi_settings.py,36
quimibond_sgi,res.config.settings,sgi_nc_effectiveness_days,Integer,,Días para verificar la eficacia tras la última correctiva,True,,,,,,,,,,,,,,no,,0,1,0,0,addons/quimibond_sgi/models/sgi_settings.py,39
quimibond_sgi,res.config.settings,sgi_doc_review_notice_days,Integer,,Primer aviso de revisión documental (días),True,,,,,,,,,,,,,,no,,0,1,0,0,addons/quimibond_sgi/models/sgi_settings.py,42
quimibond_sgi,res.config.settings,sgi_doc_review_notice_days_final,Integer,,Segundo aviso de revisión documental (días),True,,,,,,,,,,,,,,no,,0,1,0,0,addons/quimibond_sgi/models/sgi_settings.py,45
quimibond_sgi,res.config.settings,sgi_doc_pilot_notice_days,Integer,,Aviso de piloto por vencer (días),True,,,,,,,,,,,,,,no,,0,1,0,0,addons/quimibond_sgi/models/sgi_settings.py,48
quimibond_sgi,res.config.settings,sgi_doc_ack_pending_days,Integer,,Días para reclamar un acuse pendiente,True,,,,,,,,,,,,,,no,,0,1,0,0,addons/quimibond_sgi/models/sgi_settings.py,51
quimibond_sgi,res.config.settings,sgi_nc_recurrence_months,Integer,,Ventana de reincidencia de NC (meses),True,,,,,,,,,,,,,,sí,Una NC del SGI cuenta como reincidente si en este número de meses hubo otra NC del mismo proceso (misma cláusula pesa doble).,0,1,0,0,addons/quimibond_sgi/models/sgi_settings.py,54
quimibond_sgi,res.config.settings,sgi_action_escalation_manager_days,Integer,,Días para escalar una acción vencida al jefe,True,,,,,,,,,,,,,,sí,"Acción vencida por más de estos días → además del responsable, se avisa a su jefe directo (fallback Jefe MAST).",0,1,0,0,addons/quimibond_sgi/models/sgi_settings.py,59
quimibond_sgi,res.config.settings,sgi_action_escalation_director_days,Integer,,Días para escalar una acción vencida a Dirección,True,,,,,,,,,,,,,,sí,"Acción vencida por más de estos días → además, se avisa a Dirección.",0,1,0,0,addons/quimibond_sgi/models/sgi_settings.py,64
quimibond_sgi,res.config.settings,sgi_fmea_npr_action,Integer,,NPR que exige acción en el AMEF,True,,,,,,,,,,,,,,no,,0,1,0,0,addons/quimibond_sgi/models/sgi_settings.py,69
quimibond_sgi,res.config.settings,sgi_risk_ryo_inmediata,Integer,,RyO: puntaje para atención Inmediata,True,,,,,,,,,,,,,,no,,0,1,0,0,addons/quimibond_sgi/models/sgi_settings.py,72
quimibond_sgi,res.config.settings,sgi_risk_ryo_media,Integer,,RyO: puntaje para atención Media,True,,,,,,,,,,,,,,no,,0,1,0,0,addons/quimibond_sgi/models/sgi_settings.py,75
quimibond_sgi,res.config.settings,sgi_risk_ryo_intermedia,Integer,,RyO: puntaje para atención Intermedia,True,,,,,,,,,,,,,,no,,0,1,0,0,addons/quimibond_sgi/models/sgi_settings.py,78
quimibond_sgi,res.config.settings,sgi_supplier_weight_otd,Float,,Peso de entregas a tiempo,True,,,,,,,,,,,,,,sí,Peso (0-1) de la puntualidad en la calificación del proveedor.,0,1,0,0,addons/quimibond_sgi/models/sgi_settings.py,81
quimibond_sgi,res.config.settings,sgi_supplier_weight_quality,Float,,Peso de calidad,True,,,,,,,,,,,,,,no,,0,1,0,0,addons/quimibond_sgi/models/sgi_settings.py,85
quimibond_sgi,res.config.settings,sgi_supplier_nc_penalty,Float,,Puntos que descuenta cada NC al proveedor,True,,,,,,,,,,,,,,no,,0,1,0,0,addons/quimibond_sgi/models/sgi_settings.py,88
quimibond_sgi,res.config.settings,sgi_supplier_otd_tolerance_days,Integer,,Tolerancia OTD de proveedores (días),True,,,,,,,,,,,,,,sí,Días de gracia sobre la fecha compromiso para contar una recepción como a tiempo (comparación por día calendario).,0,1,0,0,addons/quimibond_sgi/models/sgi_settings.py,91
quimibond_sgi,res.config.settings,sgi_pesaje_tolerance_kg,Float,,Tolerancia de peso de rollo (kg),True,,,,,,,,,,,,,,sí,Rollo confirmado fuera de esta tolerancia → alerta de calidad automática.,0,1,0,0,addons/quimibond_sgi/models/sgi_settings.py,96
quimibond_sgi,res.config.settings,sgi_monthly_sales_budget,Float,,Presupuesto mensual de ventas (MXN),True,,,,,,,,,,,,,,sí,Alimenta los KPIs de cumplimiento y eficiencia del presupuesto.,0,1,0,0,addons/quimibond_sgi/models/sgi_settings.py,100
quimibond_sgi,res.config.settings,sgi_rh_user_id,Many2one,res.users,Usuario de RH,True,,,,,,,,,,,,,,sí,"Recibe las actividades automáticas de RH (competencias por vencer, DNC).",2,1,0,0,addons/quimibond_sgi/models/sgi_settings.py,104
quimibond_sgi,res.config.settings,sgi_waste_categ_id,Many2one,product.category,Categoría del byproduct de desperdicio,True,,,,,,,,,,,,,,sí,Categoría del SALDO (desperdicio) para el KPI automático.,3,1,0,0,addons/quimibond_sgi/models/sgi_settings.py,107
quimibond_sgi,res.config.settings,sgi_purchase_approval_category_id,Many2one,approval.category,Categoría de requisiciones de compra,True,,,,,,,,,,,,,,sí,KPI CO-02 (Requisiciones): categoría de aprobación que cuenta como requisición de compra. Déjalo vacío para detectar automáticamente la(s) categoría(s) de tipo compra; configúralo solo si hay varias.,2,2,0,0,addons/quimibond_sgi/models/sgi_settings.py,110
quimibond_sgi,res.config.settings,sgi_supplier_critical_categ_ids,Many2many,product.category,Categorías de proveedores críticos,True,,,,,,,,,,,,,,sí,Materia prima y maquila: solo los proveedores que entregan productos de estas categorías (o los marcados como críticos en el contacto) entran a la evaluación trimestral. Vacío = la categoría de mater…,2,1,0,0,addons/quimibond_sgi/models/sgi_settings.py,115
quimibond_sgi,res.config.settings,sgi_production_monthly_capacity,Float,,Capacidad instalada mensual de producción,True,,,,,,,,,,,,,,sí,KPI MA-02 (Producido vs capacidad): capacidad mensual en la misma unidad que la producción (p.ej. kg). Para periodos no mensuales se prorratea por días. 0 = captura manual.,0,1,0,0,addons/quimibond_sgi/models/sgi_settings.py,121
quimibond_sgi,res.config.settings,sgi_energy_partner_id,Many2one,res.partner,Proveedor de energía,True,,,,,,,,,,,,,,sí,"KPI TR-03 (Consumo de energía): proveedor cuyas facturas del periodo suman el consumo. Sin configurar, la medición queda en 0 con nota.",2,1,0,0,addons/quimibond_sgi/models/sgi_settings.py,127
quimibond_sgi,res.config.settings,sgi_satisfaction_survey_id,Many2one,survey.survey,Encuesta de satisfacción (CA-02),True,,,,,,,,,,,,,,sí,Encuesta cuyas respuestas alimentan el KPI CA-02. Sin configurar se usa la sembrada por el módulo. Útil para re-apuntar al histórico de respuestas (aunque esté archivado).,2,1,0,0,addons/quimibond_sgi/models/sgi_settings.py,131
quimibond_sgi,res.config.settings,sgi_sales_budget_alert_pct,Integer,,Umbral de aviso de presupuesto de ventas (%),True,,,,,,,,,,,,,,sí,"Al cierre de mes, si un equipo con presupuesto aprobado lleva acumulado por debajo de este % del presupuesto del año, se avisa a su responsable.",0,1,0,0,addons/quimibond_sgi/models/sgi_settings.py,136
quimibond_sgi,res.config.settings,sgi_budget_planning_rate,Float,,Tipo de cambio presupuestal USD→MXN,True,,,,,,,,,,,,,,sí,Para sugerir precios de listas en otra moneda al presupuestar. 0 = usar el tipo de cambio vigente del día de captura.,0,1,0,0,addons/quimibond_sgi/models/sgi_settings.py,142
quimibond_sgi,res.config.settings,sgi_price_gap_tolerance_pct,Float,,Tolerancia de desviación de precio (%),True,,,,,,,,,,,,,,sí,Control de precios: gap facturado vs lista dentro de este % = OK.,0,1,0,0,addons/quimibond_sgi/models/sgi_settings.py,147
quimibond_sgi,res.config.settings,sgi_price_gap_grave_pct,Float,,Desviación de precio grave (%),True,,,,,,,,,,,,,,sí,Gap por encima de este % = grave (entre la tolerancia y este umbral = leve).,0,1,0,0,addons/quimibond_sgi/models/sgi_settings.py,151
quimibond_sgi,res.config.settings,sgi_forecast_over_tolerance_pct,Float,,Tolerancia de pronóstico excedido (%),True,,,,,,,,,,,,,,sí,Cobertura del pronóstico: comprometido por encima de 100% + este % = 'excedido'.,0,1,0,0,addons/quimibond_sgi/models/sgi_settings.py,156
quimibond_sgi,res.config.settings,sgi_forecast_capture_horizon_weeks,Integer,,Horizonte de captura del pronóstico (semanas),True,,,,,,,,,,,,,,sí,Solo se evalúa la cobertura de las semanas dentro de este horizonte (semana actual + N-1); las de fuera quedan 'fuera_horizonte'.,0,1,0,0,addons/quimibond_sgi/models/sgi_settings.py,161
quimibond_sgi,res.config.settings,sgi_budget_fulfillment_min,Integer,,Cumplimiento mínimo del presupuesto (%),True,,,,,,,,,,,,,,sí,"P-A28 4.3.6.1: si un presupuesto aprobado va por debajo de este % de cumplimiento, se pide justificación (banner rojo y actividad al Admin de ventas). No bloquea nada.",0,1,0,0,addons/quimibond_sgi/models/sgi_settings.py,166
quimibond_sgi,res.config.settings,sgi_price_min_plausible,Float,,Precio de lista mínimo plausible (moneda compañía),True,,,,,,,,,,,,,,sí,"Un precio de lista resuelto por debajo de este umbral se toma como placebo (placeholder $1) y la línea queda 'sin precio de lista', aunque haya una regla. Cierra el hoyo de los precios placeholder.",0,1,0,0,addons/quimibond_sgi/models/sgi_settings.py,172
quimibond_sgi,res.config.settings,sgi_budget_pricelist_id,Many2one,product.pricelist,Lista de precios presupuestal,True,,,,,,,,,,,,,,sí,"Lista con que se valúan las líneas del presupuesto SIN cliente (global). Sin configurar, esas líneas quedan sin precio (NUNCA se toma una lista arbitraria: eso valuaba el global con la tarifa de un c…",2,1,0,0,addons/quimibond_sgi/models/sgi_settings.py,178
quimibond_sgi,documents.document,sgi_sign_template_id,Many2one,sign.template,Plantilla de firma (Sign),True,,,,,,,,,,,,,,sí,"Vacío: el SGI la arma sola (el PDF del documento más una hoja «Leí y entendí» con la firma colocada). Solo si se quiere otra, se elige aquí una plantilla hecha a mano en la app Firma.",4,1,0,2,addons/quimibond_sgi/models/sgi_sign_elearning.py,24
quimibond_sgi,documents.document,sgi_sign_template_auto,Boolean,,,True,,,,,True,,,,,,,,,no,,3,0,0,2,addons/quimibond_sgi/models/sgi_sign_elearning.py,31
quimibond_sgi,documents.document,sgi_sign_template_rev,Integer,,,True,,,,,True,,,,,,,,,no,,2,0,0,1,addons/quimibond_sgi/models/sgi_sign_elearning.py,32
quimibond_sgi,sgi.document.ack,sign_request_id,Many2one,sign.request,Solicitud de firma,True,,,,,True,,set null,,,,,,,no,,14,4,0,4,addons/quimibond_sgi/models/sgi_sign_elearning.py,120
quimibond_sgi,sgi.document.ack,sign_state,Selection,,Firma electrónica,True,,sign_request_id.state,,,,,,,,,,,,no,,3,6,0,0,addons/quimibond_sgi/models/sgi_sign_elearning.py,125
quimibond_sgi,slide.channel,sgi_skill_id,Many2one,hr.skill,Competencia SGI que otorga,True,,,,,,,,,,,,,,sí,"Al terminar el curso, el empleado recibe esta competencia al nivel indicado (cierra la brecha en la DNC).",5,1,0,1,addons/quimibond_sgi/models/sgi_sign_elearning.py,151
quimibond_sgi,slide.channel,sgi_skill_type_id,Many2one,,Tipo de competencia,False,,sgi_skill_id.skill_type_id,,,,,,,,,,,,no,,1,1,0,0,addons/quimibond_sgi/models/sgi_sign_elearning.py,155
quimibond_sgi,slide.channel,sgi_skill_level_id,Many2one,hr.skill.level,Nivel que otorga,True,,,,,,,,,,,,,,no,,2,1,0,1,addons/quimibond_sgi/models/sgi_sign_elearning.py,157
quimibond_sgi,sgi.sign.record.mixin,sgi_sign_request_ids,Many2many,sign.request,Solicitudes de firma,False,_compute_sgi_sign_requests,,,,,,,,,,,,,no,,1,0,0,0,addons/quimibond_sgi/models/sgi_sign_record.py,19
quimibond_sgi,sgi.sign.record.mixin,sgi_sign_count,Integer,,,False,_compute_sgi_sign_requests,,,,,,,,,,,,,no,,3,8,0,1,addons/quimibond_sgi/models/sgi_sign_record.py,21
quimibond_sgi,sgi.sign.record.mixin,sgi_signed,Boolean,,Firmado,False,_compute_sgi_sign_requests,,,,,,,,,,_search_sgi_signed,,,no,,1,0,0,3,addons/quimibond_sgi/models/sgi_sign_record.py,22
quimibond_sgi,product.product,sgi_sign_count,Integer,,,False,,product_tmpl_id.sgi_sign_count,,,,,,,,,,,,no,,3,8,0,1,addons/quimibond_sgi/models/sgi_sign_record.py,97
quimibond_sgi,sgi.sign.request.wizard,res_model,Char,,,True,,,True,,,,,,,,,,,no,,166,83,2,118,addons/quimibond_sgi/models/sgi_sign_record.py,112
quimibond_sgi,sgi.sign.request.wizard,res_id,Integer,,,True,,,True,,,,,,,,,,,no,,147,2,7,93,addons/quimibond_sgi/models/sgi_sign_record.py,113
quimibond_sgi,sgi.sign.request.wizard,template_id,Many2one,sign.template,Plantilla de firma,True,,,True,,,,,,,,,,,no,,17,2,0,9,addons/quimibond_sgi/models/sgi_sign_record.py,114
quimibond_sgi,sgi.sign.request.wizard,partner_id,Many2one,res.partner,Firmante,True,,,True,,,,,,,,,,,no,,190,41,0,100,addons/quimibond_sgi/models/sgi_sign_record.py,115
quimibond_sgi,sgi.sign.request.wizard,subject,Char,,Asunto,True,,,,,,,,,,,,,,no,,9,6,0,1,addons/quimibond_sgi/models/sgi_sign_record.py,116
quimibond_sgi,sgi.deliverable,require_signed,Boolean,,Exige firmado,True,,,,,,,,,,,,,,sí,Cuenta como completo solo si el registro tiene una solicitud de Sign firmada ligada a él (REG-1).,1,1,0,1,addons/quimibond_sgi/models/sgi_sign_record.py,147
quimibond_sgi,sgi.deliverable,survey_id,Many2one,survey.survey,Encuesta,True,,,,,,,,,,,,,,sí,El entregable es una respuesta terminada de esta encuesta (REG-2).,17,32,0,6,addons/quimibond_sgi/models/sgi_sign_record.py,150
quimibond_sgi,sgi.staff.efficiency,name,Char,,,True,_compute_name,,,,,,,,,,,,,no,,1116,8842,3,1148,addons/quimibond_sgi/models/sgi_staff_efficiency.py,36
quimibond_sgi,sgi.staff.efficiency,period_date,Date,,Mes,True,,,True,,,,,,sí,,,,,no,,92,19,0,62,addons/quimibond_sgi/models/sgi_staff_efficiency.py,37
quimibond_sgi,sgi.staff.efficiency,department_id,Many2one,hr.department,Área,True,,,,,,,,,sí,,,,,no,,34,49,0,13,addons/quimibond_sgi/models/sgi_staff_efficiency.py,39
quimibond_sgi,sgi.staff.efficiency,prepared_by_id,Many2one,res.users,Elaboró (jefe de área),True,,,,,,,,,sí,,,,,no,,2,3,0,0,addons/quimibond_sgi/models/sgi_staff_efficiency.py,40
quimibond_sgi,sgi.staff.efficiency,received_by_id,Many2one,res.users,Recibió (coordinador de RH),True,,,,,,,,,,,,,,no,,2,2,0,1,addons/quimibond_sgi/models/sgi_staff_efficiency.py,41
quimibond_sgi,sgi.staff.efficiency,received_date,Datetime,,Recibida por RH el,True,,,,,True,,,,,,,,,no,,2,2,0,0,addons/quimibond_sgi/models/sgi_staff_efficiency.py,42
quimibond_sgi,sgi.staff.efficiency,state,Selection,,,True,,,True,,,,,True,sí,,,,"[('borrador', 'Borrador'), ('cerrado', 'Cerrado'), ('recibido', 'Recibido por RH')]",no,,486,472,44,237,addons/quimibond_sgi/models/sgi_staff_efficiency.py,43
quimibond_sgi,sgi.staff.efficiency,line_ids,One2many,sgi.staff.efficiency.line,Empleados,n/a,,,,,,,,,,,,,,no,,96,12,0,62,addons/quimibond_sgi/models/sgi_staff_efficiency.py,45
quimibond_sgi,sgi.staff.efficiency,employee_count,Integer,,Número de empleados,False,_compute_totals,,,,,,,,,,,,,no,,4,5,0,0,addons/quimibond_sgi/models/sgi_staff_efficiency.py,46
quimibond_sgi,sgi.staff.efficiency,amount_total,Monetary,,Importe total,False,_compute_amount_total,,,,,_MONEY_GROUPS,,,,,,,,no,,6,5,0,5,addons/quimibond_sgi/models/sgi_staff_efficiency.py,47
quimibond_sgi,sgi.staff.efficiency,currency_id,Many2one,res.currency,,True,,,,,,,,,sí,,,,,no,,40,21,0,17,addons/quimibond_sgi/models/sgi_staff_efficiency.py,49
quimibond_sgi,sgi.staff.efficiency,company_id,Many2one,res.company,,True,,,,,,,,,sí,,,,,no,,207,50,0,19,addons/quimibond_sgi/models/sgi_staff_efficiency.py,50
quimibond_sgi,sgi.staff.efficiency,note,Text,,Observaciones,True,,,,,,,,,,,,,,no,,70,30,0,9,addons/quimibond_sgi/models/sgi_staff_efficiency.py,51
quimibond_sgi,sgi.staff.efficiency.line,sheet_id,Many2one,sgi.staff.efficiency,Hoja mensual,True,,,True,,,,cascade,,,,,,,no,,7,7,0,2,addons/quimibond_sgi/models/sgi_staff_efficiency.py,178
quimibond_sgi,sgi.staff.efficiency.line,employee_id,Many2one,hr.employee,Empleado,True,,,True,,,,restrict,,,,,,,no,,145,48,0,51,addons/quimibond_sgi/models/sgi_staff_efficiency.py,179
quimibond_sgi,sgi.staff.efficiency.line,job_id,Many2one,,Puesto,True,,employee_id.job_id,,,,,,,,,,,,no,,167,51,1,135,addons/quimibond_sgi/models/sgi_staff_efficiency.py,180
quimibond_sgi,sgi.staff.efficiency.line,department_id,Many2one,,Área,True,,employee_id.department_id,,,,,,,,,,,,no,,34,49,0,13,addons/quimibond_sgi/models/sgi_staff_efficiency.py,181
quimibond_sgi,sgi.staff.efficiency.line,wage_daily,Monetary,,Salario diario,True,_compute_wage_daily,,,,False,_MONEY_GROUPS,,,,,,,,no,,6,2,0,1,addons/quimibond_sgi/models/sgi_staff_efficiency.py,182
quimibond_sgi,sgi.staff.efficiency.line,wage_monthly,Monetary,,Salario mensual (×30),False,_compute_wage_monthly,,,,,_MONEY_GROUPS,,,,,,,,no,,1,1,0,0,addons/quimibond_sgi/models/sgi_staff_efficiency.py,184
quimibond_sgi,sgi.staff.efficiency.line,attendance_pct,Float,,Asistencia (máx. 5.5 %),True,,,,,,,,,,,,,,no,,4,3,0,3,addons/quimibond_sgi/models/sgi_staff_efficiency.py,186
quimibond_sgi,sgi.staff.efficiency.line,housekeeping_pct,Float,,Orden y limpieza (máx. 2 %),True,,,,,,,,,,,,,,no,,4,3,0,1,addons/quimibond_sgi/models/sgi_staff_efficiency.py,187
quimibond_sgi,sgi.staff.efficiency.line,efficiency_pct,Float,,Eficiencia (máx. 2 %),True,,,,,,,,,,,,,,no,,6,3,0,3,addons/quimibond_sgi/models/sgi_staff_efficiency.py,188
quimibond_sgi,sgi.staff.efficiency.line,quality_pct,Float,,Calidad (máx. 2 %),True,,,,,,,,,,,,,,no,,4,3,0,2,addons/quimibond_sgi/models/sgi_staff_efficiency.py,189
quimibond_sgi,sgi.staff.efficiency.line,total_pct,Float,,Total (%),True,_compute_total_pct,,,,,,,,,,,,,no,,6,4,0,1,addons/quimibond_sgi/models/sgi_staff_efficiency.py,190
quimibond_sgi,sgi.staff.efficiency.line,amount,Monetary,,A pagar,True,_compute_amounts,,,,,_MONEY_GROUPS,,,,,,,,no,,26,4,0,39,addons/quimibond_sgi/models/sgi_staff_efficiency.py,191
quimibond_sgi,sgi.staff.efficiency.line,real_minutes,Float,,Tiempo real (min),True,,,,,True,,,,,,,,,no,,1,1,0,0,addons/quimibond_sgi/models/sgi_staff_efficiency.py,193
quimibond_sgi,sgi.staff.efficiency.line,expected_minutes,Float,,Tiempo esperado (min),True,,,,,True,,,,,,,,,no,,1,1,0,0,addons/quimibond_sgi/models/sgi_staff_efficiency.py,194
quimibond_sgi,sgi.staff.efficiency.line,efficiency_ratio,Float,,Esperado / real,True,,,,,True,,,,,,,,,no,,1,1,0,0,addons/quimibond_sgi/models/sgi_staff_efficiency.py,195
quimibond_sgi,sgi.staff.efficiency.line,currency_id,Many2one,,,False,,sheet_id.currency_id,,,,,,,,,,,,no,,40,21,0,17,addons/quimibond_sgi/models/sgi_staff_efficiency.py,196
quimibond_sgi,sgi.staff.efficiency.line,note,Char,,Observaciones,True,,,,,,,,,,,,,,no,,70,30,0,9,addons/quimibond_sgi/models/sgi_staff_efficiency.py,197
quimibond_sgi,sgi.process,nc_open_ids,Many2many,quality.alert,No conformidades abiertas,False,_compute_nc_open_ids,,,,,,,,,,,,,no,,2,0,0,2,addons/quimibond_sgi/models/sgi_structure.py,21
quimibond_sgi,sgi.process,structure_status,Char,,Estado del proceso,False,_compute_structure_status,,,,,,,,,,,,,sí,"Una línea: dueño, estado, semáforo, actividades atrasadas, KPIs en rojo y NC abiertas.",1,1,0,1,addons/quimibond_sgi/models/sgi_structure.py,24
quimibond_sgi,res.partner,sgi_supplier_class,Selection,,Clasificación SGI,True,,,,,,,,True,,,,,SUPPLIER_CLASSES,sí,Sin datos: en el periodo evaluado no hubo recepciones con fecha compromiso ni NC; no hay con qué calificarlo (no es «Baja»).,2,5,0,3,addons/quimibond_sgi/models/sgi_supplier_eval.py,20
quimibond_sgi,res.partner,sgi_supplier_status,Selection,,Aprobación SGI (8.4.1),True,,,,,,,,True,,,,,"[('nuevo', 'Nuevo (sin aprobar)'), ('aprobado', 'Aprobado'), ('bloqueado', 'Bloqueado')]",no,,4,9,0,2,addons/quimibond_sgi/models/sgi_supplier_eval.py,27
quimibond_sgi,res.partner,sgi_supplier_approved_by,Many2one,res.users,Aprobado por,True,,,,,True,,,,,,,,,no,,1,1,0,0,addons/quimibond_sgi/models/sgi_supplier_eval.py,32
quimibond_sgi,res.partner,sgi_supplier_approved_date,Date,,Fecha de aprobación,True,,,,,True,,,,,,,,,no,,1,1,0,1,addons/quimibond_sgi/models/sgi_supplier_eval.py,34
quimibond_sgi,res.partner,sgi_supplier_critical,Boolean,,Proveedor crítico,True,,,,,,,,,,,,,,sí,Materia prima o maquila: entra a la evaluación trimestral aunque en el periodo no haya comprado productos de las categorías críticas.,2,1,0,2,addons/quimibond_sgi/models/sgi_supplier_eval.py,36
quimibond_sgi,res.partner,sgi_supplier_score,Float,,Calificación SGI,True,,,,,,,,,,,,,,no,,1,1,0,0,addons/quimibond_sgi/models/sgi_supplier_eval.py,40
quimibond_sgi,res.partner,sgi_last_eval_date,Date,,Última evaluación,True,,,,,,,,,,,,,,no,,1,1,0,0,addons/quimibond_sgi/models/sgi_supplier_eval.py,41
quimibond_sgi,res.partner,sgi_eval_ids,One2many,sgi.supplier.eval,Evaluaciones SGI,n/a,,,,,,,,,,,,,,no,,0,1,0,0,addons/quimibond_sgi/models/sgi_supplier_eval.py,42
quimibond_sgi,res.partner,sgi_eval_count,Integer,,# Evaluaciones,False,_compute_sgi_eval_count,,,,,,,,,,,,,no,,1,2,0,0,addons/quimibond_sgi/models/sgi_supplier_eval.py,43
quimibond_sgi,sgi.supplier.eval,partner_id,Many2one,res.partner,Proveedor,True,,,True,True,,,cascade,,,,,,,no,,190,41,0,100,addons/quimibond_sgi/models/sgi_supplier_eval.py,109
quimibond_sgi,sgi.supplier.eval,date_from,Date,,Desde,True,,,True,,,,,,,,,,,no,,245,4,0,6,addons/quimibond_sgi/models/sgi_supplier_eval.py,111
quimibond_sgi,sgi.supplier.eval,date_to,Date,,Hasta,True,,,True,,,,,,,,,,,no,,283,3,0,4,addons/quimibond_sgi/models/sgi_supplier_eval.py,112
quimibond_sgi,sgi.supplier.eval,otd_pct,Float,,OTD %,True,_compute_metrics,,,,,,,,,,,,,no,,2,3,0,2,addons/quimibond_sgi/models/sgi_supplier_eval.py,113
quimibond_sgi,sgi.supplier.eval,otd_has_data,Boolean,,Con datos de entrega,True,_compute_metrics,,,,,,,,,,,,,sí,Hubo recepciones con fecha compromiso en el periodo. Sin ellas el OTD no se calcula (no cuenta como 0 %) y la calificación usa solo la calidad.,3,7,0,3,addons/quimibond_sgi/models/sgi_supplier_eval.py,114
quimibond_sgi,sgi.supplier.eval,nc_count,Integer,,# NC,True,_compute_metrics,,,,,,,,,,,,,no,,17,13,0,2,addons/quimibond_sgi/models/sgi_supplier_eval.py,118
quimibond_sgi,sgi.supplier.eval,score,Float,,Calificación,True,_compute_metrics,,,,,,,,,,,,,no,,31,7,0,10,addons/quimibond_sgi/models/sgi_supplier_eval.py,119
quimibond_sgi,sgi.supplier.eval,supplier_class,Selection,,Clasificación,True,_compute_metrics,,,,,,,,,,,,SUPPLIER_CLASSES,no,,7,28,0,5,addons/quimibond_sgi/models/sgi_supplier_eval.py,120
quimibond_sgi,sgi.supplier.eval,notes,Text,,Notas,True,,,,,,,,,,,,,,no,,8,13,0,0,addons/quimibond_sgi/models/sgi_supplier_eval.py,122
quimibond_sgi,quality.alert,sgi_supplier_id,Many2one,res.partner,Proveedor,True,_compute_sgi_supplier_id,,,,False,,,,,,,,,no,,7,2,0,2,addons/quimibond_sgi/models/sgi_supplier_nc.py,21
quimibond_sgi,quality.alert,sgi_supplier_state,Selection,,Respuesta del proveedor,True,,,,,,,,True,sí,,,,"[('no_enviada', 'Sin enviar'), ('enviada', 'Enviada al proveedor'), ('contestada', 'Contestada por el proveedor')]",no,,5,6,0,3,addons/quimibond_sgi/models/sgi_supplier_nc.py,24
quimibond_sgi,quality.alert,sgi_supplier_sent_date,Date,,Enviada el,True,,,,,True,,,,,,,,,no,,1,1,0,1,addons/quimibond_sgi/models/sgi_supplier_nc.py,29
quimibond_sgi,quality.alert,sgi_supplier_due_date,Date,,Respuesta antes del,True,,,,,True,,,,,,,,,no,,10,3,0,2,addons/quimibond_sgi/models/sgi_supplier_nc.py,30
quimibond_sgi,quality.alert,sgi_supplier_response_date,Datetime,,Contestada el,True,,,,,True,,,,,,,,,no,,1,1,0,1,addons/quimibond_sgi/models/sgi_supplier_nc.py,31
quimibond_sgi,quality.alert,sgi_supplier_cause,Text,,Causa según el proveedor,True,,,,,True,,,,,,,,,no,,1,2,0,0,addons/quimibond_sgi/models/sgi_supplier_nc.py,32
quimibond_sgi,quality.alert,sgi_supplier_action,Text,,Acción según el proveedor,True,,,,,True,,,,,,,,,no,,1,2,0,1,addons/quimibond_sgi/models/sgi_supplier_nc.py,33
quimibond_sgi,quality.alert,sgi_supplier_overdue,Boolean,,,False,_compute_sgi_supplier_overdue,,,,,,,,,,,,,no,,1,3,0,1,addons/quimibond_sgi/models/sgi_supplier_nc.py,34
quimibond_sgi_plm,mrp.eco,sgi_requires_ppap,Boolean,,Requiere PPAP,True,,,,,,,,,,,,,,sí,"Si está marcado, al aplicar el cambio se generará un expediente PPAP.",1,3,0,0,addons/quimibond_sgi_plm/models/mrp_eco.py,8
quimibond_sgi_plm,mrp.eco,sgi_customer_notice,Boolean,,Requiere aviso al cliente,True,,,,,,,,,,,,,,sí,El cambio afecta a partes ya aprobadas: notificar al cliente antes de aplicar.,1,1,0,0,addons/quimibond_sgi_plm/models/mrp_eco.py,11
quimibond_sgi_plm,mrp.eco,sgi_customer_id,Many2one,res.partner,Cliente del PPAP,True,,,,,,,,,,,,,,no,,2,1,0,0,addons/quimibond_sgi_plm/models/mrp_eco.py,14
quimibond_sgi_plm,mrp.eco,sgi_ppap_id,Many2one,sgi.ppap,PPAP generado,True,,,,,True,,,,,,,,,no,,3,3,0,0,addons/quimibond_sgi_plm/models/mrp_eco.py,16
quimibond_sgi_plm,mrp.eco,sgi_fmea_ids,Many2many,sgi.fmea,AMEF impactados,True,,,,,,,,,,,,,,no,,5,2,0,3,addons/quimibond_sgi_plm/models/mrp_eco.py,17
quimibond_sgi_plm,mrp.eco,sgi_control_plan_ids,Many2many,sgi.control.plan,Planes de control impactados,True,,,,,,,,,,,,,,no,,5,2,0,1,addons/quimibond_sgi_plm/models/mrp_eco.py,18
