addon,xml_id,model,noupdate,forceCreate,en_manifest,file,line
quimibond_sgi,sgi_action_line_view_list,ir.ui.view,no,,sí,addons/quimibond_sgi/views/sgi_action_line_views.xml,6
quimibond_sgi,sgi_action_line_view_search,ir.ui.view,no,,sí,addons/quimibond_sgi/views/sgi_action_line_views.xml,37
quimibond_sgi,sgi_action_line_view_form,ir.ui.view,no,,sí,addons/quimibond_sgi/views/sgi_action_line_views.xml,76
quimibond_sgi,sgi_action_line_action_all,ir.actions.act_window,no,,sí,addons/quimibond_sgi/views/sgi_action_line_views.xml,122
quimibond_sgi,sgi_activity_spec_gap_view_list,ir.ui.view,no,,sí,addons/quimibond_sgi/views/sgi_activity_spec_views.xml,4
quimibond_sgi,sgi_activity_spec_gap_view_pivot,ir.ui.view,no,,sí,addons/quimibond_sgi/views/sgi_activity_spec_views.xml,20
quimibond_sgi,sgi_activity_spec_gap_view_search,ir.ui.view,no,,sí,addons/quimibond_sgi/views/sgi_activity_spec_views.xml,31
quimibond_sgi,sgi_activity_spec_gap_action,ir.actions.act_window,no,,sí,addons/quimibond_sgi/views/sgi_activity_spec_views.xml,50
quimibond_sgi,sgi_activity_week_stat_view_list,ir.ui.view,no,,sí,addons/quimibond_sgi/views/sgi_activity_spec_views.xml,63
quimibond_sgi,sgi_activity_week_stat_view_pivot,ir.ui.view,no,,sí,addons/quimibond_sgi/views/sgi_activity_spec_views.xml,85
quimibond_sgi,sgi_activity_week_stat_view_search,ir.ui.view,no,,sí,addons/quimibond_sgi/views/sgi_activity_spec_views.xml,100
quimibond_sgi,sgi_activity_week_stat_action,ir.actions.act_window,no,,sí,addons/quimibond_sgi/views/sgi_activity_spec_views.xml,119
quimibond_sgi,sgi_alert_source_view_list,ir.ui.view,no,,sí,addons/quimibond_sgi/views/sgi_alert_source_views.xml,4
quimibond_sgi,sgi_alert_source_view_form,ir.ui.view,no,,sí,addons/quimibond_sgi/views/sgi_alert_source_views.xml,23
quimibond_sgi,sgi_alert_source_action,ir.actions.act_window,no,,sí,addons/quimibond_sgi/views/sgi_alert_source_views.xml,67
quimibond_sgi,sgi_activity_role_view_list_approval,ir.ui.view,no,,sí,addons/quimibond_sgi/views/sgi_approval_native_views.xml,5
quimibond_sgi,sgi_activity_role_view_search_approval,ir.ui.view,no,,sí,addons/quimibond_sgi/views/sgi_approval_native_views.xml,59
quimibond_sgi,sgi_activity_role_action_approval,ir.actions.act_window,no,,sí,addons/quimibond_sgi/views/sgi_approval_native_views.xml,84
quimibond_sgi,sgi_area_view_list,ir.ui.view,no,,sí,addons/quimibond_sgi/views/sgi_area_views.xml,3
quimibond_sgi,sgi_area_view_form,ir.ui.view,no,,sí,addons/quimibond_sgi/views/sgi_area_views.xml,15
quimibond_sgi,sgi_area_action,ir.actions.act_window,no,,sí,addons/quimibond_sgi/views/sgi_area_views.xml,32
quimibond_sgi,sgi_audit_program_view_form,ir.ui.view,no,,sí,addons/quimibond_sgi/views/sgi_audit_views.xml,4
quimibond_sgi,sgi_audit_program_view_list,ir.ui.view,no,,sí,addons/quimibond_sgi/views/sgi_audit_views.xml,48
quimibond_sgi,sgi_audit_program_action,ir.actions.act_window,no,,sí,addons/quimibond_sgi/views/sgi_audit_views.xml,61
quimibond_sgi,sgi_audit_view_form,ir.ui.view,no,,sí,addons/quimibond_sgi/views/sgi_audit_views.xml,72
quimibond_sgi,sgi_audit_view_list,ir.ui.view,no,,sí,addons/quimibond_sgi/views/sgi_audit_views.xml,219
quimibond_sgi,sgi_audit_view_search,ir.ui.view,no,,sí,addons/quimibond_sgi/views/sgi_audit_views.xml,234
quimibond_sgi,sgi_audit_action,ir.actions.act_window,no,,sí,addons/quimibond_sgi/views/sgi_audit_views.xml,252
quimibond_sgi,sgi_audit_finding_view_list,ir.ui.view,no,,sí,addons/quimibond_sgi/views/sgi_audit_views.xml,264
quimibond_sgi,sgi_audit_view_activity,ir.ui.view,no,,sí,addons/quimibond_sgi/views/sgi_audit_views.xml,280
quimibond_sgi,sgi_budget_analytic_view_form,ir.ui.view,no,,sí,addons/quimibond_sgi/views/sgi_budget_analytic_views.xml,6
quimibond_sgi,sgi_measure_split_view_list,ir.ui.view,no,,sí,addons/quimibond_sgi/views/sgi_business_line_views.xml,6
quimibond_sgi,sgi_measure_split_view_pivot,ir.ui.view,no,,sí,addons/quimibond_sgi/views/sgi_business_line_views.xml,37
quimibond_sgi,sgi_measure_split_view_graph,ir.ui.view,no,,sí,addons/quimibond_sgi/views/sgi_business_line_views.xml,49
quimibond_sgi,sgi_measure_split_view_search,ir.ui.view,no,,sí,addons/quimibond_sgi/views/sgi_business_line_views.xml,61
quimibond_sgi,sgi_measure_split_action,ir.actions.act_window,no,,sí,addons/quimibond_sgi/views/sgi_business_line_views.xml,84
quimibond_sgi,sgi_calibration_view_form,ir.ui.view,no,,sí,addons/quimibond_sgi/views/sgi_calibration_views.xml,4
quimibond_sgi,sgi_calibration_view_list,ir.ui.view,no,,sí,addons/quimibond_sgi/views/sgi_calibration_views.xml,48
quimibond_sgi,sgi_calibration_view_search,ir.ui.view,no,,sí,addons/quimibond_sgi/views/sgi_calibration_views.xml,65
quimibond_sgi,sgi_calibration_action,ir.actions.act_window,no,,sí,addons/quimibond_sgi/views/sgi_calibration_views.xml,83
quimibond_sgi,sgi_equipment_view_form,ir.ui.view,no,,sí,addons/quimibond_sgi/views/sgi_calibration_views.xml,95
quimibond_sgi,sgi_equipment_view_list_sgi,ir.ui.view,no,,sí,addons/quimibond_sgi/views/sgi_calibration_views.xml,138
quimibond_sgi,sgi_equipment_action_measuring,ir.actions.act_window,no,,sí,addons/quimibond_sgi/views/sgi_calibration_views.xml,150
quimibond_sgi,sgi_activity_role_view_list,ir.ui.view,no,,sí,addons/quimibond_sgi/views/sgi_catalog_views.xml,4
quimibond_sgi,sgi_activity_role_view_search,ir.ui.view,no,,sí,addons/quimibond_sgi/views/sgi_catalog_views.xml,31
quimibond_sgi,sgi_deliverable_view_list,ir.ui.view,no,,sí,addons/quimibond_sgi/views/sgi_catalog_views.xml,61
quimibond_sgi,sgi_deliverable_view_form,ir.ui.view,no,,sí,addons/quimibond_sgi/views/sgi_catalog_views.xml,79
quimibond_sgi,sgi_deliverable_view_search,ir.ui.view,no,,sí,addons/quimibond_sgi/views/sgi_catalog_views.xml,146
quimibond_sgi,sgi_job_family_view_list,ir.ui.view,no,,sí,addons/quimibond_sgi/views/sgi_catalog_views.xml,167
quimibond_sgi,sgi_job_family_view_form,ir.ui.view,no,,sí,addons/quimibond_sgi/views/sgi_catalog_views.xml,183
quimibond_sgi,sgi_job_family_action,ir.actions.act_window,no,,sí,addons/quimibond_sgi/views/sgi_catalog_views.xml,219
quimibond_sgi,sgi_activity_exec_stat_view_list,ir.ui.view,no,,sí,addons/quimibond_sgi/views/sgi_catalog_views.xml,230
quimibond_sgi,sgi_activity_exec_stat_view_pivot,ir.ui.view,no,,sí,addons/quimibond_sgi/views/sgi_catalog_views.xml,256
quimibond_sgi,sgi_activity_exec_stat_view_search,ir.ui.view,no,,sí,addons/quimibond_sgi/views/sgi_catalog_views.xml,269
quimibond_sgi,sgi_activity_exec_stat_action_who,ir.actions.act_window,no,,sí,addons/quimibond_sgi/views/sgi_catalog_views.xml,310
quimibond_sgi,sgi_activity_method_view_pivot,ir.ui.view,no,,sí,addons/quimibond_sgi/views/sgi_catalog_views.xml,323
quimibond_sgi,sgi_activity_method_action,ir.actions.act_window,no,,sí,addons/quimibond_sgi/views/sgi_catalog_views.xml,334
quimibond_sgi,sgi_catalog_load_wizard_view_form,ir.ui.view,no,,sí,addons/quimibond_sgi/views/sgi_catalog_views.xml,347
quimibond_sgi,sgi_catalog_load_wizard_action,ir.actions.act_window,no,,sí,addons/quimibond_sgi/views/sgi_catalog_views.xml,402
quimibond_sgi,sgi_spreadsheet_dashboard_group,spreadsheet.dashboard.group,no,,sí,addons/quimibond_sgi/views/sgi_catalog_views.xml,410
quimibond_sgi,sgi_spreadsheet_dashboard_health,spreadsheet.dashboard,sí,,sí,addons/quimibond_sgi/views/sgi_catalog_views.xml,417
quimibond_sgi,sgi_spreadsheet_dashboard_action,ir.actions.client,no,,sí,addons/quimibond_sgi/views/sgi_catalog_views.xml,424
quimibond_sgi,sgi_document_type_view_list,ir.ui.view,no,,sí,addons/quimibond_sgi/views/sgi_catalog_views.xml,431
quimibond_sgi,sgi_document_type_action,ir.actions.act_window,no,,sí,addons/quimibond_sgi/views/sgi_catalog_views.xml,450
quimibond_sgi,sgi_hr_job_view_form_roles,ir.ui.view,no,,sí,addons/quimibond_sgi/views/sgi_catalog_views.xml,461
quimibond_sgi,sgi_coa_res_partner_view_form,ir.ui.view,no,,sí,addons/quimibond_sgi/views/sgi_coa_views.xml,6
quimibond_sgi,sgi_coa_stock_picking_view_form,ir.ui.view,no,,sí,addons/quimibond_sgi/views/sgi_coa_views.xml,29
quimibond_sgi,sgi_coa_stock_picking_view_search,ir.ui.view,no,,sí,addons/quimibond_sgi/views/sgi_coa_views.xml,71
quimibond_sgi,sgi_coa_sale_order_view_form,ir.ui.view,no,,sí,addons/quimibond_sgi/views/sgi_coa_views.xml,84
quimibond_sgi,sgi_coa_sale_order_view_list,ir.ui.view,no,,sí,addons/quimibond_sgi/views/sgi_coa_views.xml,105
quimibond_sgi,sgi_coa_sale_order_view_search,ir.ui.view,no,,sí,addons/quimibond_sgi/views/sgi_coa_views.xml,118
quimibond_sgi,sgi_coa_attach_wizard_view_form,ir.ui.view,no,,sí,addons/quimibond_sgi/views/sgi_coa_views.xml,131
quimibond_sgi,sgi_coa_exception_wizard_view_form,ir.ui.view,no,,sí,addons/quimibond_sgi/views/sgi_coa_views.xml,152
quimibond_sgi,sgi_coa_inbox_view_list,ir.ui.view,no,,sí,addons/quimibond_sgi/views/sgi_coa_views.xml,173
quimibond_sgi,sgi_coa_inbox_view_form,ir.ui.view,no,,sí,addons/quimibond_sgi/views/sgi_coa_views.xml,187
quimibond_sgi,sgi_coa_inbox_view_search,ir.ui.view,no,,sí,addons/quimibond_sgi/views/sgi_coa_views.xml,211
quimibond_sgi,sgi_coa_inbox_action,ir.actions.act_window,no,,sí,addons/quimibond_sgi/views/sgi_coa_views.xml,224
quimibond_sgi,sgi_competence_gap_view_list,ir.ui.view,no,,sí,addons/quimibond_sgi/views/sgi_competence_views.xml,4
quimibond_sgi,sgi_competence_gap_view_pivot,ir.ui.view,no,,sí,addons/quimibond_sgi/views/sgi_competence_views.xml,22
quimibond_sgi,sgi_competence_gap_view_search,ir.ui.view,no,,sí,addons/quimibond_sgi/views/sgi_competence_views.xml,34
quimibond_sgi,sgi_competence_gap_action,ir.actions.act_window,no,,sí,addons/quimibond_sgi/views/sgi_competence_views.xml,55
quimibond_sgi,sgi_employee_view_form_competence,ir.ui.view,no,,sí,addons/quimibond_sgi/views/sgi_competence_views.xml,68
quimibond_sgi,sgi_dnc_survey_action,ir.actions.server,no,,sí,addons/quimibond_sgi/views/sgi_competence_views.xml,84
quimibond_sgi,sgi_helpdesk_ticket_view_form,ir.ui.view,no,,sí,addons/quimibond_sgi/views/sgi_complaint_views.xml,3
quimibond_sgi,sgi_complaint_action,ir.actions.server,no,,sí,addons/quimibond_sgi/views/sgi_complaint_views.xml,29
quimibond_sgi,sgi_satisfaction_action,ir.actions.server,no,,sí,addons/quimibond_sgi/views/sgi_complaint_views.xml,54
quimibond_sgi,sgi_internal_complaint_action,ir.actions.server,no,,sí,addons/quimibond_sgi/views/sgi_complaint_views.xml,77
quimibond_sgi,sgi_interested_party_view_list,ir.ui.view,no,,sí,addons/quimibond_sgi/views/sgi_context_views.xml,3
quimibond_sgi,sgi_interested_party_view_form,ir.ui.view,no,,sí,addons/quimibond_sgi/views/sgi_context_views.xml,18
quimibond_sgi,sgi_interested_party_view_search,ir.ui.view,no,,sí,addons/quimibond_sgi/views/sgi_context_views.xml,63
quimibond_sgi,sgi_interested_party_action,ir.actions.act_window,no,,sí,addons/quimibond_sgi/views/sgi_context_views.xml,81
quimibond_sgi,sgi_control_plan_view_form,ir.ui.view,no,,sí,addons/quimibond_sgi/views/sgi_control_plan_views.xml,4
quimibond_sgi,sgi_control_plan_view_list,ir.ui.view,no,,sí,addons/quimibond_sgi/views/sgi_control_plan_views.xml,73
quimibond_sgi,sgi_control_plan_view_search,ir.ui.view,no,,sí,addons/quimibond_sgi/views/sgi_control_plan_views.xml,91
quimibond_sgi,sgi_control_plan_action,ir.actions.act_window,no,,sí,addons/quimibond_sgi/views/sgi_control_plan_views.xml,112
quimibond_sgi,sgi_quality_point_view_form,ir.ui.view,no,,sí,addons/quimibond_sgi/views/sgi_control_plan_views.xml,124
quimibond_sgi,sgi_stock_lot_view_form,ir.ui.view,no,,sí,addons/quimibond_sgi/views/sgi_control_plan_views.xml,156
quimibond_sgi,sgi_quality_alert_view_pivot,ir.ui.view,no,,sí,addons/quimibond_sgi/views/sgi_dashboard_views.xml,9
quimibond_sgi,sgi_quality_alert_view_graph,ir.ui.view,no,,sí,addons/quimibond_sgi/views/sgi_dashboard_views.xml,20
quimibond_sgi,sgi_quality_alert_action_pareto,ir.actions.act_window,no,,sí,addons/quimibond_sgi/views/sgi_dashboard_views.xml,30
quimibond_sgi,sgi_project_view_form_dev_request,ir.ui.view,no,,sí,addons/quimibond_sgi/views/sgi_dev_request_views.xml,5
quimibond_sgi,sgi_diagnostic_line_view_list,ir.ui.view,no,,sí,addons/quimibond_sgi/views/sgi_diagnostic_views.xml,6
quimibond_sgi,sgi_diagnostic_line_view_form,ir.ui.view,no,,sí,addons/quimibond_sgi/views/sgi_diagnostic_views.xml,25
quimibond_sgi,sgi_diagnostic_line_view_search,ir.ui.view,no,,sí,addons/quimibond_sgi/views/sgi_diagnostic_views.xml,46
quimibond_sgi,sgi_diagnostic_line_action,ir.actions.act_window,no,,sí,addons/quimibond_sgi/views/sgi_diagnostic_views.xml,65
quimibond_sgi,sgi_diagnostic_run_action,ir.actions.server,no,,sí,addons/quimibond_sgi/views/sgi_diagnostic_views.xml,77
quimibond_sgi,sgi_process_view_sgi_diagram,ir.ui.view,no,,sí,addons/quimibond_sgi/views/sgi_diagram_views.xml,8
quimibond_sgi,sgi_process_activity_view_sgi_diagram,ir.ui.view,no,,sí,addons/quimibond_sgi/views/sgi_diagram_views.xml,16
quimibond_sgi,sgi_risk_view_sgi_diagram,ir.ui.view,no,,sí,addons/quimibond_sgi/views/sgi_diagram_views.xml,24
quimibond_sgi,sgi_legal_requirement_view_sgi_diagram,ir.ui.view,no,,sí,addons/quimibond_sgi/views/sgi_diagram_views.xml,32
quimibond_sgi,sgi_interested_party_view_sgi_diagram,ir.ui.view,no,,sí,addons/quimibond_sgi/views/sgi_diagram_views.xml,40
quimibond_sgi,sgi_objective_view_sgi_diagram,ir.ui.view,no,,sí,addons/quimibond_sgi/views/sgi_diagram_views.xml,48
quimibond_sgi,sgi_indicator_view_sgi_diagram,ir.ui.view,no,,sí,addons/quimibond_sgi/views/sgi_diagram_views.xml,56
quimibond_sgi,sgi_policy_view_sgi_diagram,ir.ui.view,no,,sí,addons/quimibond_sgi/views/sgi_diagram_views.xml,64
quimibond_sgi,sgi_management_review_view_sgi_diagram,ir.ui.view,no,,sí,addons/quimibond_sgi/views/sgi_diagram_views.xml,72
quimibond_sgi,quality_alert_view_sgi_diagram,ir.ui.view,no,,sí,addons/quimibond_sgi/views/sgi_diagram_views.xml,80
quimibond_sgi,sgi_audit_program_view_sgi_diagram,ir.ui.view,no,,sí,addons/quimibond_sgi/views/sgi_diagram_views.xml,88
quimibond_sgi,sgi_emergency_plan_view_sgi_diagram,ir.ui.view,no,,sí,addons/quimibond_sgi/views/sgi_diagram_views.xml,96
quimibond_sgi,maintenance_equipment_view_sgi_diagram,ir.ui.view,no,,sí,addons/quimibond_sgi/views/sgi_diagram_views.xml,104
quimibond_sgi,documents_document_view_sgi_diagram,ir.ui.view,no,,sí,addons/quimibond_sgi/views/sgi_diagram_views.xml,112
quimibond_sgi,sgi_competence_gap_view_sgi_diagram,ir.ui.view,no,,sí,addons/quimibond_sgi/views/sgi_diagram_views.xml,120
quimibond_sgi,sgi_activity_exec_stat_view_sgi_diagram,ir.ui.view,no,,sí,addons/quimibond_sgi/views/sgi_diagram_views.xml,128
quimibond_sgi,hr_job_view_sgi_diagram,ir.ui.view,no,,sí,addons/quimibond_sgi/views/sgi_diagram_views.xml,136
quimibond_sgi,sgi_risk_action,ir.actions.act_window,no,,sí,addons/quimibond_sgi/views/sgi_diagram_views.xml,146
quimibond_sgi,sgi_legal_requirement_action,ir.actions.act_window,no,,sí,addons/quimibond_sgi/views/sgi_diagram_views.xml,150
quimibond_sgi,sgi_interested_party_action,ir.actions.act_window,no,,sí,addons/quimibond_sgi/views/sgi_diagram_views.xml,154
quimibond_sgi,sgi_objective_action,ir.actions.act_window,no,,sí,addons/quimibond_sgi/views/sgi_diagram_views.xml,158
quimibond_sgi,sgi_indicator_action,ir.actions.act_window,no,,sí,addons/quimibond_sgi/views/sgi_diagram_views.xml,162
quimibond_sgi,sgi_policy_action,ir.actions.act_window,no,,sí,addons/quimibond_sgi/views/sgi_diagram_views.xml,166
quimibond_sgi,sgi_management_review_action,ir.actions.act_window,no,,sí,addons/quimibond_sgi/views/sgi_diagram_views.xml,170
quimibond_sgi,sgi_audit_program_action,ir.actions.act_window,no,,sí,addons/quimibond_sgi/views/sgi_diagram_views.xml,174
quimibond_sgi,sgi_emergency_plan_action,ir.actions.act_window,no,,sí,addons/quimibond_sgi/views/sgi_diagram_views.xml,178
quimibond_sgi,sgi_equipment_action_measuring,ir.actions.act_window,no,,sí,addons/quimibond_sgi/views/sgi_diagram_views.xml,182
quimibond_sgi,sgi_document_action,ir.actions.act_window,no,,sí,addons/quimibond_sgi/views/sgi_diagram_views.xml,186
quimibond_sgi,sgi_competence_gap_action,ir.actions.act_window,no,,sí,addons/quimibond_sgi/views/sgi_diagram_views.xml,190
quimibond_sgi,sgi_activity_exec_stat_action_who,ir.actions.act_window,no,,sí,addons/quimibond_sgi/views/sgi_diagram_views.xml,194
quimibond_sgi,sgi_hr_job_action_roles,ir.actions.act_window,no,,sí,addons/quimibond_sgi/views/sgi_diagram_views.xml,199
quimibond_sgi,sgi_direction_board_view_form,ir.ui.view,no,,sí,addons/quimibond_sgi/views/sgi_direction_board_views.xml,4
quimibond_sgi,sgi_direction_board_action_open,ir.actions.server,no,,sí,addons/quimibond_sgi/views/sgi_direction_board_views.xml,101
quimibond_sgi,sgi_indicator_view_form_level,ir.ui.view,no,,sí,addons/quimibond_sgi/views/sgi_direction_board_views.xml,109
quimibond_sgi,sgi_approval_request_view_form,ir.ui.view,no,,sí,addons/quimibond_sgi/views/sgi_doc_change_views.xml,3
quimibond_sgi,sgi_approval_category_view_form,ir.ui.view,no,,sí,addons/quimibond_sgi/views/sgi_doc_change_views.xml,93
quimibond_sgi,sgi_doc_change_view_list,ir.ui.view,no,,sí,addons/quimibond_sgi/views/sgi_doc_change_views.xml,110
quimibond_sgi,sgi_doc_change_view_search,ir.ui.view,no,,sí,addons/quimibond_sgi/views/sgi_doc_change_views.xml,133
quimibond_sgi,sgi_doc_change_board_action,ir.actions.server,no,,sí,addons/quimibond_sgi/views/sgi_doc_change_views.xml,165
quimibond_sgi,sgi_document_view_form,ir.ui.view,no,,sí,addons/quimibond_sgi/views/sgi_document_views.xml,4
quimibond_sgi,sgi_document_view_list,ir.ui.view,no,,sí,addons/quimibond_sgi/views/sgi_document_views.xml,218
quimibond_sgi,sgi_document_view_search,ir.ui.view,no,,sí,addons/quimibond_sgi/views/sgi_document_views.xml,252
quimibond_sgi,sgi_document_action,ir.actions.act_window,no,,sí,addons/quimibond_sgi/views/sgi_document_views.xml,281
quimibond_sgi,sgi_document_ack_view_list,ir.ui.view,no,,sí,addons/quimibond_sgi/views/sgi_document_views.xml,298
quimibond_sgi,sgi_document_ack_view_form,ir.ui.view,no,,sí,addons/quimibond_sgi/views/sgi_document_views.xml,316
quimibond_sgi,sgi_document_ack_view_search,ir.ui.view,no,,sí,addons/quimibond_sgi/views/sgi_document_views.xml,342
quimibond_sgi,sgi_document_ack_action,ir.actions.act_window,no,,sí,addons/quimibond_sgi/views/sgi_document_views.xml,368
quimibond_sgi,sgi_document_resolve_menu_action,ir.actions.server,no,,sí,addons/quimibond_sgi/views/sgi_document_views.xml,382
quimibond_sgi,sgi_migration_view_list,ir.ui.view,no,,sí,addons/quimibond_sgi/views/sgi_document_views.xml,392
quimibond_sgi,sgi_migration_view_kanban,ir.ui.view,no,,sí,addons/quimibond_sgi/views/sgi_document_views.xml,423
quimibond_sgi,sgi_migration_view_search,ir.ui.view,no,,sí,addons/quimibond_sgi/views/sgi_document_views.xml,449
quimibond_sgi,sgi_migration_action,ir.actions.act_window,no,,sí,addons/quimibond_sgi/views/sgi_document_views.xml,477
quimibond_sgi,sgi_emergency_plan_view_form,ir.ui.view,no,,sí,addons/quimibond_sgi/views/sgi_emergency_views.xml,4
quimibond_sgi,sgi_emergency_plan_view_list,ir.ui.view,no,,sí,addons/quimibond_sgi/views/sgi_emergency_views.xml,52
quimibond_sgi,sgi_emergency_plan_view_search,ir.ui.view,no,,sí,addons/quimibond_sgi/views/sgi_emergency_views.xml,72
quimibond_sgi,sgi_emergency_plan_view_activity,ir.ui.view,no,,sí,addons/quimibond_sgi/views/sgi_emergency_views.xml,88
quimibond_sgi,sgi_emergency_plan_action,ir.actions.act_window,no,,sí,addons/quimibond_sgi/views/sgi_emergency_views.xml,102
quimibond_sgi,sgi_emergency_drill_view_form,ir.ui.view,no,,sí,addons/quimibond_sgi/views/sgi_emergency_views.xml,114
quimibond_sgi,sgi_emergency_drill_view_list,ir.ui.view,no,,sí,addons/quimibond_sgi/views/sgi_emergency_views.xml,176
quimibond_sgi,sgi_emergency_drill_view_search,ir.ui.view,no,,sí,addons/quimibond_sgi/views/sgi_emergency_views.xml,197
quimibond_sgi,sgi_emergency_drill_action,ir.actions.act_window,no,,sí,addons/quimibond_sgi/views/sgi_emergency_views.xml,216
quimibond_sgi,sgi_epp_delivery_view_form,ir.ui.view,no,,sí,addons/quimibond_sgi/views/sgi_epp_views.xml,6
quimibond_sgi,sgi_epp_delivery_view_list,ir.ui.view,no,,sí,addons/quimibond_sgi/views/sgi_epp_views.xml,66
quimibond_sgi,sgi_epp_delivery_view_search,ir.ui.view,no,,sí,addons/quimibond_sgi/views/sgi_epp_views.xml,85
quimibond_sgi,sgi_epp_delivery_action,ir.actions.act_window,no,,sí,addons/quimibond_sgi/views/sgi_epp_views.xml,105
quimibond_sgi,sgi_hr_employee_view_form_epp,ir.ui.view,no,,sí,addons/quimibond_sgi/views/sgi_epp_views.xml,120
quimibond_sgi,sgi_external_doc_view_list,ir.ui.view,no,,sí,addons/quimibond_sgi/views/sgi_external_doc_views.xml,5
quimibond_sgi,sgi_external_doc_view_search,ir.ui.view,no,,sí,addons/quimibond_sgi/views/sgi_external_doc_views.xml,29
quimibond_sgi,sgi_external_doc_action,ir.actions.act_window,no,,sí,addons/quimibond_sgi/views/sgi_external_doc_views.xml,51
quimibond_sgi,sgi_fmea_view_form,ir.ui.view,no,,sí,addons/quimibond_sgi/views/sgi_fmea_views.xml,3
quimibond_sgi,sgi_fmea_view_list,ir.ui.view,no,,sí,addons/quimibond_sgi/views/sgi_fmea_views.xml,119
quimibond_sgi,sgi_fmea_view_search,ir.ui.view,no,,sí,addons/quimibond_sgi/views/sgi_fmea_views.xml,137
quimibond_sgi,sgi_fmea_action,ir.actions.act_window,no,,sí,addons/quimibond_sgi/views/sgi_fmea_views.xml,158
quimibond_sgi,sgi_fmea_view_activity,ir.ui.view,no,,sí,addons/quimibond_sgi/views/sgi_fmea_views.xml,171
quimibond_sgi,sgi_format_map_view_list,ir.ui.view,no,,sí,addons/quimibond_sgi/views/sgi_format_map_views.xml,5
quimibond_sgi,sgi_format_map_view_form,ir.ui.view,no,,sí,addons/quimibond_sgi/views/sgi_format_map_views.xml,19
quimibond_sgi,sgi_format_map_action,ir.actions.act_window,no,,sí,addons/quimibond_sgi/views/sgi_format_map_views.xml,46
quimibond_sgi,sgi_format_banner_sale_order,ir.ui.view,no,,sí,addons/quimibond_sgi/views/sgi_format_map_views.xml,59
quimibond_sgi,sgi_format_banner_purchase_order,ir.ui.view,no,,sí,addons/quimibond_sgi/views/sgi_format_map_views.xml,74
quimibond_sgi,sgi_format_banner_stock_picking,ir.ui.view,no,,sí,addons/quimibond_sgi/views/sgi_format_map_views.xml,89
quimibond_sgi,sgi_format_banner_mrp_production,ir.ui.view,no,,sí,addons/quimibond_sgi/views/sgi_format_map_views.xml,104
quimibond_sgi,sgi_format_banner_maintenance_request,ir.ui.view,no,,sí,addons/quimibond_sgi/views/sgi_format_map_views.xml,119
quimibond_sgi,sgi_format_banner_quality_alert,ir.ui.view,no,,sí,addons/quimibond_sgi/views/sgi_format_map_views.xml,134
quimibond_sgi,sgi_format_banner_stock_lot,ir.ui.view,no,,sí,addons/quimibond_sgi/views/sgi_format_map_views.xml,149
quimibond_sgi,sgi_format_banner_mgmt_review,ir.ui.view,no,,sí,addons/quimibond_sgi/views/sgi_format_map_views.xml,164
quimibond_sgi,sgi_process_view_hierarchy,ir.ui.view,no,,sí,addons/quimibond_sgi/views/sgi_hierarchy_views.xml,7
quimibond_sgi,sgi_process_hierarchy_action,ir.actions.act_window,no,,sí,addons/quimibond_sgi/views/sgi_hierarchy_views.xml,35
quimibond_sgi,sgi_process_action,ir.actions.act_window,no,,sí,addons/quimibond_sgi/views/sgi_hierarchy_views.xml,45
quimibond_sgi,sgi_process_activity_view_hierarchy,ir.ui.view,no,,sí,addons/quimibond_sgi/views/sgi_hierarchy_views.xml,54
quimibond_sgi,sgi_process_activity_action,ir.actions.act_window,no,,sí,addons/quimibond_sgi/views/sgi_hierarchy_views.xml,86
quimibond_sgi,sgi_health_record_view_list,ir.ui.view,no,,sí,addons/quimibond_sgi/views/sgi_hse_views.xml,9
quimibond_sgi,sgi_health_record_view_form,ir.ui.view,no,,sí,addons/quimibond_sgi/views/sgi_hse_views.xml,30
quimibond_sgi,sgi_health_record_view_search,ir.ui.view,no,,sí,addons/quimibond_sgi/views/sgi_hse_views.xml,68
quimibond_sgi,sgi_health_record_action,ir.actions.act_window,no,,sí,addons/quimibond_sgi/views/sgi_hse_views.xml,90
quimibond_sgi,sgi_hr_employee_view_form_health,ir.ui.view,no,,sí,addons/quimibond_sgi/views/sgi_hse_views.xml,102
quimibond_sgi,sgi_csh_inspection_view_list,ir.ui.view,no,,sí,addons/quimibond_sgi/views/sgi_hse_views.xml,126
quimibond_sgi,sgi_csh_inspection_view_form,ir.ui.view,no,,sí,addons/quimibond_sgi/views/sgi_hse_views.xml,141
quimibond_sgi,sgi_csh_inspection_action,ir.actions.act_window,no,,sí,addons/quimibond_sgi/views/sgi_hse_views.xml,198
quimibond_sgi,sgi_checklist_template_view_list,ir.ui.view,no,,sí,addons/quimibond_sgi/views/sgi_hse_views.xml,209
quimibond_sgi,sgi_checklist_template_view_form,ir.ui.view,no,,sí,addons/quimibond_sgi/views/sgi_hse_views.xml,224
quimibond_sgi,sgi_checklist_template_action,ir.actions.act_window,no,,sí,addons/quimibond_sgi/views/sgi_hse_views.xml,267
quimibond_sgi,sgi_checklist_request_view_list,ir.ui.view,no,,sí,addons/quimibond_sgi/views/sgi_hse_views.xml,278
quimibond_sgi,sgi_checklist_request_view_pivot,ir.ui.view,no,,sí,addons/quimibond_sgi/views/sgi_hse_views.xml,298
quimibond_sgi,sgi_checklist_request_action,ir.actions.act_window,no,,sí,addons/quimibond_sgi/views/sgi_hse_views.xml,310
quimibond_sgi,sgi_checklist_today_action,ir.actions.act_window,no,,sí,addons/quimibond_sgi/views/sgi_hse_views.xml,322
quimibond_sgi,sgi_maintenance_request_view_form_checklist,ir.ui.view,no,,sí,addons/quimibond_sgi/views/sgi_hse_views.xml,337
quimibond_sgi,sgi_checklist_finish_view_form,ir.ui.view,no,,sí,addons/quimibond_sgi/views/sgi_hse_views.xml,377
quimibond_sgi,sgi_project_task_view_form,ir.ui.view,no,,sí,addons/quimibond_sgi/views/sgi_improvement_views.xml,3
quimibond_sgi,sgi_improvement_action,ir.actions.server,no,,sí,addons/quimibond_sgi/views/sgi_improvement_views.xml,23
quimibond_sgi,sgi_incident_view_form,ir.ui.view,no,,sí,addons/quimibond_sgi/views/sgi_incident_views.xml,3
quimibond_sgi,sgi_incident_view_list,ir.ui.view,no,,sí,addons/quimibond_sgi/views/sgi_incident_views.xml,81
quimibond_sgi,sgi_incident_view_search,ir.ui.view,no,,sí,addons/quimibond_sgi/views/sgi_incident_views.xml,100
quimibond_sgi,sgi_incident_view_pivot,ir.ui.view,no,,sí,addons/quimibond_sgi/views/sgi_incident_views.xml,125
quimibond_sgi,sgi_incident_action,ir.actions.act_window,no,,sí,addons/quimibond_sgi/views/sgi_incident_views.xml,136
quimibond_sgi,sgi_incident_view_activity,ir.ui.view,no,,sí,addons/quimibond_sgi/views/sgi_incident_views.xml,149
quimibond_sgi,sgi_indicator_term_view_list,ir.ui.view,no,,sí,addons/quimibond_sgi/views/sgi_indicator_formula_views.xml,4
quimibond_sgi,sgi_indicator_view_form_formula,ir.ui.view,no,,sí,addons/quimibond_sgi/views/sgi_indicator_formula_views.xml,32
quimibond_sgi,sgi_measure_view_form_formula,ir.ui.view,no,,sí,addons/quimibond_sgi/views/sgi_indicator_formula_views.xml,62
quimibond_sgi,sgi_measure_view_form_plan,ir.ui.view,no,,sí,addons/quimibond_sgi/views/sgi_indicator_plan_views.xml,3
quimibond_sgi,sgi_measure_view_list_plan,ir.ui.view,no,,sí,addons/quimibond_sgi/views/sgi_indicator_plan_views.xml,41
quimibond_sgi,sgi_indicator_view_form_window,ir.ui.view,no,,sí,addons/quimibond_sgi/views/sgi_indicator_plan_views.xml,57
quimibond_sgi,sgi_management_review_view_form_validate,ir.ui.view,no,,sí,addons/quimibond_sgi/views/sgi_indicator_plan_views.xml,68
quimibond_sgi,sgi_indicator_view_form_trajectory,ir.ui.view,no,,sí,addons/quimibond_sgi/views/sgi_indicator_trajectory_views.xml,3
quimibond_sgi,sgi_measure_view_form_trajectory,ir.ui.view,no,,sí,addons/quimibond_sgi/views/sgi_indicator_trajectory_views.xml,55
quimibond_sgi,sgi_indicator_view_list,ir.ui.view,no,,sí,addons/quimibond_sgi/views/sgi_indicator_views.xml,4
quimibond_sgi,sgi_indicator_view_form,ir.ui.view,no,,sí,addons/quimibond_sgi/views/sgi_indicator_views.xml,40
quimibond_sgi,sgi_indicator_view_search,ir.ui.view,no,,sí,addons/quimibond_sgi/views/sgi_indicator_views.xml,176
quimibond_sgi,sgi_indicator_action,ir.actions.act_window,no,,sí,addons/quimibond_sgi/views/sgi_indicator_views.xml,214
quimibond_sgi,sgi_measure_view_list,ir.ui.view,no,,sí,addons/quimibond_sgi/views/sgi_indicator_views.xml,227
quimibond_sgi,sgi_measure_view_form,ir.ui.view,no,,sí,addons/quimibond_sgi/views/sgi_indicator_views.xml,266
quimibond_sgi,sgi_measure_view_graph,ir.ui.view,no,,sí,addons/quimibond_sgi/views/sgi_indicator_views.xml,367
quimibond_sgi,sgi_measure_view_pivot,ir.ui.view,no,,sí,addons/quimibond_sgi/views/sgi_indicator_views.xml,379
quimibond_sgi,sgi_measure_view_search,ir.ui.view,no,,sí,addons/quimibond_sgi/views/sgi_indicator_views.xml,393
quimibond_sgi,sgi_measure_action,ir.actions.act_window,no,,sí,addons/quimibond_sgi/views/sgi_indicator_views.xml,418
quimibond_sgi,sgi_indicator_view_activity,ir.ui.view,no,,sí,addons/quimibond_sgi/views/sgi_indicator_views.xml,431
quimibond_sgi,sgi_stock_picking_view_form,ir.ui.view,no,,sí,addons/quimibond_sgi/views/sgi_integration_views.xml,4
quimibond_sgi,sgi_mrp_production_view_form,ir.ui.view,no,,sí,addons/quimibond_sgi/views/sgi_integration_views.xml,25
quimibond_sgi,sgi_hr_employee_view_form,ir.ui.view,no,,sí,addons/quimibond_sgi/views/sgi_integration_views.xml,40
quimibond_sgi,sgi_hr_job_view_form,ir.ui.view,no,,sí,addons/quimibond_sgi/views/sgi_integration_views.xml,59
quimibond_sgi,sgi_product_template_view_form_spec,ir.ui.view,no,,sí,addons/quimibond_sgi/views/sgi_integration_views.xml,97
quimibond_sgi,sgi_stock_picking_view_form_kpi,ir.ui.view,no,,sí,addons/quimibond_sgi/views/sgi_kpi_fields_views.xml,7
quimibond_sgi,sgi_quality_alert_view_form_kpi,ir.ui.view,no,,sí,addons/quimibond_sgi/views/sgi_kpi_fields_views.xml,30
quimibond_sgi,sgi_account_move_view_form_kpi,ir.ui.view,no,,sí,addons/quimibond_sgi/views/sgi_kpi_fields_views.xml,46
quimibond_sgi,sgi_product_template_view_form_kpi,ir.ui.view,no,,sí,addons/quimibond_sgi/views/sgi_kpi_fields_views.xml,61
quimibond_sgi,sgi_lock_date_log_view_list,ir.ui.view,no,,sí,addons/quimibond_sgi/views/sgi_kpi_fields_views.xml,73
quimibond_sgi,sgi_lock_date_log_action,ir.actions.act_window,no,,sí,addons/quimibond_sgi/views/sgi_kpi_fields_views.xml,88
quimibond_sgi,sgi_inventory_value_view_list,ir.ui.view,no,,sí,addons/quimibond_sgi/views/sgi_kpi_fields_views.xml,97
quimibond_sgi,sgi_inventory_value_action,ir.actions.act_window,no,,sí,addons/quimibond_sgi/views/sgi_kpi_fields_views.xml,111
quimibond_sgi,sgi_legal_requirement_view_list,ir.ui.view,no,,sí,addons/quimibond_sgi/views/sgi_legal_views.xml,3
quimibond_sgi,sgi_legal_evaluate_view_form,ir.ui.view,no,,sí,addons/quimibond_sgi/views/sgi_legal_views.xml,29
quimibond_sgi,sgi_legal_evaluation_view_list,ir.ui.view,no,,sí,addons/quimibond_sgi/views/sgi_legal_views.xml,48
quimibond_sgi,sgi_legal_requirement_view_form,ir.ui.view,no,,sí,addons/quimibond_sgi/views/sgi_legal_views.xml,63
quimibond_sgi,sgi_legal_requirement_view_search,ir.ui.view,no,,sí,addons/quimibond_sgi/views/sgi_legal_views.xml,148
quimibond_sgi,sgi_legal_requirement_action,ir.actions.act_window,no,,sí,addons/quimibond_sgi/views/sgi_legal_views.xml,176
quimibond_sgi,sgi_fmea_view_form_links,ir.ui.view,no,,sí,addons/quimibond_sgi/views/sgi_links_views.xml,6
quimibond_sgi,sgi_control_plan_view_form_links,ir.ui.view,no,,sí,addons/quimibond_sgi/views/sgi_links_views.xml,16
quimibond_sgi,sgi_ppap_view_form_links,ir.ui.view,no,,sí,addons/quimibond_sgi/views/sgi_links_views.xml,26
quimibond_sgi,sgi_mrp_bom_view_form_links,ir.ui.view,no,,sí,addons/quimibond_sgi/views/sgi_links_views.xml,36
quimibond_sgi,sgi_mrp_production_view_form_links,ir.ui.view,no,,sí,addons/quimibond_sgi/views/sgi_links_views.xml,50
quimibond_sgi,sgi_product_template_view_form_links,ir.ui.view,no,,sí,addons/quimibond_sgi/views/sgi_links_views.xml,71
quimibond_sgi,sgi_project_task_view_form_links,ir.ui.view,no,,sí,addons/quimibond_sgi/views/sgi_links_views.xml,81
quimibond_sgi,sgi_quality_alert_view_form_links,ir.ui.view,no,,sí,addons/quimibond_sgi/views/sgi_links_views.xml,120
quimibond_sgi,sgi_purchase_order_view_form_links,ir.ui.view,no,,sí,addons/quimibond_sgi/views/sgi_links_views.xml,132
quimibond_sgi,sgi_account_move_view_form_links,ir.ui.view,no,,sí,addons/quimibond_sgi/views/sgi_links_views.xml,148
quimibond_sgi,sgi_stock_picking_view_form_links,ir.ui.view,no,,sí,addons/quimibond_sgi/views/sgi_links_views.xml,164
quimibond_sgi,sgi_acuse_attach_wizard_view_form,ir.ui.view,no,,sí,addons/quimibond_sgi/views/sgi_links_views.xml,184
quimibond_sgi,sgi_res_partner_view_form_links,ir.ui.view,no,,sí,addons/quimibond_sgi/views/sgi_links_views.xml,204
quimibond_sgi,sgi_settings_view_form_links,ir.ui.view,no,,sí,addons/quimibond_sgi/views/sgi_links_views.xml,214
quimibond_sgi,sgi_machine_sheet_view_form,ir.ui.view,no,,sí,addons/quimibond_sgi/views/sgi_machine_sheet_views.xml,3
quimibond_sgi,sgi_machine_sheet_view_list,ir.ui.view,no,,sí,addons/quimibond_sgi/views/sgi_machine_sheet_views.xml,94
quimibond_sgi,sgi_machine_sheet_view_search,ir.ui.view,no,,sí,addons/quimibond_sgi/views/sgi_machine_sheet_views.xml,110
quimibond_sgi,sgi_machine_sheet_action,ir.actions.act_window,no,,sí,addons/quimibond_sgi/views/sgi_machine_sheet_views.xml,130
quimibond_sgi,sgi_workcenter_view_form_machine_sheet,ir.ui.view,no,,sí,addons/quimibond_sgi/views/sgi_machine_sheet_views.xml,143
quimibond_sgi,sgi_management_review_view_form,ir.ui.view,no,,sí,addons/quimibond_sgi/views/sgi_management_review_views.xml,3
quimibond_sgi,sgi_management_review_view_list,ir.ui.view,no,,sí,addons/quimibond_sgi/views/sgi_management_review_views.xml,116
quimibond_sgi,sgi_management_review_action,ir.actions.act_window,no,,sí,addons/quimibond_sgi/views/sgi_management_review_views.xml,134
quimibond_sgi,sgi_purchase_order_form,ir.ui.view,no,,sí,addons/quimibond_sgi/views/sgi_map_hooks_views.xml,4
quimibond_sgi,sgi_maintenance_request_form,ir.ui.view,no,,sí,addons/quimibond_sgi/views/sgi_map_hooks_views.xml,19
quimibond_sgi,menu_sgi_panel,ir.ui.menu,no,,sí,addons/quimibond_sgi/views/sgi_menus.xml,25
quimibond_sgi,menu_sgi_processes,ir.ui.menu,no,,sí,addons/quimibond_sgi/views/sgi_menus.xml,38
quimibond_sgi,sgi_activity_change_view_form,ir.ui.view,no,,sí,addons/quimibond_sgi/views/sgi_mp_change_views.xml,5
quimibond_sgi,sgi_activity_change_action_new,ir.actions.server,no,,sí,addons/quimibond_sgi/views/sgi_mp_change_views.xml,99
quimibond_sgi,sgi_approval_request_view_form_mp_change,ir.ui.view,no,,sí,addons/quimibond_sgi/views/sgi_mp_change_views.xml,106
quimibond_sgi,sgi_msa_study_view_form,ir.ui.view,no,,sí,addons/quimibond_sgi/views/sgi_msa_views.xml,3
quimibond_sgi,sgi_msa_study_view_list,ir.ui.view,no,,sí,addons/quimibond_sgi/views/sgi_msa_views.xml,38
quimibond_sgi,sgi_msa_study_view_search,ir.ui.view,no,,sí,addons/quimibond_sgi/views/sgi_msa_views.xml,59
quimibond_sgi,sgi_msa_study_action,ir.actions.act_window,no,,sí,addons/quimibond_sgi/views/sgi_msa_views.xml,80
quimibond_sgi,sgi_equipment_view_form_msa,ir.ui.view,no,,sí,addons/quimibond_sgi/views/sgi_msa_views.xml,92
quimibond_sgi,sgi_my_pending_view_list,ir.ui.view,no,,sí,addons/quimibond_sgi/views/sgi_my_pending_views.xml,4
quimibond_sgi,sgi_my_pending_view_search,ir.ui.view,no,,sí,addons/quimibond_sgi/views/sgi_my_pending_views.xml,26
quimibond_sgi,sgi_hr_employee_view_form_mp_tab,ir.ui.view,no,,sí,addons/quimibond_sgi/views/sgi_my_procedure_tab_views.xml,8
quimibond_sgi,sgi_hr_employee_public_view_form_mp_tab,ir.ui.view,no,,sí,addons/quimibond_sgi/views/sgi_my_procedure_tab_views.xml,81
quimibond_sgi,sgi_hr_job_view_form_mp_tab,ir.ui.view,no,,sí,addons/quimibond_sgi/views/sgi_my_procedure_tab_views.xml,152
quimibond_sgi,sgi_activity_role_view_kanban_mp,ir.ui.view,no,,sí,addons/quimibond_sgi/views/sgi_my_procedure_views.xml,9
quimibond_sgi,sgi_activity_role_view_list_mp_embedded,ir.ui.view,no,,sí,addons/quimibond_sgi/views/sgi_my_procedure_views.xml,95
quimibond_sgi,sgi_activity_role_view_list_mp_received,ir.ui.view,no,,sí,addons/quimibond_sgi/views/sgi_my_procedure_views.xml,127
quimibond_sgi,sgi_activity_role_view_list_mp_short,ir.ui.view,no,,sí,addons/quimibond_sgi/views/sgi_my_procedure_views.xml,142
quimibond_sgi,sgi_my_procedure_view_form,ir.ui.view,no,,sí,addons/quimibond_sgi/views/sgi_my_procedure_views.xml,158
quimibond_sgi,sgi_my_procedure_check_view_form,ir.ui.view,no,,sí,addons/quimibond_sgi/views/sgi_my_procedure_views.xml,356
quimibond_sgi,sgi_activity_role_view_list_my_procedure,ir.ui.view,no,,sí,addons/quimibond_sgi/views/sgi_my_procedure_views.xml,415
quimibond_sgi,sgi_hr_job_view_form_my_procedure,ir.ui.view,no,,sí,addons/quimibond_sgi/views/sgi_my_procedure_views.xml,453
quimibond_sgi,sgi_hr_employee_view_form_my_procedure,ir.ui.view,no,,sí,addons/quimibond_sgi/views/sgi_my_procedure_views.xml,485
quimibond_sgi,sgi_process_activity_view_search_my_procedure,ir.ui.view,no,,sí,addons/quimibond_sgi/views/sgi_my_procedure_views.xml,504
quimibond_sgi,sgi_my_team_view_list,ir.ui.view,no,,sí,addons/quimibond_sgi/views/sgi_my_procedure_views.xml,516
quimibond_sgi,sgi_my_team_view_hierarchy,ir.ui.view,no,,sí,addons/quimibond_sgi/views/sgi_my_procedure_views.xml,553
quimibond_sgi,sgi_my_team_view_search,ir.ui.view,no,,sí,addons/quimibond_sgi/views/sgi_my_procedure_views.xml,602
quimibond_sgi,sgi_indicator_action_mine,ir.actions.act_window,no,,sí,addons/quimibond_sgi/views/sgi_my_procedure_views.xml,643
quimibond_sgi,sgi_quality_alert_view_form,ir.ui.view,no,,sí,addons/quimibond_sgi/views/sgi_nonconformity_views.xml,4
quimibond_sgi,sgi_nc_view_search,ir.ui.view,no,,sí,addons/quimibond_sgi/views/sgi_nonconformity_views.xml,194
quimibond_sgi,sgi_nc_board_action,ir.actions.server,no,,sí,addons/quimibond_sgi/views/sgi_nonconformity_views.xml,236
quimibond_sgi,sgi_nc_view_pivot,ir.ui.view,no,,sí,addons/quimibond_sgi/views/sgi_nonconformity_views.xml,264
quimibond_sgi,sgi_nc_view_graph,ir.ui.view,no,,sí,addons/quimibond_sgi/views/sgi_nonconformity_views.xml,275
quimibond_sgi,sgi_nc_cancel_view_form,ir.ui.view,no,,sí,addons/quimibond_sgi/views/sgi_nonconformity_views.xml,287
quimibond_sgi,sgi_nc_force_close_view_form,ir.ui.view,no,,sí,addons/quimibond_sgi/views/sgi_nonconformity_views.xml,315
quimibond_sgi,sgi_nc_view_activity,ir.ui.view,no,,sí,addons/quimibond_sgi/views/sgi_nonconformity_views.xml,334
quimibond_sgi,sgi_nc_lessons_view_list,ir.ui.view,no,,sí,addons/quimibond_sgi/views/sgi_nonconformity_views.xml,351
quimibond_sgi,sgi_nc_lessons_action,ir.actions.act_window,no,,sí,addons/quimibond_sgi/views/sgi_nonconformity_views.xml,368
quimibond_sgi,sgi_crm_team_view_form_complaint_days,ir.ui.view,no,,sí,addons/quimibond_sgi/views/sgi_nonconformity_views.xml,381
quimibond_sgi,sgi_norm_view_form,ir.ui.view,no,,sí,addons/quimibond_sgi/views/sgi_norm_views.xml,3
quimibond_sgi,sgi_norm_view_list,ir.ui.view,no,,sí,addons/quimibond_sgi/views/sgi_norm_views.xml,37
quimibond_sgi,sgi_norm_action,ir.actions.act_window,no,,sí,addons/quimibond_sgi/views/sgi_norm_views.xml,48
quimibond_sgi,sgi_norm_clause_view_list,ir.ui.view,no,,sí,addons/quimibond_sgi/views/sgi_norm_views.xml,58
quimibond_sgi,sgi_norm_clause_view_form,ir.ui.view,no,,sí,addons/quimibond_sgi/views/sgi_norm_views.xml,75
quimibond_sgi,sgi_norm_clause_view_search,ir.ui.view,no,,sí,addons/quimibond_sgi/views/sgi_norm_views.xml,121
quimibond_sgi,sgi_norm_clause_action,ir.actions.act_window,no,,sí,addons/quimibond_sgi/views/sgi_norm_views.xml,139
quimibond_sgi,sgi_objective_view_list,ir.ui.view,no,,sí,addons/quimibond_sgi/views/sgi_objective_views.xml,3
quimibond_sgi,sgi_objective_view_form,ir.ui.view,no,,sí,addons/quimibond_sgi/views/sgi_objective_views.xml,19
quimibond_sgi,sgi_objective_action,ir.actions.act_window,no,,sí,addons/quimibond_sgi/views/sgi_objective_views.xml,77
quimibond_sgi,sgi_policy_view_list,ir.ui.view,no,,sí,addons/quimibond_sgi/views/sgi_policy_views.xml,3
quimibond_sgi,sgi_policy_view_form,ir.ui.view,no,,sí,addons/quimibond_sgi/views/sgi_policy_views.xml,23
quimibond_sgi,sgi_policy_action,ir.actions.act_window,no,,sí,addons/quimibond_sgi/views/sgi_policy_views.xml,92
quimibond_sgi,sgi_ppap_view_form,ir.ui.view,no,,sí,addons/quimibond_sgi/views/sgi_ppap_views.xml,3
quimibond_sgi,sgi_ppap_view_list,ir.ui.view,no,,sí,addons/quimibond_sgi/views/sgi_ppap_views.xml,75
quimibond_sgi,sgi_ppap_view_search,ir.ui.view,no,,sí,addons/quimibond_sgi/views/sgi_ppap_views.xml,94
quimibond_sgi,sgi_ppap_action,ir.actions.act_window,no,,sí,addons/quimibond_sgi/views/sgi_ppap_views.xml,114
quimibond_sgi,sgi_ppap_element_template_view_list,ir.ui.view,no,,sí,addons/quimibond_sgi/views/sgi_ppap_views.xml,126
quimibond_sgi,sgi_ppap_element_template_action,ir.actions.act_window,no,,sí,addons/quimibond_sgi/views/sgi_ppap_views.xml,138
quimibond_sgi,sgi_ppap_res_partner_form,ir.ui.view,no,,sí,addons/quimibond_sgi/views/sgi_ppap_views.xml,149
quimibond_sgi,sgi_ppap_product_template_form,ir.ui.view,no,,sí,addons/quimibond_sgi/views/sgi_ppap_views.xml,163
quimibond_sgi,sgi_quality_alert_view_form_supplier,ir.ui.view,no,,sí,addons/quimibond_sgi/views/sgi_pr6_views.xml,4
quimibond_sgi,sgi_audit_view_form_pr6,ir.ui.view,no,,sí,addons/quimibond_sgi/views/sgi_pr6_views.xml,43
quimibond_sgi,sgi_audit_program_view_form_pr6,ir.ui.view,no,,sí,addons/quimibond_sgi/views/sgi_pr6_views.xml,56
quimibond_sgi,sgi_process_activity_view_form_knowledge,ir.ui.view,no,,sí,addons/quimibond_sgi/views/sgi_pr6_views.xml,74
quimibond_sgi,sgi_instruction_publish_view_form,ir.ui.view,no,,sí,addons/quimibond_sgi/views/sgi_pr6_views.xml,90
quimibond_sgi,sgi_sign_request_wizard_view_form,ir.ui.view,no,,sí,addons/quimibond_sgi/views/sgi_pr6_views.xml,114
quimibond_sgi,sgi_purchase_order_view_form_sign,ir.ui.view,no,,sí,addons/quimibond_sgi/views/sgi_pr6_views.xml,134
quimibond_sgi,sgi_stock_picking_view_form_sign,ir.ui.view,no,,sí,addons/quimibond_sgi/views/sgi_pr6_views.xml,152
quimibond_sgi,sgi_stock_lot_view_form_sign,ir.ui.view,no,,sí,addons/quimibond_sgi/views/sgi_pr6_views.xml,170
quimibond_sgi,sgi_product_template_view_form_sign,ir.ui.view,no,,sí,addons/quimibond_sgi/views/sgi_pr6_views.xml,188
quimibond_sgi,sgi_deliverable_view_form_pr6,ir.ui.view,no,,sí,addons/quimibond_sgi/views/sgi_pr6_views.xml,206
quimibond_sgi,sgi_process_activity_view_form,ir.ui.view,no,,sí,addons/quimibond_sgi/views/sgi_process_procedure_views.xml,7
quimibond_sgi,sgi_process_activity_view_list,ir.ui.view,no,,sí,addons/quimibond_sgi/views/sgi_process_procedure_views.xml,313
quimibond_sgi,sgi_process_activity_view_kanban,ir.ui.view,no,,sí,addons/quimibond_sgi/views/sgi_process_procedure_views.xml,365
quimibond_sgi,sgi_process_activity_view_search,ir.ui.view,no,,sí,addons/quimibond_sgi/views/sgi_process_procedure_views.xml,417
quimibond_sgi,sgi_process_activity_action,ir.actions.act_window,no,,sí,addons/quimibond_sgi/views/sgi_process_procedure_views.xml,508
quimibond_sgi,sgi_activity_link_view_list,ir.ui.view,no,,sí,addons/quimibond_sgi/views/sgi_process_procedure_views.xml,521
quimibond_sgi,sgi_activity_link_view_search,ir.ui.view,no,,sí,addons/quimibond_sgi/views/sgi_process_procedure_views.xml,546
quimibond_sgi,sgi_activity_compliance_view_pivot,ir.ui.view,no,,sí,addons/quimibond_sgi/views/sgi_process_procedure_views.xml,585
quimibond_sgi,sgi_activity_compliance_view_graph,ir.ui.view,no,,sí,addons/quimibond_sgi/views/sgi_process_procedure_views.xml,596
quimibond_sgi,sgi_activity_compliance_action,ir.actions.act_window,no,,sí,addons/quimibond_sgi/views/sgi_process_procedure_views.xml,607
quimibond_sgi,sgi_process_flow_view_list,ir.ui.view,no,,sí,addons/quimibond_sgi/views/sgi_process_views.xml,4
quimibond_sgi,sgi_process_flow_view_form,ir.ui.view,no,,sí,addons/quimibond_sgi/views/sgi_process_views.xml,23
quimibond_sgi,sgi_process_flow_view_search,ir.ui.view,no,,sí,addons/quimibond_sgi/views/sgi_process_views.xml,70
quimibond_sgi,sgi_process_view_kanban,ir.ui.view,no,,sí,addons/quimibond_sgi/views/sgi_process_views.xml,102
quimibond_sgi,sgi_process_view_list,ir.ui.view,no,,sí,addons/quimibond_sgi/views/sgi_process_views.xml,164
quimibond_sgi,sgi_process_view_form,ir.ui.view,no,,sí,addons/quimibond_sgi/views/sgi_process_views.xml,193
quimibond_sgi,sgi_process_view_search,ir.ui.view,no,,sí,addons/quimibond_sgi/views/sgi_process_views.xml,403
quimibond_sgi,sgi_process_action,ir.actions.act_window,no,,sí,addons/quimibond_sgi/views/sgi_process_views.xml,438
quimibond_sgi,sgi_res_partner_supplier_view_form,ir.ui.view,no,,sí,addons/quimibond_sgi/views/sgi_res_partner_views.xml,3
quimibond_sgi,sgi_risk_category_view_list,ir.ui.view,no,,sí,addons/quimibond_sgi/views/sgi_risk_views.xml,4
quimibond_sgi,sgi_risk_category_action,ir.actions.act_window,no,,sí,addons/quimibond_sgi/views/sgi_risk_views.xml,14
quimibond_sgi,sgi_risk_view_form,ir.ui.view,no,,sí,addons/quimibond_sgi/views/sgi_risk_views.xml,25
quimibond_sgi,sgi_risk_view_kanban,ir.ui.view,no,,sí,addons/quimibond_sgi/views/sgi_risk_views.xml,164
quimibond_sgi,sgi_risk_view_list,ir.ui.view,no,,sí,addons/quimibond_sgi/views/sgi_risk_views.xml,190
quimibond_sgi,sgi_risk_view_pivot,ir.ui.view,no,,sí,addons/quimibond_sgi/views/sgi_risk_views.xml,211
quimibond_sgi,sgi_risk_view_search,ir.ui.view,no,,sí,addons/quimibond_sgi/views/sgi_risk_views.xml,222
quimibond_sgi,sgi_risk_action,ir.actions.act_window,no,,sí,addons/quimibond_sgi/views/sgi_risk_views.xml,255
quimibond_sgi,sgi_risk_view_activity,ir.ui.view,no,,sí,addons/quimibond_sgi/views/sgi_risk_views.xml,269
quimibond_sgi,sgi_sales_budget_line_view_list,ir.ui.view,no,,sí,addons/quimibond_sgi/views/sgi_sales_budget_views.xml,4
quimibond_sgi,sgi_sales_budget_line_view_form,ir.ui.view,no,,sí,addons/quimibond_sgi/views/sgi_sales_budget_views.xml,61
quimibond_sgi,sgi_sales_budget_line_grid_qty,ir.ui.view,no,,sí,addons/quimibond_sgi/views/sgi_sales_budget_views.xml,129
quimibond_sgi,sgi_sales_budget_line_view_pivot,ir.ui.view,no,,sí,addons/quimibond_sgi/views/sgi_sales_budget_views.xml,147
quimibond_sgi,sgi_sales_budget_line_view_graph,ir.ui.view,no,,sí,addons/quimibond_sgi/views/sgi_sales_budget_views.xml,166
quimibond_sgi,sgi_sales_budget_line_view_graph_curve,ir.ui.view,no,,sí,addons/quimibond_sgi/views/sgi_sales_budget_views.xml,179
quimibond_sgi,sgi_sales_budget_line_view_search,ir.ui.view,no,,sí,addons/quimibond_sgi/views/sgi_sales_budget_views.xml,191
quimibond_sgi,sgi_sales_budget_view_form,ir.ui.view,no,,sí,addons/quimibond_sgi/views/sgi_sales_budget_views.xml,242
quimibond_sgi,sgi_sales_budget_view_list,ir.ui.view,no,,sí,addons/quimibond_sgi/views/sgi_sales_budget_views.xml,424
quimibond_sgi,sgi_sales_budget_view_search,ir.ui.view,no,,sí,addons/quimibond_sgi/views/sgi_sales_budget_views.xml,447
quimibond_sgi,sgi_sales_budget_import_view_form,ir.ui.view,no,,sí,addons/quimibond_sgi/views/sgi_sales_budget_views.xml,473
quimibond_sgi,sgi_sales_budget_import_action,ir.actions.act_window,no,,sí,addons/quimibond_sgi/views/sgi_sales_budget_views.xml,508
quimibond_sgi,sgi_sales_budget_action,ir.actions.act_window,no,,sí,addons/quimibond_sgi/views/sgi_sales_budget_views.xml,517
quimibond_sgi,sgi_sales_forecast_view_list,ir.ui.view,no,,sí,addons/quimibond_sgi/views/sgi_sales_budget_views.xml,532
quimibond_sgi,sgi_sales_forecast_action,ir.actions.act_window,no,,sí,addons/quimibond_sgi/views/sgi_sales_budget_views.xml,553
quimibond_sgi,sgi_sales_budget_view_kanban,ir.ui.view,no,,sí,addons/quimibond_sgi/views/sgi_sales_budget_views.xml,573
quimibond_sgi,sgi_sales_analysis_pivot_mercado,ir.ui.view,no,,sí,addons/quimibond_sgi/views/sgi_sales_budget_views.xml,614
quimibond_sgi,sgi_sales_analysis_pivot_cliente,ir.ui.view,no,,sí,addons/quimibond_sgi/views/sgi_sales_budget_views.xml,628
quimibond_sgi,sgi_sales_analysis_pivot_producto,ir.ui.view,no,,sí,addons/quimibond_sgi/views/sgi_sales_budget_views.xml,642
quimibond_sgi,sgi_sales_analysis_graph_global,ir.ui.view,no,,sí,addons/quimibond_sgi/views/sgi_sales_budget_views.xml,656
quimibond_sgi,sgi_sales_analysis_mercado_action,ir.actions.act_window,no,,sí,addons/quimibond_sgi/views/sgi_sales_budget_views.xml,669
quimibond_sgi,sgi_sales_analysis_cliente_action,ir.actions.act_window,no,,sí,addons/quimibond_sgi/views/sgi_sales_budget_views.xml,681
quimibond_sgi,sgi_sales_analysis_producto_action,ir.actions.act_window,no,,sí,addons/quimibond_sgi/views/sgi_sales_budget_views.xml,698
quimibond_sgi,sgi_sales_analysis_global_action,ir.actions.act_window,no,,sí,addons/quimibond_sgi/views/sgi_sales_budget_views.xml,710
quimibond_sgi,sgi_sales_budget_action,ir.actions.act_window,no,,sí,addons/quimibond_sgi/views/sgi_sales_budget_views.xml,517
quimibond_sgi,sgi_sales_forecast_action,ir.actions.act_window,no,,sí,addons/quimibond_sgi/views/sgi_sales_budget_views.xml,553
quimibond_sgi,res_config_settings_view_form_sgi,ir.ui.view,no,,sí,addons/quimibond_sgi/views/sgi_settings_views.xml,3
quimibond_sgi,sgi_config_settings_action,ir.actions.act_window,no,,sí,addons/quimibond_sgi/views/sgi_settings_views.xml,203
quimibond_sgi,sgi_slide_channel_view_list,ir.ui.view,no,,sí,addons/quimibond_sgi/views/sgi_sign_elearning_views.xml,5
quimibond_sgi,sgi_slide_channel_action,ir.actions.act_window,no,,sí,addons/quimibond_sgi/views/sgi_sign_elearning_views.xml,19
quimibond_sgi,sgi_staff_efficiency_view_form,ir.ui.view,no,,sí,addons/quimibond_sgi/views/sgi_staff_efficiency_views.xml,3
quimibond_sgi,sgi_staff_efficiency_view_list,ir.ui.view,no,,sí,addons/quimibond_sgi/views/sgi_staff_efficiency_views.xml,66
quimibond_sgi,sgi_staff_efficiency_line_view_pivot,ir.ui.view,no,,sí,addons/quimibond_sgi/views/sgi_staff_efficiency_views.xml,83
quimibond_sgi,sgi_staff_efficiency_line_view_list,ir.ui.view,no,,sí,addons/quimibond_sgi/views/sgi_staff_efficiency_views.xml,96
quimibond_sgi,sgi_staff_efficiency_view_search,ir.ui.view,no,,sí,addons/quimibond_sgi/views/sgi_staff_efficiency_views.xml,116
quimibond_sgi,sgi_staff_efficiency_action,ir.actions.act_window,no,,sí,addons/quimibond_sgi/views/sgi_staff_efficiency_views.xml,134
quimibond_sgi,sgi_staff_efficiency_line_action,ir.actions.act_window,no,,sí,addons/quimibond_sgi/views/sgi_staff_efficiency_views.xml,146
quimibond_sgi,sgi_process_activity_view_form_structure,ir.ui.view,no,,sí,addons/quimibond_sgi/views/sgi_structure_views.xml,6
quimibond_sgi,sgi_supplier_eval_view_list,ir.ui.view,no,,sí,addons/quimibond_sgi/views/sgi_supplier_eval_views.xml,3
quimibond_sgi,sgi_supplier_eval_view_form,ir.ui.view,no,,sí,addons/quimibond_sgi/views/sgi_supplier_eval_views.xml,28
quimibond_sgi,sgi_supplier_eval_view_search,ir.ui.view,no,,sí,addons/quimibond_sgi/views/sgi_supplier_eval_views.xml,73
quimibond_sgi,sgi_supplier_eval_action,ir.actions.act_window,no,,sí,addons/quimibond_sgi/views/sgi_supplier_eval_views.xml,91
quimibond_sgi,sgi_supplier_eval_recompute_action,ir.actions.server,no,,sí,addons/quimibond_sgi/views/sgi_supplier_eval_views.xml,104
quimibond_sgi,action_report_8d,ir.actions.report,no,,sí,addons/quimibond_sgi/report/report_8d.xml,7
quimibond_sgi,action_report_audit_plan,ir.actions.report,no,,sí,addons/quimibond_sgi/report/report_audit.xml,4
quimibond_sgi,action_report_audit_report,ir.actions.report,no,,sí,addons/quimibond_sgi/report/report_audit.xml,49
quimibond_sgi,action_report_calibration_label,ir.actions.report,no,,sí,addons/quimibond_sgi/report/report_calibration_label.xml,5
quimibond_sgi,action_report_out_of_service_label,ir.actions.report,no,,sí,addons/quimibond_sgi/report/report_calibration_label.xml,16
quimibond_sgi,action_report_coa,ir.actions.report,no,,sí,addons/quimibond_sgi/report/report_coa.xml,3
quimibond_sgi,paperformat_sgi_carta_horizontal,report.paperformat,no,,sí,addons/quimibond_sgi/report/report_compliance_matrix.xml,5
quimibond_sgi,action_report_compliance_matrix,ir.actions.report,no,,sí,addons/quimibond_sgi/report/report_compliance_matrix.xml,18
quimibond_sgi,action_report_dev_request,ir.actions.report,no,,sí,addons/quimibond_sgi/report/report_dev_request.xml,4
quimibond_sgi,action_report_risk_matrix,ir.actions.report,no,,sí,addons/quimibond_sgi/report/report_direction.xml,4
quimibond_sgi,action_report_competence_matrix,ir.actions.report,no,,sí,addons/quimibond_sgi/report/report_direction.xml,60
quimibond_sgi,paperformat_sgi_doc_change,report.paperformat,no,,sí,addons/quimibond_sgi/report/report_doc_change.xml,7
quimibond_sgi,action_report_doc_change,ir.actions.report,no,,sí,addons/quimibond_sgi/report/report_doc_change.xml,20
quimibond_sgi,action_report_epp_delivery,ir.actions.report,no,,sí,addons/quimibond_sgi/report/report_epp_delivery.xml,5
quimibond_sgi,action_report_fmea,ir.actions.report,no,,sí,addons/quimibond_sgi/report/report_fmea.xml,3
quimibond_sgi,action_report_incident,ir.actions.report,no,,sí,addons/quimibond_sgi/report/report_incident.xml,3
quimibond_sgi,action_report_knowledge_instruction,ir.actions.report,no,,sí,addons/quimibond_sgi/report/report_knowledge_instruction.xml,4
quimibond_sgi,action_report_machine_sheet,ir.actions.report,no,,sí,addons/quimibond_sgi/report/report_machine_sheet.xml,3
quimibond_sgi,action_report_master_list,ir.actions.report,no,,sí,addons/quimibond_sgi/report/report_master_list.xml,4
quimibond_sgi,action_report_legal_matrix,ir.actions.report,no,,sí,addons/quimibond_sgi/report/report_master_list.xml,60
quimibond_sgi,sgi_document_master_list_view_list,ir.ui.view,no,,sí,addons/quimibond_sgi/report/report_master_list_all.xml,6
quimibond_sgi,sgi_document_master_list_action,ir.actions.act_window,no,,sí,addons/quimibond_sgi/report/report_master_list_all.xml,28
quimibond_sgi,action_report_master_list_all,ir.actions.report,no,,sí,addons/quimibond_sgi/report/report_master_list_all.xml,43
quimibond_sgi,action_report_mgmt_review,ir.actions.report,no,,sí,addons/quimibond_sgi/report/report_mgmt_review.xml,3
quimibond_sgi,paperformat_sgi_carta,report.paperformat,no,,sí,addons/quimibond_sgi/report/report_my_procedure.xml,5
quimibond_sgi,action_report_my_procedure,ir.actions.report,no,,sí,addons/quimibond_sgi/report/report_my_procedure.xml,18
quimibond_sgi,action_report_nc,ir.actions.report,no,,sí,addons/quimibond_sgi/report/report_nc.xml,3
quimibond_sgi,action_report_news,ir.actions.report,no,,sí,addons/quimibond_sgi/report/report_news.xml,3
quimibond_sgi,action_report_procedure,ir.actions.report,no,,sí,addons/quimibond_sgi/report/report_procedure.xml,3
quimibond_sgi,action_report_retention,ir.actions.report,no,,sí,addons/quimibond_sgi/report/report_retention.xml,5
quimibond_sgi,action_report_sales_budget,ir.actions.report,no,,sí,addons/quimibond_sgi/report/report_sales_budget.xml,3
quimibond_sgi,action_report_ack_sign_sheet,ir.actions.report,no,,sí,addons/quimibond_sgi/report/report_sign_sheet.xml,27
quimibond_sgi,action_report_epp_sign_sheet,ir.actions.report,no,,sí,addons/quimibond_sgi/report/report_sign_sheet.xml,52
quimibond_sgi,action_report_publish_sign_sheet,ir.actions.report,no,,sí,addons/quimibond_sgi/report/report_sign_sheet.xml,78
quimibond_sgi,action_report_staff_efficiency,ir.actions.report,no,,sí,addons/quimibond_sgi/report/report_staff_efficiency.xml,3
quimibond_sgi,sgi_alert_source_indicator_red,sgi.alert.source,sí,,sí,addons/quimibond_sgi/data/sgi_alert_source_data.xml,7
quimibond_sgi,sgi_alert_source_calibration,sgi.alert.source,sí,,sí,addons/quimibond_sgi/data/sgi_alert_source_data.xml,19
quimibond_sgi,sgi_alert_source_incident,sgi.alert.source,sí,,sí,addons/quimibond_sgi/data/sgi_alert_source_data.xml,31
quimibond_sgi,sgi_alert_source_audit_finding,sgi.alert.source,sí,,sí,addons/quimibond_sgi/data/sgi_alert_source_data.xml,42
quimibond_sgi,sgi_alert_source_complaint,sgi.alert.source,sí,,sí,addons/quimibond_sgi/data/sgi_alert_source_data.xml,53
quimibond_sgi,sgi_alert_source_chain_stuck,sgi.alert.source,sí,,sí,addons/quimibond_sgi/data/sgi_alert_source_data.xml,63
quimibond_sgi,sgi_alert_source_legal,sgi.alert.source,sí,,sí,addons/quimibond_sgi/data/sgi_alert_source_data.xml,75
quimibond_sgi,sgi_alert_source_maintenance,sgi.alert.source,sí,,sí,addons/quimibond_sgi/data/sgi_alert_source_data.xml,86
quimibond_sgi,sgi_cron_sync_approvals,ir.cron,sí,,sí,addons/quimibond_sgi/data/sgi_approval_cron.xml,6
quimibond_sgi,sgi_area_g,sgi.area,sí,,sí,addons/quimibond_sgi/data/sgi_areas.xml,7
quimibond_sgi,sgi_area_a,sgi.area,sí,,sí,addons/quimibond_sgi/data/sgi_areas.xml,11
quimibond_sgi,sgi_area_c,sgi.area,sí,,sí,addons/quimibond_sgi/data/sgi_areas.xml,15
quimibond_sgi,sgi_area_d,sgi.area,sí,,sí,addons/quimibond_sgi/data/sgi_areas.xml,19
quimibond_sgi,sgi_area_e,sgi.area,sí,,sí,addons/quimibond_sgi/data/sgi_areas.xml,23
quimibond_sgi,sgi_area_i,sgi.area,sí,,sí,addons/quimibond_sgi/data/sgi_areas.xml,27
quimibond_sgi,sgi_area_m,sgi.area,sí,,sí,addons/quimibond_sgi/data/sgi_areas.xml,31
quimibond_sgi,sgi_area_p,sgi.area,sí,,sí,addons/quimibond_sgi/data/sgi_areas.xml,35
quimibond_sgi,sgi_area_s,sgi.area,sí,,sí,addons/quimibond_sgi/data/sgi_areas.xml,39
quimibond_sgi,sgi_area_v,sgi.area,sí,,sí,addons/quimibond_sgi/data/sgi_areas.xml,43
quimibond_sgi,sgi_survey_audit_9001,survey.survey,sí,,sí,addons/quimibond_sgi/data/sgi_audit_data.xml,7
quimibond_sgi,sgi_survey_page_4,survey.question,sí,,sí,addons/quimibond_sgi/data/sgi_audit_data.xml,14
quimibond_sgi,sgi_survey_q_4,survey.question,sí,,sí,addons/quimibond_sgi/data/sgi_audit_data.xml,20
quimibond_sgi,sgi_survey_a_4_c,survey.question.answer,sí,,sí,addons/quimibond_sgi/data/sgi_audit_data.xml,26
quimibond_sgi,sgi_survey_a_4_nc,survey.question.answer,sí,,sí,addons/quimibond_sgi/data/sgi_audit_data.xml,29
quimibond_sgi,sgi_survey_a_4_o,survey.question.answer,sí,,sí,addons/quimibond_sgi/data/sgi_audit_data.xml,32
quimibond_sgi,sgi_survey_page_5,survey.question,sí,,sí,addons/quimibond_sgi/data/sgi_audit_data.xml,37
quimibond_sgi,sgi_survey_q_5,survey.question,sí,,sí,addons/quimibond_sgi/data/sgi_audit_data.xml,43
quimibond_sgi,sgi_survey_a_5_c,survey.question.answer,sí,,sí,addons/quimibond_sgi/data/sgi_audit_data.xml,49
quimibond_sgi,sgi_survey_a_5_nc,survey.question.answer,sí,,sí,addons/quimibond_sgi/data/sgi_audit_data.xml,52
quimibond_sgi,sgi_survey_a_5_o,survey.question.answer,sí,,sí,addons/quimibond_sgi/data/sgi_audit_data.xml,55
quimibond_sgi,sgi_survey_page_6,survey.question,sí,,sí,addons/quimibond_sgi/data/sgi_audit_data.xml,60
quimibond_sgi,sgi_survey_q_6,survey.question,sí,,sí,addons/quimibond_sgi/data/sgi_audit_data.xml,66
quimibond_sgi,sgi_survey_a_6_c,survey.question.answer,sí,,sí,addons/quimibond_sgi/data/sgi_audit_data.xml,72
quimibond_sgi,sgi_survey_a_6_nc,survey.question.answer,sí,,sí,addons/quimibond_sgi/data/sgi_audit_data.xml,75
quimibond_sgi,sgi_survey_a_6_o,survey.question.answer,sí,,sí,addons/quimibond_sgi/data/sgi_audit_data.xml,78
quimibond_sgi,sgi_survey_page_7,survey.question,sí,,sí,addons/quimibond_sgi/data/sgi_audit_data.xml,83
quimibond_sgi,sgi_survey_q_7,survey.question,sí,,sí,addons/quimibond_sgi/data/sgi_audit_data.xml,89
quimibond_sgi,sgi_survey_a_7_c,survey.question.answer,sí,,sí,addons/quimibond_sgi/data/sgi_audit_data.xml,95
quimibond_sgi,sgi_survey_a_7_nc,survey.question.answer,sí,,sí,addons/quimibond_sgi/data/sgi_audit_data.xml,98
quimibond_sgi,sgi_survey_a_7_o,survey.question.answer,sí,,sí,addons/quimibond_sgi/data/sgi_audit_data.xml,101
quimibond_sgi,sgi_survey_page_8,survey.question,sí,,sí,addons/quimibond_sgi/data/sgi_audit_data.xml,106
quimibond_sgi,sgi_survey_q_8,survey.question,sí,,sí,addons/quimibond_sgi/data/sgi_audit_data.xml,112
quimibond_sgi,sgi_survey_a_8_c,survey.question.answer,sí,,sí,addons/quimibond_sgi/data/sgi_audit_data.xml,118
quimibond_sgi,sgi_survey_a_8_nc,survey.question.answer,sí,,sí,addons/quimibond_sgi/data/sgi_audit_data.xml,121
quimibond_sgi,sgi_survey_a_8_o,survey.question.answer,sí,,sí,addons/quimibond_sgi/data/sgi_audit_data.xml,124
quimibond_sgi,sgi_survey_page_9,survey.question,sí,,sí,addons/quimibond_sgi/data/sgi_audit_data.xml,129
quimibond_sgi,sgi_survey_q_9,survey.question,sí,,sí,addons/quimibond_sgi/data/sgi_audit_data.xml,135
quimibond_sgi,sgi_survey_a_9_c,survey.question.answer,sí,,sí,addons/quimibond_sgi/data/sgi_audit_data.xml,141
quimibond_sgi,sgi_survey_a_9_nc,survey.question.answer,sí,,sí,addons/quimibond_sgi/data/sgi_audit_data.xml,144
quimibond_sgi,sgi_survey_a_9_o,survey.question.answer,sí,,sí,addons/quimibond_sgi/data/sgi_audit_data.xml,147
quimibond_sgi,sgi_survey_page_10,survey.question,sí,,sí,addons/quimibond_sgi/data/sgi_audit_data.xml,152
quimibond_sgi,sgi_survey_q_10,survey.question,sí,,sí,addons/quimibond_sgi/data/sgi_audit_data.xml,158
quimibond_sgi,sgi_survey_a_10_c,survey.question.answer,sí,,sí,addons/quimibond_sgi/data/sgi_audit_data.xml,164
quimibond_sgi,sgi_survey_a_10_nc,survey.question.answer,sí,,sí,addons/quimibond_sgi/data/sgi_audit_data.xml,167
quimibond_sgi,sgi_survey_a_10_o,survey.question.answer,sí,,sí,addons/quimibond_sgi/data/sgi_audit_data.xml,170
quimibond_sgi,sgi_cron_checklists,ir.cron,sí,,sí,addons/quimibond_sgi/data/sgi_checklist_cron.xml,4
quimibond_sgi,mail_template_sgi_coa,mail.template,sí,,sí,addons/quimibond_sgi/data/sgi_coa_data.xml,6
quimibond_sgi,sgi_control_plan_mp,sgi.control.plan,sí,,sí,addons/quimibond_sgi/data/sgi_control_plans_fase4.xml,12
quimibond_sgi,sgi_control_plan_revisado,sgi.control.plan,sí,,sí,addons/quimibond_sgi/data/sgi_control_plans_fase4.xml,21
quimibond_sgi,sgi_cron_nonconformities,ir.cron,sí,,sí,addons/quimibond_sgi/data/sgi_cron.xml,7
quimibond_sgi,sgi_cron_overdue_actions,ir.cron,sí,,sí,addons/quimibond_sgi/data/sgi_cron.xml,17
quimibond_sgi,sgi_cron_documents,ir.cron,sí,,sí,addons/quimibond_sgi/data/sgi_cron.xml,27
quimibond_sgi,sgi_cron_news,ir.cron,sí,,sí,addons/quimibond_sgi/data/sgi_cron.xml,37
quimibond_sgi,sgi_cron_indicators,ir.cron,sí,,sí,addons/quimibond_sgi/data/sgi_cron_fase2.xml,3
quimibond_sgi,sgi_cron_indicators_weekly,ir.cron,sí,,sí,addons/quimibond_sgi/data/sgi_cron_fase2.xml,14
quimibond_sgi,sgi_cron_audit_program,ir.cron,sí,,sí,addons/quimibond_sgi/data/sgi_cron_fase2.xml,25
quimibond_sgi,sgi_cron_risk_review,ir.cron,sí,,sí,addons/quimibond_sgi/data/sgi_cron_fase2.xml,35
quimibond_sgi,sgi_cron_supplier_eval,ir.cron,sí,,sí,addons/quimibond_sgi/data/sgi_cron_fase2.xml,45
quimibond_sgi,sgi_cron_calibrations,ir.cron,sí,,sí,addons/quimibond_sgi/data/sgi_cron_fase3.xml,6
quimibond_sgi,sgi_cron_competences,ir.cron,sí,,sí,addons/quimibond_sgi/data/sgi_cron_fase3.xml,16
quimibond_sgi,sgi_cron_budget_revaluation,ir.cron,sí,,sí,addons/quimibond_sgi/data/sgi_cron_fase3.xml,29
quimibond_sgi,sgi_cron_forecast_coverage,ir.cron,sí,,sí,addons/quimibond_sgi/data/sgi_cron_fase3.xml,41
quimibond_sgi,sgi_cron_legal_requirements,ir.cron,sí,,sí,addons/quimibond_sgi/data/sgi_cumplimiento_data.xml,5
quimibond_sgi,sgi_cron_worker_participation,ir.cron,sí,,sí,addons/quimibond_sgi/data/sgi_cumplimiento_data.xml,17
quimibond_sgi,sgi_cron_context_review,ir.cron,sí,,sí,addons/quimibond_sgi/data/sgi_cumplimiento_data.xml,28
quimibond_sgi,sgi_survey_dnc,survey.survey,sí,,sí,addons/quimibond_sgi/data/sgi_dnc_survey.xml,4
quimibond_sgi,sgi_survey_dnc_page1,survey.question,sí,,sí,addons/quimibond_sgi/data/sgi_dnc_survey.xml,12
quimibond_sgi,sgi_survey_dnc_q1,survey.question,sí,,sí,addons/quimibond_sgi/data/sgi_dnc_survey.xml,19
quimibond_sgi,sgi_survey_dnc_q2,survey.question,sí,,sí,addons/quimibond_sgi/data/sgi_dnc_survey.xml,26
quimibond_sgi,sgi_survey_dnc_q3,survey.question,sí,,sí,addons/quimibond_sgi/data/sgi_dnc_survey.xml,38
quimibond_sgi,sgi_survey_dnc_page2,survey.question,sí,,sí,addons/quimibond_sgi/data/sgi_dnc_survey.xml,47
quimibond_sgi,sgi_survey_dnc_q4,survey.question,sí,,sí,addons/quimibond_sgi/data/sgi_dnc_survey.xml,54
quimibond_sgi,sgi_sign_role_elaboro,sign.item.role,sí,,sí,addons/quimibond_sgi/data/sgi_doc_change_sign_data.xml,4
quimibond_sgi,sgi_sign_role_reviso,sign.item.role,sí,,sí,addons/quimibond_sgi/data/sgi_doc_change_sign_data.xml,7
quimibond_sgi,sgi_sign_role_aprobo,sign.item.role,sí,,sí,addons/quimibond_sgi/data/sgi_doc_change_sign_data.xml,10
quimibond_sgi,sgi_sign_role_empleado,sign.item.role,sí,,sí,addons/quimibond_sgi/data/sgi_doc_change_sign_data.xml,14
quimibond_sgi,sgi_doc_type_miid,sgi.document.type,sí,,sí,addons/quimibond_sgi/data/sgi_document_types.xml,8
quimibond_sgi,sgi_doc_type_procedimiento,sgi.document.type,sí,,sí,addons/quimibond_sgi/data/sgi_document_types.xml,16
quimibond_sgi,sgi_doc_type_instructivo,sgi.document.type,sí,,sí,addons/quimibond_sgi/data/sgi_document_types.xml,25
quimibond_sgi,sgi_doc_type_formato,sgi.document.type,sí,,sí,addons/quimibond_sgi/data/sgi_document_types.xml,34
quimibond_sgi,sgi_doc_type_formato_it,sgi.document.type,sí,,sí,addons/quimibond_sgi/data/sgi_document_types.xml,43
quimibond_sgi,sgi_doc_type_control_operacional,sgi.document.type,sí,,sí,addons/quimibond_sgi/data/sgi_document_types.xml,51
quimibond_sgi,sgi_doc_type_metodo_anexo,sgi.document.type,sí,,sí,addons/quimibond_sgi/data/sgi_document_types.xml,59
quimibond_sgi,sgi_doc_type_descripcion_puesto,sgi.document.type,sí,,sí,addons/quimibond_sgi/data/sgi_document_types.xml,67
quimibond_sgi,sgi_doc_type_dat,sgi.document.type,sí,,sí,addons/quimibond_sgi/data/sgi_document_types.xml,75
quimibond_sgi,sgi_doc_type_protocolo,sgi.document.type,sí,,sí,addons/quimibond_sgi/data/sgi_document_types.xml,83
quimibond_sgi,sgi_doc_type_diagrama,sgi.document.type,sí,,sí,addons/quimibond_sgi/data/sgi_document_types.xml,91
quimibond_sgi,sgi_doc_type_reglamento,sgi.document.type,sí,,sí,addons/quimibond_sgi/data/sgi_document_types.xml,99
quimibond_sgi,sgi_doc_type_anexo,sgi.document.type,sí,,sí,addons/quimibond_sgi/data/sgi_document_types.xml,107
quimibond_sgi,sgi_doc_type_externo,sgi.document.type,sí,,sí,addons/quimibond_sgi/data/sgi_document_types.xml,115
quimibond_sgi,sgi_doc_type_formulario_odoo,sgi.document.type,sí,,sí,addons/quimibond_sgi/data/sgi_document_types.xml,122
quimibond_sgi,sgi_project_dyd,project.project,sí,,sí,addons/quimibond_sgi/data/sgi_dyd_data.xml,11
quimibond_sgi,sgi_dyd_stage_plan,project.task.type,sí,,sí,addons/quimibond_sgi/data/sgi_dyd_data.xml,17
quimibond_sgi,sgi_dyd_stage_inputs,project.task.type,sí,,sí,addons/quimibond_sgi/data/sgi_dyd_data.xml,22
quimibond_sgi,sgi_dyd_stage_review,project.task.type,sí,,sí,addons/quimibond_sgi/data/sgi_dyd_data.xml,27
quimibond_sgi,sgi_dyd_stage_verification,project.task.type,sí,,sí,addons/quimibond_sgi/data/sgi_dyd_data.xml,32
quimibond_sgi,sgi_dyd_stage_validation,project.task.type,sí,,sí,addons/quimibond_sgi/data/sgi_dyd_data.xml,37
quimibond_sgi,sgi_dyd_stage_transfer,project.task.type,sí,,sí,addons/quimibond_sgi/data/sgi_dyd_data.xml,42
quimibond_sgi,sgi_seq_epp_delivery,ir.sequence,sí,,sí,addons/quimibond_sgi/data/sgi_epp_data.xml,3
quimibond_sgi,sgi_objective_expansion,sgi.objective,sí,,sí,addons/quimibond_sgi/data/sgi_expansion_data.xml,12
quimibond_sgi,sgi_ind_ex_margen,sgi.indicator,sí,,sí,addons/quimibond_sgi/data/sgi_expansion_data.xml,18
quimibond_sgi,sgi_ind_ex_compras_ventas,sgi.indicator,sí,,sí,addons/quimibond_sgi/data/sgi_expansion_data.xml,30
quimibond_sgi,sgi_ind_ex_clientes_nuevos,sgi.indicator,sí,,sí,addons/quimibond_sgi/data/sgi_expansion_data.xml,41
quimibond_sgi,sgi_ind_ex_concentracion,sgi.indicator,sí,,sí,addons/quimibond_sgi/data/sgi_expansion_data.xml,53
quimibond_sgi,sgi_ind_ex_facturacion_usd,sgi.indicator,sí,,sí,addons/quimibond_sgi/data/sgi_expansion_data.xml,65
quimibond_sgi,sgi_ind_ex_notas_credito,sgi.indicator,sí,,sí,addons/quimibond_sgi/data/sgi_expansion_data.xml,77
quimibond_sgi,sgi_ind_ex_dso,sgi.indicator,sí,,sí,addons/quimibond_sgi/data/sgi_expansion_data.xml,89
quimibond_sgi,sgi_ind_ex_cartera_vencida,sgi.indicator,sí,,sí,addons/quimibond_sgi/data/sgi_expansion_data.xml,105
quimibond_sgi,sgi_ind_ex_cartera_vencida_60,sgi.indicator,sí,,sí,addons/quimibond_sgi/data/sgi_expansion_data.xml,116
quimibond_sgi,sgi_ind_ex_retencion,sgi.indicator,sí,,sí,addons/quimibond_sgi/data/sgi_expansion_data.xml,127
quimibond_sgi,sgi_ind_ex_reactivados,sgi.indicator,sí,,sí,addons/quimibond_sgi/data/sgi_expansion_data.xml,139
quimibond_sgi,sgi_ind_ex_fuera_top10,sgi.indicator,sí,,sí,addons/quimibond_sgi/data/sgi_expansion_data.xml,151
quimibond_sgi,sgi_ind_ex_conc_productos,sgi.indicator,sí,,sí,addons/quimibond_sgi/data/sgi_expansion_data.xml,163
quimibond_sgi,sgi_ind_ex_cancelados,sgi.indicator,sí,,sí,addons/quimibond_sgi/data/sgi_expansion_data.xml,175
quimibond_sgi,sgi_ind_ex_entregas,sgi.indicator,sí,,sí,addons/quimibond_sgi/data/sgi_expansion_data.xml,187
quimibond_sgi,sgi_ind_ex_dpo,sgi.indicator,sí,,sí,addons/quimibond_sgi/data/sgi_expansion_data.xml,198
quimibond_sgi,sgi_seq_emergency_plan,ir.sequence,sí,,sí,addons/quimibond_sgi/data/sgi_fase7_data.xml,6
quimibond_sgi,sgi_seq_emergency_drill,ir.sequence,sí,,sí,addons/quimibond_sgi/data/sgi_fase7_data.xml,14
quimibond_sgi,sgi_seq_msa,ir.sequence,sí,,sí,addons/quimibond_sgi/data/sgi_fase7_data.xml,22
quimibond_sgi,sgi_cron_emergency_drills,ir.cron,sí,,sí,addons/quimibond_sgi/data/sgi_fase7_data.xml,32
quimibond_sgi,sgi_cron_satisfaction,ir.cron,sí,,sí,addons/quimibond_sgi/data/sgi_fase7_data.xml,41
quimibond_sgi,sgi_cron_dnc,ir.cron,sí,,sí,addons/quimibond_sgi/data/sgi_fase7_data.xml,50
quimibond_sgi,sgi_ind_satisfaccion,sgi.indicator,sí,,sí,addons/quimibond_sgi/data/sgi_fase7_data.xml,63
quimibond_sgi,sgi_alert_source_devolucion,sgi.alert.source,sí,,sí,addons/quimibond_sgi/data/sgi_fase8_data.xml,7
quimibond_sgi,sgi_cron_operational_signals,ir.cron,sí,,sí,addons/quimibond_sgi/data/sgi_fase8_data.xml,16
quimibond_sgi,format_map_sale_order,sgi.format.map,sí,,sí,addons/quimibond_sgi/data/sgi_format_map_data.xml,8
quimibond_sgi,format_map_purchase_order,sgi.format.map,sí,,sí,addons/quimibond_sgi/data/sgi_format_map_data.xml,18
quimibond_sgi,format_map_stock_picking,sgi.format.map,sí,,sí,addons/quimibond_sgi/data/sgi_format_map_data.xml,28
quimibond_sgi,format_map_mrp_production,sgi.format.map,sí,,sí,addons/quimibond_sgi/data/sgi_format_map_data.xml,34
quimibond_sgi,format_map_maintenance_request,sgi.format.map,sí,,sí,addons/quimibond_sgi/data/sgi_format_map_data.xml,40
quimibond_sgi,format_map_quality_alert,sgi.format.map,sí,,sí,addons/quimibond_sgi/data/sgi_format_map_data.xml,46
quimibond_sgi,format_map_stock_lot,sgi.format.map,sí,,sí,addons/quimibond_sgi/data/sgi_format_map_data.xml,52
quimibond_sgi,format_map_mgmt_review,sgi.format.map,sí,,sí,addons/quimibond_sgi/data/sgi_format_map_data.xml,58
quimibond_sgi,format_map_sales_budget,sgi.format.map,sí,,sí,addons/quimibond_sgi/data/sgi_format_map_data.xml,64
quimibond_sgi,sgi_helpdesk_team_voice,helpdesk.team,sí,,sí,addons/quimibond_sgi/data/sgi_helpdesk_interno.xml,6
quimibond_sgi,sgi_hd_voice_stage_new,helpdesk.stage,sí,,sí,addons/quimibond_sgi/data/sgi_helpdesk_interno.xml,11
quimibond_sgi,sgi_hd_voice_stage_progress,helpdesk.stage,sí,,sí,addons/quimibond_sgi/data/sgi_helpdesk_interno.xml,15
quimibond_sgi,sgi_hd_voice_stage_closed,helpdesk.stage,sí,,sí,addons/quimibond_sgi/data/sgi_helpdesk_interno.xml,19
quimibond_sgi,sgi_hd_tag_queja,helpdesk.tag,sí,,sí,addons/quimibond_sgi/data/sgi_helpdesk_interno.xml,24
quimibond_sgi,sgi_hd_tag_sugerencia,helpdesk.tag,sí,,sí,addons/quimibond_sgi/data/sgi_helpdesk_interno.xml,27
quimibond_sgi,sgi_hd_tag_condicion_insegura,helpdesk.tag,sí,,sí,addons/quimibond_sgi/data/sgi_helpdesk_interno.xml,30
quimibond_sgi,sgi_survey_satisfaction,survey.survey,sí,,sí,addons/quimibond_sgi/data/sgi_helpdesk_interno.xml,37
quimibond_sgi,sgi_sat_q_calidad,survey.question,sí,,sí,addons/quimibond_sgi/data/sgi_helpdesk_interno.xml,43
quimibond_sgi,sgi_sat_calidad_1,survey.question.answer,sí,,sí,addons/quimibond_sgi/data/sgi_helpdesk_interno.xml,49
quimibond_sgi,sgi_sat_calidad_2,survey.question.answer,sí,,sí,addons/quimibond_sgi/data/sgi_helpdesk_interno.xml,50
quimibond_sgi,sgi_sat_calidad_3,survey.question.answer,sí,,sí,addons/quimibond_sgi/data/sgi_helpdesk_interno.xml,51
quimibond_sgi,sgi_sat_calidad_4,survey.question.answer,sí,,sí,addons/quimibond_sgi/data/sgi_helpdesk_interno.xml,52
quimibond_sgi,sgi_sat_calidad_5,survey.question.answer,sí,,sí,addons/quimibond_sgi/data/sgi_helpdesk_interno.xml,53
quimibond_sgi,sgi_sat_q_entregas,survey.question,sí,,sí,addons/quimibond_sgi/data/sgi_helpdesk_interno.xml,55
quimibond_sgi,sgi_sat_entregas_1,survey.question.answer,sí,,sí,addons/quimibond_sgi/data/sgi_helpdesk_interno.xml,61
quimibond_sgi,sgi_sat_entregas_2,survey.question.answer,sí,,sí,addons/quimibond_sgi/data/sgi_helpdesk_interno.xml,62
quimibond_sgi,sgi_sat_entregas_3,survey.question.answer,sí,,sí,addons/quimibond_sgi/data/sgi_helpdesk_interno.xml,63
quimibond_sgi,sgi_sat_entregas_4,survey.question.answer,sí,,sí,addons/quimibond_sgi/data/sgi_helpdesk_interno.xml,64
quimibond_sgi,sgi_sat_entregas_5,survey.question.answer,sí,,sí,addons/quimibond_sgi/data/sgi_helpdesk_interno.xml,65
quimibond_sgi,sgi_sat_q_atencion,survey.question,sí,,sí,addons/quimibond_sgi/data/sgi_helpdesk_interno.xml,67
quimibond_sgi,sgi_sat_atencion_1,survey.question.answer,sí,,sí,addons/quimibond_sgi/data/sgi_helpdesk_interno.xml,73
quimibond_sgi,sgi_sat_atencion_2,survey.question.answer,sí,,sí,addons/quimibond_sgi/data/sgi_helpdesk_interno.xml,74
quimibond_sgi,sgi_sat_atencion_3,survey.question.answer,sí,,sí,addons/quimibond_sgi/data/sgi_helpdesk_interno.xml,75
quimibond_sgi,sgi_sat_atencion_4,survey.question.answer,sí,,sí,addons/quimibond_sgi/data/sgi_helpdesk_interno.xml,76
quimibond_sgi,sgi_sat_atencion_5,survey.question.answer,sí,,sí,addons/quimibond_sgi/data/sgi_helpdesk_interno.xml,77
quimibond_sgi,sgi_sat_q_reclamos,survey.question,sí,,sí,addons/quimibond_sgi/data/sgi_helpdesk_interno.xml,79
quimibond_sgi,sgi_sat_reclamos_1,survey.question.answer,sí,,sí,addons/quimibond_sgi/data/sgi_helpdesk_interno.xml,85
quimibond_sgi,sgi_sat_reclamos_2,survey.question.answer,sí,,sí,addons/quimibond_sgi/data/sgi_helpdesk_interno.xml,86
quimibond_sgi,sgi_sat_reclamos_3,survey.question.answer,sí,,sí,addons/quimibond_sgi/data/sgi_helpdesk_interno.xml,87
quimibond_sgi,sgi_sat_reclamos_4,survey.question.answer,sí,,sí,addons/quimibond_sgi/data/sgi_helpdesk_interno.xml,88
quimibond_sgi,sgi_sat_reclamos_5,survey.question.answer,sí,,sí,addons/quimibond_sgi/data/sgi_helpdesk_interno.xml,89
quimibond_sgi,sgi_sat_q_comentario,survey.question,sí,,sí,addons/quimibond_sgi/data/sgi_helpdesk_interno.xml,91
quimibond_sgi,sgi_term_desperdicio_num,sgi.indicator.term,sí,,sí,addons/quimibond_sgi/data/sgi_indicator_formula_data.xml,13
quimibond_sgi,sgi_term_desperdicio_den,sgi.indicator.term,sí,,sí,addons/quimibond_sgi/data/sgi_indicator_formula_data.xml,23
quimibond_sgi,sgi_term_reproceso_num,sgi.indicator.term,sí,,sí,addons/quimibond_sgi/data/sgi_indicator_formula_data.xml,35
quimibond_sgi,sgi_term_reproceso_den,sgi.indicator.term,sí,,sí,addons/quimibond_sgi/data/sgi_indicator_formula_data.xml,45
quimibond_sgi,sgi_term_inventario_num,sgi.indicator.term,sí,,sí,addons/quimibond_sgi/data/sgi_indicator_formula_data.xml,59
quimibond_sgi,sgi_term_inventario_den,sgi.indicator.term,sí,,sí,addons/quimibond_sgi/data/sgi_indicator_formula_data.xml,69
quimibond_sgi,sgi_term_energia_num,sgi.indicator.term,sí,,sí,addons/quimibond_sgi/data/sgi_indicator_formula_data.xml,81
quimibond_sgi,sgi_term_energia_den,sgi.indicator.term,sí,,sí,addons/quimibond_sgi/data/sgi_indicator_formula_data.xml,92
quimibond_sgi,sgi_term_compras_mp_num,sgi.indicator.term,sí,,sí,addons/quimibond_sgi/data/sgi_indicator_formula_data.xml,105
quimibond_sgi,sgi_term_compras_mp_den,sgi.indicator.term,sí,,sí,addons/quimibond_sgi/data/sgi_indicator_formula_data.xml,115
quimibond_sgi,sgi_ind_cierre_nc,sgi.indicator,sí,,sí,addons/quimibond_sgi/data/sgi_indicators_data.xml,11
quimibond_sgi,sgi_ind_consumo_papel,sgi.indicator,sí,,sí,addons/quimibond_sgi/data/sgi_indicators_data.xml,21
quimibond_sgi,sgi_ind_consumo_energia,sgi.indicator,sí,,sí,addons/quimibond_sgi/data/sgi_indicators_data.xml,31
quimibond_sgi,sgi_ind_separacion_residuos,sgi.indicator,sí,,sí,addons/quimibond_sgi/data/sgi_indicators_data.xml,39
quimibond_sgi,sgi_ind_crecimiento_ventas,sgi.indicator,sí,,sí,addons/quimibond_sgi/data/sgi_indicators_data.xml,52
quimibond_sgi,sgi_ind_presupuesto_ventas,sgi.indicator,sí,,sí,addons/quimibond_sgi/data/sgi_indicators_data.xml,64
quimibond_sgi,sgi_ind_otd_proveedores,sgi.indicator,sí,,sí,addons/quimibond_sgi/data/sgi_indicators_data.xml,78
quimibond_sgi,sgi_ind_requisiciones,sgi.indicator,sí,,sí,addons/quimibond_sgi/data/sgi_indicators_data.xml,89
quimibond_sgi,sgi_ind_errores_oc,sgi.indicator,sí,,sí,addons/quimibond_sgi/data/sgi_indicators_data.xml,100
quimibond_sgi,sgi_ind_diferencia_inventario,sgi.indicator,sí,,sí,addons/quimibond_sgi/data/sgi_indicators_data.xml,113
quimibond_sgi,sgi_ind_embarques_sin_error,sgi.indicator,sí,,sí,addons/quimibond_sgi/data/sgi_indicators_data.xml,124
quimibond_sgi,sgi_ind_otif,sgi.indicator,sí,,sí,addons/quimibond_sgi/data/sgi_indicators_data.xml,137
quimibond_sgi,sgi_ind_doc_exportaciones,sgi.indicator,sí,,sí,addons/quimibond_sgi/data/sgi_indicators_data.xml,148
quimibond_sgi,sgi_ind_producido_programado,sgi.indicator,sí,,sí,addons/quimibond_sgi/data/sgi_indicators_data.xml,162
quimibond_sgi,sgi_ind_producido_capacidad,sgi.indicator,sí,,sí,addons/quimibond_sgi/data/sgi_indicators_data.xml,173
quimibond_sgi,sgi_ind_calidad_pq,sgi.indicator,sí,,sí,addons/quimibond_sgi/data/sgi_indicators_data.xml,184
quimibond_sgi,sgi_ind_reproceso,sgi.indicator,sí,,sí,addons/quimibond_sgi/data/sgi_indicators_data.xml,195
quimibond_sgi,sgi_ind_desperdicio,sgi.indicator,sí,,sí,addons/quimibond_sgi/data/sgi_indicators_data.xml,206
quimibond_sgi,sgi_ind_reclamos_cliente,sgi.indicator,sí,,sí,addons/quimibond_sgi/data/sgi_indicators_data.xml,219
quimibond_sgi,sgi_ind_disponibilidad,sgi.indicator,sí,,sí,addons/quimibond_sgi/data/sgi_indicators_data.xml,232
quimibond_sgi,sgi_ind_preventivo,sgi.indicator,sí,,sí,addons/quimibond_sgi/data/sgi_indicators_data.xml,243
quimibond_sgi,sgi_ind_ots_atendidas,sgi.indicator,sí,,sí,addons/quimibond_sgi/data/sgi_indicators_data.xml,254
quimibond_sgi,sgi_ind_cobertura_plantilla,sgi.indicator,sí,,sí,addons/quimibond_sgi/data/sgi_indicators_data.xml,267
quimibond_sgi,sgi_ind_capacitacion,sgi.indicator,sí,,sí,addons/quimibond_sgi/data/sgi_indicators_data.xml,278
quimibond_sgi,sgi_ind_rotacion,sgi.indicator,sí,,sí,addons/quimibond_sgi/data/sgi_indicators_data.xml,289
quimibond_sgi,sgi_ind_disponibilidad_odoo,sgi.indicator,sí,,sí,addons/quimibond_sgi/data/sgi_indicators_data.xml,302
quimibond_sgi,mail_template_sgi_incident_grave,mail.template,sí,,sí,addons/quimibond_sgi/data/sgi_mail_templates.xml,12
quimibond_sgi,mail_template_sgi_nc_mayor,mail.template,sí,,sí,addons/quimibond_sgi/data/sgi_mail_templates.xml,34
quimibond_sgi,mail_template_sgi_calibration_blocked,mail.template,sí,,sí,addons/quimibond_sgi/data/sgi_mail_templates.xml,56
quimibond_sgi,sgi_cron_measure_activities,ir.cron,sí,,sí,addons/quimibond_sgi/data/sgi_measure_cron.xml,6
quimibond_sgi,sgi_project_agreements,project.project,sí,,sí,addons/quimibond_sgi/data/sgi_mgmt_review_data.xml,4
quimibond_sgi,sgi_approval_category_purchase,approval.category,sí,,sí,addons/quimibond_sgi/data/sgi_mgmt_review_data.xml,12
quimibond_sgi,sgi_approval_category_moc,approval.category,sí,,sí,addons/quimibond_sgi/data/sgi_moc_data.xml,8
quimibond_sgi,sgi_doc_type_mi_procedimiento,sgi.document.type,sí,,sí,addons/quimibond_sgi/data/sgi_my_procedure_data.xml,7
quimibond_sgi,sgi_my_procedure_action_mine,ir.actions.server,no,,sí,addons/quimibond_sgi/data/sgi_my_procedure_data.xml,18
quimibond_sgi,sgi_my_pending_action_mine,ir.actions.server,no,,sí,addons/quimibond_sgi/data/sgi_my_procedure_data.xml,27
quimibond_sgi,sgi_my_procedure_action_publish,ir.actions.server,no,,sí,addons/quimibond_sgi/data/sgi_my_procedure_data.xml,37
quimibond_sgi,sgi_my_team_action_mine,ir.actions.server,no,,sí,addons/quimibond_sgi/data/sgi_my_procedure_data.xml,45
quimibond_sgi,sgi_cron_my_procedure_stale,ir.cron,no,,sí,addons/quimibond_sgi/data/sgi_my_procedure_data.xml,52
quimibond_sgi,sgi_norm_9001,sgi.norm,sí,,sí,addons/quimibond_sgi/data/sgi_norms.xml,8
quimibond_sgi,sgi_norm_14001,sgi.norm,sí,,sí,addons/quimibond_sgi/data/sgi_norms.xml,12
quimibond_sgi,sgi_norm_45001,sgi.norm,sí,,sí,addons/quimibond_sgi/data/sgi_norms.xml,16
quimibond_sgi,c_9001_41,sgi.norm.clause,sí,,sí,addons/quimibond_sgi/data/sgi_norms.xml,22
quimibond_sgi,c_9001_42,sgi.norm.clause,sí,,sí,addons/quimibond_sgi/data/sgi_norms.xml,23
quimibond_sgi,c_9001_43,sgi.norm.clause,sí,,sí,addons/quimibond_sgi/data/sgi_norms.xml,24
quimibond_sgi,c_9001_44,sgi.norm.clause,sí,,sí,addons/quimibond_sgi/data/sgi_norms.xml,25
quimibond_sgi,c_9001_51,sgi.norm.clause,sí,,sí,addons/quimibond_sgi/data/sgi_norms.xml,26
quimibond_sgi,c_9001_52,sgi.norm.clause,sí,,sí,addons/quimibond_sgi/data/sgi_norms.xml,27
quimibond_sgi,c_9001_53,sgi.norm.clause,sí,,sí,addons/quimibond_sgi/data/sgi_norms.xml,28
quimibond_sgi,c_9001_61,sgi.norm.clause,sí,,sí,addons/quimibond_sgi/data/sgi_norms.xml,29
quimibond_sgi,c_9001_62,sgi.norm.clause,sí,,sí,addons/quimibond_sgi/data/sgi_norms.xml,30
quimibond_sgi,c_9001_63,sgi.norm.clause,sí,,sí,addons/quimibond_sgi/data/sgi_norms.xml,31
quimibond_sgi,c_9001_71,sgi.norm.clause,sí,,sí,addons/quimibond_sgi/data/sgi_norms.xml,32
quimibond_sgi,c_9001_72,sgi.norm.clause,sí,,sí,addons/quimibond_sgi/data/sgi_norms.xml,33
quimibond_sgi,c_9001_73,sgi.norm.clause,sí,,sí,addons/quimibond_sgi/data/sgi_norms.xml,34
quimibond_sgi,c_9001_74,sgi.norm.clause,sí,,sí,addons/quimibond_sgi/data/sgi_norms.xml,35
quimibond_sgi,c_9001_75,sgi.norm.clause,sí,,sí,addons/quimibond_sgi/data/sgi_norms.xml,36
quimibond_sgi,c_9001_81,sgi.norm.clause,sí,,sí,addons/quimibond_sgi/data/sgi_norms.xml,37
quimibond_sgi,c_9001_82,sgi.norm.clause,sí,,sí,addons/quimibond_sgi/data/sgi_norms.xml,38
quimibond_sgi,c_9001_83,sgi.norm.clause,sí,,sí,addons/quimibond_sgi/data/sgi_norms.xml,39
quimibond_sgi,c_9001_84,sgi.norm.clause,sí,,sí,addons/quimibond_sgi/data/sgi_norms.xml,40
quimibond_sgi,c_9001_85,sgi.norm.clause,sí,,sí,addons/quimibond_sgi/data/sgi_norms.xml,41
quimibond_sgi,c_9001_86,sgi.norm.clause,sí,,sí,addons/quimibond_sgi/data/sgi_norms.xml,42
quimibond_sgi,c_9001_87,sgi.norm.clause,sí,,sí,addons/quimibond_sgi/data/sgi_norms.xml,43
quimibond_sgi,c_9001_91,sgi.norm.clause,sí,,sí,addons/quimibond_sgi/data/sgi_norms.xml,44
quimibond_sgi,c_9001_92,sgi.norm.clause,sí,,sí,addons/quimibond_sgi/data/sgi_norms.xml,45
quimibond_sgi,c_9001_93,sgi.norm.clause,sí,,sí,addons/quimibond_sgi/data/sgi_norms.xml,46
quimibond_sgi,c_9001_101,sgi.norm.clause,sí,,sí,addons/quimibond_sgi/data/sgi_norms.xml,47
quimibond_sgi,c_9001_102,sgi.norm.clause,sí,,sí,addons/quimibond_sgi/data/sgi_norms.xml,48
quimibond_sgi,c_9001_103,sgi.norm.clause,sí,,sí,addons/quimibond_sgi/data/sgi_norms.xml,49
quimibond_sgi,c_14001_41,sgi.norm.clause,sí,,sí,addons/quimibond_sgi/data/sgi_norms.xml,52
quimibond_sgi,c_14001_42,sgi.norm.clause,sí,,sí,addons/quimibond_sgi/data/sgi_norms.xml,53
quimibond_sgi,c_14001_43,sgi.norm.clause,sí,,sí,addons/quimibond_sgi/data/sgi_norms.xml,54
quimibond_sgi,c_14001_44,sgi.norm.clause,sí,,sí,addons/quimibond_sgi/data/sgi_norms.xml,55
quimibond_sgi,c_14001_51,sgi.norm.clause,sí,,sí,addons/quimibond_sgi/data/sgi_norms.xml,56
quimibond_sgi,c_14001_52,sgi.norm.clause,sí,,sí,addons/quimibond_sgi/data/sgi_norms.xml,57
quimibond_sgi,c_14001_53,sgi.norm.clause,sí,,sí,addons/quimibond_sgi/data/sgi_norms.xml,58
quimibond_sgi,c_14001_61,sgi.norm.clause,sí,,sí,addons/quimibond_sgi/data/sgi_norms.xml,59
quimibond_sgi,c_14001_62,sgi.norm.clause,sí,,sí,addons/quimibond_sgi/data/sgi_norms.xml,60
quimibond_sgi,c_14001_71,sgi.norm.clause,sí,,sí,addons/quimibond_sgi/data/sgi_norms.xml,61
quimibond_sgi,c_14001_72,sgi.norm.clause,sí,,sí,addons/quimibond_sgi/data/sgi_norms.xml,62
quimibond_sgi,c_14001_73,sgi.norm.clause,sí,,sí,addons/quimibond_sgi/data/sgi_norms.xml,63
quimibond_sgi,c_14001_74,sgi.norm.clause,sí,,sí,addons/quimibond_sgi/data/sgi_norms.xml,64
quimibond_sgi,c_14001_75,sgi.norm.clause,sí,,sí,addons/quimibond_sgi/data/sgi_norms.xml,65
quimibond_sgi,c_14001_81,sgi.norm.clause,sí,,sí,addons/quimibond_sgi/data/sgi_norms.xml,66
quimibond_sgi,c_14001_82,sgi.norm.clause,sí,,sí,addons/quimibond_sgi/data/sgi_norms.xml,67
quimibond_sgi,c_14001_91,sgi.norm.clause,sí,,sí,addons/quimibond_sgi/data/sgi_norms.xml,68
quimibond_sgi,c_14001_92,sgi.norm.clause,sí,,sí,addons/quimibond_sgi/data/sgi_norms.xml,69
quimibond_sgi,c_14001_93,sgi.norm.clause,sí,,sí,addons/quimibond_sgi/data/sgi_norms.xml,70
quimibond_sgi,c_14001_101,sgi.norm.clause,sí,,sí,addons/quimibond_sgi/data/sgi_norms.xml,71
quimibond_sgi,c_14001_102,sgi.norm.clause,sí,,sí,addons/quimibond_sgi/data/sgi_norms.xml,72
quimibond_sgi,c_14001_103,sgi.norm.clause,sí,,sí,addons/quimibond_sgi/data/sgi_norms.xml,73
quimibond_sgi,c_45001_41,sgi.norm.clause,sí,,sí,addons/quimibond_sgi/data/sgi_norms.xml,76
quimibond_sgi,c_45001_42,sgi.norm.clause,sí,,sí,addons/quimibond_sgi/data/sgi_norms.xml,77
quimibond_sgi,c_45001_43,sgi.norm.clause,sí,,sí,addons/quimibond_sgi/data/sgi_norms.xml,78
quimibond_sgi,c_45001_44,sgi.norm.clause,sí,,sí,addons/quimibond_sgi/data/sgi_norms.xml,79
quimibond_sgi,c_45001_51,sgi.norm.clause,sí,,sí,addons/quimibond_sgi/data/sgi_norms.xml,80
quimibond_sgi,c_45001_52,sgi.norm.clause,sí,,sí,addons/quimibond_sgi/data/sgi_norms.xml,81
quimibond_sgi,c_45001_53,sgi.norm.clause,sí,,sí,addons/quimibond_sgi/data/sgi_norms.xml,82
quimibond_sgi,c_45001_54,sgi.norm.clause,sí,,sí,addons/quimibond_sgi/data/sgi_norms.xml,83
quimibond_sgi,c_45001_61,sgi.norm.clause,sí,,sí,addons/quimibond_sgi/data/sgi_norms.xml,84
quimibond_sgi,c_45001_62,sgi.norm.clause,sí,,sí,addons/quimibond_sgi/data/sgi_norms.xml,85
quimibond_sgi,c_45001_71,sgi.norm.clause,sí,,sí,addons/quimibond_sgi/data/sgi_norms.xml,86
quimibond_sgi,c_45001_72,sgi.norm.clause,sí,,sí,addons/quimibond_sgi/data/sgi_norms.xml,87
quimibond_sgi,c_45001_73,sgi.norm.clause,sí,,sí,addons/quimibond_sgi/data/sgi_norms.xml,88
quimibond_sgi,c_45001_74,sgi.norm.clause,sí,,sí,addons/quimibond_sgi/data/sgi_norms.xml,89
quimibond_sgi,c_45001_75,sgi.norm.clause,sí,,sí,addons/quimibond_sgi/data/sgi_norms.xml,90
quimibond_sgi,c_45001_81,sgi.norm.clause,sí,,sí,addons/quimibond_sgi/data/sgi_norms.xml,91
quimibond_sgi,c_45001_82,sgi.norm.clause,sí,,sí,addons/quimibond_sgi/data/sgi_norms.xml,92
quimibond_sgi,c_45001_91,sgi.norm.clause,sí,,sí,addons/quimibond_sgi/data/sgi_norms.xml,93
quimibond_sgi,c_45001_92,sgi.norm.clause,sí,,sí,addons/quimibond_sgi/data/sgi_norms.xml,94
quimibond_sgi,c_45001_93,sgi.norm.clause,sí,,sí,addons/quimibond_sgi/data/sgi_norms.xml,95
quimibond_sgi,c_45001_101,sgi.norm.clause,sí,,sí,addons/quimibond_sgi/data/sgi_norms.xml,96
quimibond_sgi,c_45001_102,sgi.norm.clause,sí,,sí,addons/quimibond_sgi/data/sgi_norms.xml,97
quimibond_sgi,c_45001_103,sgi.norm.clause,sí,,sí,addons/quimibond_sgi/data/sgi_norms.xml,98
quimibond_sgi,sgi_objective_ingresos,sgi.objective,sí,,sí,addons/quimibond_sgi/data/sgi_objectives.xml,4
quimibond_sgi,sgi_objective_no_automotriz,sgi.objective,sí,,sí,addons/quimibond_sgi/data/sgi_objectives.xml,9
quimibond_sgi,sgi_objective_exportaciones,sgi.objective,sí,,sí,addons/quimibond_sgi/data/sgi_objectives.xml,14
quimibond_sgi,sgi_objective_ebitda,sgi.objective,sí,,sí,addons/quimibond_sgi/data/sgi_objectives.xml,19
quimibond_sgi,sgi_objective_cero_residuos,sgi.objective,sí,,sí,addons/quimibond_sgi/data/sgi_objectives.xml,24
quimibond_sgi,sgi_objective_certificaciones,sgi.objective,sí,,sí,addons/quimibond_sgi/data/sgi_objectives.xml,29
quimibond_sgi,sgi_objective_innovacion,sgi.objective,sí,,sí,addons/quimibond_sgi/data/sgi_objectives.xml,34
quimibond_sgi,sgi_objective_seguridad,sgi.objective,sí,,sí,addons/quimibond_sgi/data/sgi_objectives.xml,39
quimibond_sgi,sgi_objective_gobierno,sgi.objective,sí,,sí,addons/quimibond_sgi/data/sgi_objectives.xml,44
quimibond_sgi,sgi_ppap_el_01,sgi.ppap.element.template,sí,,sí,addons/quimibond_sgi/data/sgi_ppap_elements.xml,4
quimibond_sgi,sgi_ppap_el_02,sgi.ppap.element.template,sí,,sí,addons/quimibond_sgi/data/sgi_ppap_elements.xml,8
quimibond_sgi,sgi_ppap_el_03,sgi.ppap.element.template,sí,,sí,addons/quimibond_sgi/data/sgi_ppap_elements.xml,12
quimibond_sgi,sgi_ppap_el_04,sgi.ppap.element.template,sí,,sí,addons/quimibond_sgi/data/sgi_ppap_elements.xml,16
quimibond_sgi,sgi_ppap_el_05,sgi.ppap.element.template,sí,,sí,addons/quimibond_sgi/data/sgi_ppap_elements.xml,20
quimibond_sgi,sgi_ppap_el_06,sgi.ppap.element.template,sí,,sí,addons/quimibond_sgi/data/sgi_ppap_elements.xml,24
quimibond_sgi,sgi_ppap_el_07,sgi.ppap.element.template,sí,,sí,addons/quimibond_sgi/data/sgi_ppap_elements.xml,28
quimibond_sgi,sgi_ppap_el_08,sgi.ppap.element.template,sí,,sí,addons/quimibond_sgi/data/sgi_ppap_elements.xml,32
quimibond_sgi,sgi_ppap_el_09,sgi.ppap.element.template,sí,,sí,addons/quimibond_sgi/data/sgi_ppap_elements.xml,36
quimibond_sgi,sgi_ppap_el_10,sgi.ppap.element.template,sí,,sí,addons/quimibond_sgi/data/sgi_ppap_elements.xml,40
quimibond_sgi,sgi_ppap_el_11,sgi.ppap.element.template,sí,,sí,addons/quimibond_sgi/data/sgi_ppap_elements.xml,44
quimibond_sgi,sgi_ppap_el_12,sgi.ppap.element.template,sí,,sí,addons/quimibond_sgi/data/sgi_ppap_elements.xml,48
quimibond_sgi,sgi_ppap_el_13,sgi.ppap.element.template,sí,,sí,addons/quimibond_sgi/data/sgi_ppap_elements.xml,52
quimibond_sgi,sgi_ppap_el_14,sgi.ppap.element.template,sí,,sí,addons/quimibond_sgi/data/sgi_ppap_elements.xml,56
quimibond_sgi,sgi_ppap_el_15,sgi.ppap.element.template,sí,,sí,addons/quimibond_sgi/data/sgi_ppap_elements.xml,60
quimibond_sgi,sgi_ppap_el_16,sgi.ppap.element.template,sí,,sí,addons/quimibond_sgi/data/sgi_ppap_elements.xml,64
quimibond_sgi,sgi_ppap_el_17,sgi.ppap.element.template,sí,,sí,addons/quimibond_sgi/data/sgi_ppap_elements.xml,68
quimibond_sgi,sgi_ppap_el_18,sgi.ppap.element.template,sí,,sí,addons/quimibond_sgi/data/sgi_ppap_elements.xml,72
quimibond_sgi,mail_template_sgi_nc_supplier,mail.template,sí,,sí,addons/quimibond_sgi/data/sgi_pr6_data.xml,4
quimibond_sgi,proc_adm,sgi.process,sí,,sí,addons/quimibond_sgi/data/sgi_process_data.xml,8
quimibond_sgi,proc_cal,sgi.process,sí,,sí,addons/quimibond_sgi/data/sgi_process_data.xml,13
quimibond_sgi,proc_mto,sgi.process,sí,,sí,addons/quimibond_sgi/data/sgi_process_data.xml,18
quimibond_sgi,proc_dis,sgi.process,sí,,sí,addons/quimibond_sgi/data/sgi_process_data.xml,23
quimibond_sgi,proc_mfg,sgi.process,sí,,sí,addons/quimibond_sgi/data/sgi_process_data.xml,28
quimibond_sgi,proc_ventas,sgi.process,sí,,sí,addons/quimibond_sgi/data/sgi_process_data.xml,35
quimibond_sgi,proc_planeacion,sgi.process,sí,,sí,addons/quimibond_sgi/data/sgi_process_data.xml,39
quimibond_sgi,proc_compras,sgi.process,sí,,sí,addons/quimibond_sgi/data/sgi_process_data.xml,43
quimibond_sgi,proc_almacen_mp,sgi.process,sí,,sí,addons/quimibond_sgi/data/sgi_process_data.xml,47
quimibond_sgi,proc_almacen_pt,sgi.process,sí,,sí,addons/quimibond_sgi/data/sgi_process_data.xml,51
quimibond_sgi,proc_prod_tac,sgi.process,sí,,sí,addons/quimibond_sgi/data/sgi_process_data.xml,55
quimibond_sgi,proc_prod_ent,sgi.process,sí,,sí,addons/quimibond_sgi/data/sgi_process_data.xml,59
quimibond_sgi,proc_tintoreria,sgi.process,sí,,sí,addons/quimibond_sgi/data/sgi_process_data.xml,63
quimibond_sgi,proc_inspeccion,sgi.process,sí,,sí,addons/quimibond_sgi/data/sgi_process_data.xml,67
quimibond_sgi,proc_laboratorio,sgi.process,sí,,sí,addons/quimibond_sgi/data/sgi_process_data.xml,71
quimibond_sgi,proc_logistica,sgi.process,sí,,sí,addons/quimibond_sgi/data/sgi_process_data.xml,75
quimibond_sgi,proc_facturacion,sgi.process,sí,,sí,addons/quimibond_sgi/data/sgi_process_data.xml,79
quimibond_sgi,proc_cxc,sgi.process,sí,,sí,addons/quimibond_sgi/data/sgi_process_data.xml,83
quimibond_sgi,proc_rh,sgi.process,sí,,sí,addons/quimibond_sgi/data/sgi_process_data.xml,87
quimibond_sgi,proc_sgi,sgi.process,sí,,sí,addons/quimibond_sgi/data/sgi_process_data.xml,91
quimibond_sgi,proc_direccion,sgi.process,sí,,sí,addons/quimibond_sgi/data/sgi_process_data.xml,95
quimibond_sgi,flow_cxc_ventas,sgi.process.flow,sí,,sí,addons/quimibond_sgi/data/sgi_process_data.xml,101
quimibond_sgi,flow_ventas_plan_pronostico,sgi.process.flow,sí,,sí,addons/quimibond_sgi/data/sgi_process_data.xml,106
quimibond_sgi,flow_ventas_plan_presupuesto,sgi.process.flow,sí,,sí,addons/quimibond_sgi/data/sgi_process_data.xml,110
quimibond_sgi,flow_ventas_plan_pedido,sgi.process.flow,sí,,sí,addons/quimibond_sgi/data/sgi_process_data.xml,114
quimibond_sgi,flow_plan_prod,sgi.process.flow,sí,,sí,addons/quimibond_sgi/data/sgi_process_data.xml,119
quimibond_sgi,flow_plan_almacen,sgi.process.flow,sí,,sí,addons/quimibond_sgi/data/sgi_process_data.xml,124
quimibond_sgi,flow_plan_ventas,sgi.process.flow,sí,,sí,addons/quimibond_sgi/data/sgi_process_data.xml,129
quimibond_sgi,flow_compras_almacen,sgi.process.flow,sí,,sí,addons/quimibond_sgi/data/sgi_process_data.xml,133
quimibond_sgi,flow_almacen_prod,sgi.process.flow,sí,,sí,addons/quimibond_sgi/data/sgi_process_data.xml,138
quimibond_sgi,flow_prod_inspeccion,sgi.process.flow,sí,,sí,addons/quimibond_sgi/data/sgi_process_data.xml,143
quimibond_sgi,flow_inspeccion_almacenpt,sgi.process.flow,sí,,sí,addons/quimibond_sgi/data/sgi_process_data.xml,148
quimibond_sgi,flow_almacenpt_logistica,sgi.process.flow,sí,,sí,addons/quimibond_sgi/data/sgi_process_data.xml,153
quimibond_sgi,flow_logistica_facturacion,sgi.process.flow,sí,,sí,addons/quimibond_sgi/data/sgi_process_data.xml,158
quimibond_sgi,flow_facturacion_cxc,sgi.process.flow,sí,,sí,addons/quimibond_sgi/data/sgi_process_data.xml,163
quimibond_sgi,flow_mto_prodtac,sgi.process.flow,sí,,sí,addons/quimibond_sgi/data/sgi_process_data.xml,170
quimibond_sgi,flow_mto_prodent,sgi.process.flow,sí,,sí,addons/quimibond_sgi/data/sgi_process_data.xml,175
quimibond_sgi,flow_lab_inspeccion,sgi.process.flow,sí,,sí,addons/quimibond_sgi/data/sgi_process_data.xml,180
quimibond_sgi,flow_rh_direccion,sgi.process.flow,sí,,sí,addons/quimibond_sgi/data/sgi_process_data.xml,185
quimibond_sgi,flow_sgi_direccion,sgi.process.flow,sí,,sí,addons/quimibond_sgi/data/sgi_process_data.xml,189
quimibond_sgi,flow_almacenmp_compras_req,sgi.process.flow,sí,,sí,addons/quimibond_sgi/data/sgi_process_flows_extra.xml,14
quimibond_sgi,flow_plan_prodent,sgi.process.flow,sí,,sí,addons/quimibond_sgi/data/sgi_process_flows_extra.xml,22
quimibond_sgi,flow_almacenmp_prodent,sgi.process.flow,sí,,sí,addons/quimibond_sgi/data/sgi_process_flows_extra.xml,27
quimibond_sgi,flow_direccion_plan_te,sgi.process.flow,sí,,sí,addons/quimibond_sgi/data/sgi_process_flows_extra.xml,32
quimibond_sgi,flow_prodtac_tintoreria,sgi.process.flow,sí,,sí,addons/quimibond_sgi/data/sgi_process_flows_extra.xml,39
quimibond_sgi,flow_tintoreria_prodtac,sgi.process.flow,sí,,sí,addons/quimibond_sgi/data/sgi_process_flows_extra.xml,44
quimibond_sgi,flow_prodent_inspeccion,sgi.process.flow,sí,,sí,addons/quimibond_sgi/data/sgi_process_flows_extra.xml,49
quimibond_sgi,flow_almacenmp_lab,sgi.process.flow,sí,,sí,addons/quimibond_sgi/data/sgi_process_flows_extra.xml,56
quimibond_sgi,flow_lab_almacenmp,sgi.process.flow,sí,,sí,addons/quimibond_sgi/data/sgi_process_flows_extra.xml,61
quimibond_sgi,flow_prodtac_mto,sgi.process.flow,sí,,sí,addons/quimibond_sgi/data/sgi_process_flows_extra.xml,69
quimibond_sgi,flow_prodent_mto,sgi.process.flow,sí,,sí,addons/quimibond_sgi/data/sgi_process_flows_extra.xml,74
quimibond_sgi,flow_inspeccion_sgi_nc,sgi.process.flow,sí,,sí,addons/quimibond_sgi/data/sgi_process_flows_extra.xml,81
quimibond_sgi,flow_ventas_cal_reclamo,sgi.process.flow,sí,,sí,addons/quimibond_sgi/data/sgi_process_flows_extra.xml,86
quimibond_sgi,flow_sgi_compras_prov,sgi.process.flow,sí,,sí,addons/quimibond_sgi/data/sgi_process_flows_extra.xml,92
quimibond_sgi,flow_direccion_sgi_acuerdos,sgi.process.flow,sí,,sí,addons/quimibond_sgi/data/sgi_process_flows_extra.xml,98
quimibond_sgi,flow_mfg_sgi_incidente,sgi.process.flow,sí,,sí,addons/quimibond_sgi/data/sgi_process_flows_extra.xml,103
quimibond_sgi,flow_ventas_diseno,sgi.process.flow,sí,,sí,addons/quimibond_sgi/data/sgi_process_flows_extra.xml,110
quimibond_sgi,flow_diseno_mfg,sgi.process.flow,sí,,sí,addons/quimibond_sgi/data/sgi_process_flows_extra.xml,114
quimibond_sgi,sgi_risk_cat_operativo,sgi.risk.category,sí,,sí,addons/quimibond_sgi/data/sgi_risk_data.xml,7
quimibond_sgi,sgi_risk_cat_financiero,sgi.risk.category,sí,,sí,addons/quimibond_sgi/data/sgi_risk_data.xml,10
quimibond_sgi,sgi_risk_cat_legal,sgi.risk.category,sí,,sí,addons/quimibond_sgi/data/sgi_risk_data.xml,13
quimibond_sgi,sgi_risk_cat_ambiental,sgi.risk.category,sí,,sí,addons/quimibond_sgi/data/sgi_risk_data.xml,16
quimibond_sgi,sgi_risk_cat_sst,sgi.risk.category,sí,,sí,addons/quimibond_sgi/data/sgi_risk_data.xml,19
quimibond_sgi,sgi_risk_cat_tecnologico,sgi.risk.category,sí,,sí,addons/quimibond_sgi/data/sgi_risk_data.xml,22
quimibond_sgi,sgi_risk_cat_patrimonial,sgi.risk.category,sí,,sí,addons/quimibond_sgi/data/sgi_risk_data.xml,25
quimibond_sgi,sgi_risk_cat_imagen,sgi.risk.category,sí,,sí,addons/quimibond_sgi/data/sgi_risk_data.xml,28
quimibond_sgi,sgi_risk_cat_proveedores,sgi.risk.category,sí,,sí,addons/quimibond_sgi/data/sgi_risk_data.xml,31
quimibond_sgi,sgi_risk_cat_rh,sgi.risk.category,sí,,sí,addons/quimibond_sgi/data/sgi_risk_data.xml,34
quimibond_sgi,sgi_seq_nc_internal,ir.sequence,sí,,sí,addons/quimibond_sgi/data/sgi_sequences.xml,3
quimibond_sgi,sgi_seq_nc_external,ir.sequence,sí,,sí,addons/quimibond_sgi/data/sgi_sequences.xml,12
quimibond_sgi,sgi_seq_machine_sheet,ir.sequence,sí,,sí,addons/quimibond_sgi/data/sgi_sequences.xml,20
quimibond_sgi,sgi_seq_audit,ir.sequence,sí,,sí,addons/quimibond_sgi/data/sgi_sequences_fase2.xml,3
quimibond_sgi,sgi_seq_risk,ir.sequence,sí,,sí,addons/quimibond_sgi/data/sgi_sequences_fase2.xml,12
quimibond_sgi,sgi_seq_mgmt_review,ir.sequence,sí,,sí,addons/quimibond_sgi/data/sgi_sequences_fase2.xml,21
quimibond_sgi,sgi_seq_control_plan,ir.sequence,sí,,sí,addons/quimibond_sgi/data/sgi_sequences_fase3.xml,3
quimibond_sgi,sgi_seq_fmea,ir.sequence,sí,,sí,addons/quimibond_sgi/data/sgi_sequences_fase3.xml,12
quimibond_sgi,sgi_seq_ppap,ir.sequence,sí,,sí,addons/quimibond_sgi/data/sgi_sequences_fase3.xml,21
quimibond_sgi,sgi_seq_incident,ir.sequence,sí,,sí,addons/quimibond_sgi/data/sgi_sequences_fase3.xml,30
quimibond_sgi,sgi_seq_policy,ir.sequence,sí,,sí,addons/quimibond_sgi/data/sgi_sequences_fase6.xml,3
quimibond_sgi,sgi_seq_sales_budget,ir.sequence,sí,,sí,addons/quimibond_sgi/data/sgi_sequences_fase6.xml,11
quimibond_sgi,sgi_cron_sign_elearning,ir.cron,sí,,sí,addons/quimibond_sgi/data/sgi_sign_elearning_data.xml,5
quimibond_sgi,sgi_cron_weekly_digest,ir.cron,sí,,sí,addons/quimibond_sgi/data/sgi_sign_elearning_data.xml,16
quimibond_sgi,sgi_quality_team_internal,quality.alert.team,sí,,sí,addons/quimibond_sgi/data/sgi_stages.xml,4
quimibond_sgi,sgi_quality_team_external,quality.alert.team,sí,,sí,addons/quimibond_sgi/data/sgi_stages.xml,8
quimibond_sgi,sgi_nc_int_stage_open,quality.alert.stage,sí,,sí,addons/quimibond_sgi/data/sgi_stages.xml,17
quimibond_sgi,sgi_nc_int_stage_followup,quality.alert.stage,sí,,sí,addons/quimibond_sgi/data/sgi_stages.xml,21
quimibond_sgi,sgi_nc_int_stage_closed,quality.alert.stage,sí,,sí,addons/quimibond_sgi/data/sgi_stages.xml,25
quimibond_sgi,sgi_nc_int_stage_cancel,quality.alert.stage,sí,,sí,addons/quimibond_sgi/data/sgi_stages.xml,30
quimibond_sgi,sgi_helpdesk_team_complaints,helpdesk.team,sí,,sí,addons/quimibond_sgi/data/sgi_stages.xml,37
quimibond_sgi,sgi_hd_stage_new,helpdesk.stage,sí,,sí,addons/quimibond_sgi/data/sgi_stages.xml,41
quimibond_sgi,sgi_hd_stage_containment,helpdesk.stage,sí,,sí,addons/quimibond_sgi/data/sgi_stages.xml,45
quimibond_sgi,sgi_hd_stage_analysis,helpdesk.stage,sí,,sí,addons/quimibond_sgi/data/sgi_stages.xml,49
quimibond_sgi,sgi_hd_stage_response,helpdesk.stage,sí,,sí,addons/quimibond_sgi/data/sgi_stages.xml,53
quimibond_sgi,sgi_hd_stage_closed,helpdesk.stage,sí,,sí,addons/quimibond_sgi/data/sgi_stages.xml,57
quimibond_sgi,sgi_hd_sla_first_response,helpdesk.sla,sí,,sí,addons/quimibond_sgi/data/sgi_stages.xml,61
quimibond_sgi,sgi_project_improvement,project.project,sí,,sí,addons/quimibond_sgi/data/sgi_stages.xml,70
quimibond_sgi,sgi_task_stage_proposal,project.task.type,sí,,sí,addons/quimibond_sgi/data/sgi_stages.xml,74
quimibond_sgi,sgi_task_stage_progress,project.task.type,sí,,sí,addons/quimibond_sgi/data/sgi_stages.xml,78
quimibond_sgi,sgi_task_stage_done,project.task.type,sí,,sí,addons/quimibond_sgi/data/sgi_stages.xml,82
quimibond_sgi,sgi_approval_category_doc_change,approval.category,sí,,sí,addons/quimibond_sgi/data/sgi_stages.xml,89
quimibond_sgi,sgi_demo_partner,res.partner,no,,sí,addons/quimibond_sgi/demo/sgi_demo_fase3.xml,8
quimibond_sgi,sgi_demo_product,product.product,no,,sí,addons/quimibond_sgi/demo/sgi_demo_fase3.xml,14
quimibond_sgi,sgi_demo_control_plan,sgi.control.plan,no,,sí,addons/quimibond_sgi/demo/sgi_demo_fase3.xml,21
quimibond_sgi,sgi_demo_point_gramaje,quality.point,no,,sí,addons/quimibond_sgi/demo/sgi_demo_fase3.xml,32
quimibond_sgi,sgi_demo_point_espesor,quality.point,no,,sí,addons/quimibond_sgi/demo/sgi_demo_fase3.xml,49
quimibond_sgi,sgi_demo_lot,stock.lot,no,,sí,addons/quimibond_sgi/demo/sgi_demo_fase3.xml,66
quimibond_sgi,sgi_demo_check_gramaje,quality.check,no,,sí,addons/quimibond_sgi/demo/sgi_demo_fase3.xml,71
quimibond_sgi,sgi_demo_check_espesor,quality.check,no,,sí,addons/quimibond_sgi/demo/sgi_demo_fase3.xml,79
quimibond_sgi,sgi_demo_equipment_ok,maintenance.equipment,no,,sí,addons/quimibond_sgi/demo/sgi_demo_fase3.xml,88
quimibond_sgi,sgi_demo_cal_ok,sgi.calibration,no,,sí,addons/quimibond_sgi/demo/sgi_demo_fase3.xml,97
quimibond_sgi,sgi_demo_equipment_bad,maintenance.equipment,no,,sí,addons/quimibond_sgi/demo/sgi_demo_fase3.xml,107
quimibond_sgi,sgi_demo_cal_bad,sgi.calibration,no,,sí,addons/quimibond_sgi/demo/sgi_demo_fase3.xml,116
quimibond_sgi,sgi_demo_ppe,maintenance.equipment,no,,sí,addons/quimibond_sgi/demo/sgi_demo_fase3.xml,127
quimibond_sgi,sgi_demo_fmea,sgi.fmea,no,,sí,addons/quimibond_sgi/demo/sgi_demo_fase3.xml,134
quimibond_sgi,sgi_demo_fmea_line_high,sgi.fmea.line,no,,sí,addons/quimibond_sgi/demo/sgi_demo_fase3.xml,142
quimibond_sgi,sgi_demo_fmea_line_low,sgi.fmea.line,no,,sí,addons/quimibond_sgi/demo/sgi_demo_fase3.xml,155
quimibond_sgi,sgi_demo_fmea_action,sgi.action.line,no,,sí,addons/quimibond_sgi/demo/sgi_demo_fase3.xml,168
quimibond_sgi,sgi_demo_ppap,sgi.ppap,no,,sí,addons/quimibond_sgi/demo/sgi_demo_fase3.xml,177
quimibond_sgi,sgi_demo_incident,sgi.incident,no,,sí,addons/quimibond_sgi/demo/sgi_demo_fase3.xml,186
quimibond_sgi,sgi_demo_incident_action,sgi.action.line,no,,sí,addons/quimibond_sgi/demo/sgi_demo_fase3.xml,199
quimibond_sgi,sgi_demo_skilltype,hr.skill.type,no,,sí,addons/quimibond_sgi/demo/sgi_demo_fase3.xml,208
quimibond_sgi,sgi_demo_level_basic,hr.skill.level,no,,sí,addons/quimibond_sgi/demo/sgi_demo_fase3.xml,212
quimibond_sgi,sgi_demo_level_expert,hr.skill.level,no,,sí,addons/quimibond_sgi/demo/sgi_demo_fase3.xml,218
quimibond_sgi,sgi_demo_skill,hr.skill,no,,sí,addons/quimibond_sgi/demo/sgi_demo_fase3.xml,224
quimibond_sgi,sgi_demo_job,hr.job,no,,sí,addons/quimibond_sgi/demo/sgi_demo_fase3.xml,229
quimibond_sgi,sgi_demo_job_skill,hr.job.skill,no,,sí,addons/quimibond_sgi/demo/sgi_demo_fase3.xml,233
quimibond_sgi,sgi_demo_employee,hr.employee,no,,sí,addons/quimibond_sgi/demo/sgi_demo_fase3.xml,240
quimibond_sgi,sgi_demo_employee_skill,hr.employee.skill,no,,sí,addons/quimibond_sgi/demo/sgi_demo_fase3.xml,245
quimibond_sgi,module_category_sgi,ir.module.category,no,,sí,addons/quimibond_sgi/security/sgi_security.xml,3
quimibond_sgi,res_groups_privilege_sgi,res.groups.privilege,no,,sí,addons/quimibond_sgi/security/sgi_security.xml,9
quimibond_sgi,group_sgi_user,res.groups,no,,sí,addons/quimibond_sgi/security/sgi_security.xml,15
quimibond_sgi,group_sgi_auditor,res.groups,no,,sí,addons/quimibond_sgi/security/sgi_security.xml,39
quimibond_sgi,group_sgi_manager,res.groups,no,,sí,addons/quimibond_sgi/security/sgi_security.xml,46
quimibond_sgi,group_sgi_admin,res.groups,no,,sí,addons/quimibond_sgi/security/sgi_security.xml,62
quimibond_sgi,group_sgi_director,res.groups,no,,sí,addons/quimibond_sgi/security/sgi_security.xml,69
quimibond_sgi,rule_sgi_process_company,ir.rule,no,,sí,addons/quimibond_sgi/security/sgi_security.xml,77
quimibond_sgi,rule_sgi_process_activity_company,ir.rule,no,,sí,addons/quimibond_sgi/security/sgi_security.xml,82
quimibond_sgi,rule_sgi_activity_role_company,ir.rule,no,,sí,addons/quimibond_sgi/security/sgi_security.xml,87
quimibond_sgi,rule_sgi_activity_link_company,ir.rule,no,,sí,addons/quimibond_sgi/security/sgi_security.xml,92
quimibond_sgi,rule_sgi_process_flow_company,ir.rule,no,,sí,addons/quimibond_sgi/security/sgi_security.xml,97
quimibond_sgi,rule_sgi_process_responsibility_company,ir.rule,no,,sí,addons/quimibond_sgi/security/sgi_security.xml,102
quimibond_sgi,rule_sgi_job_family_company,ir.rule,no,,sí,addons/quimibond_sgi/security/sgi_security.xml,107
quimibond_sgi,rule_sgi_activity_exec_stat_company,ir.rule,no,,sí,addons/quimibond_sgi/security/sgi_security.xml,112
quimibond_sgi,rule_sgi_deliverable_company,ir.rule,no,,sí,addons/quimibond_sgi/security/sgi_security.xml,117
quimibond_sgi,rule_sgi_activity_input_company,ir.rule,no,,sí,addons/quimibond_sgi/security/sgi_security.xml,122
quimibond_sgi,rule_sgi_activity_spec_gap_company,ir.rule,no,,sí,addons/quimibond_sgi/security/sgi_security.xml,127
quimibond_sgi,rule_sgi_activity_week_stat_company,ir.rule,no,,sí,addons/quimibond_sgi/security/sgi_security.xml,132
quimibond_sgi,rule_sgi_process_stage_company,ir.rule,no,,sí,addons/quimibond_sgi/security/sgi_security.xml,137
quimibond_sgi,rule_sgi_document_type_company,ir.rule,no,,sí,addons/quimibond_sgi/security/sgi_security.xml,142
quimibond_sgi,rule_sgi_measure_user_own,ir.rule,no,,sí,addons/quimibond_sgi/security/sgi_security.xml,152
quimibond_sgi,rule_sgi_measure_manager_all,ir.rule,no,,sí,addons/quimibond_sgi/security/sgi_security.xml,162
quimibond_sgi,rule_sgi_measure_split_user_own,ir.rule,no,,sí,addons/quimibond_sgi/security/sgi_security.xml,170
quimibond_sgi,rule_sgi_measure_split_manager_all,ir.rule,no,,sí,addons/quimibond_sgi/security/sgi_security.xml,180
quimibond_sgi,rule_sgi_action_line_user_own,ir.rule,no,,sí,addons/quimibond_sgi/security/sgi_security.xml,187
quimibond_sgi,rule_sgi_action_line_manager_all,ir.rule,no,,sí,addons/quimibond_sgi/security/sgi_security.xml,194
quimibond_sgi,rule_sgi_risk_user_own,ir.rule,no,,sí,addons/quimibond_sgi/security/sgi_security.xml,201
quimibond_sgi,rule_sgi_risk_manager_all,ir.rule,no,,sí,addons/quimibond_sgi/security/sgi_security.xml,208
quimibond_sgi,rule_sgi_legal_user_own,ir.rule,no,,sí,addons/quimibond_sgi/security/sgi_security.xml,215
quimibond_sgi,rule_sgi_legal_manager_all,ir.rule,no,,sí,addons/quimibond_sgi/security/sgi_security.xml,222
quimibond_sgi,rule_sgi_legal_eval_user_own,ir.rule,no,,sí,addons/quimibond_sgi/security/sgi_security.xml,229
quimibond_sgi,rule_sgi_legal_eval_manager_all,ir.rule,no,,sí,addons/quimibond_sgi/security/sgi_security.xml,236
quimibond_sgi,res_groups_privilege_sgi_efficiency,res.groups.privilege,no,,sí,addons/quimibond_sgi/security/sgi_security.xml,251
quimibond_sgi,group_sgi_efficiency_capture,res.groups,no,,sí,addons/quimibond_sgi/security/sgi_security.xml,256
quimibond_sgi,rule_sgi_staff_eff_capture_read,ir.rule,no,,sí,addons/quimibond_sgi/security/sgi_security.xml,262
quimibond_sgi,rule_sgi_staff_eff_capture_edit,ir.rule,no,,sí,addons/quimibond_sgi/security/sgi_security.xml,272
quimibond_sgi,rule_sgi_staff_eff_hr_all,ir.rule,no,,sí,addons/quimibond_sgi/security/sgi_security.xml,279
quimibond_sgi,rule_sgi_staff_eff_line_capture_read,ir.rule,no,,sí,addons/quimibond_sgi/security/sgi_security.xml,285
quimibond_sgi,rule_sgi_staff_eff_line_capture_edit,ir.rule,no,,sí,addons/quimibond_sgi/security/sgi_security.xml,295
quimibond_sgi,rule_sgi_staff_eff_line_hr_all,ir.rule,no,,sí,addons/quimibond_sgi/security/sgi_security.xml,302
quimibond_sgi_pesaje,sgi_alert_source_pesaje,sgi.alert.source,sí,,sí,addons/quimibond_sgi_pesaje/data/pesaje_data.xml,13
quimibond_sgi_plm,sgi_mrp_eco_view_form,ir.ui.view,no,,sí,addons/quimibond_sgi_plm/views/mrp_eco_views.xml,3
quimibond_sgi_revisado,mrp_revision_log_view_pivot,ir.ui.view,no,,sí,addons/quimibond_sgi_revisado/views/mrp_revision_log_views.xml,4
quimibond_sgi_revisado,mrp_revision_log_view_graph,ir.ui.view,no,,sí,addons/quimibond_sgi_revisado/views/mrp_revision_log_views.xml,14
quimibond_sgi_revisado,mrp_revision_log_view_search,ir.ui.view,no,,sí,addons/quimibond_sgi_revisado/views/mrp_revision_log_views.xml,24
quimibond_sgi_revisado,mrp_revision_log_action_pareto,ir.actions.act_window,no,,sí,addons/quimibond_sgi_revisado/views/mrp_revision_log_views.xml,44
