n,tipo,elemento,ubicacion,detalle,clasificacion,hallazgo
1,modelo propio,sgi.activity.spec.gap,addons/quimibond_sgi/models/sgi_activity_spec.py:117,Model,,
2,modelo heredado,sgi.process.activity,addons/quimibond_sgi/models/sgi_activity_spec.py:137,Model,,
3,modelo heredado,sgi.activity.role,addons/quimibond_sgi/models/sgi_activity_spec.py:445,Model,,
4,modelo heredado,sgi.activity.input,addons/quimibond_sgi/models/sgi_activity_spec.py:466,Model,,
5,modelo heredado,sgi.deliverable,addons/quimibond_sgi/models/sgi_activity_spec.py:565,Model,,
6,modelo heredado,sgi.process,addons/quimibond_sgi/models/sgi_activity_spec.py:596,Model,,
7,modelo heredado,sgi.indicator,addons/quimibond_sgi/models/sgi_activity_spec.py:697,Model,,
8,modelo heredado,ir.config_parameter,addons/quimibond_sgi/models/sgi_activity_spec.py:822,Model,,
9,modelo propio,sgi.activity.week.stat,addons/quimibond_sgi/models/sgi_activity_spec.py:842,Model,,
10,modelo heredado,sgi.process.activity,addons/quimibond_sgi/models/sgi_activity_spec.py:914,Model,,
11,modelo propio,sgi.alert.source,addons/quimibond_sgi/models/sgi_alert_source.py:20,Model,,
12,modelo heredado,studio.approval.rule,addons/quimibond_sgi/models/sgi_approval_native.py:58,Model,,
13,modelo heredado,approval.category,addons/quimibond_sgi/models/sgi_approval_native.py:66,Model,,
14,modelo heredado,sgi.activity.role,addons/quimibond_sgi/models/sgi_approval_native.py:74,Model,,
15,modelo heredado,sgi.process.activity,addons/quimibond_sgi/models/sgi_approval_native.py:401,Model,,
16,modelo heredado,hr.job,addons/quimibond_sgi/models/sgi_archived_filters.py:28,Model,,
17,modelo heredado,sgi.process,addons/quimibond_sgi/models/sgi_archived_filters.py:35,Model,,
18,modelo heredado,sgi.my.pending,addons/quimibond_sgi/models/sgi_archived_filters.py:48,TransientModel,,
19,modelo propio,sgi.area,addons/quimibond_sgi/models/sgi_area.py:5,Model,,
20,modelo propio,sgi.audit.program,addons/quimibond_sgi/models/sgi_audit.py:32,Model,,
21,modelo propio,sgi.audit.program.line,addons/quimibond_sgi/models/sgi_audit.py:120,Model,,
22,modelo propio,sgi.audit,addons/quimibond_sgi/models/sgi_audit.py:165,Model,,
23,modelo propio,sgi.audit.finding,addons/quimibond_sgi/models/sgi_audit.py:528,Model,,
24,modelo propio,sgi.audit.checklist.line,addons/quimibond_sgi/models/sgi_audit.py:610,Model,,
25,modelo propio,sgi.base.mixin,addons/quimibond_sgi/models/sgi_base.py:23,AbstractModel,,
26,modelo heredado,budget.analytic,addons/quimibond_sgi/models/sgi_budget_analytic.py:10,Model,,
27,modelo heredado,sgi.process.activity,addons/quimibond_sgi/models/sgi_business_line.py:66,Model,,
28,modelo heredado,sgi.process,addons/quimibond_sgi/models/sgi_business_line.py:122,Model,,
29,modelo heredado,hr.job,addons/quimibond_sgi/models/sgi_business_line.py:142,Model,,
30,modelo heredado,hr.employee,addons/quimibond_sgi/models/sgi_business_line.py:187,Model,,
31,modelo heredado,crm.team.member,addons/quimibond_sgi/models/sgi_business_line.py:201,Model,,
32,modelo heredado,crm.team,addons/quimibond_sgi/models/sgi_business_line.py:228,Model,,
33,modelo heredado,sgi.activity.exec.stat,addons/quimibond_sgi/models/sgi_business_line.py:241,Model,,
34,modelo heredado,sgi.indicator,addons/quimibond_sgi/models/sgi_business_line.py:258,Model,,
35,modelo heredado,sgi.indicator.term,addons/quimibond_sgi/models/sgi_business_line.py:359,Model,,
36,modelo heredado,sgi.indicator.measure,addons/quimibond_sgi/models/sgi_business_line.py:410,Model,,
37,modelo propio,sgi.indicator.measure.split,addons/quimibond_sgi/models/sgi_business_line.py:417,Model,,
38,modelo heredado,quality.check,addons/quimibond_sgi/models/sgi_calibration.py:8,Model,,
39,modelo heredado,maintenance.equipment,addons/quimibond_sgi/models/sgi_calibration.py:50,Model,,
40,modelo propio,sgi.calibration,addons/quimibond_sgi/models/sgi_calibration.py:121,Model,,
41,modelo propio,sgi.job.family,addons/quimibond_sgi/models/sgi_catalog.py:57,Model,,
42,modelo propio,sgi.activity.role,addons/quimibond_sgi/models/sgi_catalog.py:114,Model,,
43,modelo heredado,hr.job,addons/quimibond_sgi/models/sgi_catalog.py:307,Model,,
44,modelo propio,sgi.document.type,addons/quimibond_sgi/models/sgi_catalog.py:566,Model,,
45,modelo heredado,sgi.config,addons/quimibond_sgi/models/sgi_catalog.py:712,AbstractModel,,
46,modelo propio,sgi.checklist.template,addons/quimibond_sgi/models/sgi_checklist.py:25,Model,,
47,modelo propio,sgi.checklist.template.item,addons/quimibond_sgi/models/sgi_checklist.py:100,Model,,
48,modelo propio,sgi.checklist.line,addons/quimibond_sgi/models/sgi_checklist.py:111,Model,,
49,modelo heredado,maintenance.request,addons/quimibond_sgi/models/sgi_checklist.py:126,Model,,
50,modelo propio,sgi.checklist.finish,addons/quimibond_sgi/models/sgi_checklist.py:183,TransientModel,,
51,modelo heredado,ir.ui.menu,addons/quimibond_sgi/models/sgi_cleanup.py:107,Model,,
52,modelo heredado,sgi.process,addons/quimibond_sgi/models/sgi_cleanup.py:145,Model,,
53,modelo heredado,res.partner,addons/quimibond_sgi/models/sgi_coa.py:52,Model,,
54,modelo heredado,stock.picking,addons/quimibond_sgi/models/sgi_coa.py:92,Model,,
55,modelo heredado,sale.order,addons/quimibond_sgi/models/sgi_coa.py:211,Model,,
56,modelo propio,sgi.coa.attach.wizard,addons/quimibond_sgi/models/sgi_coa.py:242,TransientModel,,
57,modelo propio,sgi.coa.exception.wizard,addons/quimibond_sgi/models/sgi_coa.py:289,TransientModel,,
58,modelo propio,sgi.coa.inbox,addons/quimibond_sgi/models/sgi_coa.py:309,Model,,
59,modelo heredado,hr.employee,addons/quimibond_sgi/models/sgi_competence.py:5,Model,,
60,modelo propio,sgi.competence.gap,addons/quimibond_sgi/models/sgi_competence.py:30,Model,,
61,modelo heredado,hr.department,addons/quimibond_sgi/models/sgi_competence.py:80,Model,,
62,modelo heredado,helpdesk.ticket,addons/quimibond_sgi/models/sgi_complaint.py:5,Model,,
63,modelo propio,sgi.interested.party,addons/quimibond_sgi/models/sgi_context.py:15,Model,,
64,modelo heredado,quality.point,addons/quimibond_sgi/models/sgi_control_plan.py:8,Model,,
65,modelo propio,sgi.control.plan,addons/quimibond_sgi/models/sgi_control_plan.py:56,Model,,
66,modelo heredado,stock.lot,addons/quimibond_sgi/models/sgi_control_plan.py:171,Model,,
67,modelo propio,sgi.cron,addons/quimibond_sgi/models/sgi_cron.py:12,AbstractModel,,
68,modelo heredado,crm.team,addons/quimibond_sgi/models/sgi_customer_reply.py:26,Model,,
69,modelo heredado,quality.alert,addons/quimibond_sgi/models/sgi_customer_reply.py:35,Model,,
70,modelo heredado,sgi.cron,addons/quimibond_sgi/models/sgi_customer_reply.py:173,AbstractModel,,
71,modelo propio,sgi.process.stage,addons/quimibond_sgi/models/sgi_deliverable.py:29,Model,,
72,modelo propio,sgi.deliverable,addons/quimibond_sgi/models/sgi_deliverable.py:82,Model,,
73,modelo propio,sgi.activity.input,addons/quimibond_sgi/models/sgi_deliverable.py:321,Model,,
74,modelo heredado,sgi.process,addons/quimibond_sgi/models/sgi_deliverable.py:383,Model,,
75,modelo propio,sgi.calculated.connection.mixin,addons/quimibond_sgi/models/sgi_deliverable.py:426,AbstractModel,,
76,modelo heredado,sgi.process.flow,addons/quimibond_sgi/models/sgi_deliverable.py:486,Model,,
77,modelo heredado,sgi.activity.link,addons/quimibond_sgi/models/sgi_deliverable.py:510,Model,,
78,modelo heredado,sgi.process.activity,addons/quimibond_sgi/models/sgi_deliverable.py:561,Model,,
79,modelo heredado,project.project,addons/quimibond_sgi/models/sgi_dev_request.py:61,Model,,
80,modelo propio,sgi.dev.characteristic,addons/quimibond_sgi/models/sgi_dev_request.py:127,Model,,
81,modelo propio,sgi.diagnostic.line,addons/quimibond_sgi/models/sgi_diagnostic.py:23,TransientModel,,
82,modelo propio,sgi.diagnostic,addons/quimibond_sgi/models/sgi_diagnostic.py:37,TransientModel,,
83,modelo propio,sgi.diagram,addons/quimibond_sgi/models/sgi_diagram.py:72,AbstractModel,,
84,modelo heredado,sgi.diagram,addons/quimibond_sgi/models/sgi_diagram_iso.py:47,AbstractModel,,
85,modelo heredado,ir.ui.view,addons/quimibond_sgi/models/sgi_diagram_view.py:21,Model,,
86,modelo heredado,ir.actions.act_window.view,addons/quimibond_sgi/models/sgi_diagram_view.py:48,Model,,
87,modelo heredado,sgi.indicator,addons/quimibond_sgi/models/sgi_direction_board.py:17,Model,,
88,modelo propio,sgi.direction.board,addons/quimibond_sgi/models/sgi_direction_board.py:54,TransientModel,,
89,modelo heredado,approval.category,addons/quimibond_sgi/models/sgi_doc_change.py:10,Model,,
90,modelo heredado,approval.request,addons/quimibond_sgi/models/sgi_doc_change.py:21,Model,,
91,modelo heredado,approval.category,addons/quimibond_sgi/models/sgi_doc_change_sign.py:41,Model,,
92,modelo heredado,approval.request,addons/quimibond_sgi/models/sgi_doc_change_sign.py:51,Model,,
93,modelo heredado,sign.request.item,addons/quimibond_sgi/models/sgi_doc_change_sign.py:319,Model,,
94,modelo heredado,sign.request,addons/quimibond_sgi/models/sgi_doc_change_sign.py:329,Model,,
95,modelo heredado,documents.document,addons/quimibond_sgi/models/sgi_document.py:28,Model,,
96,modelo propio,sgi.document.ack,addons/quimibond_sgi/models/sgi_document.py:754,Model,,
97,modelo propio,sgi.emergency.plan,addons/quimibond_sgi/models/sgi_emergency.py:15,Model,,
98,modelo propio,sgi.emergency.drill,addons/quimibond_sgi/models/sgi_emergency.py:111,Model,,
99,modelo propio,sgi.epp.delivery,addons/quimibond_sgi/models/sgi_epp.py:15,Model,,
100,modelo heredado,hr.employee,addons/quimibond_sgi/models/sgi_epp.py:104,Model,,
101,modelo propio,sgi.epp.delivery.line,addons/quimibond_sgi/models/sgi_epp_sign.py:20,Model,,
102,modelo heredado,sgi.epp.delivery,addons/quimibond_sgi/models/sgi_epp_sign.py:34,Model,,
103,modelo heredado,res.config.settings,addons/quimibond_sgi/models/sgi_epp_sign.py:130,TransientModel,,
104,modelo propio,sgi.activity.exec.stat,addons/quimibond_sgi/models/sgi_exec_stat.py:21,Model,,
105,modelo heredado,documents.document,addons/quimibond_sgi/models/sgi_external_doc.py:16,Model,,
106,modelo heredado,sgi.cron,addons/quimibond_sgi/models/sgi_external_doc.py:63,AbstractModel,,
107,modelo propio,sgi.fmea,addons/quimibond_sgi/models/sgi_fmea.py:8,Model,,
108,modelo propio,sgi.fmea.line,addons/quimibond_sgi/models/sgi_fmea.py:146,Model,,
109,modelo propio,sgi.format.map,addons/quimibond_sgi/models/sgi_format_map.py:13,Model,,
110,modelo propio,sgi.config,addons/quimibond_sgi/models/sgi_format_map.py:67,AbstractModel,,
111,modelo propio,sgi.format.mixin,addons/quimibond_sgi/models/sgi_format_map.py:649,AbstractModel,,
112,modelo heredado,sale.order,addons/quimibond_sgi/models/sgi_format_map.py:684,Model,,
113,modelo heredado,purchase.order,addons/quimibond_sgi/models/sgi_format_map.py:695,Model,,
114,modelo heredado,stock.picking,addons/quimibond_sgi/models/sgi_format_map.py:700,Model,,
115,modelo heredado,mrp.production,addons/quimibond_sgi/models/sgi_format_map.py:709,Model,,
116,modelo heredado,maintenance.request,addons/quimibond_sgi/models/sgi_format_map.py:714,Model,,
117,modelo heredado,quality.alert,addons/quimibond_sgi/models/sgi_format_map.py:719,Model,,
118,modelo heredado,stock.lot,addons/quimibond_sgi/models/sgi_format_map.py:724,Model,,
119,modelo heredado,sgi.management.review,addons/quimibond_sgi/models/sgi_format_map.py:729,Model,,
120,modelo heredado,res.groups,addons/quimibond_sgi/models/sgi_groups_cleanup.py:26,Model,,
121,modelo heredado,sgi.process.activity,addons/quimibond_sgi/models/sgi_hierarchy.py:16,Model,,
122,modelo heredado,sgi.process,addons/quimibond_sgi/models/sgi_hierarchy.py:52,Model,,
123,modelo propio,sgi.health.record,addons/quimibond_sgi/models/sgi_hse_records.py:29,Model,,
124,modelo heredado,hr.employee,addons/quimibond_sgi/models/sgi_hse_records.py:97,Model,,
125,modelo heredado,sgi.cron,addons/quimibond_sgi/models/sgi_hse_records.py:105,AbstractModel,,
126,modelo propio,sgi.csh.inspection,addons/quimibond_sgi/models/sgi_hse_records.py:116,Model,,
127,modelo propio,sgi.csh.finding,addons/quimibond_sgi/models/sgi_hse_records.py:175,Model,,
128,modelo heredado,project.project,addons/quimibond_sgi/models/sgi_improvement.py:6,Model,,
129,modelo heredado,project.task.type,addons/quimibond_sgi/models/sgi_improvement.py:12,Model,,
130,modelo heredado,project.task,addons/quimibond_sgi/models/sgi_improvement.py:18,Model,,
131,modelo heredado,quality.alert,addons/quimibond_sgi/models/sgi_incident.py:6,Model,,
132,modelo propio,sgi.incident,addons/quimibond_sgi/models/sgi_incident.py:13,Model,,
133,modelo propio,sgi.indicator,addons/quimibond_sgi/models/sgi_indicator.py:63,Model,,
134,modelo propio,sgi.indicator.measure,addons/quimibond_sgi/models/sgi_indicator.py:1038,Model,,
135,modelo heredado,quality.alert,addons/quimibond_sgi/models/sgi_indicator.py:1451,Model,,
136,modelo heredado,sgi.indicator,addons/quimibond_sgi/models/sgi_indicator_detail.py:35,Model,,
137,modelo heredado,sgi.indicator.measure,addons/quimibond_sgi/models/sgi_indicator_detail.py:281,Model,,
138,modelo propio,sgi.indicator.term,addons/quimibond_sgi/models/sgi_indicator_formula.py:77,Model,,
139,modelo heredado,sgi.indicator,addons/quimibond_sgi/models/sgi_indicator_formula.py:338,Model,,
140,modelo heredado,sgi.indicator.measure,addons/quimibond_sgi/models/sgi_indicator_formula.py:495,Model,,
141,modelo heredado,sgi.indicator,addons/quimibond_sgi/models/sgi_indicator_i3.py:39,Model,,
142,modelo heredado,sgi.indicator,addons/quimibond_sgi/models/sgi_indicator_p21.py:33,Model,,
143,modelo heredado,sgi.indicator,addons/quimibond_sgi/models/sgi_indicator_plan.py:47,Model,,
144,modelo heredado,sgi.action.line,addons/quimibond_sgi/models/sgi_indicator_plan.py:70,Model,,
145,modelo heredado,sgi.indicator.measure,addons/quimibond_sgi/models/sgi_indicator_plan.py:108,Model,,
146,modelo heredado,sgi.cron,addons/quimibond_sgi/models/sgi_indicator_plan.py:218,AbstractModel,,
147,modelo heredado,sgi.management.review,addons/quimibond_sgi/models/sgi_indicator_plan.py:265,Model,,
148,modelo propio,sgi.indicator.step,addons/quimibond_sgi/models/sgi_indicator_trajectory.py:31,Model,,
149,modelo heredado,sgi.indicator,addons/quimibond_sgi/models/sgi_indicator_trajectory.py:76,Model,,
150,modelo heredado,sgi.indicator.measure,addons/quimibond_sgi/models/sgi_indicator_trajectory.py:218,Model,,
151,modelo heredado,sgi.process.activity,addons/quimibond_sgi/models/sgi_instruction_knowledge.py:15,Model,,
152,modelo heredado,documents.document,addons/quimibond_sgi/models/sgi_instruction_knowledge.py:51,Model,,
153,modelo propio,sgi.instruction.publish,addons/quimibond_sgi/models/sgi_instruction_knowledge.py:59,TransientModel,,
154,modelo heredado,stock.picking,addons/quimibond_sgi/models/sgi_integration.py:6,Model,,
155,modelo heredado,mrp.production,addons/quimibond_sgi/models/sgi_integration.py:87,Model,,
156,modelo heredado,purchase.order,addons/quimibond_sgi/models/sgi_integration.py:109,Model,,
157,modelo heredado,maintenance.request,addons/quimibond_sgi/models/sgi_integration.py:146,Model,,
158,modelo heredado,hr.job,addons/quimibond_sgi/models/sgi_integration.py:189,Model,,
159,modelo heredado,product.template,addons/quimibond_sgi/models/sgi_integration.py:203,Model,,
160,modelo heredado,product.product,addons/quimibond_sgi/models/sgi_integration.py:230,Model,,
161,modelo heredado,hr.employee,addons/quimibond_sgi/models/sgi_integration.py:241,Model,,
162,modelo heredado,res.partner,addons/quimibond_sgi/models/sgi_integration.py:300,Model,,
163,modelo heredado,ir.ui.menu,addons/quimibond_sgi/models/sgi_integration.py:347,Model,,
164,modelo heredado,product.template,addons/quimibond_sgi/models/sgi_kpi_fields.py:58,Model,,
165,modelo heredado,sale.order,addons/quimibond_sgi/models/sgi_kpi_fields.py:66,Model,,
166,modelo heredado,stock.picking,addons/quimibond_sgi/models/sgi_kpi_fields.py:81,Model,,
167,modelo heredado,quality.alert,addons/quimibond_sgi/models/sgi_kpi_fields.py:113,Model,,
168,modelo heredado,account.move.line,addons/quimibond_sgi/models/sgi_kpi_fields.py:122,Model,,
169,modelo heredado,account.move,addons/quimibond_sgi/models/sgi_kpi_fields.py:141,Model,,
170,modelo heredado,sgi.management.review.agreement,addons/quimibond_sgi/models/sgi_kpi_fields.py:164,Model,,
171,modelo propio,sgi.lock.date.log,addons/quimibond_sgi/models/sgi_kpi_fields.py:182,Model,,
172,modelo heredado,res.company,addons/quimibond_sgi/models/sgi_kpi_fields.py:213,Model,,
173,modelo propio,sgi.inventory.value,addons/quimibond_sgi/models/sgi_kpi_fields.py:232,Model,,
174,modelo heredado,hr.version,addons/quimibond_sgi/models/sgi_kpi_fields.py:272,Model,,
175,modelo heredado,hr.employee,addons/quimibond_sgi/models/sgi_kpi_fields.py:294,Model,,
176,modelo heredado,res.users,addons/quimibond_sgi/models/sgi_kpi_fields.py:303,Model,,
177,modelo propio,sgi.legal.requirement,addons/quimibond_sgi/models/sgi_legal.py:21,Model,,
178,modelo propio,sgi.legal.evaluation,addons/quimibond_sgi/models/sgi_legal.py:230,Model,,
179,modelo propio,sgi.legal.evaluate,addons/quimibond_sgi/models/sgi_legal.py:252,TransientModel,,
180,modelo propio,sgi.dyd.task.mixin,addons/quimibond_sgi/models/sgi_links.py:22,AbstractModel,,
181,modelo heredado,sgi.fmea,addons/quimibond_sgi/models/sgi_links.py:34,Model,,
182,modelo heredado,mrp.bom,addons/quimibond_sgi/models/sgi_links.py:39,Model,,
183,modelo heredado,sgi.control.plan,addons/quimibond_sgi/models/sgi_links.py:44,Model,,
184,modelo heredado,sgi.ppap,addons/quimibond_sgi/models/sgi_links.py:49,Model,,
185,modelo heredado,mrp.production,addons/quimibond_sgi/models/sgi_links.py:54,Model,,
186,modelo heredado,project.task,addons/quimibond_sgi/models/sgi_links.py:63,Model,,
187,modelo heredado,product.template,addons/quimibond_sgi/models/sgi_links.py:81,Model,,
188,modelo heredado,quality.alert,addons/quimibond_sgi/models/sgi_links.py:100,Model,,
189,modelo heredado,purchase.order,addons/quimibond_sgi/models/sgi_links.py:109,Model,,
190,modelo heredado,approval.request,addons/quimibond_sgi/models/sgi_links.py:119,Model,,
191,modelo heredado,account.move,addons/quimibond_sgi/models/sgi_links.py:142,Model,,
192,modelo heredado,ir.attachment,addons/quimibond_sgi/models/sgi_links.py:166,Model,,
193,modelo heredado,stock.picking,addons/quimibond_sgi/models/sgi_links.py:185,Model,,
194,modelo propio,sgi.acuse.attach.wizard,addons/quimibond_sgi/models/sgi_links.py:230,TransientModel,,
195,modelo heredado,sgi.process,addons/quimibond_sgi/models/sgi_load.py:211,Model,,
196,modelo propio,sgi.catalog.load.wizard,addons/quimibond_sgi/models/sgi_load_wizard.py:22,TransientModel,,
197,modelo propio,sgi.catalog.load.wizard.line,addons/quimibond_sgi/models/sgi_load_wizard.py:103,TransientModel,,
198,modelo propio,sgi.machine.sheet,addons/quimibond_sgi/models/sgi_machine_sheet.py:26,Model,,
199,modelo propio,sgi.machine.sheet.yarn,addons/quimibond_sgi/models/sgi_machine_sheet.py:111,Model,,
200,modelo propio,sgi.machine.sheet.param,addons/quimibond_sgi/models/sgi_machine_sheet.py:128,Model,,
201,modelo propio,sgi.management.review,addons/quimibond_sgi/models/sgi_management_review.py:10,Model,,
202,modelo propio,sgi.management.review.agreement,addons/quimibond_sgi/models/sgi_management_review.py:395,Model,,
203,modelo heredado,sgi.action.line,addons/quimibond_sgi/models/sgi_management_review.py:426,Model,,
204,modelo heredado,approval.category,addons/quimibond_sgi/models/sgi_mp_change.py:48,Model,,
205,modelo heredado,approval.request,addons/quimibond_sgi/models/sgi_mp_change.py:64,Model,,
206,modelo heredado,sgi.process.activity,addons/quimibond_sgi/models/sgi_mp_change.py:113,Model,,
207,modelo heredado,sgi.activity.role,addons/quimibond_sgi/models/sgi_mp_change.py:127,Model,,
208,modelo heredado,sgi.my.procedure,addons/quimibond_sgi/models/sgi_mp_change.py:135,TransientModel,,
209,modelo propio,sgi.activity.change,addons/quimibond_sgi/models/sgi_mp_change.py:156,Model,,
210,modelo propio,sgi.activity.change.role,addons/quimibond_sgi/models/sgi_mp_change.py:511,Model,,
211,modelo heredado,maintenance.equipment,addons/quimibond_sgi/models/sgi_msa.py:14,Model,,
212,modelo propio,sgi.msa.study,addons/quimibond_sgi/models/sgi_msa.py:40,Model,,
213,modelo propio,sgi.my.pending,addons/quimibond_sgi/models/sgi_my_pending.py:46,TransientModel,,
214,modelo heredado,sgi.my.procedure,addons/quimibond_sgi/models/sgi_my_pending.py:262,TransientModel,,
215,modelo heredado,hr.employee.public,addons/quimibond_sgi/models/sgi_my_pending.py:286,Model,,
216,modelo heredado,documents.document,addons/quimibond_sgi/models/sgi_my_procedure.py:57,Model,,
217,modelo heredado,sgi.activity.role,addons/quimibond_sgi/models/sgi_my_procedure.py:69,Model,,
218,modelo heredado,hr.job,addons/quimibond_sgi/models/sgi_my_procedure.py:97,Model,,
219,modelo heredado,hr.employee,addons/quimibond_sgi/models/sgi_my_procedure.py:644,Model,,
220,modelo heredado,sgi.cron,addons/quimibond_sgi/models/sgi_my_procedure.py:683,AbstractModel,,
221,modelo heredado,hr.employee,addons/quimibond_sgi/models/sgi_my_procedure_screen.py:52,Model,,
222,modelo heredado,hr.job,addons/quimibond_sgi/models/sgi_my_procedure_screen.py:79,Model,,
223,modelo propio,sgi.my.procedure.mixin,addons/quimibond_sgi/models/sgi_my_procedure_screen.py:118,AbstractModel,,
224,modelo heredado,hr.employee,addons/quimibond_sgi/models/sgi_my_procedure_screen.py:213,Model,,
225,modelo heredado,hr.employee.public,addons/quimibond_sgi/models/sgi_my_procedure_screen.py:271,Model,,
226,modelo heredado,hr.job,addons/quimibond_sgi/models/sgi_my_procedure_screen.py:276,Model,,
227,modelo heredado,sgi.activity.role,addons/quimibond_sgi/models/sgi_my_procedure_screen.py:284,Model,,
228,modelo propio,sgi.my.procedure,addons/quimibond_sgi/models/sgi_my_procedure_screen.py:356,TransientModel,,
229,modelo heredado,hr.employee,addons/quimibond_sgi/models/sgi_my_procedure_screen.py:867,Model,,
230,modelo heredado,hr.job,addons/quimibond_sgi/models/sgi_my_procedure_screen.py:875,Model,,
231,modelo propio,sgi.my.procedure.check,addons/quimibond_sgi/models/sgi_my_procedure_screen.py:883,TransientModel,,
232,modelo heredado,hr.employee.public,addons/quimibond_sgi/models/sgi_my_procedure_screen.py:928,Model,,
233,modelo heredado,documents.document,addons/quimibond_sgi/models/sgi_my_procedure_sign.py:21,Model,,
234,modelo heredado,sign.request,addons/quimibond_sgi/models/sgi_my_procedure_sign.py:122,Model,,
235,modelo heredado,res.config.settings,addons/quimibond_sgi/models/sgi_my_procedure_sign.py:136,TransientModel,,
236,modelo heredado,mail.activity,addons/quimibond_sgi/models/sgi_nonconformity.py:15,Model,,
237,modelo heredado,quality.alert.stage,addons/quimibond_sgi/models/sgi_nonconformity.py:38,Model,,
238,modelo heredado,quality.alert.team,addons/quimibond_sgi/models/sgi_nonconformity.py:45,Model,,
239,modelo heredado,quality.alert,addons/quimibond_sgi/models/sgi_nonconformity.py:59,Model,,
240,modelo propio,sgi.action.line,addons/quimibond_sgi/models/sgi_nonconformity.py:653,Model,,
241,modelo propio,sgi.nc.force.close,addons/quimibond_sgi/models/sgi_nonconformity.py:901,TransientModel,,
242,modelo propio,sgi.nc.cancel,addons/quimibond_sgi/models/sgi_nonconformity.py:926,TransientModel,,
243,modelo propio,sgi.norm,addons/quimibond_sgi/models/sgi_norm.py:5,Model,,
244,modelo propio,sgi.norm.clause,addons/quimibond_sgi/models/sgi_norm.py:21,Model,,
245,modelo heredado,sgi.process.activity,addons/quimibond_sgi/models/sgi_norm_compliance.py:21,Model,,
246,modelo heredado,sgi.norm.clause,addons/quimibond_sgi/models/sgi_norm_compliance.py:41,Model,,
247,modelo heredado,sgi.norm,addons/quimibond_sgi/models/sgi_norm_compliance.py:119,Model,,
248,modelo heredado,sgi.audit.checklist.line,addons/quimibond_sgi/models/sgi_norm_compliance.py:164,Model,,
249,modelo heredado,sgi.audit,addons/quimibond_sgi/models/sgi_norm_compliance.py:207,Model,,
250,modelo propio,sgi.objective,addons/quimibond_sgi/models/sgi_objective.py:17,Model,,
251,modelo propio,sgi.policy,addons/quimibond_sgi/models/sgi_policy.py:18,Model,,
252,modelo propio,sgi.ppap.element.template,addons/quimibond_sgi/models/sgi_ppap.py:17,Model,,
253,modelo propio,sgi.ppap,addons/quimibond_sgi/models/sgi_ppap.py:28,Model,,
254,modelo heredado,res.partner,addons/quimibond_sgi/models/sgi_ppap.py:170,Model,,
255,modelo heredado,product.template,addons/quimibond_sgi/models/sgi_ppap.py:194,Model,,
256,modelo heredado,product.product,addons/quimibond_sgi/models/sgi_ppap.py:218,Model,,
257,modelo propio,sgi.ppap.element,addons/quimibond_sgi/models/sgi_ppap.py:235,Model,,
258,modelo propio,sgi.process,addons/quimibond_sgi/models/sgi_process.py:8,Model,,
259,modelo propio,sgi.process.flow,addons/quimibond_sgi/models/sgi_process.py:409,Model,,
260,modelo heredado,sgi.process,addons/quimibond_sgi/models/sgi_process_procedure.py:36,Model,,
261,modelo propio,sgi.process.responsibility,addons/quimibond_sgi/models/sgi_process_procedure.py:434,Model,,
262,modelo propio,sgi.process.activity,addons/quimibond_sgi/models/sgi_process_procedure.py:479,Model,,
263,modelo propio,sgi.activity.link,addons/quimibond_sgi/models/sgi_process_procedure.py:1409,Model,,
264,modelo heredado,stock.picking,addons/quimibond_sgi/models/sgi_release.py:42,Model,,
265,modelo propio,sgi.risk.category,addons/quimibond_sgi/models/sgi_risk.py:26,Model,,
266,modelo propio,sgi.risk,addons/quimibond_sgi/models/sgi_risk.py:35,Model,,
267,modelo heredado,sale.order,addons/quimibond_sgi/models/sgi_sale_commitment.py:14,Model,,
268,modelo propio,sgi.sales.budget,addons/quimibond_sgi/models/sgi_sales_budget.py:40,Model,,
269,modelo propio,sgi.sales.budget.import,addons/quimibond_sgi/models/sgi_sales_budget_import.py:37,TransientModel,,
270,modelo propio,sgi.sales.budget.line,addons/quimibond_sgi/models/sgi_sales_budget_line.py:19,Model,,
271,modelo heredado,res.config.settings,addons/quimibond_sgi/models/sgi_settings.py:5,TransientModel,,
272,modelo propio,sgi.sign.builder,addons/quimibond_sgi/models/sgi_sign_builder.py:25,AbstractModel,,
273,modelo heredado,documents.document,addons/quimibond_sgi/models/sgi_sign_elearning.py:21,Model,,
274,modelo heredado,sgi.document.ack,addons/quimibond_sgi/models/sgi_sign_elearning.py:117,Model,,
275,modelo heredado,slide.channel,addons/quimibond_sgi/models/sgi_sign_elearning.py:148,Model,,
276,modelo propio,sgi.sign.record.mixin,addons/quimibond_sgi/models/sgi_sign_record.py:15,AbstractModel,,
277,modelo heredado,purchase.order,addons/quimibond_sgi/models/sgi_sign_record.py:71,Model,,
278,modelo heredado,stock.picking,addons/quimibond_sgi/models/sgi_sign_record.py:76,Model,,
279,modelo heredado,stock.lot,addons/quimibond_sgi/models/sgi_sign_record.py:81,Model,,
280,modelo heredado,product.template,addons/quimibond_sgi/models/sgi_sign_record.py:86,Model,,
281,modelo heredado,product.product,addons/quimibond_sgi/models/sgi_sign_record.py:91,Model,,
282,modelo propio,sgi.sign.request.wizard,addons/quimibond_sgi/models/sgi_sign_record.py:108,TransientModel,,
283,modelo heredado,sgi.deliverable,addons/quimibond_sgi/models/sgi_sign_record.py:141,Model,,
284,modelo propio,sgi.staff.efficiency,addons/quimibond_sgi/models/sgi_staff_efficiency.py:30,Model,,
285,modelo propio,sgi.staff.efficiency.line,addons/quimibond_sgi/models/sgi_staff_efficiency.py:173,Model,,
286,modelo heredado,sgi.process,addons/quimibond_sgi/models/sgi_structure.py:18,Model,,
287,modelo heredado,sgi.process.activity,addons/quimibond_sgi/models/sgi_structure.py:119,Model,,
288,modelo heredado,res.partner,addons/quimibond_sgi/models/sgi_supplier_eval.py:17,Model,,
289,modelo propio,sgi.supplier.eval,addons/quimibond_sgi/models/sgi_supplier_eval.py:84,Model,,
290,modelo heredado,quality.alert,addons/quimibond_sgi/models/sgi_supplier_nc.py:17,Model,,
291,campo,sgi.activity.spec.gap.activity_id,addons/quimibond_sgi/models/sgi_activity_spec.py:122,Many2one,,
292,campo,sgi.activity.spec.gap.process_id,addons/quimibond_sgi/models/sgi_activity_spec.py:125,Many2one,,
293,campo,sgi.activity.spec.gap.code,addons/quimibond_sgi/models/sgi_activity_spec.py:127,Selection,,
294,campo,sgi.activity.spec.gap.severity,addons/quimibond_sgi/models/sgi_activity_spec.py:128,Selection,,
295,campo,sgi.activity.spec.gap.message,addons/quimibond_sgi/models/sgi_activity_spec.py:132,Char,,
296,campo,sgi.activity.spec.gap.company_id,addons/quimibond_sgi/models/sgi_activity_spec.py:133,Many2one,,
297,campo,sgi.process.activity.check_against,addons/quimibond_sgi/models/sgi_activity_spec.py:141,Char,,
298,campo,sgi.process.activity.done_criteria,addons/quimibond_sgi/models/sgi_activity_spec.py:146,Text,,
299,campo,sgi.process.activity.on_fail,addons/quimibond_sgi/models/sgi_activity_spec.py:151,Text,,
300,campo,sgi.process.activity.due_weekday,addons/quimibond_sgi/models/sgi_activity_spec.py:156,Selection,,
301,campo,sgi.process.activity.due_business_day,addons/quimibond_sgi/models/sgi_activity_spec.py:159,Integer,,
302,campo,sgi.process.activity.due_month,addons/quimibond_sgi/models/sgi_activity_spec.py:165,Selection,,
303,campo,sgi.process.activity.due_day,addons/quimibond_sgi/models/sgi_activity_spec.py:169,Integer,,
304,campo,sgi.process.activity.exec_channel,addons/quimibond_sgi/models/sgi_activity_spec.py:173,Selection,,
305,campo,sgi.process.activity.odoo_action_id,addons/quimibond_sgi/models/sgi_activity_spec.py:176,Many2one,,
306,campo,sgi.process.activity.external_system,addons/quimibond_sgi/models/sgi_activity_spec.py:180,Char,,
307,campo,sgi.process.activity.location_id,addons/quimibond_sgi/models/sgi_activity_spec.py:183,Many2one,,
308,campo,sgi.process.activity.workcenter_id,addons/quimibond_sgi/models/sgi_activity_spec.py:186,Many2one,,
309,campo,sgi.process.activity.place_note,addons/quimibond_sgi/models/sgi_activity_spec.py:188,Char,,
310,campo,sgi.process.activity.how_steps,addons/quimibond_sgi/models/sgi_activity_spec.py:191,Text,,
311,campo,sgi.process.activity.spec_gap_ids,addons/quimibond_sgi/models/sgi_activity_spec.py:196,One2many,,
312,campo,sgi.process.activity.spec_complete,addons/quimibond_sgi/models/sgi_activity_spec.py:198,Boolean,,
313,campo,sgi.process.activity.spec_gap_summary,addons/quimibond_sgi/models/sgi_activity_spec.py:201,Text,,
314,campo,sgi.activity.input.applies_domain,addons/quimibond_sgi/models/sgi_activity_spec.py:469,Char,,
315,campo,sgi.activity.input.applies_note,addons/quimibond_sgi/models/sgi_activity_spec.py:474,Char,,
316,campo,sgi.activity.input.match_path,addons/quimibond_sgi/models/sgi_activity_spec.py:476,Char,,
317,campo,sgi.activity.input.due_field,addons/quimibond_sgi/models/sgi_activity_spec.py:483,Char,,
318,campo,sgi.activity.input.offset_days,addons/quimibond_sgi/models/sgi_activity_spec.py:488,Integer,,
319,campo,sgi.deliverable.complete_domain,addons/quimibond_sgi/models/sgi_activity_spec.py:568,Char,,
320,campo,sgi.deliverable.complete_criteria,addons/quimibond_sgi/models/sgi_activity_spec.py:573,Text,,
321,campo,sgi.process.state,addons/quimibond_sgi/models/sgi_activity_spec.py:599,Selection,,
322,campo,sgi.process.spec_error_count,addons/quimibond_sgi/models/sgi_activity_spec.py:606,Integer,,
323,campo,sgi.process.spec_warning_count,addons/quimibond_sgi/models/sgi_activity_spec.py:608,Integer,,
324,campo,sgi.process.channel_odoo_pct,addons/quimibond_sgi/models/sgi_activity_spec.py:610,Integer,,
325,campo,sgi.process.channel_manual_pct,addons/quimibond_sgi/models/sgi_activity_spec.py:613,Integer,,
326,campo,sgi.process.odoo_measured_pct,addons/quimibond_sgi/models/sgi_activity_spec.py:616,Integer,,
327,campo,sgi.indicator.baseline_value,addons/quimibond_sgi/models/sgi_activity_spec.py:700,Float,,
328,campo,sgi.indicator.target_date,addons/quimibond_sgi/models/sgi_activity_spec.py:702,Date,,
329,campo,sgi.indicator.spec_missing,addons/quimibond_sgi/models/sgi_activity_spec.py:705,Char,,
330,campo,sgi.indicator.activity_id,addons/quimibond_sgi/models/sgi_activity_spec.py:709,Many2one,,
331,campo,sgi.indicator.deliverable_id,addons/quimibond_sgi/models/sgi_activity_spec.py:712,Many2one,,
332,campo,sgi.activity.week.stat.activity_id,addons/quimibond_sgi/models/sgi_activity_spec.py:851,Many2one,,
333,campo,sgi.activity.week.stat.process_id,addons/quimibond_sgi/models/sgi_activity_spec.py:854,Many2one,,
334,campo,sgi.activity.week.stat.exec_channel,addons/quimibond_sgi/models/sgi_activity_spec.py:856,Selection,,
335,campo,sgi.activity.week.stat.period_start,addons/quimibond_sgi/models/sgi_activity_spec.py:858,Date,,
336,campo,sgi.activity.week.stat.applicable_count,addons/quimibond_sgi/models/sgi_activity_spec.py:859,Integer,,
337,campo,sgi.activity.week.stat.done_count,addons/quimibond_sgi/models/sgi_activity_spec.py:860,Integer,,
338,campo,sgi.activity.week.stat.complete_count,addons/quimibond_sgi/models/sgi_activity_spec.py:861,Integer,,
339,campo,sgi.activity.week.stat.timed_count,addons/quimibond_sgi/models/sgi_activity_spec.py:862,Integer,,
340,campo,sgi.activity.week.stat.on_time_count,addons/quimibond_sgi/models/sgi_activity_spec.py:865,Integer,,
341,campo,sgi.activity.week.stat.late_open_count,addons/quimibond_sgi/models/sgi_activity_spec.py:866,Integer,,
342,campo,sgi.activity.week.stat.completeness_rate,addons/quimibond_sgi/models/sgi_activity_spec.py:869,Float,,
343,campo,sgi.activity.week.stat.on_time_rate,addons/quimibond_sgi/models/sgi_activity_spec.py:872,Float,,
344,campo,sgi.activity.week.stat.company_id,addons/quimibond_sgi/models/sgi_activity_spec.py:875,Many2one,,
345,campo,sgi.alert.source.code,addons/quimibond_sgi/models/sgi_alert_source.py:26,Char,,
346,campo,sgi.alert.source.name,addons/quimibond_sgi/models/sgi_alert_source.py:30,Char,,
347,campo,sgi.alert.source.sequence,addons/quimibond_sgi/models/sgi_alert_source.py:31,Integer,,
348,campo,sgi.alert.source.enabled,addons/quimibond_sgi/models/sgi_alert_source.py:32,Boolean,,
349,campo,sgi.alert.source.trigger_type,addons/quimibond_sgi/models/sgi_alert_source.py:37,Selection,,
350,campo,sgi.alert.source.trigger_note,addons/quimibond_sgi/models/sgi_alert_source.py:45,Text,,
351,campo,sgi.alert.source.origin_module,addons/quimibond_sgi/models/sgi_alert_source.py:48,Char,,
352,campo,sgi.alert.source.alert_count,addons/quimibond_sgi/models/sgi_alert_source.py:50,Integer,,
353,campo,sgi.alert.source.suppressed_count,addons/quimibond_sgi/models/sgi_alert_source.py:51,Integer,,
354,campo,sgi.alert.source.last_suppressed_on,addons/quimibond_sgi/models/sgi_alert_source.py:55,Datetime,,
355,campo,studio.approval.rule.sgi_role_id,addons/quimibond_sgi/models/sgi_approval_native.py:61,Many2one,,
356,campo,approval.category.sgi_role_id,addons/quimibond_sgi/models/sgi_approval_native.py:69,Many2one,,
357,campo,sgi.activity.role.approval_kind,addons/quimibond_sgi/models/sgi_approval_native.py:77,Selection,,
358,campo,sgi.activity.role.approval_category_id,addons/quimibond_sgi/models/sgi_approval_native.py:81,Many2one,,
359,campo,sgi.activity.role.approval_sign_template_id,addons/quimibond_sgi/models/sgi_approval_native.py:84,Many2one,,
360,campo,sgi.activity.role.approval_conflict_rule_ids,addons/quimibond_sgi/models/sgi_approval_native.py:86,Many2many,,
361,campo,sgi.activity.role.approval_model_id,addons/quimibond_sgi/models/sgi_approval_native.py:91,Many2one,,
362,campo,sgi.activity.role.approval_model_name,addons/quimibond_sgi/models/sgi_approval_native.py:96,Char,,
363,campo,sgi.activity.role.approval_method,addons/quimibond_sgi/models/sgi_approval_native.py:97,Char,,
364,campo,sgi.activity.role.condition_field_id,addons/quimibond_sgi/models/sgi_approval_native.py:100,Many2one,,
365,campo,sgi.activity.role.condition_operator,addons/quimibond_sgi/models/sgi_approval_native.py:105,Selection,,
366,campo,sgi.activity.role.condition_value,addons/quimibond_sgi/models/sgi_approval_native.py:106,Char,,
367,campo,sgi.activity.role.approval_domain,addons/quimibond_sgi/models/sgi_approval_native.py:107,Char,,
368,campo,sgi.activity.role.approval_rule_id,addons/quimibond_sgi/models/sgi_approval_native.py:108,Many2one,,
369,campo,sgi.activity.role.approval_user_ids,addons/quimibond_sgi/models/sgi_approval_native.py:110,Many2many,,
370,campo,sgi.activity.role.approval_state,addons/quimibond_sgi/models/sgi_approval_native.py:112,Selection,,
371,campo,sgi.activity.role.approval_entry_count,addons/quimibond_sgi/models/sgi_approval_native.py:114,Integer,,
372,campo,sgi.activity.role.approval_last_date,addons/quimibond_sgi/models/sgi_approval_native.py:115,Datetime,,
373,campo,sgi.area.code,addons/quimibond_sgi/models/sgi_area.py:10,Char,,
374,campo,sgi.area.name,addons/quimibond_sgi/models/sgi_area.py:11,Char,,
375,campo,sgi.area.department_id,addons/quimibond_sgi/models/sgi_area.py:12,Many2one,,
376,campo,sgi.area.active,addons/quimibond_sgi/models/sgi_area.py:13,Boolean,,
377,campo,sgi.audit.program.name,addons/quimibond_sgi/models/sgi_audit.py:38,Char,,
378,campo,sgi.audit.program.year,addons/quimibond_sgi/models/sgi_audit.py:39,Integer,,
379,campo,sgi.audit.program.state,addons/quimibond_sgi/models/sgi_audit.py:41,Selection,,
380,campo,sgi.audit.program.line_ids,addons/quimibond_sgi/models/sgi_audit.py:46,One2many,,
381,campo,sgi.audit.program.line.program_id,addons/quimibond_sgi/models/sgi_audit.py:125,Many2one,,
382,campo,sgi.audit.program.line.process_id,addons/quimibond_sgi/models/sgi_audit.py:127,Many2one,,
383,campo,sgi.audit.program.line.planned_month,addons/quimibond_sgi/models/sgi_audit.py:128,Selection,,
384,campo,sgi.audit.program.line.audit_type,addons/quimibond_sgi/models/sgi_audit.py:129,Selection,,
385,campo,sgi.audit.program.line.partner_id,addons/quimibond_sgi/models/sgi_audit.py:135,Many2one,,
386,campo,sgi.audit.program.line.norm_ids,addons/quimibond_sgi/models/sgi_audit.py:136,Many2many,,
387,campo,sgi.audit.program.line.lead_auditor_id,addons/quimibond_sgi/models/sgi_audit.py:137,Many2one,,
388,campo,sgi.audit.program.line.state,addons/quimibond_sgi/models/sgi_audit.py:138,Selection,,
389,campo,sgi.audit.program.line.audit_id,addons/quimibond_sgi/models/sgi_audit.py:143,Many2one,,
390,campo,sgi.audit.name,addons/quimibond_sgi/models/sgi_audit.py:178,Char,,
391,campo,sgi.audit.program_line_id,addons/quimibond_sgi/models/sgi_audit.py:179,Many2one,,
392,campo,sgi.audit.audit_type,addons/quimibond_sgi/models/sgi_audit.py:180,Selection,,
393,campo,sgi.audit.partner_id,addons/quimibond_sgi/models/sgi_audit.py:189,Many2one,,
394,campo,sgi.audit.external_report_ref,addons/quimibond_sgi/models/sgi_audit.py:190,Char,,
395,campo,sgi.audit.norm_ids,addons/quimibond_sgi/models/sgi_audit.py:192,Many2many,,
396,campo,sgi.audit.process_ids,addons/quimibond_sgi/models/sgi_audit.py:193,Many2many,,
397,campo,sgi.audit.lead_auditor_id,addons/quimibond_sgi/models/sgi_audit.py:194,Many2one,,
398,campo,sgi.audit.auditor_ids,addons/quimibond_sgi/models/sgi_audit.py:195,Many2many,,
399,campo,sgi.audit.auditee_ids,addons/quimibond_sgi/models/sgi_audit.py:197,Many2many,,
400,campo,sgi.audit.date_planned,addons/quimibond_sgi/models/sgi_audit.py:199,Date,,
401,campo,sgi.audit.date_start,addons/quimibond_sgi/models/sgi_audit.py:200,Date,,
402,campo,sgi.audit.date_end,addons/quimibond_sgi/models/sgi_audit.py:201,Date,,
403,campo,sgi.audit.survey_id,addons/quimibond_sgi/models/sgi_audit.py:202,Many2one,,
404,campo,sgi.audit.survey_input_ids,addons/quimibond_sgi/models/sgi_audit.py:203,Many2many,,
405,campo,sgi.audit.conclusion,addons/quimibond_sgi/models/sgi_audit.py:205,Text,,
406,campo,sgi.audit.opening_minutes,addons/quimibond_sgi/models/sgi_audit.py:208,Text,,
407,campo,sgi.audit.closing_minutes,addons/quimibond_sgi/models/sgi_audit.py:212,Text,,
408,campo,sgi.audit.state,addons/quimibond_sgi/models/sgi_audit.py:216,Selection,,
409,campo,sgi.audit.finding_ids,addons/quimibond_sgi/models/sgi_audit.py:223,One2many,,
410,campo,sgi.audit.finding_count,addons/quimibond_sgi/models/sgi_audit.py:224,Integer,,
411,campo,sgi.audit.checklist_line_ids,addons/quimibond_sgi/models/sgi_audit.py:226,One2many,,
412,campo,sgi.audit.checklist_count,addons/quimibond_sgi/models/sgi_audit.py:228,Integer,,
413,campo,sgi.audit.checklist_answered_count,addons/quimibond_sgi/models/sgi_audit.py:229,Integer,,
414,campo,sgi.audit.checklist_nonconforming_count,addons/quimibond_sgi/models/sgi_audit.py:230,Integer,,
415,campo,sgi.audit.report_document_id,addons/quimibond_sgi/models/sgi_audit.py:232,Many2one,,
416,campo,sgi.audit.finding.audit_id,addons/quimibond_sgi/models/sgi_audit.py:533,Many2one,,
417,campo,sgi.audit.finding.finding_type,addons/quimibond_sgi/models/sgi_audit.py:535,Selection,,
418,campo,sgi.audit.finding.norm_clause_id,addons/quimibond_sgi/models/sgi_audit.py:542,Many2one,,
419,campo,sgi.audit.finding.checklist_line_id,addons/quimibond_sgi/models/sgi_audit.py:543,Many2one,,
420,campo,sgi.audit.finding.survey_line_id,addons/quimibond_sgi/models/sgi_audit.py:545,Many2one,,
421,campo,sgi.audit.finding.process_id,addons/quimibond_sgi/models/sgi_audit.py:548,Many2one,,
422,campo,sgi.audit.finding.description,addons/quimibond_sgi/models/sgi_audit.py:549,Text,,
423,campo,sgi.audit.finding.evidence,addons/quimibond_sgi/models/sgi_audit.py:550,Text,,
424,campo,sgi.audit.finding.disposition,addons/quimibond_sgi/models/sgi_audit.py:551,Selection,,
425,campo,sgi.audit.finding.alert_id,addons/quimibond_sgi/models/sgi_audit.py:556,Many2one,,
426,campo,sgi.audit.finding.reason_no_action,addons/quimibond_sgi/models/sgi_audit.py:557,Text,,
427,campo,sgi.audit.checklist.line.audit_id,addons/quimibond_sgi/models/sgi_audit.py:620,Many2one,,
428,campo,sgi.audit.checklist.line.sequence,addons/quimibond_sgi/models/sgi_audit.py:622,Integer,,
429,campo,sgi.audit.checklist.line.activity_id,addons/quimibond_sgi/models/sgi_audit.py:623,Many2one,,
430,campo,sgi.audit.checklist.line.process_id,addons/quimibond_sgi/models/sgi_audit.py:625,Many2one,,
431,campo,sgi.audit.checklist.line.question,addons/quimibond_sgi/models/sgi_audit.py:626,Char,,
432,campo,sgi.audit.checklist.line.executor,addons/quimibond_sgi/models/sgi_audit.py:627,Char,,
433,campo,sgi.audit.checklist.line.deliverables,addons/quimibond_sgi/models/sgi_audit.py:628,Char,,
434,campo,sgi.audit.checklist.line.can_open_records,addons/quimibond_sgi/models/sgi_audit.py:629,Boolean,,
435,campo,sgi.audit.checklist.line.answer,addons/quimibond_sgi/models/sgi_audit.py:630,Selection,,
436,campo,sgi.audit.checklist.line.evidence,addons/quimibond_sgi/models/sgi_audit.py:636,Text,,
437,campo,sgi.audit.checklist.line.finding_id,addons/quimibond_sgi/models/sgi_audit.py:637,Many2one,,
438,campo,sgi.audit.checklist.line.audit_state,addons/quimibond_sgi/models/sgi_audit.py:638,Selection,,
439,campo,sgi.base.mixin.folio,addons/quimibond_sgi/models/sgi_base.py:34,Char,,
440,campo,budget.analytic.sgi_sales_budget_id,addons/quimibond_sgi/models/sgi_budget_analytic.py:13,Many2one,,
441,campo,sgi.process.activity.sale_team_ids,addons/quimibond_sgi/models/sgi_business_line.py:69,Many2many,,
442,campo,sgi.process.activity.fiscal_position_ids,addons/quimibond_sgi/models/sgi_business_line.py:74,Many2many,,
443,campo,sgi.process.activity.department_ids,addons/quimibond_sgi/models/sgi_business_line.py:78,Many2many,,
444,campo,sgi.process.activity.team_filter_id,addons/quimibond_sgi/models/sgi_business_line.py:82,Many2one,,
445,campo,sgi.process.activity.market_filter_id,addons/quimibond_sgi/models/sgi_business_line.py:85,Many2one,,
446,campo,sgi.process.activity_team_ids,addons/quimibond_sgi/models/sgi_business_line.py:125,Many2many,,
447,campo,hr.job.sgi_team_ids,addons/quimibond_sgi/models/sgi_business_line.py:145,Many2many,,
448,campo,hr.employee.sgi_team_ids,addons/quimibond_sgi/models/sgi_business_line.py:190,Many2many,,
449,campo,sgi.activity.exec.stat.department_id,addons/quimibond_sgi/models/sgi_business_line.py:244,Many2one,,
450,campo,sgi.activity.exec.stat.sale_team_ids,addons/quimibond_sgi/models/sgi_business_line.py:246,Many2many,,
451,campo,sgi.activity.exec.stat.team_filter_id,addons/quimibond_sgi/models/sgi_business_line.py:249,Many2one,,
452,campo,sgi.indicator.measure_split,addons/quimibond_sgi/models/sgi_business_line.py:261,Selection,,
453,campo,sgi.indicator.measure_team_ids,addons/quimibond_sgi/models/sgi_business_line.py:270,Many2many,,
454,campo,sgi.indicator.split_support,addons/quimibond_sgi/models/sgi_business_line.py:274,Char,,
455,campo,sgi.indicator.measure.split_ids,addons/quimibond_sgi/models/sgi_business_line.py:413,One2many,,
456,campo,sgi.indicator.measure.split.measure_id,addons/quimibond_sgi/models/sgi_business_line.py:425,Many2one,,
457,campo,sgi.indicator.measure.split.indicator_id,addons/quimibond_sgi/models/sgi_business_line.py:427,Many2one,,
458,campo,sgi.indicator.measure.split.period_date,addons/quimibond_sgi/models/sgi_business_line.py:429,Date,,
459,campo,sgi.indicator.measure.split.team_id,addons/quimibond_sgi/models/sgi_business_line.py:430,Many2one,,
460,campo,sgi.indicator.measure.split.market,addons/quimibond_sgi/models/sgi_business_line.py:431,Selection,,
461,campo,sgi.indicator.measure.split.label,addons/quimibond_sgi/models/sgi_business_line.py:432,Char,,
462,campo,sgi.indicator.measure.split.value,addons/quimibond_sgi/models/sgi_business_line.py:433,Float,,
463,campo,sgi.indicator.measure.split.numerator,addons/quimibond_sgi/models/sgi_business_line.py:434,Float,,
464,campo,sgi.indicator.measure.split.denominator,addons/quimibond_sgi/models/sgi_business_line.py:435,Float,,
465,campo,sgi.indicator.measure.split.sample_size,addons/quimibond_sgi/models/sgi_business_line.py:436,Integer,,
466,campo,sgi.indicator.measure.split.state,addons/quimibond_sgi/models/sgi_business_line.py:437,Selection,,
467,campo,sgi.indicator.measure.split.uom,addons/quimibond_sgi/models/sgi_business_line.py:441,Char,,
468,campo,sgi.indicator.measure.split.semaphore,addons/quimibond_sgi/models/sgi_business_line.py:442,Selection,,
469,campo,sgi.indicator.measure.split.detail_model,addons/quimibond_sgi/models/sgi_business_line.py:447,Char,,
470,campo,sgi.indicator.measure.split.detail_ids,addons/quimibond_sgi/models/sgi_business_line.py:448,Text,,
471,campo,quality.check.sgi_equipment_id,addons/quimibond_sgi/models/sgi_calibration.py:11,Many2one,,
472,campo,maintenance.equipment.sgi_is_measuring,addons/quimibond_sgi/models/sgi_calibration.py:54,Boolean,,
473,campo,maintenance.equipment.sgi_magnitude,addons/quimibond_sgi/models/sgi_calibration.py:55,Char,,
474,campo,maintenance.equipment.sgi_range,addons/quimibond_sgi/models/sgi_calibration.py:56,Char,,
475,campo,maintenance.equipment.sgi_resolution,addons/quimibond_sgi/models/sgi_calibration.py:57,Char,,
476,campo,maintenance.equipment.sgi_calibration_interval_months,addons/quimibond_sgi/models/sgi_calibration.py:58,Integer,,
477,campo,maintenance.equipment.sgi_last_calibration_date,addons/quimibond_sgi/models/sgi_calibration.py:60,Date,,
478,campo,maintenance.equipment.sgi_next_calibration_date,addons/quimibond_sgi/models/sgi_calibration.py:61,Date,,
479,campo,maintenance.equipment.sgi_calibration_state,addons/quimibond_sgi/models/sgi_calibration.py:66,Selection,,
480,campo,maintenance.equipment.sgi_do_not_use,addons/quimibond_sgi/models/sgi_calibration.py:71,Boolean,,
481,campo,maintenance.equipment.sgi_calibration_ids,addons/quimibond_sgi/models/sgi_calibration.py:73,One2many,,
482,campo,maintenance.equipment.sgi_calibration_count,addons/quimibond_sgi/models/sgi_calibration.py:75,Integer,,
483,campo,maintenance.equipment.sgi_is_ppe,addons/quimibond_sgi/models/sgi_calibration.py:79,Boolean,,
484,campo,maintenance.equipment.sgi_ppe_expiry_date,addons/quimibond_sgi/models/sgi_calibration.py:80,Date,,
485,campo,sgi.calibration.equipment_id,addons/quimibond_sgi/models/sgi_calibration.py:127,Many2one,,
486,campo,sgi.calibration.date,addons/quimibond_sgi/models/sgi_calibration.py:129,Date,,
487,campo,sgi.calibration.calibration_type,addons/quimibond_sgi/models/sgi_calibration.py:131,Selection,,
488,campo,sgi.calibration.provider_id,addons/quimibond_sgi/models/sgi_calibration.py:135,Many2one,,
489,campo,sgi.calibration.certificate_ref,addons/quimibond_sgi/models/sgi_calibration.py:136,Char,,
490,campo,sgi.calibration.certificate_file,addons/quimibond_sgi/models/sgi_calibration.py:139,Binary,,
491,campo,sgi.calibration.certificate_filename,addons/quimibond_sgi/models/sgi_calibration.py:140,Char,,
492,campo,sgi.calibration.result,addons/quimibond_sgi/models/sgi_calibration.py:141,Selection,,
493,campo,sgi.calibration.notes,addons/quimibond_sgi/models/sgi_calibration.py:145,Text,,
494,campo,sgi.calibration.next_date,addons/quimibond_sgi/models/sgi_calibration.py:146,Date,,
495,campo,sgi.calibration.sgi_alert_id,addons/quimibond_sgi/models/sgi_calibration.py:148,Many2one,,
496,campo,sgi.job.family.code,addons/quimibond_sgi/models/sgi_catalog.py:65,Char,,
497,campo,sgi.job.family.name,addons/quimibond_sgi/models/sgi_catalog.py:66,Char,,
498,campo,sgi.job.family.job_ids,addons/quimibond_sgi/models/sgi_catalog.py:67,Many2many,,
499,campo,sgi.job.family.company_id,addons/quimibond_sgi/models/sgi_catalog.py:70,Many2one,,
500,campo,sgi.job.family.active,addons/quimibond_sgi/models/sgi_catalog.py:73,Boolean,,
501,campo,sgi.job.family.employee_count,addons/quimibond_sgi/models/sgi_catalog.py:74,Integer,,
502,campo,sgi.activity.role.activity_id,addons/quimibond_sgi/models/sgi_catalog.py:119,Many2one,,
503,campo,sgi.activity.role.role,addons/quimibond_sgi/models/sgi_catalog.py:122,Selection,,
504,campo,sgi.activity.role.target_type,addons/quimibond_sgi/models/sgi_catalog.py:126,Selection,,
505,campo,sgi.activity.role.job_id,addons/quimibond_sgi/models/sgi_catalog.py:128,Many2one,,
506,campo,sgi.activity.role.family_id,addons/quimibond_sgi/models/sgi_catalog.py:130,Many2one,,
507,campo,sgi.activity.role.relative_role,addons/quimibond_sgi/models/sgi_catalog.py:133,Selection,,
508,campo,sgi.activity.role.after_days,addons/quimibond_sgi/models/sgi_catalog.py:138,Integer,,
509,campo,sgi.activity.role.condition,addons/quimibond_sgi/models/sgi_catalog.py:142,Char,,
510,campo,sgi.activity.role.sequence,addons/quimibond_sgi/models/sgi_catalog.py:147,Integer,,
511,campo,sgi.activity.role.process_id,addons/quimibond_sgi/models/sgi_catalog.py:148,Many2one,,
512,campo,sgi.activity.role.company_id,addons/quimibond_sgi/models/sgi_catalog.py:151,Many2one,,
513,campo,hr.job.sgi_role_ids,addons/quimibond_sgi/models/sgi_catalog.py:310,One2many,,
514,campo,hr.job.sgi_family_ids,addons/quimibond_sgi/models/sgi_catalog.py:312,Many2many,,
515,campo,hr.job.sgi_family_id,addons/quimibond_sgi/models/sgi_catalog.py:315,Many2one,,
516,campo,hr.job.sgi_vacancy_approved,addons/quimibond_sgi/models/sgi_catalog.py:322,Boolean,,
517,campo,hr.job.sgi_vacancy_until,addons/quimibond_sgi/models/sgi_catalog.py:326,Date,,
518,campo,hr.job.sgi_execute_count,addons/quimibond_sgi/models/sgi_catalog.py:370,Integer,,
519,campo,hr.job.sgi_approve_count,addons/quimibond_sgi/models/sgi_catalog.py:372,Integer,,
520,campo,hr.job.sgi_participate_count,addons/quimibond_sgi/models/sgi_catalog.py:374,Integer,,
521,campo,hr.job.sgi_inform_count,addons/quimibond_sgi/models/sgi_catalog.py:376,Integer,,
522,campo,hr.job.sgi_role_count,addons/quimibond_sgi/models/sgi_catalog.py:378,Integer,,
523,campo,hr.job.sgi_all_role_ids,addons/quimibond_sgi/models/sgi_catalog.py:380,Many2many,,
524,campo,sgi.document.type.code,addons/quimibond_sgi/models/sgi_catalog.py:573,Char,,
525,campo,sgi.document.type.name,addons/quimibond_sgi/models/sgi_catalog.py:577,Char,,
526,campo,sgi.document.type.sequence,addons/quimibond_sgi/models/sgi_catalog.py:578,Integer,,
527,campo,sgi.document.type.active,addons/quimibond_sgi/models/sgi_catalog.py:579,Boolean,,
528,campo,sgi.document.type.prefix_pattern,addons/quimibond_sgi/models/sgi_catalog.py:580,Char,,
529,campo,sgi.document.type.requires_process,addons/quimibond_sgi/models/sgi_catalog.py:585,Boolean,,
530,campo,sgi.document.type.code_required,addons/quimibond_sgi/models/sgi_catalog.py:589,Boolean,,
531,campo,sgi.document.type.legacy_code_regex,addons/quimibond_sgi/models/sgi_catalog.py:593,Char,,
532,campo,sgi.document.type.company_id,addons/quimibond_sgi/models/sgi_catalog.py:597,Many2one,,
533,campo,sgi.checklist.template.name,addons/quimibond_sgi/models/sgi_checklist.py:30,Char,,
534,campo,sgi.checklist.template.code,addons/quimibond_sgi/models/sgi_checklist.py:31,Char,,
535,campo,sgi.checklist.template.frequency,addons/quimibond_sgi/models/sgi_checklist.py:32,Selection,,
536,campo,sgi.checklist.template.equipment_ids,addons/quimibond_sgi/models/sgi_checklist.py:36,Many2many,,
537,campo,sgi.checklist.template.maintenance_team_id,addons/quimibond_sgi/models/sgi_checklist.py:37,Many2one,,
538,campo,sgi.checklist.template.user_id,addons/quimibond_sgi/models/sgi_checklist.py:38,Many2one,,
539,campo,sgi.checklist.template.employee_ids,addons/quimibond_sgi/models/sgi_checklist.py:40,Many2many,,
540,campo,sgi.checklist.template.item_ids,addons/quimibond_sgi/models/sgi_checklist.py:43,One2many,,
541,campo,sgi.checklist.template.active,addons/quimibond_sgi/models/sgi_checklist.py:44,Boolean,,
542,campo,sgi.checklist.template.last_run,addons/quimibond_sgi/models/sgi_checklist.py:45,Date,,
543,campo,sgi.checklist.template.company_id,addons/quimibond_sgi/models/sgi_checklist.py:46,Many2one,,
544,campo,sgi.checklist.template.item.template_id,addons/quimibond_sgi/models/sgi_checklist.py:105,Many2one,,
545,campo,sgi.checklist.template.item.sequence,addons/quimibond_sgi/models/sgi_checklist.py:106,Integer,,
546,campo,sgi.checklist.template.item.name,addons/quimibond_sgi/models/sgi_checklist.py:107,Char,,
547,campo,sgi.checklist.template.item.hint,addons/quimibond_sgi/models/sgi_checklist.py:108,Char,,
548,campo,sgi.checklist.line.request_id,addons/quimibond_sgi/models/sgi_checklist.py:116,Many2one,,
549,campo,sgi.checklist.line.sequence,addons/quimibond_sgi/models/sgi_checklist.py:117,Integer,,
550,campo,sgi.checklist.line.name,addons/quimibond_sgi/models/sgi_checklist.py:118,Char,,
551,campo,sgi.checklist.line.hint,addons/quimibond_sgi/models/sgi_checklist.py:119,Char,,
552,campo,sgi.checklist.line.answer,addons/quimibond_sgi/models/sgi_checklist.py:120,Selection,,
553,campo,sgi.checklist.line.note,addons/quimibond_sgi/models/sgi_checklist.py:121,Char,,
554,campo,sgi.checklist.line.corrective_request_id,addons/quimibond_sgi/models/sgi_checklist.py:122,Many2one,,
555,campo,maintenance.request.sgi_checklist_template_id,addons/quimibond_sgi/models/sgi_checklist.py:129,Many2one,,
556,campo,maintenance.request.sgi_checklist_date,addons/quimibond_sgi/models/sgi_checklist.py:131,Date,,
557,campo,maintenance.request.sgi_checklist_line_ids,addons/quimibond_sgi/models/sgi_checklist.py:132,One2many,,
558,campo,maintenance.request.sgi_checklist_employee_id,addons/quimibond_sgi/models/sgi_checklist.py:133,Many2one,,
559,campo,maintenance.request.sgi_checklist_done_at,addons/quimibond_sgi/models/sgi_checklist.py:135,Datetime,,
560,campo,maintenance.request.sgi_checklist_state,addons/quimibond_sgi/models/sgi_checklist.py:136,Selection,,
561,campo,sgi.checklist.finish.request_id,addons/quimibond_sgi/models/sgi_checklist.py:187,Many2one,,
562,campo,sgi.checklist.finish.allowed_employee_ids,addons/quimibond_sgi/models/sgi_checklist.py:188,Many2many,,
563,campo,sgi.checklist.finish.employee_id,addons/quimibond_sgi/models/sgi_checklist.py:189,Many2one,,
564,campo,sgi.checklist.finish.pin,addons/quimibond_sgi/models/sgi_checklist.py:191,Char,,
565,campo,res.partner.sgi_requires_coa,addons/quimibond_sgi/models/sgi_coa.py:55,Boolean,,
566,campo,res.partner.sgi_coa_recipient_ids,addons/quimibond_sgi/models/sgi_coa.py:59,Many2many,,
567,campo,stock.picking.sgi_requires_coa,addons/quimibond_sgi/models/sgi_coa.py:95,Boolean,,
568,campo,stock.picking.sgi_coa_attachment_ids,addons/quimibond_sgi/models/sgi_coa.py:105,Many2many,,
569,campo,stock.picking.sgi_coa_date,addons/quimibond_sgi/models/sgi_coa.py:109,Datetime,,
570,campo,stock.picking.sgi_coa_uid,addons/quimibond_sgi/models/sgi_coa.py:110,Many2one,,
571,campo,stock.picking.sgi_coa_sent_date,addons/quimibond_sgi/models/sgi_coa.py:112,Datetime,,
572,campo,stock.picking.sgi_coa_status,addons/quimibond_sgi/models/sgi_coa.py:114,Selection,,
573,campo,sale.order.sgi_coa_status,addons/quimibond_sgi/models/sgi_coa.py:214,Selection,,
574,campo,sale.order.sgi_coa_attachment_count,addons/quimibond_sgi/models/sgi_coa.py:217,Integer,,
575,campo,sgi.coa.attach.wizard.picking_id,addons/quimibond_sgi/models/sgi_coa.py:246,Many2one,,
576,campo,sgi.coa.attach.wizard.attachment_ids,addons/quimibond_sgi/models/sgi_coa.py:247,Many2many,,
577,campo,sgi.coa.attach.wizard.recipient_ids,addons/quimibond_sgi/models/sgi_coa.py:250,Many2many,,
578,campo,sgi.coa.attach.wizard.send,addons/quimibond_sgi/models/sgi_coa.py:253,Boolean,,
579,campo,sgi.coa.exception.wizard.picking_ids,addons/quimibond_sgi/models/sgi_coa.py:293,Many2many,,
580,campo,sgi.coa.exception.wizard.reason,addons/quimibond_sgi/models/sgi_coa.py:294,Text,,
581,campo,sgi.coa.inbox.name,addons/quimibond_sgi/models/sgi_coa.py:317,Char,,
582,campo,sgi.coa.inbox.email_from,addons/quimibond_sgi/models/sgi_coa.py:318,Char,,
583,campo,sgi.coa.inbox.state,addons/quimibond_sgi/models/sgi_coa.py:319,Selection,,
584,campo,sgi.coa.inbox.picking_ids,addons/quimibond_sgi/models/sgi_coa.py:323,Many2many,,
585,campo,sgi.coa.inbox.picking_id,addons/quimibond_sgi/models/sgi_coa.py:326,Many2one,,
586,campo,sgi.coa.inbox.result,addons/quimibond_sgi/models/sgi_coa.py:330,Text,,
587,campo,sgi.coa.inbox.company_id,addons/quimibond_sgi/models/sgi_coa.py:331,Many2one,,
588,campo,hr.employee.sgi_skill_gap_count,addons/quimibond_sgi/models/sgi_competence.py:8,Integer,,
589,campo,sgi.competence.gap.employee_id,addons/quimibond_sgi/models/sgi_competence.py:38,Many2one,,
590,campo,sgi.competence.gap.department_id,addons/quimibond_sgi/models/sgi_competence.py:39,Many2one,,
591,campo,sgi.competence.gap.job_id,addons/quimibond_sgi/models/sgi_competence.py:40,Many2one,,
592,campo,sgi.competence.gap.skill_id,addons/quimibond_sgi/models/sgi_competence.py:41,Many2one,,
593,campo,sgi.competence.gap.skill_type_id,addons/quimibond_sgi/models/sgi_competence.py:42,Many2one,,
594,campo,sgi.competence.gap.required_level_id,addons/quimibond_sgi/models/sgi_competence.py:43,Many2one,,
595,campo,sgi.competence.gap.current_level_id,addons/quimibond_sgi/models/sgi_competence.py:44,Many2one,,
596,campo,sgi.competence.gap.required_progress,addons/quimibond_sgi/models/sgi_competence.py:45,Integer,,
597,campo,sgi.competence.gap.current_progress,addons/quimibond_sgi/models/sgi_competence.py:46,Integer,,
598,campo,sgi.competence.gap.gap,addons/quimibond_sgi/models/sgi_competence.py:47,Integer,,
599,campo,helpdesk.ticket.sgi_sale_order_id,addons/quimibond_sgi/models/sgi_complaint.py:8,Many2one,,
600,campo,helpdesk.ticket.sgi_product_id,addons/quimibond_sgi/models/sgi_complaint.py:9,Many2one,,
601,campo,helpdesk.ticket.sgi_lot_id,addons/quimibond_sgi/models/sgi_complaint.py:10,Many2one,,
602,campo,helpdesk.ticket.sgi_qty_affected,addons/quimibond_sgi/models/sgi_complaint.py:11,Float,,
603,campo,helpdesk.ticket.sgi_disposition,addons/quimibond_sgi/models/sgi_complaint.py:12,Selection,,
604,campo,helpdesk.ticket.sgi_alert_id,addons/quimibond_sgi/models/sgi_complaint.py:19,Many2one,,
605,campo,sgi.interested.party.name,addons/quimibond_sgi/models/sgi_context.py:23,Char,,
606,campo,sgi.interested.party.party_type,addons/quimibond_sgi/models/sgi_context.py:24,Selection,,
607,campo,sgi.interested.party.category,addons/quimibond_sgi/models/sgi_context.py:28,Selection,,
608,campo,sgi.interested.party.needs,addons/quimibond_sgi/models/sgi_context.py:37,Text,,
609,campo,sgi.interested.party.becomes_requirement,addons/quimibond_sgi/models/sgi_context.py:41,Boolean,,
610,campo,sgi.interested.party.requirement_note,addons/quimibond_sgi/models/sgi_context.py:45,Text,,
611,campo,sgi.interested.party.process_ids,addons/quimibond_sgi/models/sgi_context.py:49,Many2many,,
612,campo,sgi.interested.party.risk_ids,addons/quimibond_sgi/models/sgi_context.py:50,Many2many,,
613,campo,sgi.interested.party.legal_ids,addons/quimibond_sgi/models/sgi_context.py:53,Many2many,,
614,campo,sgi.interested.party.review_frequency_months,addons/quimibond_sgi/models/sgi_context.py:55,Integer,,
615,campo,sgi.interested.party.last_review_date,addons/quimibond_sgi/models/sgi_context.py:57,Date,,
616,campo,sgi.interested.party.next_review_date,addons/quimibond_sgi/models/sgi_context.py:58,Date,,
617,campo,sgi.interested.party.active,addons/quimibond_sgi/models/sgi_context.py:61,Boolean,,
618,campo,quality.point.sgi_control_plan_id,addons/quimibond_sgi/models/sgi_control_plan.py:11,Many2one,,
619,campo,quality.point.sgi_replaced_document_ids,addons/quimibond_sgi/models/sgi_control_plan.py:15,One2many,,
620,campo,quality.point.sgi_replaced_document_count,addons/quimibond_sgi/models/sgi_control_plan.py:18,Integer,,
621,campo,quality.point.sgi_characteristic,addons/quimibond_sgi/models/sgi_control_plan.py:35,Char,,
622,campo,quality.point.sgi_criticality,addons/quimibond_sgi/models/sgi_control_plan.py:37,Selection,,
623,campo,quality.point.sgi_in_coa,addons/quimibond_sgi/models/sgi_control_plan.py:43,Boolean,,
624,campo,quality.point.sgi_cpk_target,addons/quimibond_sgi/models/sgi_control_plan.py:46,Float,,
625,campo,quality.point.sgi_reaction_plan,addons/quimibond_sgi/models/sgi_control_plan.py:48,Text,,
626,campo,quality.point.sgi_equipment_id,addons/quimibond_sgi/models/sgi_control_plan.py:49,Many2one,,
627,campo,sgi.control.plan.name,addons/quimibond_sgi/models/sgi_control_plan.py:68,Char,,
628,campo,sgi.control.plan.partner_id,addons/quimibond_sgi/models/sgi_control_plan.py:69,Many2one,,
629,campo,sgi.control.plan.product_tmpl_ids,addons/quimibond_sgi/models/sgi_control_plan.py:71,Many2many,,
630,campo,sgi.control.plan.phase,addons/quimibond_sgi/models/sgi_control_plan.py:72,Selection,,
631,campo,sgi.control.plan.revision,addons/quimibond_sgi/models/sgi_control_plan.py:77,Char,,
632,campo,sgi.control.plan.state,addons/quimibond_sgi/models/sgi_control_plan.py:78,Selection,,
633,campo,sgi.control.plan.point_ids,addons/quimibond_sgi/models/sgi_control_plan.py:83,One2many,,
634,campo,sgi.control.plan.point_count,addons/quimibond_sgi/models/sgi_control_plan.py:85,Integer,,
635,campo,sgi.control.plan.fmea_ids,addons/quimibond_sgi/models/sgi_control_plan.py:86,One2many,,
636,campo,sgi.control.plan.fmea_count,addons/quimibond_sgi/models/sgi_control_plan.py:87,Integer,,
637,campo,sgi.control.plan.document_id,addons/quimibond_sgi/models/sgi_control_plan.py:88,Many2one,,
638,campo,sgi.control.plan.notes,addons/quimibond_sgi/models/sgi_control_plan.py:89,Text,,
639,campo,crm.team.sgi_complaint_response_days,addons/quimibond_sgi/models/sgi_customer_reply.py:29,Integer,,
640,campo,quality.alert.sgi_customer_reply_required,addons/quimibond_sgi/models/sgi_customer_reply.py:38,Boolean,,
641,campo,quality.alert.sgi_sale_team_id,addons/quimibond_sgi/models/sgi_customer_reply.py:41,Many2one,,
642,campo,quality.alert.sgi_customer_received_date,addons/quimibond_sgi/models/sgi_customer_reply.py:46,Date,,
643,campo,quality.alert.sgi_customer_ack_due,addons/quimibond_sgi/models/sgi_customer_reply.py:50,Date,,
644,campo,quality.alert.sgi_customer_ack_date,addons/quimibond_sgi/models/sgi_customer_reply.py:52,Date,,
645,campo,quality.alert.sgi_customer_deadline,addons/quimibond_sgi/models/sgi_customer_reply.py:53,Date,,
646,campo,quality.alert.sgi_customer_response_due,addons/quimibond_sgi/models/sgi_customer_reply.py:56,Date,,
647,campo,quality.alert.sgi_customer_response_date,addons/quimibond_sgi/models/sgi_customer_reply.py:58,Date,,
648,campo,quality.alert.sgi_customer_ack_on_time,addons/quimibond_sgi/models/sgi_customer_reply.py:59,Boolean,,
649,campo,quality.alert.sgi_customer_response_on_time,addons/quimibond_sgi/models/sgi_customer_reply.py:61,Boolean,,
650,campo,quality.alert.sgi_shipped_status,addons/quimibond_sgi/models/sgi_customer_reply.py:64,Selection,,
651,campo,quality.alert.sgi_customer_notice_date,addons/quimibond_sgi/models/sgi_customer_reply.py:70,Date,,
652,campo,quality.alert.sgi_customer_notice_note,addons/quimibond_sgi/models/sgi_customer_reply.py:73,Char,,
653,campo,sgi.process.stage.process_id,addons/quimibond_sgi/models/sgi_deliverable.py:34,Many2one,,
654,campo,sgi.process.stage.sequence,addons/quimibond_sgi/models/sgi_deliverable.py:36,Integer,,
655,campo,sgi.process.stage.code,addons/quimibond_sgi/models/sgi_deliverable.py:37,Char,,
656,campo,sgi.process.stage.name,addons/quimibond_sgi/models/sgi_deliverable.py:38,Char,,
657,campo,sgi.process.stage.activity_ids,addons/quimibond_sgi/models/sgi_deliverable.py:39,One2many,,
658,campo,sgi.process.stage.activity_count,addons/quimibond_sgi/models/sgi_deliverable.py:40,Integer,,
659,campo,sgi.process.stage.company_id,addons/quimibond_sgi/models/sgi_deliverable.py:41,Many2one,,
660,campo,sgi.deliverable.code,addons/quimibond_sgi/models/sgi_deliverable.py:87,Char,,
661,campo,sgi.deliverable.name,addons/quimibond_sgi/models/sgi_deliverable.py:90,Char,,
662,campo,sgi.deliverable.document_id,addons/quimibond_sgi/models/sgi_deliverable.py:92,Many2one,,
663,campo,sgi.deliverable.odoo_model_id,addons/quimibond_sgi/models/sgi_deliverable.py:96,Many2one,,
664,campo,sgi.deliverable.odoo_model_name,addons/quimibond_sgi/models/sgi_deliverable.py:100,Char,,
665,campo,sgi.deliverable.measure_domain,addons/quimibond_sgi/models/sgi_deliverable.py:104,Char,,
666,campo,sgi.deliverable.measure_date_field,addons/quimibond_sgi/models/sgi_deliverable.py:107,Char,,
667,campo,sgi.deliverable.measure_user_field,addons/quimibond_sgi/models/sgi_deliverable.py:110,Char,,
668,campo,sgi.deliverable.acceptance_criteria,addons/quimibond_sgi/models/sgi_deliverable.py:114,Text,,
669,campo,sgi.deliverable.active,addons/quimibond_sgi/models/sgi_deliverable.py:115,Boolean,,
670,campo,sgi.deliverable.company_id,addons/quimibond_sgi/models/sgi_deliverable.py:116,Many2one,,
671,campo,sgi.deliverable.producer_activity_ids,addons/quimibond_sgi/models/sgi_deliverable.py:120,Many2many,,
672,campo,sgi.deliverable.input_line_ids,addons/quimibond_sgi/models/sgi_deliverable.py:123,One2many,,
673,campo,sgi.deliverable.consumer_activity_ids,addons/quimibond_sgi/models/sgi_deliverable.py:124,Many2many,,
674,campo,sgi.deliverable.measured_activity_ids,addons/quimibond_sgi/models/sgi_deliverable.py:126,One2many,,
675,campo,sgi.deliverable.link_ids,addons/quimibond_sgi/models/sgi_deliverable.py:128,One2many,,
676,campo,sgi.deliverable.producer_process_ids,addons/quimibond_sgi/models/sgi_deliverable.py:130,Many2many,,
677,campo,sgi.deliverable.consumer_process_ids,addons/quimibond_sgi/models/sgi_deliverable.py:132,Many2many,,
678,campo,sgi.deliverable.orphan,addons/quimibond_sgi/models/sgi_deliverable.py:134,Selection,,
679,campo,sgi.activity.input.activity_id,addons/quimibond_sgi/models/sgi_deliverable.py:329,Many2one,,
680,campo,sgi.activity.input.deliverable_id,addons/quimibond_sgi/models/sgi_deliverable.py:331,Many2one,,
681,campo,sgi.activity.input.sequence,addons/quimibond_sgi/models/sgi_deliverable.py:333,Integer,,
682,campo,sgi.activity.input.max_days,addons/quimibond_sgi/models/sgi_deliverable.py:334,Integer,,
683,campo,sgi.activity.input.process_id,addons/quimibond_sgi/models/sgi_deliverable.py:339,Many2one,,
684,campo,sgi.activity.input.company_id,addons/quimibond_sgi/models/sgi_deliverable.py:340,Many2one,,
685,campo,sgi.process.stage_ids,addons/quimibond_sgi/models/sgi_deliverable.py:388,One2many,,
686,campo,sgi.process.input_deliverable_ids,addons/quimibond_sgi/models/sgi_deliverable.py:389,Many2many,,
687,campo,sgi.process.output_deliverable_ids,addons/quimibond_sgi/models/sgi_deliverable.py:393,Many2many,,
688,campo,sgi.calculated.connection.mixin.deliverable_id,addons/quimibond_sgi/models/sgi_deliverable.py:434,Many2one,,
689,campo,sgi.calculated.connection.mixin.active,addons/quimibond_sgi/models/sgi_deliverable.py:438,Boolean,,
690,campo,sgi.calculated.connection.mixin.inactive_reason,addons/quimibond_sgi/models/sgi_deliverable.py:439,Char,,
691,campo,sgi.calculated.connection.mixin.origin,addons/quimibond_sgi/models/sgi_deliverable.py:442,Selection,,
692,campo,sgi.activity.link.input_id,addons/quimibond_sgi/models/sgi_deliverable.py:514,Many2one,,
693,campo,sgi.activity.link.max_days,addons/quimibond_sgi/models/sgi_deliverable.py:517,Integer,,
694,campo,sgi.process.activity.input_ids,addons/quimibond_sgi/models/sgi_deliverable.py:564,One2many,,
695,campo,sgi.process.activity.input_deliverable_ids,addons/quimibond_sgi/models/sgi_deliverable.py:567,Many2many,,
696,campo,sgi.process.activity.output_deliverable_ids,addons/quimibond_sgi/models/sgi_deliverable.py:570,Many2many,,
697,campo,sgi.process.activity.measure_deliverable_id,addons/quimibond_sgi/models/sgi_deliverable.py:573,Many2one,,
698,campo,project.project.sgi_is_ft,addons/quimibond_sgi/models/sgi_dev_request.py:64,Boolean,,
699,campo,project.project.sgi_dev_type,addons/quimibond_sgi/models/sgi_dev_request.py:67,Selection,,
700,campo,project.project.sgi_dev_format_code,addons/quimibond_sgi/models/sgi_dev_request.py:68,Char,,
701,campo,project.project.sgi_dev_date,addons/quimibond_sgi/models/sgi_dev_request.py:69,Date,,
702,campo,project.project.sgi_dev_requester,addons/quimibond_sgi/models/sgi_dev_request.py:70,Char,,
703,campo,project.project.sgi_dev_use,addons/quimibond_sgi/models/sgi_dev_request.py:71,Text,,
704,campo,project.project.sgi_dev_spec,addons/quimibond_sgi/models/sgi_dev_request.py:72,Text,,
705,campo,project.project.sgi_dev_sample_m,addons/quimibond_sgi/models/sgi_dev_request.py:73,Float,,
706,campo,project.project.sgi_dev_sample_kg,addons/quimibond_sgi/models/sgi_dev_request.py:74,Float,,
707,campo,project.project.sgi_dev_volume,addons/quimibond_sgi/models/sgi_dev_request.py:75,Float,,
708,campo,project.project.sgi_dev_volume_uom,addons/quimibond_sgi/models/sgi_dev_request.py:76,Selection,,
709,campo,project.project.sgi_dev_target_price,addons/quimibond_sgi/models/sgi_dev_request.py:77,Monetary,,
710,campo,project.project.sgi_dev_currency_id,addons/quimibond_sgi/models/sgi_dev_request.py:78,Many2one,,
711,campo,project.project.sgi_dev_norms,addons/quimibond_sgi/models/sgi_dev_request.py:80,Char,,
712,campo,project.project.sgi_dev_packaging,addons/quimibond_sgi/models/sgi_dev_request.py:81,Text,,
713,campo,project.project.sgi_dev_customer_property,addons/quimibond_sgi/models/sgi_dev_request.py:82,Selection,,
714,campo,project.project.sgi_dev_other,addons/quimibond_sgi/models/sgi_dev_request.py:86,Text,,
715,campo,project.project.sgi_dev_line_ids,addons/quimibond_sgi/models/sgi_dev_request.py:87,One2many,,
716,campo,project.project.sgi_dev_prepared_by_id,addons/quimibond_sgi/models/sgi_dev_request.py:88,Many2one,,
717,campo,project.project.sgi_dev_approved_by_id,addons/quimibond_sgi/models/sgi_dev_request.py:89,Many2one,,
718,campo,sgi.dev.characteristic.project_id,addons/quimibond_sgi/models/sgi_dev_request.py:132,Many2one,,
719,campo,sgi.dev.characteristic.sequence,addons/quimibond_sgi/models/sgi_dev_request.py:133,Integer,,
720,campo,sgi.dev.characteristic.name,addons/quimibond_sgi/models/sgi_dev_request.py:134,Char,,
721,campo,sgi.dev.characteristic.direction,addons/quimibond_sgi/models/sgi_dev_request.py:135,Selection,,
722,campo,sgi.dev.characteristic.unit,addons/quimibond_sgi/models/sgi_dev_request.py:136,Char,,
723,campo,sgi.dev.characteristic.value,addons/quimibond_sgi/models/sgi_dev_request.py:137,Char,,
724,campo,sgi.dev.characteristic.tolerance,addons/quimibond_sgi/models/sgi_dev_request.py:138,Char,,
725,campo,sgi.dev.characteristic.method,addons/quimibond_sgi/models/sgi_dev_request.py:139,Char,,
726,campo,sgi.dev.characteristic.note,addons/quimibond_sgi/models/sgi_dev_request.py:140,Char,,
727,campo,sgi.diagnostic.line.diagnostic_id,addons/quimibond_sgi/models/sgi_diagnostic.py:28,Many2one,,
728,campo,sgi.diagnostic.line.sequence,addons/quimibond_sgi/models/sgi_diagnostic.py:30,Integer,,
729,campo,sgi.diagnostic.line.section,addons/quimibond_sgi/models/sgi_diagnostic.py:31,Char,,
730,campo,sgi.diagnostic.line.level,addons/quimibond_sgi/models/sgi_diagnostic.py:32,Selection,,
731,campo,sgi.diagnostic.line.text,addons/quimibond_sgi/models/sgi_diagnostic.py:33,Text,,
732,campo,sgi.diagnostic.line.fix,addons/quimibond_sgi/models/sgi_diagnostic.py:34,Char,,
733,campo,sgi.diagnostic.date,addons/quimibond_sgi/models/sgi_diagnostic.py:41,Date,,
734,campo,sgi.diagnostic.line_ids,addons/quimibond_sgi/models/sgi_diagnostic.py:42,One2many,,
735,campo,sgi.diagnostic.bad_count,addons/quimibond_sgi/models/sgi_diagnostic.py:43,Integer,,
736,campo,sgi.diagnostic.warn_count,addons/quimibond_sgi/models/sgi_diagnostic.py:44,Integer,,
737,campo,sgi.diagnostic.ok_count,addons/quimibond_sgi/models/sgi_diagnostic.py:45,Integer,,
738,campo,sgi.diagnostic.summary,addons/quimibond_sgi/models/sgi_diagnostic.py:46,Text,,
739,campo,ir.ui.view.type,addons/quimibond_sgi/models/sgi_diagram_view.py:24,Selection,,
740,campo,ir.actions.act_window.view.view_mode,addons/quimibond_sgi/models/sgi_diagram_view.py:51,Selection,,
741,campo,sgi.indicator.calc_mode,addons/quimibond_sgi/models/sgi_direction_board.py:20,Selection,,
742,campo,sgi.indicator.level,addons/quimibond_sgi/models/sgi_direction_board.py:23,Selection,,
743,campo,sgi.indicator.last_six,addons/quimibond_sgi/models/sgi_direction_board.py:30,Char,,
744,campo,sgi.direction.board.date,addons/quimibond_sgi/models/sgi_direction_board.py:58,Date,,
745,campo,sgi.direction.board.objective_ids,addons/quimibond_sgi/models/sgi_direction_board.py:59,Many2many,,
746,campo,sgi.direction.board.indicator_ids,addons/quimibond_sgi/models/sgi_direction_board.py:60,Many2many,,
747,campo,sgi.direction.board.red_no_plan_measure_ids,addons/quimibond_sgi/models/sgi_direction_board.py:61,Many2many,,
748,campo,sgi.direction.board.overdue_agreement_ids,addons/quimibond_sgi/models/sgi_direction_board.py:63,Many2many,,
749,campo,sgi.direction.board.delayed_process_ids,addons/quimibond_sgi/models/sgi_direction_board.py:65,Many2many,,
750,campo,sgi.direction.board.indicator_count,addons/quimibond_sgi/models/sgi_direction_board.py:67,Integer,,
751,campo,sgi.direction.board.indicator_note,addons/quimibond_sgi/models/sgi_direction_board.py:68,Char,,
752,campo,sgi.direction.board.red_count,addons/quimibond_sgi/models/sgi_direction_board.py:69,Integer,,
753,campo,approval.category.sgi_is_doc_change,addons/quimibond_sgi/models/sgi_doc_change.py:13,Boolean,,
754,campo,approval.category.sgi_is_moc,addons/quimibond_sgi/models/sgi_doc_change.py:14,Boolean,,
755,campo,approval.request.sgi_is_doc_change,addons/quimibond_sgi/models/sgi_doc_change.py:24,Boolean,,
756,campo,approval.request.sgi_is_moc,addons/quimibond_sgi/models/sgi_doc_change.py:25,Boolean,,
757,campo,approval.request.sgi_moc_risk_note,addons/quimibond_sgi/models/sgi_doc_change.py:26,Text,,
758,campo,approval.request.sgi_document_id,addons/quimibond_sgi/models/sgi_doc_change.py:30,Many2one,,
759,campo,approval.request.sgi_change_kind,addons/quimibond_sgi/models/sgi_doc_change.py:31,Selection,,
760,campo,approval.request.sgi_what_changes,addons/quimibond_sgi/models/sgi_doc_change.py:36,Selection,,
761,campo,approval.request.sgi_current_revision,addons/quimibond_sgi/models/sgi_doc_change.py:40,Integer,,
762,campo,approval.request.sgi_new_revision,addons/quimibond_sgi/models/sgi_doc_change.py:42,Integer,,
763,campo,approval.request.sgi_pilot,addons/quimibond_sgi/models/sgi_doc_change.py:43,Boolean,,
764,campo,approval.request.sgi_pilot_start,addons/quimibond_sgi/models/sgi_doc_change.py:44,Date,,
765,campo,approval.request.sgi_pilot_end,addons/quimibond_sgi/models/sgi_doc_change.py:45,Date,,
766,campo,approval.request.sgi_reason,addons/quimibond_sgi/models/sgi_doc_change.py:46,Text,,
767,campo,approval.request.sgi_changes,addons/quimibond_sgi/models/sgi_doc_change.py:47,Text,,
768,campo,approval.request.sgi_affected_process_ids,addons/quimibond_sgi/models/sgi_doc_change.py:48,Many2many,,
769,campo,approval.request.sgi_applied,addons/quimibond_sgi/models/sgi_doc_change.py:49,Boolean,,
770,campo,approval.request.sgi_new_document_id,addons/quimibond_sgi/models/sgi_doc_change.py:52,Many2one,,
771,campo,approval.category.sgi_sign_required,addons/quimibond_sgi/models/sgi_doc_change_sign.py:44,Boolean,,
772,campo,approval.request.sgi_sign_required,addons/quimibond_sgi/models/sgi_doc_change_sign.py:54,Boolean,,
773,campo,approval.request.sgi_sign_request_id,addons/quimibond_sgi/models/sgi_doc_change_sign.py:55,Many2one,,
774,campo,approval.request.sgi_sign_state,addons/quimibond_sgi/models/sgi_doc_change_sign.py:57,Selection,,
775,campo,approval.request.sgi_sign_progress,addons/quimibond_sgi/models/sgi_doc_change_sign.py:59,Char,,
776,campo,approval.request.sgi_change_attachment_id,addons/quimibond_sgi/models/sgi_doc_change_sign.py:61,Many2one,,
777,campo,approval.request.sgi_sign_archived,addons/quimibond_sgi/models/sgi_doc_change_sign.py:64,Boolean,,
778,campo,approval.request.sgi_sign_notified_state,addons/quimibond_sgi/models/sgi_doc_change_sign.py:65,Char,,
779,campo,documents.document.sgi_is_controlled,addons/quimibond_sgi/models/sgi_document.py:31,Boolean,,
780,campo,documents.document.sgi_code,addons/quimibond_sgi/models/sgi_document.py:32,Char,,
781,campo,documents.document.sgi_previous_code,addons/quimibond_sgi/models/sgi_document.py:36,Char,,
782,campo,documents.document.sgi_previous_code_date,addons/quimibond_sgi/models/sgi_document.py:38,Date,,
783,campo,documents.document.sgi_doc_type_id,addons/quimibond_sgi/models/sgi_document.py:45,Many2one,,
784,campo,documents.document.sgi_doc_type,addons/quimibond_sgi/models/sgi_document.py:48,Selection,,
785,campo,documents.document.sgi_odoo_menu_id,addons/quimibond_sgi/models/sgi_document.py:72,Many2one,,
786,campo,documents.document.sgi_area_id,addons/quimibond_sgi/models/sgi_document.py:76,Many2one,,
787,campo,documents.document.sgi_process_id,addons/quimibond_sgi/models/sgi_document.py:77,Many2one,,
788,campo,documents.document.sgi_doc_change_id,addons/quimibond_sgi/models/sgi_document.py:81,Many2one,,
789,campo,documents.document.sgi_revision,addons/quimibond_sgi/models/sgi_document.py:88,Integer,,
790,campo,documents.document.sgi_revision_label,addons/quimibond_sgi/models/sgi_document.py:89,Char,,
791,campo,documents.document.sgi_revision_legacy,addons/quimibond_sgi/models/sgi_document.py:91,Char,,
792,campo,documents.document.sgi_issue_date,addons/quimibond_sgi/models/sgi_document.py:95,Date,,
793,campo,documents.document.sgi_state,addons/quimibond_sgi/models/sgi_document.py:96,Selection,,
794,campo,documents.document.sgi_owner_id,addons/quimibond_sgi/models/sgi_document.py:104,Many2one,,
795,campo,documents.document.sgi_job_ids,addons/quimibond_sgi/models/sgi_document.py:105,Many2many,,
796,campo,documents.document.sgi_next_review_date,addons/quimibond_sgi/models/sgi_document.py:107,Date,,
797,campo,documents.document.sgi_obsolete_date,addons/quimibond_sgi/models/sgi_document.py:109,Date,,
798,campo,documents.document.sgi_obsolete_reason,addons/quimibond_sgi/models/sgi_document.py:110,Char,,
799,campo,documents.document.sgi_replaced_by_process_id,addons/quimibond_sgi/models/sgi_document.py:111,Many2one,,
800,campo,documents.document.sgi_pilot_end_date,addons/quimibond_sgi/models/sgi_document.py:113,Date,,
801,campo,documents.document.sgi_retention_years,addons/quimibond_sgi/models/sgi_document.py:119,Integer,,
802,campo,documents.document.sgi_disposition,addons/quimibond_sgi/models/sgi_document.py:124,Selection,,
803,campo,documents.document.sgi_procedure_dirty,addons/quimibond_sgi/models/sgi_document.py:137,Boolean,,
804,campo,documents.document.sgi_procedure_dirty_since,addons/quimibond_sgi/models/sgi_document.py:142,Datetime,,
805,campo,documents.document.sgi_procedure_dirty_by,addons/quimibond_sgi/models/sgi_document.py:144,Many2one,,
806,campo,documents.document.sgi_migration_class,addons/quimibond_sgi/models/sgi_document.py:148,Selection,,
807,campo,documents.document.sgi_migration_state,addons/quimibond_sgi/models/sgi_document.py:158,Selection,,
808,campo,documents.document.sgi_migration_target,addons/quimibond_sgi/models/sgi_document.py:165,Char,,
809,campo,documents.document.sgi_migration_point_id,addons/quimibond_sgi/models/sgi_document.py:170,Many2one,,
810,campo,documents.document.sgi_ack_ids,addons/quimibond_sgi/models/sgi_document.py:233,One2many,,
811,campo,documents.document.sgi_ack_count,addons/quimibond_sgi/models/sgi_document.py:235,Integer,,
812,campo,documents.document.sgi_ack_read_pct,addons/quimibond_sgi/models/sgi_document.py:236,Float,,
813,campo,documents.document.sgi_parent_document_id,addons/quimibond_sgi/models/sgi_document.py:242,Many2one,,
814,campo,documents.document.sgi_child_document_ids,addons/quimibond_sgi/models/sgi_document.py:246,One2many,,
815,campo,documents.document.sgi_family_document_ids,addons/quimibond_sgi/models/sgi_document.py:248,Many2many,,
816,campo,documents.document.sgi_reference_ids,addons/quimibond_sgi/models/sgi_document.py:252,Many2many,,
817,campo,sgi.document.ack.document_id,addons/quimibond_sgi/models/sgi_document.py:760,Many2one,,
818,campo,sgi.document.ack.sgi_code,addons/quimibond_sgi/models/sgi_document.py:761,Char,,
819,campo,sgi.document.ack.employee_id,addons/quimibond_sgi/models/sgi_document.py:762,Many2one,,
820,campo,sgi.document.ack.user_id,addons/quimibond_sgi/models/sgi_document.py:763,Many2one,,
821,campo,sgi.document.ack.state,addons/quimibond_sgi/models/sgi_document.py:764,Selection,,
822,campo,sgi.document.ack.ack_date,addons/quimibond_sgi/models/sgi_document.py:768,Datetime,,
823,campo,sgi.emergency.plan.name,addons/quimibond_sgi/models/sgi_emergency.py:22,Char,,
824,campo,sgi.emergency.plan.plan_type,addons/quimibond_sgi/models/sgi_emergency.py:23,Selection,,
825,campo,sgi.emergency.plan.location,addons/quimibond_sgi/models/sgi_emergency.py:32,Char,,
826,campo,sgi.emergency.plan.responsible_id,addons/quimibond_sgi/models/sgi_emergency.py:33,Many2one,,
827,campo,sgi.emergency.plan.document_id,addons/quimibond_sgi/models/sgi_emergency.py:35,Many2one,,
828,campo,sgi.emergency.plan.risk_ids,addons/quimibond_sgi/models/sgi_emergency.py:37,Many2many,,
829,campo,sgi.emergency.plan.drill_frequency_months,addons/quimibond_sgi/models/sgi_emergency.py:39,Integer,,
830,campo,sgi.emergency.plan.state,addons/quimibond_sgi/models/sgi_emergency.py:41,Selection,,
831,campo,sgi.emergency.plan.drill_ids,addons/quimibond_sgi/models/sgi_emergency.py:46,One2many,,
832,campo,sgi.emergency.plan.drill_count,addons/quimibond_sgi/models/sgi_emergency.py:51,Integer,,
833,campo,sgi.emergency.plan.last_drill_date,addons/quimibond_sgi/models/sgi_emergency.py:52,Date,,
834,campo,sgi.emergency.plan.next_drill_date,addons/quimibond_sgi/models/sgi_emergency.py:54,Date,,
835,campo,sgi.emergency.drill.plan_id,addons/quimibond_sgi/models/sgi_emergency.py:120,Many2one,,
836,campo,sgi.emergency.drill.plan_type,addons/quimibond_sgi/models/sgi_emergency.py:122,Selection,,
837,campo,sgi.emergency.drill.date_planned,addons/quimibond_sgi/models/sgi_emergency.py:123,Date,,
838,campo,sgi.emergency.drill.date_done,addons/quimibond_sgi/models/sgi_emergency.py:125,Date,,
839,campo,sgi.emergency.drill.participants_count,addons/quimibond_sgi/models/sgi_emergency.py:126,Integer,,
840,campo,sgi.emergency.drill.duration_minutes,addons/quimibond_sgi/models/sgi_emergency.py:127,Integer,,
841,campo,sgi.emergency.drill.result,addons/quimibond_sgi/models/sgi_emergency.py:128,Selection,,
842,campo,sgi.emergency.drill.findings,addons/quimibond_sgi/models/sgi_emergency.py:133,Text,,
843,campo,sgi.emergency.drill.action_line_ids,addons/quimibond_sgi/models/sgi_emergency.py:134,One2many,,
844,campo,sgi.emergency.drill.state,addons/quimibond_sgi/models/sgi_emergency.py:136,Selection,,
845,campo,sgi.epp.delivery.name,addons/quimibond_sgi/models/sgi_epp.py:21,Char,,
846,campo,sgi.epp.delivery.employee_id,addons/quimibond_sgi/models/sgi_epp.py:22,Many2one,,
847,campo,sgi.epp.delivery.user_id,addons/quimibond_sgi/models/sgi_epp.py:26,Many2one,,
848,campo,sgi.epp.delivery.job_id,addons/quimibond_sgi/models/sgi_epp.py:27,Many2one,,
849,campo,sgi.epp.delivery.date,addons/quimibond_sgi/models/sgi_epp.py:29,Date,,
850,campo,sgi.epp.delivery.items,addons/quimibond_sgi/models/sgi_epp.py:30,Text,,
851,campo,sgi.epp.delivery.delivered_by_id,addons/quimibond_sgi/models/sgi_epp.py:33,Many2one,,
852,campo,sgi.epp.delivery.note,addons/quimibond_sgi/models/sgi_epp.py:35,Text,,
853,campo,sgi.epp.delivery.state,addons/quimibond_sgi/models/sgi_epp.py:36,Selection,,
854,campo,sgi.epp.delivery.signed_date,addons/quimibond_sgi/models/sgi_epp.py:40,Datetime,,
855,campo,sgi.epp.delivery.can_sign,addons/quimibond_sgi/models/sgi_epp.py:41,Boolean,,
856,campo,hr.employee.sgi_epp_required,addons/quimibond_sgi/models/sgi_epp.py:107,Text,,
857,campo,hr.employee.sgi_epp_delivery_ids,addons/quimibond_sgi/models/sgi_epp.py:108,One2many,,
858,campo,hr.employee.sgi_epp_delivery_count,addons/quimibond_sgi/models/sgi_epp.py:109,Integer,,
859,campo,hr.employee.sgi_epp_pending_count,addons/quimibond_sgi/models/sgi_epp.py:110,Integer,,
860,campo,sgi.epp.delivery.line.delivery_id,addons/quimibond_sgi/models/sgi_epp_sign.py:25,Many2one,,
861,campo,sgi.epp.delivery.line.sequence,addons/quimibond_sgi/models/sgi_epp_sign.py:26,Integer,,
862,campo,sgi.epp.delivery.line.quantity,addons/quimibond_sgi/models/sgi_epp_sign.py:27,Float,,
863,campo,sgi.epp.delivery.line.uom,addons/quimibond_sgi/models/sgi_epp_sign.py:28,Selection,,
864,campo,sgi.epp.delivery.line.name,addons/quimibond_sgi/models/sgi_epp_sign.py:29,Char,,
865,campo,sgi.epp.delivery.line.size,addons/quimibond_sgi/models/sgi_epp_sign.py:30,Char,,
866,campo,sgi.epp.delivery.line.note,addons/quimibond_sgi/models/sgi_epp_sign.py:31,Char,,
867,campo,sgi.epp.delivery.line_ids,addons/quimibond_sgi/models/sgi_epp_sign.py:37,One2many,,
868,campo,sgi.epp.delivery.items,addons/quimibond_sgi/models/sgi_epp_sign.py:38,Text,,
869,campo,sgi.epp.delivery.sign_request_id,addons/quimibond_sgi/models/sgi_epp_sign.py:39,Many2one,,
870,campo,sgi.epp.delivery.sign_state,addons/quimibond_sgi/models/sgi_epp_sign.py:41,Selection,,
871,campo,res.config.settings.sgi_epp_sign_template_id,addons/quimibond_sgi/models/sgi_epp_sign.py:133,Many2one,,
872,campo,sgi.activity.exec.stat.activity_id,addons/quimibond_sgi/models/sgi_exec_stat.py:26,Many2one,,
873,campo,sgi.activity.exec.stat.process_id,addons/quimibond_sgi/models/sgi_exec_stat.py:29,Many2one,,
874,campo,sgi.activity.exec.stat.period_start,addons/quimibond_sgi/models/sgi_exec_stat.py:32,Date,,
875,campo,sgi.activity.exec.stat.user_id,addons/quimibond_sgi/models/sgi_exec_stat.py:35,Many2one,,
876,campo,sgi.activity.exec.stat.employee_id,addons/quimibond_sgi/models/sgi_exec_stat.py:37,Many2one,,
877,campo,sgi.activity.exec.stat.job_id,addons/quimibond_sgi/models/sgi_exec_stat.py:40,Many2one,,
878,campo,sgi.activity.exec.stat.family_id,addons/quimibond_sgi/models/sgi_exec_stat.py:43,Many2one,,
879,campo,sgi.activity.exec.stat.exec_class,addons/quimibond_sgi/models/sgi_exec_stat.py:45,Selection,,
880,campo,sgi.activity.exec.stat.count,addons/quimibond_sgi/models/sgi_exec_stat.py:49,Integer,,
881,campo,sgi.activity.exec.stat.company_id,addons/quimibond_sgi/models/sgi_exec_stat.py:50,Many2one,,
882,campo,documents.document.sgi_ext_issuer,addons/quimibond_sgi/models/sgi_external_doc.py:19,Char,,
883,campo,documents.document.sgi_ext_issuer_revision,addons/quimibond_sgi/models/sgi_external_doc.py:21,Char,,
884,campo,documents.document.sgi_ext_received_date,addons/quimibond_sgi/models/sgi_external_doc.py:23,Date,,
885,campo,documents.document.sgi_ext_deadline,addons/quimibond_sgi/models/sgi_external_doc.py:24,Date,,
886,campo,documents.document.sgi_ext_implemented_date,addons/quimibond_sgi/models/sgi_external_doc.py:27,Date,,
887,campo,documents.document.sgi_ext_state,addons/quimibond_sgi/models/sgi_external_doc.py:30,Selection,,
888,campo,sgi.fmea.name,addons/quimibond_sgi/models/sgi_fmea.py:20,Char,,
889,campo,sgi.fmea.fmea_type,addons/quimibond_sgi/models/sgi_fmea.py:21,Selection,,
890,campo,sgi.fmea.product_tmpl_id,addons/quimibond_sgi/models/sgi_fmea.py:25,Many2one,,
891,campo,sgi.fmea.process_id,addons/quimibond_sgi/models/sgi_fmea.py:26,Many2one,,
892,campo,sgi.fmea.control_plan_id,addons/quimibond_sgi/models/sgi_fmea.py:30,Many2one,,
893,campo,sgi.fmea.revision,addons/quimibond_sgi/models/sgi_fmea.py:34,Char,,
894,campo,sgi.fmea.date,addons/quimibond_sgi/models/sgi_fmea.py:35,Date,,
895,campo,sgi.fmea.team_ids,addons/quimibond_sgi/models/sgi_fmea.py:36,Many2many,,
896,campo,sgi.fmea.state,addons/quimibond_sgi/models/sgi_fmea.py:37,Selection,,
897,campo,sgi.fmea.line_ids,addons/quimibond_sgi/models/sgi_fmea.py:42,One2many,,
898,campo,sgi.fmea.max_npr,addons/quimibond_sgi/models/sgi_fmea.py:43,Integer,,
899,campo,sgi.fmea.sgi_nc_ids,addons/quimibond_sgi/models/sgi_fmea.py:45,One2many,,
900,campo,sgi.fmea.sgi_nc_count,addons/quimibond_sgi/models/sgi_fmea.py:46,Integer,,
901,campo,sgi.fmea.line.fmea_id,addons/quimibond_sgi/models/sgi_fmea.py:151,Many2one,,
902,campo,sgi.fmea.line.sequence,addons/quimibond_sgi/models/sgi_fmea.py:152,Integer,,
903,campo,sgi.fmea.line.step,addons/quimibond_sgi/models/sgi_fmea.py:153,Char,,
904,campo,sgi.fmea.line.failure_mode,addons/quimibond_sgi/models/sgi_fmea.py:154,Char,,
905,campo,sgi.fmea.line.effect,addons/quimibond_sgi/models/sgi_fmea.py:155,Char,,
906,campo,sgi.fmea.line.severity,addons/quimibond_sgi/models/sgi_fmea.py:156,Selection,,
907,campo,sgi.fmea.line.cause,addons/quimibond_sgi/models/sgi_fmea.py:157,Char,,
908,campo,sgi.fmea.line.occurrence,addons/quimibond_sgi/models/sgi_fmea.py:158,Selection,,
909,campo,sgi.fmea.line.current_controls,addons/quimibond_sgi/models/sgi_fmea.py:159,Char,,
910,campo,sgi.fmea.line.detection,addons/quimibond_sgi/models/sgi_fmea.py:160,Selection,,
911,campo,sgi.fmea.line.npr,addons/quimibond_sgi/models/sgi_fmea.py:161,Integer,,
912,campo,sgi.fmea.line.requires_action,addons/quimibond_sgi/models/sgi_fmea.py:162,Boolean,,
913,campo,sgi.fmea.line.action_line_ids,addons/quimibond_sgi/models/sgi_fmea.py:163,One2many,,
914,campo,sgi.fmea.line.severity_post,addons/quimibond_sgi/models/sgi_fmea.py:166,Selection,,
915,campo,sgi.fmea.line.occurrence_post,addons/quimibond_sgi/models/sgi_fmea.py:167,Selection,,
916,campo,sgi.fmea.line.detection_post,addons/quimibond_sgi/models/sgi_fmea.py:168,Selection,,
917,campo,sgi.fmea.line.npr_post,addons/quimibond_sgi/models/sgi_fmea.py:169,Integer,,
918,campo,sgi.fmea.line.post_note,addons/quimibond_sgi/models/sgi_fmea.py:170,Char,,
919,campo,sgi.format.map.model_id,addons/quimibond_sgi/models/sgi_format_map.py:24,Many2one,,
920,campo,sgi.format.map.model_name,addons/quimibond_sgi/models/sgi_format_map.py:27,Char,,
921,campo,sgi.format.map.sgi_code,addons/quimibond_sgi/models/sgi_format_map.py:28,Char,,
922,campo,sgi.format.map.sgi_code_alt,addons/quimibond_sgi/models/sgi_format_map.py:30,Char,,
923,campo,sgi.format.map.active,addons/quimibond_sgi/models/sgi_format_map.py:34,Boolean,,
924,campo,sgi.format.map.note,addons/quimibond_sgi/models/sgi_format_map.py:35,Char,,
925,campo,sgi.format.mixin.sgi_format_banner,addons/quimibond_sgi/models/sgi_format_map.py:654,Char,,
926,campo,sgi.process.activity.flow_parent_id,addons/quimibond_sgi/models/sgi_hierarchy.py:19,Many2one,,
927,campo,sgi.process.activity.flow_child_ids,addons/quimibond_sgi/models/sgi_hierarchy.py:25,One2many,,
928,campo,sgi.process.activity.flow_child_count,addons/quimibond_sgi/models/sgi_hierarchy.py:27,Integer,,
929,campo,sgi.process.activity.flow_executor,addons/quimibond_sgi/models/sgi_hierarchy.py:28,Char,,
930,campo,sgi.process.child_count,addons/quimibond_sgi/models/sgi_hierarchy.py:55,Integer,,
931,campo,sgi.health.record.employee_id,addons/quimibond_sgi/models/sgi_hse_records.py:35,Many2one,,
932,campo,sgi.health.record.department_id,addons/quimibond_sgi/models/sgi_hse_records.py:36,Many2one,,
933,campo,sgi.health.record.job_id,addons/quimibond_sgi/models/sgi_hse_records.py:37,Many2one,,
934,campo,sgi.health.record.kind,addons/quimibond_sgi/models/sgi_hse_records.py:38,Selection,,
935,campo,sgi.health.record.name,addons/quimibond_sgi/models/sgi_hse_records.py:39,Char,,
936,campo,sgi.health.record.date,addons/quimibond_sgi/models/sgi_hse_records.py:41,Date,,
937,campo,sgi.health.record.validity_months,addons/quimibond_sgi/models/sgi_hse_records.py:42,Integer,,
938,campo,sgi.health.record.next_date,addons/quimibond_sgi/models/sgi_hse_records.py:43,Date,,
939,campo,sgi.health.record.result,addons/quimibond_sgi/models/sgi_hse_records.py:45,Selection,,
940,campo,sgi.health.record.provider_id,addons/quimibond_sgi/models/sgi_hse_records.py:46,Many2one,,
941,campo,sgi.health.record.notes,addons/quimibond_sgi/models/sgi_hse_records.py:47,Text,,
942,campo,sgi.health.record.attachment_ids,addons/quimibond_sgi/models/sgi_hse_records.py:48,Many2many,,
943,campo,sgi.health.record.state,addons/quimibond_sgi/models/sgi_hse_records.py:49,Selection,,
944,campo,sgi.health.record.company_id,addons/quimibond_sgi/models/sgi_hse_records.py:54,Many2one,,
945,campo,hr.employee.sgi_health_record_ids,addons/quimibond_sgi/models/sgi_hse_records.py:100,One2many,,
946,campo,sgi.csh.inspection.name,addons/quimibond_sgi/models/sgi_hse_records.py:122,Char,,
947,campo,sgi.csh.inspection.date,addons/quimibond_sgi/models/sgi_hse_records.py:123,Date,,
948,campo,sgi.csh.inspection.area,addons/quimibond_sgi/models/sgi_hse_records.py:125,Char,,
949,campo,sgi.csh.inspection.department_ids,addons/quimibond_sgi/models/sgi_hse_records.py:126,Many2many,,
950,campo,sgi.csh.inspection.participant_ids,addons/quimibond_sgi/models/sgi_hse_records.py:127,Many2many,,
951,campo,sgi.csh.inspection.notes,addons/quimibond_sgi/models/sgi_hse_records.py:128,Text,,
952,campo,sgi.csh.inspection.attachment_ids,addons/quimibond_sgi/models/sgi_hse_records.py:129,Many2many,,
953,campo,sgi.csh.inspection.finding_ids,addons/quimibond_sgi/models/sgi_hse_records.py:130,One2many,,
954,campo,sgi.csh.inspection.finding_count,addons/quimibond_sgi/models/sgi_hse_records.py:131,Integer,,
955,campo,sgi.csh.inspection.nc_count,addons/quimibond_sgi/models/sgi_hse_records.py:132,Integer,,
956,campo,sgi.csh.inspection.state,addons/quimibond_sgi/models/sgi_hse_records.py:133,Selection,,
957,campo,sgi.csh.inspection.company_id,addons/quimibond_sgi/models/sgi_hse_records.py:137,Many2one,,
958,campo,sgi.csh.finding.inspection_id,addons/quimibond_sgi/models/sgi_hse_records.py:180,Many2one,,
959,campo,sgi.csh.finding.sequence,addons/quimibond_sgi/models/sgi_hse_records.py:181,Integer,,
960,campo,sgi.csh.finding.description,addons/quimibond_sgi/models/sgi_hse_records.py:182,Text,,
961,campo,sgi.csh.finding.location,addons/quimibond_sgi/models/sgi_hse_records.py:183,Char,,
962,campo,sgi.csh.finding.severity,addons/quimibond_sgi/models/sgi_hse_records.py:184,Selection,,
963,campo,sgi.csh.finding.responsible_id,addons/quimibond_sgi/models/sgi_hse_records.py:187,Many2one,,
964,campo,sgi.csh.finding.disposition,addons/quimibond_sgi/models/sgi_hse_records.py:188,Selection,,
965,campo,sgi.csh.finding.justification,addons/quimibond_sgi/models/sgi_hse_records.py:193,Char,,
966,campo,sgi.csh.finding.alert_id,addons/quimibond_sgi/models/sgi_hse_records.py:194,Many2one,,
967,campo,project.project.sgi_is_improvement,addons/quimibond_sgi/models/sgi_improvement.py:9,Boolean,,
968,campo,project.task.type.sgi_is_done_stage,addons/quimibond_sgi/models/sgi_improvement.py:15,Boolean,,
969,campo,project.task.sgi_is_improvement,addons/quimibond_sgi/models/sgi_improvement.py:21,Boolean,,
970,campo,project.task.sgi_improvement_type,addons/quimibond_sgi/models/sgi_improvement.py:22,Selection,,
971,campo,project.task.sgi_area_id,addons/quimibond_sgi/models/sgi_improvement.py:28,Many2one,,
972,campo,project.task.sgi_process_id,addons/quimibond_sgi/models/sgi_improvement.py:29,Many2one,,
973,campo,quality.alert.sgi_incident_id,addons/quimibond_sgi/models/sgi_incident.py:9,Many2one,,
974,campo,sgi.incident.name,addons/quimibond_sgi/models/sgi_incident.py:26,Char,,
975,campo,sgi.incident.date,addons/quimibond_sgi/models/sgi_incident.py:27,Datetime,,
976,campo,sgi.incident.incident_type,addons/quimibond_sgi/models/sgi_incident.py:29,Selection,,
977,campo,sgi.incident.severity,addons/quimibond_sgi/models/sgi_incident.py:36,Selection,,
978,campo,sgi.incident.employee_ids,addons/quimibond_sgi/models/sgi_incident.py:42,Many2many,,
979,campo,sgi.incident.reporter_id,addons/quimibond_sgi/models/sgi_incident.py:43,Many2one,,
980,campo,sgi.incident.location,addons/quimibond_sgi/models/sgi_incident.py:45,Char,,
981,campo,sgi.incident.process_id,addons/quimibond_sgi/models/sgi_incident.py:46,Many2one,,
982,campo,sgi.incident.sgi_area_id,addons/quimibond_sgi/models/sgi_incident.py:47,Many2one,,
983,campo,sgi.incident.description,addons/quimibond_sgi/models/sgi_incident.py:48,Text,,
984,campo,sgi.incident.days_lost,addons/quimibond_sgi/models/sgi_incident.py:49,Integer,,
985,campo,sgi.incident.immediate_causes,addons/quimibond_sgi/models/sgi_incident.py:52,Text,,
986,campo,sgi.incident.basic_causes,addons/quimibond_sgi/models/sgi_incident.py:53,Text,,
987,campo,sgi.incident.lack_of_control,addons/quimibond_sgi/models/sgi_incident.py:54,Text,,
988,campo,sgi.incident.risk_id,addons/quimibond_sgi/models/sgi_incident.py:56,Many2one,,
989,campo,sgi.incident.action_line_ids,addons/quimibond_sgi/models/sgi_incident.py:58,One2many,,
990,campo,sgi.incident.sgi_alert_id,addons/quimibond_sgi/models/sgi_incident.py:59,Many2one,,
991,campo,sgi.incident.state,addons/quimibond_sgi/models/sgi_incident.py:62,Selection,,
992,campo,sgi.indicator.code,addons/quimibond_sgi/models/sgi_indicator.py:69,Char,,
993,campo,sgi.indicator.name,addons/quimibond_sgi/models/sgi_indicator.py:70,Char,,
994,campo,sgi.indicator.process_id,addons/quimibond_sgi/models/sgi_indicator.py:71,Many2one,,
995,campo,sgi.indicator.sgi_process_active,addons/quimibond_sgi/models/sgi_indicator.py:74,Boolean,,
996,campo,sgi.indicator.sgi_area_id,addons/quimibond_sgi/models/sgi_indicator.py:78,Many2one,,
997,campo,sgi.indicator.responsible_id,addons/quimibond_sgi/models/sgi_indicator.py:79,Many2one,,
998,campo,sgi.indicator.objective_id,addons/quimibond_sgi/models/sgi_indicator.py:80,Many2one,,
999,campo,sgi.indicator.uom,addons/quimibond_sgi/models/sgi_indicator.py:81,Char,,
1000,campo,sgi.indicator.direction,addons/quimibond_sgi/models/sgi_indicator.py:82,Selection,,
1001,campo,sgi.indicator.target_objective,addons/quimibond_sgi/models/sgi_indicator.py:86,Float,,
1002,campo,sgi.indicator.target_acceptable,addons/quimibond_sgi/models/sgi_indicator.py:87,Float,,
1003,campo,sgi.indicator.frequency,addons/quimibond_sgi/models/sgi_indicator.py:88,Selection,,
1004,campo,sgi.indicator.calc_mode,addons/quimibond_sgi/models/sgi_indicator.py:92,Selection,,
1005,campo,sgi.indicator.formula,addons/quimibond_sgi/models/sgi_indicator.py:94,Text,,
1006,campo,sgi.indicator.source,addons/quimibond_sgi/models/sgi_indicator.py:98,Text,,
1007,campo,sgi.indicator.source_type,addons/quimibond_sgi/models/sgi_indicator.py:102,Selection,,
1008,campo,sgi.indicator.source_info,addons/quimibond_sgi/models/sgi_indicator.py:106,Char,,
1009,campo,sgi.indicator.monthly_budget,addons/quimibond_sgi/models/sgi_indicator.py:176,Float,,
1010,campo,sgi.indicator.nc_on_red,addons/quimibond_sgi/models/sgi_indicator.py:178,Boolean,,
1011,campo,sgi.indicator.active,addons/quimibond_sgi/models/sgi_indicator.py:184,Boolean,,
1012,campo,sgi.indicator.measure_ids,addons/quimibond_sgi/models/sgi_indicator.py:186,One2many,,
1013,campo,sgi.indicator.last_measure_id,addons/quimibond_sgi/models/sgi_indicator.py:188,Many2one,,
1014,campo,sgi.indicator.last_value,addons/quimibond_sgi/models/sgi_indicator.py:190,Float,,
1015,campo,sgi.indicator.last_semaphore,addons/quimibond_sgi/models/sgi_indicator.py:191,Selection,,
1016,campo,sgi.indicator.measure.indicator_id,addons/quimibond_sgi/models/sgi_indicator.py:1043,Many2one,,
1017,campo,sgi.indicator.measure.source_type,addons/quimibond_sgi/models/sgi_indicator.py:1045,Selection,,
1018,campo,sgi.indicator.measure.source_info,addons/quimibond_sgi/models/sgi_indicator.py:1047,Char,,
1019,campo,sgi.indicator.measure.period_date,addons/quimibond_sgi/models/sgi_indicator.py:1049,Date,,
1020,campo,sgi.indicator.measure.value,addons/quimibond_sgi/models/sgi_indicator.py:1051,Float,,
1021,campo,sgi.indicator.measure.direction,addons/quimibond_sgi/models/sgi_indicator.py:1052,Selection,,
1022,campo,sgi.indicator.measure.target_objective,addons/quimibond_sgi/models/sgi_indicator.py:1053,Float,,
1023,campo,sgi.indicator.measure.target_acceptable,addons/quimibond_sgi/models/sgi_indicator.py:1054,Float,,
1024,campo,sgi.indicator.measure.uom,addons/quimibond_sgi/models/sgi_indicator.py:1055,Char,,
1025,campo,sgi.indicator.measure.semaphore,addons/quimibond_sgi/models/sgi_indicator.py:1056,Selection,,
1026,campo,sgi.indicator.measure.note,addons/quimibond_sgi/models/sgi_indicator.py:1061,Text,,
1027,campo,sgi.indicator.measure.state,addons/quimibond_sgi/models/sgi_indicator.py:1062,Selection,,
1028,campo,sgi.indicator.measure.alert_id,addons/quimibond_sgi/models/sgi_indicator.py:1067,Many2one,,
1029,campo,sgi.indicator.measure.sgi_nc_suppressed,addons/quimibond_sgi/models/sgi_indicator.py:1068,Boolean,,
1030,campo,quality.alert.sgi_indicator_measure_id,addons/quimibond_sgi/models/sgi_indicator.py:1454,Many2one,,
1031,campo,sgi.indicator.status,addons/quimibond_sgi/models/sgi_indicator_detail.py:38,Selection,,
1032,campo,sgi.indicator.measure_from,addons/quimibond_sgi/models/sgi_indicator_detail.py:45,Date,,
1033,campo,sgi.indicator.critical,addons/quimibond_sgi/models/sgi_indicator_detail.py:50,Boolean,,
1034,campo,sgi.indicator.calc_status,addons/quimibond_sgi/models/sgi_indicator_detail.py:57,Selection,,
1035,campo,sgi.indicator.calc_message,addons/quimibond_sgi/models/sgi_indicator_detail.py:65,Char,,
1036,campo,sgi.indicator.calc_checked,addons/quimibond_sgi/models/sgi_indicator_detail.py:66,Datetime,,
1037,campo,sgi.indicator.measure.state,addons/quimibond_sgi/models/sgi_indicator_detail.py:284,Selection,,
1038,campo,sgi.indicator.measure.numerator,addons/quimibond_sgi/models/sgi_indicator_detail.py:286,Float,,
1039,campo,sgi.indicator.measure.denominator,addons/quimibond_sgi/models/sgi_indicator_detail.py:287,Float,,
1040,campo,sgi.indicator.measure.sample_size,addons/quimibond_sgi/models/sgi_indicator_detail.py:288,Integer,,
1041,campo,sgi.indicator.measure.small_sample,addons/quimibond_sgi/models/sgi_indicator_detail.py:289,Boolean,,
1042,campo,sgi.indicator.measure.detail_model,addons/quimibond_sgi/models/sgi_indicator_detail.py:293,Char,,
1043,campo,sgi.indicator.measure.detail_ids,addons/quimibond_sgi/models/sgi_indicator_detail.py:294,Text,,
1044,campo,sgi.indicator.measure.detail_count,addons/quimibond_sgi/models/sgi_indicator_detail.py:295,Integer,,
1045,campo,sgi.indicator.measure.value_is_pct,addons/quimibond_sgi/models/sgi_indicator_detail.py:296,Boolean,,
1046,campo,sgi.indicator.measure.indicator_status,addons/quimibond_sgi/models/sgi_indicator_detail.py:297,Selection,,
1047,campo,sgi.indicator.term.indicator_id,addons/quimibond_sgi/models/sgi_indicator_formula.py:82,Many2one,,
1048,campo,sgi.indicator.term.role,addons/quimibond_sgi/models/sgi_indicator_formula.py:83,Selection,,
1049,campo,sgi.indicator.term.model_id,addons/quimibond_sgi/models/sgi_indicator_formula.py:85,Many2one,,
1050,campo,sgi.indicator.term.model_name,addons/quimibond_sgi/models/sgi_indicator_formula.py:86,Char,,
1051,campo,sgi.indicator.term.domain,addons/quimibond_sgi/models/sgi_indicator_formula.py:87,Text,,
1052,campo,sgi.indicator.term.date_field,addons/quimibond_sgi/models/sgi_indicator_formula.py:89,Char,,
1053,campo,sgi.indicator.term.aggregation,addons/quimibond_sgi/models/sgi_indicator_formula.py:94,Selection,,
1054,campo,sgi.indicator.term.field_name,addons/quimibond_sgi/models/sgi_indicator_formula.py:95,Char,,
1055,campo,sgi.indicator.term.field_name_2,addons/quimibond_sgi/models/sgi_indicator_formula.py:97,Char,,
1056,campo,sgi.indicator.term.delta_unit,addons/quimibond_sgi/models/sgi_indicator_formula.py:99,Selection,,
1057,campo,sgi.indicator.term.delta_op,addons/quimibond_sgi/models/sgi_indicator_formula.py:100,Selection,,
1058,campo,sgi.indicator.term.delta_value,addons/quimibond_sgi/models/sgi_indicator_formula.py:101,Float,,
1059,campo,sgi.indicator.term.factor,addons/quimibond_sgi/models/sgi_indicator_formula.py:103,Float,,
1060,campo,sgi.indicator.term.window,addons/quimibond_sgi/models/sgi_indicator_formula.py:106,Selection,,
1061,campo,sgi.indicator.term_ids,addons/quimibond_sgi/models/sgi_indicator_formula.py:341,One2many,,
1062,campo,sgi.indicator.has_formula,addons/quimibond_sgi/models/sgi_indicator_formula.py:342,Boolean,,
1063,campo,sgi.indicator.formula_text,addons/quimibond_sgi/models/sgi_indicator_formula.py:343,Text,,
1064,campo,sgi.indicator.can_edit_formula,addons/quimibond_sgi/models/sgi_indicator_formula.py:346,Boolean,,
1065,campo,sgi.indicator.measure.parallel_value,addons/quimibond_sgi/models/sgi_indicator_formula.py:498,Float,,
1066,campo,sgi.indicator.measure.parallel_numerator,addons/quimibond_sgi/models/sgi_indicator_formula.py:503,Float,,
1067,campo,sgi.indicator.measure.parallel_denominator,addons/quimibond_sgi/models/sgi_indicator_formula.py:504,Float,,
1068,campo,sgi.indicator.window_label,addons/quimibond_sgi/models/sgi_indicator_plan.py:50,Char,,
1069,campo,sgi.action.line.measure_id,addons/quimibond_sgi/models/sgi_indicator_plan.py:73,Many2one,,
1070,campo,sgi.indicator.measure.window_label,addons/quimibond_sgi/models/sgi_indicator_plan.py:111,Char,,
1071,campo,sgi.indicator.measure.cause,addons/quimibond_sgi/models/sgi_indicator_plan.py:112,Text,,
1072,campo,sgi.indicator.measure.action_line_ids,addons/quimibond_sgi/models/sgi_indicator_plan.py:113,One2many,,
1073,campo,sgi.indicator.measure.plan_required,addons/quimibond_sgi/models/sgi_indicator_plan.py:114,Boolean,,
1074,campo,sgi.indicator.measure.plan_due,addons/quimibond_sgi/models/sgi_indicator_plan.py:115,Date,,
1075,campo,sgi.indicator.measure.plan_done,addons/quimibond_sgi/models/sgi_indicator_plan.py:117,Boolean,,
1076,campo,sgi.indicator.step.indicator_id,addons/quimibond_sgi/models/sgi_indicator_trajectory.py:36,Many2one,,
1077,campo,sgi.indicator.step.date_from,addons/quimibond_sgi/models/sgi_indicator_trajectory.py:37,Date,,
1078,campo,sgi.indicator.step.name,addons/quimibond_sgi/models/sgi_indicator_trajectory.py:38,Char,,
1079,campo,sgi.indicator.step.objective,addons/quimibond_sgi/models/sgi_indicator_trajectory.py:39,Float,,
1080,campo,sgi.indicator.step.acceptable,addons/quimibond_sgi/models/sgi_indicator_trajectory.py:40,Float,,
1081,campo,sgi.indicator.step.manual,addons/quimibond_sgi/models/sgi_indicator_trajectory.py:41,Boolean,,
1082,campo,sgi.indicator.step.reason,addons/quimibond_sgi/models/sgi_indicator_trajectory.py:42,Text,,
1083,campo,sgi.indicator.direction,addons/quimibond_sgi/models/sgi_indicator_trajectory.py:79,Selection,,
1084,campo,sgi.indicator.range_min,addons/quimibond_sgi/models/sgi_indicator_trajectory.py:81,Float,,
1085,campo,sgi.indicator.range_max,addons/quimibond_sgi/models/sgi_indicator_trajectory.py:82,Float,,
1086,campo,sgi.indicator.range_tolerance,addons/quimibond_sgi/models/sgi_indicator_trajectory.py:83,Float,,
1087,campo,sgi.indicator.baseline_date,addons/quimibond_sgi/models/sgi_indicator_trajectory.py:86,Date,,
1088,campo,sgi.indicator.step_ids,addons/quimibond_sgi/models/sgi_indicator_trajectory.py:88,One2many,,
1089,campo,sgi.indicator.has_trajectory,addons/quimibond_sgi/models/sgi_indicator_trajectory.py:89,Boolean,,
1090,campo,sgi.indicator.measure.target_objective,addons/quimibond_sgi/models/sgi_indicator_trajectory.py:223,Float,,
1091,campo,sgi.indicator.measure.target_acceptable,addons/quimibond_sgi/models/sgi_indicator_trajectory.py:224,Float,,
1092,campo,sgi.indicator.measure.range_min,addons/quimibond_sgi/models/sgi_indicator_trajectory.py:225,Float,,
1093,campo,sgi.indicator.measure.range_max,addons/quimibond_sgi/models/sgi_indicator_trajectory.py:226,Float,,
1094,campo,sgi.process.activity.instruction_article_id,addons/quimibond_sgi/models/sgi_instruction_knowledge.py:18,Many2one,,
1095,campo,sgi.process.activity.instruction_article_stale,addons/quimibond_sgi/models/sgi_instruction_knowledge.py:22,Boolean,,
1096,campo,documents.document.sgi_article_id,addons/quimibond_sgi/models/sgi_instruction_knowledge.py:54,Many2one,,
1097,campo,sgi.instruction.publish.activity_id,addons/quimibond_sgi/models/sgi_instruction_knowledge.py:63,Many2one,,
1098,campo,sgi.instruction.publish.article_id,addons/quimibond_sgi/models/sgi_instruction_knowledge.py:64,Many2one,,
1099,campo,sgi.instruction.publish.code,addons/quimibond_sgi/models/sgi_instruction_knowledge.py:65,Char,,
1100,campo,sgi.instruction.publish.job_ids,addons/quimibond_sgi/models/sgi_instruction_knowledge.py:66,Many2many,,
1101,campo,stock.picking.sgi_nc_count,addons/quimibond_sgi/models/sgi_integration.py:9,Integer,,
1102,campo,stock.picking.sgi_return_alert_id,addons/quimibond_sgi/models/sgi_integration.py:30,Many2one,,
1103,campo,stock.picking.sgi_seal_number,addons/quimibond_sgi/models/sgi_integration.py:35,Char,,
1104,campo,mrp.production.sgi_nc_count,addons/quimibond_sgi/models/sgi_integration.py:90,Integer,,
1105,campo,purchase.order.sgi_nc_count,addons/quimibond_sgi/models/sgi_integration.py:112,Integer,,
1106,campo,maintenance.request.sgi_alert_id,addons/quimibond_sgi/models/sgi_integration.py:149,Many2one,,
1107,campo,hr.job.sgi_document_ids,addons/quimibond_sgi/models/sgi_integration.py:192,Many2many,,
1108,campo,hr.job.sgi_epp_required,addons/quimibond_sgi/models/sgi_integration.py:197,Text,,
1109,campo,product.template.sgi_spec_document_id,addons/quimibond_sgi/models/sgi_integration.py:210,Many2one,,
1110,campo,product.template.sgi_packaging_notes,addons/quimibond_sgi/models/sgi_integration.py:216,Text,,
1111,campo,hr.employee.sgi_procedure_count,addons/quimibond_sgi/models/sgi_integration.py:244,Integer,,
1112,campo,hr.employee.sgi_pending_ack_count,addons/quimibond_sgi/models/sgi_integration.py:245,Integer,,
1113,campo,res.partner.sgi_complaint_count,addons/quimibond_sgi/models/sgi_integration.py:303,Integer,,
1114,campo,res.partner.sgi_nc_count,addons/quimibond_sgi/models/sgi_integration.py:304,Integer,,
1115,campo,product.template.sgi_first_sale_date,addons/quimibond_sgi/models/sgi_kpi_fields.py:61,Date,,
1116,campo,stock.picking.sgi_export_crossing_datetime,addons/quimibond_sgi/models/sgi_kpi_fields.py:84,Datetime,,
1117,campo,stock.picking.sgi_export_file_closed_date,addons/quimibond_sgi/models/sgi_kpi_fields.py:87,Date,,
1118,campo,stock.picking.sgi_quality_approved_at,addons/quimibond_sgi/models/sgi_kpi_fields.py:90,Datetime,,
1119,campo,stock.picking.sgi_release_hours,addons/quimibond_sgi/models/sgi_kpi_fields.py:93,Float,,
1120,campo,quality.alert.sgi_claimed_meters,addons/quimibond_sgi/models/sgi_kpi_fields.py:116,Float,,
1121,campo,account.move.line.sgi_po_price_diff,addons/quimibond_sgi/models/sgi_kpi_fields.py:125,Monetary,,
1122,campo,account.move.sgi_payment_date,addons/quimibond_sgi/models/sgi_kpi_fields.py:144,Date,,
1123,campo,sgi.management.review.agreement.done_date,addons/quimibond_sgi/models/sgi_kpi_fields.py:167,Date,,
1124,campo,sgi.lock.date.log.company_id,addons/quimibond_sgi/models/sgi_kpi_fields.py:187,Many2one,,
1125,campo,sgi.lock.date.log.lock_field,addons/quimibond_sgi/models/sgi_kpi_fields.py:188,Selection,,
1126,campo,sgi.lock.date.log.date_before,addons/quimibond_sgi/models/sgi_kpi_fields.py:189,Date,,
1127,campo,sgi.lock.date.log.date_after,addons/quimibond_sgi/models/sgi_kpi_fields.py:190,Date,,
1128,campo,sgi.lock.date.log.moved_at,addons/quimibond_sgi/models/sgi_kpi_fields.py:191,Datetime,,
1129,campo,sgi.lock.date.log.user_id,addons/quimibond_sgi/models/sgi_kpi_fields.py:192,Many2one,,
1130,campo,sgi.lock.date.log.business_day,addons/quimibond_sgi/models/sgi_kpi_fields.py:193,Integer,,
1131,campo,sgi.inventory.value.company_id,addons/quimibond_sgi/models/sgi_kpi_fields.py:237,Many2one,,
1132,campo,sgi.inventory.value.date,addons/quimibond_sgi/models/sgi_kpi_fields.py:238,Date,,
1133,campo,sgi.inventory.value.value,addons/quimibond_sgi/models/sgi_kpi_fields.py:240,Monetary,,
1134,campo,sgi.inventory.value.currency_id,addons/quimibond_sgi/models/sgi_kpi_fields.py:241,Many2one,,
1135,campo,sgi.inventory.value.quant_count,addons/quimibond_sgi/models/sgi_kpi_fields.py:242,Integer,,
1136,campo,sgi.inventory.value.taken_at,addons/quimibond_sgi/models/sgi_kpi_fields.py:243,Datetime,,
1137,campo,hr.version.sgi_departure_reason_id,addons/quimibond_sgi/models/sgi_kpi_fields.py:275,Many2one,,
1138,campo,hr.version.sgi_departure_registered_at,addons/quimibond_sgi/models/sgi_kpi_fields.py:278,Datetime,,
1139,campo,hr.employee.sgi_trial_date_end,addons/quimibond_sgi/models/sgi_kpi_fields.py:297,Date,,
1140,campo,res.users.sgi_deactivated_date,addons/quimibond_sgi/models/sgi_kpi_fields.py:306,Date,,
1141,campo,sgi.legal.requirement.name,addons/quimibond_sgi/models/sgi_legal.py:27,Char,,
1142,campo,sgi.legal.requirement.kind,addons/quimibond_sgi/models/sgi_legal.py:32,Selection,,
1143,campo,sgi.legal.requirement.system,addons/quimibond_sgi/models/sgi_legal.py:39,Selection,,
1144,campo,sgi.legal.requirement.reference,addons/quimibond_sgi/models/sgi_legal.py:45,Char,,
1145,campo,sgi.legal.requirement.authority,addons/quimibond_sgi/models/sgi_legal.py:49,Char,,
1146,campo,sgi.legal.requirement.description,addons/quimibond_sgi/models/sgi_legal.py:52,Text,,
1147,campo,sgi.legal.requirement.evidence,addons/quimibond_sgi/models/sgi_legal.py:55,Text,,
1148,campo,sgi.legal.requirement.process_ids,addons/quimibond_sgi/models/sgi_legal.py:59,Many2many,,
1149,campo,sgi.legal.requirement.risk_ids,addons/quimibond_sgi/models/sgi_legal.py:61,Many2many,,
1150,campo,sgi.legal.requirement.document_ids,addons/quimibond_sgi/models/sgi_legal.py:64,Many2many,,
1151,campo,sgi.legal.requirement.responsible_id,addons/quimibond_sgi/models/sgi_legal.py:68,Many2one,,
1152,campo,sgi.legal.requirement.evaluation_ids,addons/quimibond_sgi/models/sgi_legal.py:71,One2many,,
1153,campo,sgi.legal.requirement.evaluation_count,addons/quimibond_sgi/models/sgi_legal.py:73,Integer,,
1154,campo,sgi.legal.requirement.expiry_date,addons/quimibond_sgi/models/sgi_legal.py:74,Date,,
1155,campo,sgi.legal.requirement.eval_frequency_months,addons/quimibond_sgi/models/sgi_legal.py:80,Integer,,
1156,campo,sgi.legal.requirement.last_eval_date,addons/quimibond_sgi/models/sgi_legal.py:82,Date,,
1157,campo,sgi.legal.requirement.next_eval_date,addons/quimibond_sgi/models/sgi_legal.py:83,Date,,
1158,campo,sgi.legal.requirement.compliance_state,addons/quimibond_sgi/models/sgi_legal.py:88,Selection,,
1159,campo,sgi.legal.requirement.eval_note,addons/quimibond_sgi/models/sgi_legal.py:95,Text,,
1160,campo,sgi.legal.requirement.alert_id,addons/quimibond_sgi/models/sgi_legal.py:99,Many2one,,
1161,campo,sgi.legal.requirement.active,addons/quimibond_sgi/models/sgi_legal.py:101,Boolean,,
1162,campo,sgi.legal.evaluation.requirement_id,addons/quimibond_sgi/models/sgi_legal.py:237,Many2one,,
1163,campo,sgi.legal.evaluation.date,addons/quimibond_sgi/models/sgi_legal.py:239,Date,,
1164,campo,sgi.legal.evaluation.result,addons/quimibond_sgi/models/sgi_legal.py:240,Selection,,
1165,campo,sgi.legal.evaluation.evidence,addons/quimibond_sgi/models/sgi_legal.py:246,Text,,
1166,campo,sgi.legal.evaluation.next_date,addons/quimibond_sgi/models/sgi_legal.py:247,Date,,
1167,campo,sgi.legal.evaluation.user_id,addons/quimibond_sgi/models/sgi_legal.py:248,Many2one,,
1168,campo,sgi.legal.evaluation.alert_id,addons/quimibond_sgi/models/sgi_legal.py:249,Many2one,,
1169,campo,sgi.legal.evaluate.requirement_id,addons/quimibond_sgi/models/sgi_legal.py:256,Many2one,,
1170,campo,sgi.legal.evaluate.result,addons/quimibond_sgi/models/sgi_legal.py:257,Selection,,
1171,campo,sgi.legal.evaluate.evidence,addons/quimibond_sgi/models/sgi_legal.py:263,Text,,
1172,campo,sgi.legal.evaluate.next_date,addons/quimibond_sgi/models/sgi_legal.py:266,Date,,
1173,campo,sgi.dyd.task.mixin.sgi_dyd_task_id,addons/quimibond_sgi/models/sgi_links.py:27,Many2one,,
1174,campo,mrp.production.sgi_release_picking_ids,addons/quimibond_sgi/models/sgi_links.py:58,One2many,,
1175,campo,project.task.sgi_fmea_ids,addons/quimibond_sgi/models/sgi_links.py:66,One2many,,
1176,campo,project.task.sgi_bom_ids,addons/quimibond_sgi/models/sgi_links.py:67,One2many,,
1177,campo,project.task.sgi_production_ids,addons/quimibond_sgi/models/sgi_links.py:68,One2many,,
1178,campo,project.task.sgi_control_plan_ids,addons/quimibond_sgi/models/sgi_links.py:69,One2many,,
1179,campo,project.task.sgi_ppap_ids,addons/quimibond_sgi/models/sgi_links.py:70,One2many,,
1180,campo,project.task.sgi_dyd_link_count,addons/quimibond_sgi/models/sgi_links.py:71,Integer,,
1181,campo,product.template.sgi_control_plan_id,addons/quimibond_sgi/models/sgi_links.py:84,Many2one,,
1182,campo,quality.alert.sgi_maintenance_request_id,addons/quimibond_sgi/models/sgi_links.py:103,Many2one,,
1183,campo,purchase.order.sgi_approval_request_id,addons/quimibond_sgi/models/sgi_links.py:112,Many2one,,
1184,campo,approval.request.sgi_purchase_order_ids,addons/quimibond_sgi/models/sgi_links.py:122,One2many,,
1185,campo,account.move.sgi_picking_ids,addons/quimibond_sgi/models/sgi_links.py:145,Many2many,,
1186,campo,ir.attachment.sgi_picking_id,addons/quimibond_sgi/models/sgi_links.py:169,Many2one,,
1187,campo,stock.picking.sgi_production_id,addons/quimibond_sgi/models/sgi_links.py:188,Many2one,,
1188,campo,stock.picking.sgi_acuse_attachment_ids,addons/quimibond_sgi/models/sgi_links.py:193,One2many,,
1189,campo,stock.picking.sgi_acuse_count,addons/quimibond_sgi/models/sgi_links.py:195,Integer,,
1190,campo,sgi.acuse.attach.wizard.picking_id,addons/quimibond_sgi/models/sgi_links.py:234,Many2one,,
1191,campo,sgi.acuse.attach.wizard.file,addons/quimibond_sgi/models/sgi_links.py:235,Binary,,
1192,campo,sgi.acuse.attach.wizard.file_name,addons/quimibond_sgi/models/sgi_links.py:236,Char,,
1193,campo,sgi.acuse.attach.wizard.note,addons/quimibond_sgi/models/sgi_links.py:237,Char,,
1194,campo,sgi.catalog.load.wizard.payload_text,addons/quimibond_sgi/models/sgi_load_wizard.py:26,Text,,
1195,campo,sgi.catalog.load.wizard.payload_file,addons/quimibond_sgi/models/sgi_load_wizard.py:27,Binary,,
1196,campo,sgi.catalog.load.wizard.payload_filename,addons/quimibond_sgi/models/sgi_load_wizard.py:28,Char,,
1197,campo,sgi.catalog.load.wizard.state,addons/quimibond_sgi/models/sgi_load_wizard.py:29,Selection,,
1198,campo,sgi.catalog.load.wizard.dry_run_ok,addons/quimibond_sgi/models/sgi_load_wizard.py:34,Boolean,,
1199,campo,sgi.catalog.load.wizard.summary,addons/quimibond_sgi/models/sgi_load_wizard.py:35,Text,,
1200,campo,sgi.catalog.load.wizard.line_ids,addons/quimibond_sgi/models/sgi_load_wizard.py:36,One2many,,
1201,campo,sgi.catalog.load.wizard.error_count,addons/quimibond_sgi/models/sgi_load_wizard.py:38,Integer,,
1202,campo,sgi.catalog.load.wizard.change_count,addons/quimibond_sgi/models/sgi_load_wizard.py:39,Integer,,
1203,campo,sgi.catalog.load.wizard.line.wizard_id,addons/quimibond_sgi/models/sgi_load_wizard.py:108,Many2one,,
1204,campo,sgi.catalog.load.wizard.line.kind,addons/quimibond_sgi/models/sgi_load_wizard.py:109,Char,,
1205,campo,sgi.catalog.load.wizard.line.key,addons/quimibond_sgi/models/sgi_load_wizard.py:110,Char,,
1206,campo,sgi.catalog.load.wizard.line.action,addons/quimibond_sgi/models/sgi_load_wizard.py:111,Selection,,
1207,campo,sgi.catalog.load.wizard.line.message,addons/quimibond_sgi/models/sgi_load_wizard.py:112,Char,,
1208,campo,sgi.machine.sheet.name,addons/quimibond_sgi/models/sgi_machine_sheet.py:32,Char,,
1209,campo,sgi.machine.sheet.product_id,addons/quimibond_sgi/models/sgi_machine_sheet.py:33,Many2one,,
1210,campo,sgi.machine.sheet.workcenter_id,addons/quimibond_sgi/models/sgi_machine_sheet.py:34,Many2one,,
1211,campo,sgi.machine.sheet.date,addons/quimibond_sgi/models/sgi_machine_sheet.py:35,Date,,
1212,campo,sgi.machine.sheet.area,addons/quimibond_sgi/models/sgi_machine_sheet.py:36,Selection,,
1213,campo,sgi.machine.sheet.revision,addons/quimibond_sgi/models/sgi_machine_sheet.py:37,Integer,,
1214,campo,sgi.machine.sheet.state,addons/quimibond_sgi/models/sgi_machine_sheet.py:38,Selection,,
1215,campo,sgi.machine.sheet.active,addons/quimibond_sgi/models/sgi_machine_sheet.py:40,Boolean,,
1216,campo,sgi.machine.sheet.yarn_line_ids,addons/quimibond_sgi/models/sgi_machine_sheet.py:41,One2many,,
1217,campo,sgi.machine.sheet.pulley_1,addons/quimibond_sgi/models/sgi_machine_sheet.py:42,Char,,
1218,campo,sgi.machine.sheet.pulley_2,addons/quimibond_sgi/models/sgi_machine_sheet.py:43,Char,,
1219,campo,sgi.machine.sheet.pulley_3,addons/quimibond_sgi/models/sgi_machine_sheet.py:44,Char,,
1220,campo,sgi.machine.sheet.pulley_4,addons/quimibond_sgi/models/sgi_machine_sheet.py:45,Char,,
1221,campo,sgi.machine.sheet.yarn_note,addons/quimibond_sgi/models/sgi_machine_sheet.py:46,Text,,
1222,campo,sgi.machine.sheet.param_line_ids,addons/quimibond_sgi/models/sgi_machine_sheet.py:47,One2many,,
1223,campo,sgi.machine.sheet.machine_note,addons/quimibond_sgi/models/sgi_machine_sheet.py:48,Text,,
1224,campo,sgi.machine.sheet.fabric_note,addons/quimibond_sgi/models/sgi_machine_sheet.py:49,Text,,
1225,campo,sgi.machine.sheet.lab_user_id,addons/quimibond_sgi/models/sgi_machine_sheet.py:50,Many2one,,
1226,campo,sgi.machine.sheet.mechanic_user_id,addons/quimibond_sgi/models/sgi_machine_sheet.py:51,Many2one,,
1227,campo,sgi.machine.sheet.approved_by_id,addons/quimibond_sgi/models/sgi_machine_sheet.py:52,Many2one,,
1228,campo,sgi.machine.sheet.engineering_by_id,addons/quimibond_sgi/models/sgi_machine_sheet.py:53,Many2one,,
1229,campo,sgi.machine.sheet.company_id,addons/quimibond_sgi/models/sgi_machine_sheet.py:54,Many2one,,
1230,campo,sgi.machine.sheet.yarn.sheet_id,addons/quimibond_sgi/models/sgi_machine_sheet.py:116,Many2one,,
1231,campo,sgi.machine.sheet.yarn.sequence,addons/quimibond_sgi/models/sgi_machine_sheet.py:117,Integer,,
1232,campo,sgi.machine.sheet.yarn.fiber,addons/quimibond_sgi/models/sgi_machine_sheet.py:118,Selection,,
1233,campo,sgi.machine.sheet.yarn.feed,addons/quimibond_sgi/models/sgi_machine_sheet.py:120,Char,,
1234,campo,sgi.machine.sheet.yarn.yarn_type,addons/quimibond_sgi/models/sgi_machine_sheet.py:121,Char,,
1235,campo,sgi.machine.sheet.yarn.title,addons/quimibond_sgi/models/sgi_machine_sheet.py:122,Char,,
1236,campo,sgi.machine.sheet.yarn.twist,addons/quimibond_sgi/models/sgi_machine_sheet.py:123,Char,,
1237,campo,sgi.machine.sheet.yarn.consumption,addons/quimibond_sgi/models/sgi_machine_sheet.py:124,Char,,
1238,campo,sgi.machine.sheet.yarn.pct,addons/quimibond_sgi/models/sgi_machine_sheet.py:125,Float,,
1239,campo,sgi.machine.sheet.param.sheet_id,addons/quimibond_sgi/models/sgi_machine_sheet.py:133,Many2one,,
1240,campo,sgi.machine.sheet.param.sequence,addons/quimibond_sgi/models/sgi_machine_sheet.py:134,Integer,,
1241,campo,sgi.machine.sheet.param.section,addons/quimibond_sgi/models/sgi_machine_sheet.py:135,Selection,,
1242,campo,sgi.machine.sheet.param.name,addons/quimibond_sgi/models/sgi_machine_sheet.py:136,Char,,
1243,campo,sgi.machine.sheet.param.spec,addons/quimibond_sgi/models/sgi_machine_sheet.py:137,Char,,
1244,campo,sgi.machine.sheet.param.tolerance,addons/quimibond_sgi/models/sgi_machine_sheet.py:138,Char,,
1245,campo,sgi.machine.sheet.param.unit,addons/quimibond_sgi/models/sgi_machine_sheet.py:139,Char,,
1246,campo,sgi.management.review.name,addons/quimibond_sgi/models/sgi_management_review.py:23,Char,,
1247,campo,sgi.management.review.date,addons/quimibond_sgi/models/sgi_management_review.py:24,Date,,
1248,campo,sgi.management.review.period_from,addons/quimibond_sgi/models/sgi_management_review.py:25,Date,,
1249,campo,sgi.management.review.period_to,addons/quimibond_sgi/models/sgi_management_review.py:26,Date,,
1250,campo,sgi.management.review.attendee_ids,addons/quimibond_sgi/models/sgi_management_review.py:27,Many2many,,
1251,campo,sgi.management.review.state,addons/quimibond_sgi/models/sgi_management_review.py:29,Selection,,
1252,campo,sgi.management.review.prev_agreements_summary,addons/quimibond_sgi/models/sgi_management_review.py:36,Text,,
1253,campo,sgi.management.review.nc_summary,addons/quimibond_sgi/models/sgi_management_review.py:37,Text,,
1254,campo,sgi.management.review.complaints_summary,addons/quimibond_sgi/models/sgi_management_review.py:38,Text,,
1255,campo,sgi.management.review.audit_summary,addons/quimibond_sgi/models/sgi_management_review.py:39,Text,,
1256,campo,sgi.management.review.audit_ids,addons/quimibond_sgi/models/sgi_management_review.py:43,Many2many,,
1257,campo,sgi.management.review.kpi_red_measure_ids,addons/quimibond_sgi/models/sgi_management_review.py:46,Many2many,,
1258,campo,sgi.management.review.supplier_summary,addons/quimibond_sgi/models/sgi_management_review.py:49,Text,,
1259,campo,sgi.management.review.risk_high_ids,addons/quimibond_sgi/models/sgi_management_review.py:50,Many2many,,
1260,campo,sgi.management.review.env_summary,addons/quimibond_sgi/models/sgi_management_review.py:53,Text,,
1261,campo,sgi.management.review.resources_note,addons/quimibond_sgi/models/sgi_management_review.py:54,Text,,
1262,campo,sgi.management.review.doc_changes_summary,addons/quimibond_sgi/models/sgi_management_review.py:55,Text,,
1263,campo,sgi.management.review.legal_summary,addons/quimibond_sgi/models/sgi_management_review.py:56,Text,,
1264,campo,sgi.management.review.participation_summary,addons/quimibond_sgi/models/sgi_management_review.py:60,Text,,
1265,campo,sgi.management.review.objectives_summary,addons/quimibond_sgi/models/sgi_management_review.py:65,Text,,
1266,campo,sgi.management.review.satisfaction_summary,addons/quimibond_sgi/models/sgi_management_review.py:69,Text,,
1267,campo,sgi.management.review.agreement_action_ids,addons/quimibond_sgi/models/sgi_management_review.py:72,One2many,,
1268,campo,sgi.management.review.agreement_ids,addons/quimibond_sgi/models/sgi_management_review.py:78,One2many,,
1269,campo,sgi.management.review.agreement.review_id,addons/quimibond_sgi/models/sgi_management_review.py:400,Many2one,,
1270,campo,sgi.management.review.agreement.name,addons/quimibond_sgi/models/sgi_management_review.py:402,Char,,
1271,campo,sgi.management.review.agreement.responsible_id,addons/quimibond_sgi/models/sgi_management_review.py:403,Many2one,,
1272,campo,sgi.management.review.agreement.deadline,addons/quimibond_sgi/models/sgi_management_review.py:404,Date,,
1273,campo,sgi.management.review.agreement.task_id,addons/quimibond_sgi/models/sgi_management_review.py:405,Many2one,,
1274,campo,sgi.management.review.agreement.action_line_id,addons/quimibond_sgi/models/sgi_management_review.py:406,Many2one,,
1275,campo,sgi.management.review.agreement.action_state,addons/quimibond_sgi/models/sgi_management_review.py:407,Selection,,
1276,campo,sgi.management.review.agreement.is_done,addons/quimibond_sgi/models/sgi_management_review.py:408,Boolean,,
1277,campo,sgi.management.review.agreement.status_label,addons/quimibond_sgi/models/sgi_management_review.py:409,Char,,
1278,campo,sgi.action.line.review_id,addons/quimibond_sgi/models/sgi_management_review.py:430,Many2one,,
1279,campo,approval.category.sgi_is_mp_change,addons/quimibond_sgi/models/sgi_mp_change.py:51,Boolean,,
1280,campo,approval.request.sgi_activity_id,addons/quimibond_sgi/models/sgi_mp_change.py:67,Many2one,,
1281,campo,approval.request.sgi_mp_change_type,addons/quimibond_sgi/models/sgi_mp_change.py:70,Selection,,
1282,campo,approval.request.sgi_mp_proposal_id,addons/quimibond_sgi/models/sgi_mp_change.py:71,Many2one,,
1283,campo,approval.request.sgi_mp_diff_html,addons/quimibond_sgi/models/sgi_mp_change.py:73,Html,,
1284,campo,approval.request.sgi_mp_apply_scheduled,addons/quimibond_sgi/models/sgi_mp_change.py:75,Boolean,,
1285,campo,sgi.process.activity.sgi_mp_change_ids,addons/quimibond_sgi/models/sgi_mp_change.py:119,One2many,,
1286,campo,sgi.my.procedure.no_employee,addons/quimibond_sgi/models/sgi_mp_change.py:138,Boolean,,
1287,campo,sgi.activity.change.state,addons/quimibond_sgi/models/sgi_mp_change.py:165,Selection,,
1288,campo,sgi.activity.change.change_type,addons/quimibond_sgi/models/sgi_mp_change.py:170,Selection,,
1289,campo,sgi.activity.change.activity_id,addons/quimibond_sgi/models/sgi_mp_change.py:171,Many2one,,
1290,campo,sgi.activity.change.process_id,addons/quimibond_sgi/models/sgi_mp_change.py:192,Many2one,,
1291,campo,sgi.activity.change.allowed_process_ids,addons/quimibond_sgi/models/sgi_mp_change.py:193,Many2many,,
1292,campo,sgi.activity.change.job_id,addons/quimibond_sgi/models/sgi_mp_change.py:196,Many2one,,
1293,campo,sgi.activity.change.request_id,addons/quimibond_sgi/models/sgi_mp_change.py:197,Many2one,,
1294,campo,sgi.activity.change.reason,addons/quimibond_sgi/models/sgi_mp_change.py:198,Text,,
1295,campo,sgi.activity.change.attachment,addons/quimibond_sgi/models/sgi_mp_change.py:199,Binary,,
1296,campo,sgi.activity.change.attachment_name,addons/quimibond_sgi/models/sgi_mp_change.py:200,Char,,
1297,campo,sgi.activity.change.display_title,addons/quimibond_sgi/models/sgi_mp_change.py:201,Char,,
1298,campo,sgi.activity.change.name,addons/quimibond_sgi/models/sgi_mp_change.py:203,Char,,
1299,campo,sgi.activity.change.description,addons/quimibond_sgi/models/sgi_mp_change.py:204,Text,,
1300,campo,sgi.activity.change.how_steps,addons/quimibond_sgi/models/sgi_mp_change.py:205,Text,,
1301,campo,sgi.activity.change.instruction_id,addons/quimibond_sgi/models/sgi_mp_change.py:206,Many2one,,
1302,campo,sgi.activity.change.format_document_ids,addons/quimibond_sgi/models/sgi_mp_change.py:208,Many2many,,
1303,campo,sgi.activity.change.related_procedure_id,addons/quimibond_sgi/models/sgi_mp_change.py:211,Many2one,,
1304,campo,sgi.activity.change.measure_cadence,addons/quimibond_sgi/models/sgi_mp_change.py:214,Selection,,
1305,campo,sgi.activity.change.due_weekday,addons/quimibond_sgi/models/sgi_mp_change.py:215,Selection,,
1306,campo,sgi.activity.change.due_business_day,addons/quimibond_sgi/models/sgi_mp_change.py:216,Integer,,
1307,campo,sgi.activity.change.due_month,addons/quimibond_sgi/models/sgi_mp_change.py:217,Selection,,
1308,campo,sgi.activity.change.due_day,addons/quimibond_sgi/models/sgi_mp_change.py:218,Integer,,
1309,campo,sgi.activity.change.exec_channel,addons/quimibond_sgi/models/sgi_mp_change.py:219,Selection,,
1310,campo,sgi.activity.change.odoo_menu_id,addons/quimibond_sgi/models/sgi_mp_change.py:220,Many2one,,
1311,campo,sgi.activity.change.external_system,addons/quimibond_sgi/models/sgi_mp_change.py:221,Char,,
1312,campo,sgi.activity.change.place_note,addons/quimibond_sgi/models/sgi_mp_change.py:222,Char,,
1313,campo,sgi.activity.change.check_against,addons/quimibond_sgi/models/sgi_mp_change.py:223,Char,,
1314,campo,sgi.activity.change.done_criteria,addons/quimibond_sgi/models/sgi_mp_change.py:224,Text,,
1315,campo,sgi.activity.change.on_fail,addons/quimibond_sgi/models/sgi_mp_change.py:225,Text,,
1316,campo,sgi.activity.change.role_line_ids,addons/quimibond_sgi/models/sgi_mp_change.py:226,One2many,,
1317,campo,sgi.activity.change.diff_html,addons/quimibond_sgi/models/sgi_mp_change.py:227,Html,,
1318,campo,sgi.activity.change.diff_snapshot,addons/quimibond_sgi/models/sgi_mp_change.py:230,Html,,
1319,campo,sgi.activity.change.role.change_id,addons/quimibond_sgi/models/sgi_mp_change.py:516,Many2one,,
1320,campo,sgi.activity.change.role.sequence,addons/quimibond_sgi/models/sgi_mp_change.py:517,Integer,,
1321,campo,sgi.activity.change.role.role,addons/quimibond_sgi/models/sgi_mp_change.py:532,Selection,,
1322,campo,sgi.activity.change.role.target_type,addons/quimibond_sgi/models/sgi_mp_change.py:533,Selection,,
1323,campo,sgi.activity.change.role.job_id,addons/quimibond_sgi/models/sgi_mp_change.py:535,Many2one,,
1324,campo,sgi.activity.change.role.family_id,addons/quimibond_sgi/models/sgi_mp_change.py:536,Many2one,,
1325,campo,sgi.activity.change.role.relative_role,addons/quimibond_sgi/models/sgi_mp_change.py:537,Selection,,
1326,campo,sgi.activity.change.role.after_days,addons/quimibond_sgi/models/sgi_mp_change.py:538,Integer,,
1327,campo,sgi.activity.change.role.condition,addons/quimibond_sgi/models/sgi_mp_change.py:539,Char,,
1328,campo,maintenance.equipment.sgi_msa_ids,addons/quimibond_sgi/models/sgi_msa.py:17,One2many,,
1329,campo,maintenance.equipment.sgi_msa_count,addons/quimibond_sgi/models/sgi_msa.py:19,Integer,,
1330,campo,sgi.msa.study.equipment_id,addons/quimibond_sgi/models/sgi_msa.py:47,Many2one,,
1331,campo,sgi.msa.study.study_type,addons/quimibond_sgi/models/sgi_msa.py:50,Selection,,
1332,campo,sgi.msa.study.date,addons/quimibond_sgi/models/sgi_msa.py:56,Date,,
1333,campo,sgi.msa.study.characteristic,addons/quimibond_sgi/models/sgi_msa.py:58,Char,,
1334,campo,sgi.msa.study.point_id,addons/quimibond_sgi/models/sgi_msa.py:59,Many2one,,
1335,campo,sgi.msa.study.grr_pct,addons/quimibond_sgi/models/sgi_msa.py:60,Float,,
1336,campo,sgi.msa.study.ndc,addons/quimibond_sgi/models/sgi_msa.py:63,Integer,,
1337,campo,sgi.msa.study.verdict,addons/quimibond_sgi/models/sgi_msa.py:65,Selection,,
1338,campo,sgi.msa.study.notes,addons/quimibond_sgi/models/sgi_msa.py:73,Text,,
1339,campo,sgi.my.pending.user_id,addons/quimibond_sgi/models/sgi_my_pending.py:52,Many2one,,
1340,campo,sgi.my.pending.employee_id,addons/quimibond_sgi/models/sgi_my_pending.py:53,Many2one,,
1341,campo,sgi.my.pending.kind,addons/quimibond_sgi/models/sgi_my_pending.py:54,Selection,,
1342,campo,sgi.my.pending.name,addons/quimibond_sgi/models/sgi_my_pending.py:55,Char,,
1343,campo,sgi.my.pending.process_id,addons/quimibond_sgi/models/sgi_my_pending.py:56,Many2one,,
1344,campo,sgi.my.pending.date_due,addons/quimibond_sgi/models/sgi_my_pending.py:57,Date,,
1345,campo,sgi.my.pending.state,addons/quimibond_sgi/models/sgi_my_pending.py:58,Selection,,
1346,campo,sgi.my.pending.state_rank,addons/quimibond_sgi/models/sgi_my_pending.py:59,Integer,,
1347,campo,sgi.my.pending.res_model,addons/quimibond_sgi/models/sgi_my_pending.py:60,Char,,
1348,campo,sgi.my.pending.res_id,addons/quimibond_sgi/models/sgi_my_pending.py:61,Integer,,
1349,campo,sgi.my.procedure.pending_total,addons/quimibond_sgi/models/sgi_my_pending.py:265,Integer,,
1350,campo,sgi.my.procedure.pending_late,addons/quimibond_sgi/models/sgi_my_pending.py:266,Integer,,
1351,campo,hr.employee.public.sgi_mp_pending_total,addons/quimibond_sgi/models/sgi_my_pending.py:290,Integer,,
1352,campo,hr.employee.public.sgi_mp_pending_late,addons/quimibond_sgi/models/sgi_my_pending.py:293,Integer,,
1353,campo,hr.employee.public.sgi_mp_pending_state,addons/quimibond_sgi/models/sgi_my_pending.py:296,Selection,,
1354,campo,documents.document.sgi_doc_type,addons/quimibond_sgi/models/sgi_my_procedure.py:60,Selection,,
1355,campo,documents.document.sgi_content_hash,addons/quimibond_sgi/models/sgi_my_procedure.py:65,Char,,
1356,campo,sgi.activity.role.cadence,addons/quimibond_sgi/models/sgi_my_procedure.py:73,Selection,,
1357,campo,sgi.activity.role.activity_active,addons/quimibond_sgi/models/sgi_my_procedure.py:75,Boolean,,
1358,campo,sgi.activity.role.activity_menu_id,addons/quimibond_sgi/models/sgi_my_procedure.py:77,Many2one,,
1359,campo,sgi.activity.role.activity_when,addons/quimibond_sgi/models/sgi_my_procedure.py:79,Char,,
1360,campo,hr.job.sgi_my_procedure_doc_id,addons/quimibond_sgi/models/sgi_my_procedure.py:100,Many2one,,
1361,campo,hr.job.sgi_my_procedure_stale,addons/quimibond_sgi/models/sgi_my_procedure.py:103,Boolean,,
1362,campo,hr.employee.sgi_document_ack_ids,addons/quimibond_sgi/models/sgi_my_procedure.py:647,One2many,,
1363,campo,hr.employee.sgi_my_procedure_ack_state,addons/quimibond_sgi/models/sgi_my_procedure.py:649,Selection,,
1364,campo,sgi.my.procedure.mixin.sgi_mp_role_ids,addons/quimibond_sgi/models/sgi_my_procedure_screen.py:126,Many2many,,
1365,campo,sgi.my.procedure.mixin.sgi_mp_received_role_ids,addons/quimibond_sgi/models/sgi_my_procedure_screen.py:128,Many2many,,
1366,campo,sgi.my.procedure.mixin.sgi_mp_short_role_ids,addons/quimibond_sgi/models/sgi_my_procedure_screen.py:130,Many2many,,
1367,campo,sgi.my.procedure.mixin.sgi_mp_ack_ids,addons/quimibond_sgi/models/sgi_my_procedure_screen.py:132,Many2many,,
1368,campo,sgi.my.procedure.mixin.sgi_mp_document_ids,addons/quimibond_sgi/models/sgi_my_procedure_screen.py:134,Many2many,,
1369,campo,sgi.my.procedure.mixin.sgi_mp_epp_ids,addons/quimibond_sgi/models/sgi_my_procedure_screen.py:136,Many2many,,
1370,campo,sgi.my.procedure.mixin.sgi_mp_epp_text,addons/quimibond_sgi/models/sgi_my_procedure_screen.py:138,Text,,
1371,campo,sgi.my.procedure.mixin.sgi_mp_can_sign,addons/quimibond_sgi/models/sgi_my_procedure_screen.py:139,Boolean,,
1372,campo,sgi.my.procedure.mixin.sgi_mp_process_ids,addons/quimibond_sgi/models/sgi_my_procedure_screen.py:140,Many2many,,
1373,campo,hr.employee.sgi_mp_job_id,addons/quimibond_sgi/models/sgi_my_procedure_screen.py:222,Many2one,,
1374,campo,hr.employee.sgi_mp_role_ids,addons/quimibond_sgi/models/sgi_my_procedure_screen.py:225,Many2many,,
1375,campo,hr.employee.sgi_mp_received_role_ids,addons/quimibond_sgi/models/sgi_my_procedure_screen.py:228,Many2many,,
1376,campo,hr.employee.sgi_mp_short_role_ids,addons/quimibond_sgi/models/sgi_my_procedure_screen.py:231,Many2many,,
1377,campo,hr.employee.sgi_mp_process_ids,addons/quimibond_sgi/models/sgi_my_procedure_screen.py:234,Many2many,,
1378,campo,sgi.activity.role.mp_status,addons/quimibond_sgi/models/sgi_my_procedure_screen.py:288,Selection,,
1379,campo,sgi.activity.role.mp_status_detail,addons/quimibond_sgi/models/sgi_my_procedure_screen.py:289,Char,,
1380,campo,sgi.activity.role.mp_number,addons/quimibond_sgi/models/sgi_my_procedure_screen.py:290,Char,,
1381,campo,sgi.activity.role.mp_name,addons/quimibond_sgi/models/sgi_my_procedure_screen.py:291,Char,,
1382,campo,sgi.activity.role.mp_how,addons/quimibond_sgi/models/sgi_my_procedure_screen.py:292,Text,,
1383,campo,sgi.activity.role.mp_where,addons/quimibond_sgi/models/sgi_my_procedure_screen.py:293,Char,,
1384,campo,sgi.activity.role.mp_check_against,addons/quimibond_sgi/models/sgi_my_procedure_screen.py:294,Char,,
1385,campo,sgi.activity.role.mp_done,addons/quimibond_sgi/models/sgi_my_procedure_screen.py:295,Text,,
1386,campo,sgi.activity.role.mp_on_fail,addons/quimibond_sgi/models/sgi_my_procedure_screen.py:296,Text,,
1387,campo,sgi.activity.role.mp_inputs,addons/quimibond_sgi/models/sgi_my_procedure_screen.py:297,Char,,
1388,campo,sgi.activity.role.mp_outputs,addons/quimibond_sgi/models/sgi_my_procedure_screen.py:298,Char,,
1389,campo,sgi.activity.role.mp_related,addons/quimibond_sgi/models/sgi_my_procedure_screen.py:299,Char,,
1390,campo,sgi.activity.role.mp_escalates,addons/quimibond_sgi/models/sgi_my_procedure_screen.py:300,Char,,
1391,campo,sgi.activity.role.mp_norms,addons/quimibond_sgi/models/sgi_my_procedure_screen.py:301,Char,,
1392,campo,sgi.activity.role.mp_external,addons/quimibond_sgi/models/sgi_my_procedure_screen.py:302,Char,,
1393,campo,sgi.activity.role.mp_instruction_id,addons/quimibond_sgi/models/sgi_my_procedure_screen.py:303,Many2one,,
1394,campo,sgi.activity.role.mp_can_go,addons/quimibond_sgi/models/sgi_my_procedure_screen.py:305,Boolean,,
1395,campo,sgi.my.procedure.employee_id,addons/quimibond_sgi/models/sgi_my_procedure_screen.py:363,Many2one,,
1396,campo,sgi.my.procedure.employee_avatar,addons/quimibond_sgi/models/sgi_my_procedure_screen.py:364,Binary,,
1397,campo,sgi.my.procedure.job_id,addons/quimibond_sgi/models/sgi_my_procedure_screen.py:365,Many2one,,
1398,campo,sgi.my.procedure.can_pick,addons/quimibond_sgi/models/sgi_my_procedure_screen.py:367,Boolean,,
1399,campo,sgi.my.procedure.can_publish,addons/quimibond_sgi/models/sgi_my_procedure_screen.py:368,Boolean,,
1400,campo,sgi.my.procedure.allowed_employee_ids,addons/quimibond_sgi/models/sgi_my_procedure_screen.py:369,Many2many,,
1401,campo,sgi.my.procedure.allowed_job_ids,addons/quimibond_sgi/models/sgi_my_procedure_screen.py:371,Many2many,,
1402,campo,sgi.my.procedure.is_me,addons/quimibond_sgi/models/sgi_my_procedure_screen.py:373,Boolean,,
1403,campo,sgi.my.procedure.ack_state,addons/quimibond_sgi/models/sgi_my_procedure_screen.py:374,Selection,,
1404,campo,sgi.my.procedure.ack_label,addons/quimibond_sgi/models/sgi_my_procedure_screen.py:380,Char,,
1405,campo,sgi.my.procedure.doc_id,addons/quimibond_sgi/models/sgi_my_procedure_screen.py:381,Many2one,,
1406,campo,sgi.my.procedure.boss_id,addons/quimibond_sgi/models/sgi_my_procedure_screen.py:384,Many2one,,
1407,campo,sgi.my.procedure.department_id,addons/quimibond_sgi/models/sgi_my_procedure_screen.py:385,Many2one,,
1408,campo,sgi.my.procedure.family_id,addons/quimibond_sgi/models/sgi_my_procedure_screen.py:386,Many2one,,
1409,campo,sgi.my.procedure.process_ids,addons/quimibond_sgi/models/sgi_my_procedure_screen.py:387,Many2many,,
1410,campo,sgi.my.procedure.job_employee_ids,addons/quimibond_sgi/models/sgi_my_procedure_screen.py:388,Many2many,,
1411,campo,sgi.my.procedure.late_count,addons/quimibond_sgi/models/sgi_my_procedure_screen.py:392,Integer,,
1412,campo,sgi.my.procedure.ok_count,addons/quimibond_sgi/models/sgi_my_procedure_screen.py:393,Integer,,
1413,campo,sgi.my.procedure.unmeasured_count,addons/quimibond_sgi/models/sgi_my_procedure_screen.py:394,Integer,,
1414,campo,sgi.my.procedure.pending_ack_count,addons/quimibond_sgi/models/sgi_my_procedure_screen.py:395,Integer,,
1415,campo,sgi.my.procedure.pending_count,addons/quimibond_sgi/models/sgi_my_procedure_screen.py:396,Integer,,
1416,campo,sgi.my.procedure.activity_count,addons/quimibond_sgi/models/sgi_my_procedure_screen.py:397,Integer,,
1417,campo,sgi.my.procedure.role_ids,addons/quimibond_sgi/models/sgi_my_procedure_screen.py:400,Many2many,,
1418,campo,sgi.my.procedure.received_role_ids,addons/quimibond_sgi/models/sgi_my_procedure_screen.py:402,Many2many,,
1419,campo,sgi.my.procedure.short_role_ids,addons/quimibond_sgi/models/sgi_my_procedure_screen.py:404,Many2many,,
1420,campo,sgi.my.procedure.has_user,addons/quimibond_sgi/models/sgi_my_procedure_screen.py:408,Boolean,,
1421,campo,sgi.my.procedure.pending_action_ids,addons/quimibond_sgi/models/sgi_my_procedure_screen.py:409,Many2many,,
1422,campo,sgi.my.procedure.pending_nc_ids,addons/quimibond_sgi/models/sgi_my_procedure_screen.py:411,Many2many,,
1423,campo,sgi.my.procedure.pending_measure_ids,addons/quimibond_sgi/models/sgi_my_procedure_screen.py:413,Many2many,,
1424,campo,sgi.my.procedure.indicator_ids,addons/quimibond_sgi/models/sgi_my_procedure_screen.py:418,Many2many,,
1425,campo,sgi.my.procedure.official_indicator_ids,addons/quimibond_sgi/models/sgi_my_procedure_screen.py:421,Many2many,,
1426,campo,sgi.my.procedure.has_obligations,addons/quimibond_sgi/models/sgi_my_procedure_screen.py:423,Boolean,,
1427,campo,sgi.my.procedure.pending_legal_ids,addons/quimibond_sgi/models/sgi_my_procedure_screen.py:424,Many2many,,
1428,campo,sgi.my.procedure.pending_doc_review_ids,addons/quimibond_sgi/models/sgi_my_procedure_screen.py:426,Many2many,,
1429,campo,sgi.my.procedure.ack_ids,addons/quimibond_sgi/models/sgi_my_procedure_screen.py:430,Many2many,,
1430,campo,sgi.my.procedure.document_ids,addons/quimibond_sgi/models/sgi_my_procedure_screen.py:432,Many2many,,
1431,campo,sgi.my.procedure.epp_required,addons/quimibond_sgi/models/sgi_my_procedure_screen.py:436,Text,,
1432,campo,sgi.my.procedure.epp_delivery_ids,addons/quimibond_sgi/models/sgi_my_procedure_screen.py:437,Many2many,,
1433,campo,sgi.my.procedure.epp_pending_sign,addons/quimibond_sgi/models/sgi_my_procedure_screen.py:439,Boolean,,
1434,campo,sgi.my.procedure.epp_label,addons/quimibond_sgi/models/sgi_my_procedure_screen.py:440,Char,,
1435,campo,sgi.my.procedure.received_count,addons/quimibond_sgi/models/sgi_my_procedure_screen.py:644,Integer,,
1436,campo,sgi.my.procedure.short_count,addons/quimibond_sgi/models/sgi_my_procedure_screen.py:645,Integer,,
1437,campo,sgi.my.procedure.document_count,addons/quimibond_sgi/models/sgi_my_procedure_screen.py:646,Integer,,
1438,campo,sgi.my.procedure.nc_count,addons/quimibond_sgi/models/sgi_my_procedure_screen.py:647,Integer,,
1439,campo,sgi.my.procedure.measure_count,addons/quimibond_sgi/models/sgi_my_procedure_screen.py:648,Integer,,
1440,campo,sgi.my.procedure.indicator_count,addons/quimibond_sgi/models/sgi_my_procedure_screen.py:649,Integer,,
1441,campo,sgi.my.procedure.legal_count,addons/quimibond_sgi/models/sgi_my_procedure_screen.py:650,Integer,,
1442,campo,sgi.my.procedure.doc_review_count,addons/quimibond_sgi/models/sgi_my_procedure_screen.py:651,Integer,,
1443,campo,sgi.my.procedure.epp_count,addons/quimibond_sgi/models/sgi_my_procedure_screen.py:652,Integer,,
1444,campo,sgi.my.procedure.check.ready_count,addons/quimibond_sgi/models/sgi_my_procedure_screen.py:888,Integer,,
1445,campo,sgi.my.procedure.check.duplicate_job_ids,addons/quimibond_sgi/models/sgi_my_procedure_screen.py:891,Many2many,,
1446,campo,sgi.my.procedure.check.no_job_employee_ids,addons/quimibond_sgi/models/sgi_my_procedure_screen.py:895,Many2many,,
1447,campo,sgi.my.procedure.check.job_without_roles_employee_ids,addons/quimibond_sgi/models/sgi_my_procedure_screen.py:898,Many2many,,
1448,campo,sgi.my.procedure.check.roles_without_people_job_ids,addons/quimibond_sgi/models/sgi_my_procedure_screen.py:901,Many2many,,
1449,campo,hr.employee.public.sgi_mp_late,addons/quimibond_sgi/models/sgi_my_procedure_screen.py:935,Integer,,
1450,campo,hr.employee.public.sgi_mp_ok,addons/quimibond_sgi/models/sgi_my_procedure_screen.py:938,Integer,,
1451,campo,hr.employee.public.sgi_mp_unmeasured,addons/quimibond_sgi/models/sgi_my_procedure_screen.py:939,Integer,,
1452,campo,hr.employee.public.sgi_mp_total,addons/quimibond_sgi/models/sgi_my_procedure_screen.py:940,Integer,,
1453,campo,hr.employee.public.sgi_mp_acks_pending,addons/quimibond_sgi/models/sgi_my_procedure_screen.py:941,Integer,,
1454,campo,hr.employee.public.sgi_mp_ack_state,addons/quimibond_sgi/models/sgi_my_procedure_screen.py:945,Selection,,
1455,campo,documents.document.sgi_publish_sign_request_id,addons/quimibond_sgi/models/sgi_my_procedure_sign.py:24,Many2one,,
1456,campo,documents.document.sgi_publish_sign_state,addons/quimibond_sgi/models/sgi_my_procedure_sign.py:27,Selection,,
1457,campo,res.config.settings.sgi_mp_sign_required,addons/quimibond_sgi/models/sgi_my_procedure_sign.py:139,Boolean,,
1458,campo,quality.alert.stage.sgi_is_closing_stage,addons/quimibond_sgi/models/sgi_nonconformity.py:41,Boolean,,
1459,campo,quality.alert.stage.sgi_is_cancel_stage,addons/quimibond_sgi/models/sgi_nonconformity.py:42,Boolean,,
1460,campo,quality.alert.team.sgi_sequence_id,addons/quimibond_sgi/models/sgi_nonconformity.py:48,Many2one,,
1461,campo,quality.alert.sgi_folio,addons/quimibond_sgi/models/sgi_nonconformity.py:62,Char,,
1462,campo,quality.alert.sgi_stage_is_closing,addons/quimibond_sgi/models/sgi_nonconformity.py:63,Boolean,,
1463,campo,quality.alert.sgi_stage_is_cancel,addons/quimibond_sgi/models/sgi_nonconformity.py:64,Boolean,,
1464,campo,quality.alert.sgi_origin_type,addons/quimibond_sgi/models/sgi_nonconformity.py:65,Selection,,
1465,campo,quality.alert.sgi_source_id,addons/quimibond_sgi/models/sgi_nonconformity.py:78,Many2one,,
1466,campo,quality.alert.sgi_classification,addons/quimibond_sgi/models/sgi_nonconformity.py:82,Selection,,
1467,campo,quality.alert.sgi_norm_clause_id,addons/quimibond_sgi/models/sgi_nonconformity.py:87,Many2one,,
1468,campo,quality.alert.sgi_requester_id,addons/quimibond_sgi/models/sgi_nonconformity.py:88,Many2one,,
1469,campo,quality.alert.sgi_requester_job,addons/quimibond_sgi/models/sgi_nonconformity.py:89,Char,,
1470,campo,quality.alert.sgi_lead_auditor_id,addons/quimibond_sgi/models/sgi_nonconformity.py:91,Many2one,,
1471,campo,quality.alert.sgi_process_id,addons/quimibond_sgi/models/sgi_nonconformity.py:92,Many2one,,
1472,campo,quality.alert.sgi_responsible_ids,addons/quimibond_sgi/models/sgi_nonconformity.py:93,Many2many,,
1473,campo,quality.alert.sgi_deviation,addons/quimibond_sgi/models/sgi_nonconformity.py:95,Text,,
1474,campo,quality.alert.sgi_why_1,addons/quimibond_sgi/models/sgi_nonconformity.py:96,Char,,
1475,campo,quality.alert.sgi_why_2,addons/quimibond_sgi/models/sgi_nonconformity.py:97,Char,,
1476,campo,quality.alert.sgi_why_3,addons/quimibond_sgi/models/sgi_nonconformity.py:98,Char,,
1477,campo,quality.alert.sgi_why_4,addons/quimibond_sgi/models/sgi_nonconformity.py:99,Char,,
1478,campo,quality.alert.sgi_why_5,addons/quimibond_sgi/models/sgi_nonconformity.py:100,Char,,
1479,campo,quality.alert.sgi_root_cause,addons/quimibond_sgi/models/sgi_nonconformity.py:101,Text,,
1480,campo,quality.alert.sgi_ishikawa_notes,addons/quimibond_sgi/models/sgi_nonconformity.py:102,Text,,
1481,campo,quality.alert.sgi_effectiveness_note,addons/quimibond_sgi/models/sgi_nonconformity.py:103,Text,,
1482,campo,quality.alert.sgi_effectiveness_date,addons/quimibond_sgi/models/sgi_nonconformity.py:104,Date,,
1483,campo,quality.alert.sgi_effectiveness_by,addons/quimibond_sgi/models/sgi_nonconformity.py:105,Many2one,,
1484,campo,quality.alert.sgi_lesson_captured,addons/quimibond_sgi/models/sgi_nonconformity.py:109,Boolean,,
1485,campo,quality.alert.sgi_followup_comments,addons/quimibond_sgi/models/sgi_nonconformity.py:115,Text,,
1486,campo,quality.alert.sgi_required_capa,addons/quimibond_sgi/models/sgi_nonconformity.py:116,Boolean,,
1487,campo,quality.alert.sgi_followup_action,addons/quimibond_sgi/models/sgi_nonconformity.py:117,Selection,,
1488,campo,quality.alert.sgi_verified_by,addons/quimibond_sgi/models/sgi_nonconformity.py:122,Many2one,,
1489,campo,quality.alert.sgi_verified_date,addons/quimibond_sgi/models/sgi_nonconformity.py:123,Date,,
1490,campo,quality.alert.sgi_approved_by,addons/quimibond_sgi/models/sgi_nonconformity.py:124,Many2one,,
1491,campo,quality.alert.sgi_approved_date,addons/quimibond_sgi/models/sgi_nonconformity.py:125,Date,,
1492,campo,quality.alert.sgi_complaint_ticket_id,addons/quimibond_sgi/models/sgi_nonconformity.py:126,Many2one,,
1493,campo,quality.alert.sgi_external_ref,addons/quimibond_sgi/models/sgi_nonconformity.py:127,Char,,
1494,campo,quality.alert.sgi_action_line_ids,addons/quimibond_sgi/models/sgi_nonconformity.py:129,One2many,,
1495,campo,quality.alert.sgi_due_containment,addons/quimibond_sgi/models/sgi_nonconformity.py:138,Date,,
1496,campo,quality.alert.sgi_due_root_cause,addons/quimibond_sgi/models/sgi_nonconformity.py:139,Date,,
1497,campo,quality.alert.sgi_due_plan,addons/quimibond_sgi/models/sgi_nonconformity.py:140,Date,,
1498,campo,quality.alert.sgi_containment_state,addons/quimibond_sgi/models/sgi_nonconformity.py:141,Selection,,
1499,campo,quality.alert.sgi_root_cause_state,addons/quimibond_sgi/models/sgi_nonconformity.py:143,Selection,,
1500,campo,quality.alert.sgi_plan_state,addons/quimibond_sgi/models/sgi_nonconformity.py:145,Selection,,
1501,campo,quality.alert.sgi_containment_done,addons/quimibond_sgi/models/sgi_nonconformity.py:147,Boolean,,
1502,campo,quality.alert.sgi_effectiveness_due,addons/quimibond_sgi/models/sgi_nonconformity.py:149,Date,,
1503,campo,quality.alert.sgi_cancel_reason,addons/quimibond_sgi/models/sgi_nonconformity.py:154,Text,,
1504,campo,quality.alert.sgi_cancel_requested_by,addons/quimibond_sgi/models/sgi_nonconformity.py:155,Many2one,,
1505,campo,quality.alert.sgi_risk_ids,addons/quimibond_sgi/models/sgi_nonconformity.py:159,Many2many,,
1506,campo,quality.alert.sgi_fmea_id,addons/quimibond_sgi/models/sgi_nonconformity.py:162,Many2one,,
1507,campo,quality.alert.sgi_document_id,addons/quimibond_sgi/models/sgi_nonconformity.py:163,Many2one,,
1508,campo,quality.alert.sgi_recurrence_count,addons/quimibond_sgi/models/sgi_nonconformity.py:170,Integer,,
1509,campo,quality.alert.sgi_is_recurrent,addons/quimibond_sgi/models/sgi_nonconformity.py:174,Boolean,,
1510,campo,sgi.action.line.alert_id,addons/quimibond_sgi/models/sgi_nonconformity.py:658,Many2one,,
1511,campo,sgi.action.line.risk_id,addons/quimibond_sgi/models/sgi_nonconformity.py:659,Many2one,,
1512,campo,sgi.action.line.fmea_line_id,addons/quimibond_sgi/models/sgi_nonconformity.py:660,Many2one,,
1513,campo,sgi.action.line.incident_id,addons/quimibond_sgi/models/sgi_nonconformity.py:662,Many2one,,
1514,campo,sgi.action.line.drill_id,addons/quimibond_sgi/models/sgi_nonconformity.py:663,Many2one,,
1515,campo,sgi.action.line.objective_id,addons/quimibond_sgi/models/sgi_nonconformity.py:664,Many2one,,
1516,campo,sgi.action.line.action_type,addons/quimibond_sgi/models/sgi_nonconformity.py:667,Selection,,
1517,campo,sgi.action.line.name,addons/quimibond_sgi/models/sgi_nonconformity.py:673,Char,,
1518,campo,sgi.action.line.responsible_id,addons/quimibond_sgi/models/sgi_nonconformity.py:674,Many2one,,
1519,campo,sgi.action.line.date_commit,addons/quimibond_sgi/models/sgi_nonconformity.py:675,Date,,
1520,campo,sgi.action.line.date_done,addons/quimibond_sgi/models/sgi_nonconformity.py:676,Date,,
1521,campo,sgi.action.line.progress,addons/quimibond_sgi/models/sgi_nonconformity.py:677,Selection,,
1522,campo,sgi.action.line.state,addons/quimibond_sgi/models/sgi_nonconformity.py:682,Selection,,
1523,campo,sgi.action.line.activity_id,addons/quimibond_sgi/models/sgi_nonconformity.py:688,Many2one,,
1524,campo,sgi.action.line.origin_display,addons/quimibond_sgi/models/sgi_nonconformity.py:690,Char,,
1525,campo,sgi.nc.force.close.alert_id,addons/quimibond_sgi/models/sgi_nonconformity.py:905,Many2one,,
1526,campo,sgi.nc.force.close.reason,addons/quimibond_sgi/models/sgi_nonconformity.py:906,Text,,
1527,campo,sgi.nc.cancel.alert_id,addons/quimibond_sgi/models/sgi_nonconformity.py:934,Many2one,,
1528,campo,sgi.nc.cancel.reason,addons/quimibond_sgi/models/sgi_nonconformity.py:935,Text,,
1529,campo,sgi.nc.cancel.is_manager,addons/quimibond_sgi/models/sgi_nonconformity.py:936,Boolean,,
1530,campo,sgi.norm.code,addons/quimibond_sgi/models/sgi_norm.py:10,Char,,
1531,campo,sgi.norm.name,addons/quimibond_sgi/models/sgi_norm.py:11,Char,,
1532,campo,sgi.norm.clause_ids,addons/quimibond_sgi/models/sgi_norm.py:12,One2many,,
1533,campo,sgi.norm.active,addons/quimibond_sgi/models/sgi_norm.py:13,Boolean,,
1534,campo,sgi.norm.clause.norm_id,addons/quimibond_sgi/models/sgi_norm.py:26,Many2one,,
1535,campo,sgi.norm.clause.code,addons/quimibond_sgi/models/sgi_norm.py:27,Char,,
1536,campo,sgi.norm.clause.name,addons/quimibond_sgi/models/sgi_norm.py:28,Char,,
1537,campo,sgi.process.activity.norm_clause_ids,addons/quimibond_sgi/models/sgi_norm_compliance.py:24,Many2many,,
1538,campo,sgi.norm.clause.short_label,addons/quimibond_sgi/models/sgi_norm_compliance.py:44,Char,,
1539,campo,sgi.norm.clause.activity_ids,addons/quimibond_sgi/models/sgi_norm_compliance.py:45,Many2many,,
1540,campo,sgi.norm.clause.process_ids,addons/quimibond_sgi/models/sgi_norm_compliance.py:48,Many2many,,
1541,campo,sgi.norm.clause.activity_count,addons/quimibond_sgi/models/sgi_norm_compliance.py:50,Integer,,
1542,campo,sgi.norm.clause.alert_count,addons/quimibond_sgi/models/sgi_norm_compliance.py:51,Integer,,
1543,campo,sgi.norm.clause.covered,addons/quimibond_sgi/models/sgi_norm_compliance.py:52,Boolean,,
1544,campo,sgi.audit.checklist.line.activity_id,addons/quimibond_sgi/models/sgi_norm_compliance.py:167,Many2one,,
1545,campo,sgi.audit.checklist.line.norm_clause_ids,addons/quimibond_sgi/models/sgi_norm_compliance.py:168,Many2many,,
1546,campo,sgi.objective.name,addons/quimibond_sgi/models/sgi_objective.py:25,Char,,
1547,campo,sgi.objective.description,addons/quimibond_sgi/models/sgi_objective.py:26,Text,,
1548,campo,sgi.objective.policy_id,addons/quimibond_sgi/models/sgi_objective.py:27,Many2one,,
1549,campo,sgi.objective.target_year,addons/quimibond_sgi/models/sgi_objective.py:31,Integer,,
1550,campo,sgi.objective.indicator_ids,addons/quimibond_sgi/models/sgi_objective.py:32,One2many,,
1551,campo,sgi.objective.indicator_count,addons/quimibond_sgi/models/sgi_objective.py:33,Integer,,
1552,campo,sgi.objective.action_line_ids,addons/quimibond_sgi/models/sgi_objective.py:36,One2many,,
1553,campo,sgi.objective.health,addons/quimibond_sgi/models/sgi_objective.py:38,Selection,,
1554,campo,sgi.objective.active,addons/quimibond_sgi/models/sgi_objective.py:46,Boolean,,
1555,campo,sgi.policy.name,addons/quimibond_sgi/models/sgi_policy.py:25,Char,,
1556,campo,sgi.policy.policy_text,addons/quimibond_sgi/models/sgi_policy.py:26,Html,,
1557,campo,sgi.policy.issue_date,addons/quimibond_sgi/models/sgi_policy.py:27,Date,,
1558,campo,sgi.policy.state,addons/quimibond_sgi/models/sgi_policy.py:29,Selection,,
1559,campo,sgi.policy.document_id,addons/quimibond_sgi/models/sgi_policy.py:34,Many2one,,
1560,campo,sgi.policy.objective_ids,addons/quimibond_sgi/models/sgi_policy.py:38,One2many,,
1561,campo,sgi.policy.objective_count,addons/quimibond_sgi/models/sgi_policy.py:40,Integer,,
1562,campo,sgi.policy.health,addons/quimibond_sgi/models/sgi_policy.py:42,Selection,,
1563,campo,sgi.ppap.element.template.sequence,addons/quimibond_sgi/models/sgi_ppap.py:22,Integer,,
1564,campo,sgi.ppap.element.template.name,addons/quimibond_sgi/models/sgi_ppap.py:23,Char,,
1565,campo,sgi.ppap.element.template.is_psw,addons/quimibond_sgi/models/sgi_ppap.py:24,Boolean,,
1566,campo,sgi.ppap.element.template.active,addons/quimibond_sgi/models/sgi_ppap.py:25,Boolean,,
1567,campo,sgi.ppap.partner_id,addons/quimibond_sgi/models/sgi_ppap.py:41,Many2one,,
1568,campo,sgi.ppap.product_tmpl_id,addons/quimibond_sgi/models/sgi_ppap.py:43,Many2one,,
1569,campo,sgi.ppap.level,addons/quimibond_sgi/models/sgi_ppap.py:45,Selection,,
1570,campo,sgi.ppap.reason,addons/quimibond_sgi/models/sgi_ppap.py:52,Selection,,
1571,campo,sgi.ppap.state,addons/quimibond_sgi/models/sgi_ppap.py:59,Selection,,
1572,campo,sgi.ppap.date_submitted,addons/quimibond_sgi/models/sgi_ppap.py:66,Date,,
1573,campo,sgi.ppap.date_decision,addons/quimibond_sgi/models/sgi_ppap.py:67,Date,,
1574,campo,sgi.ppap.element_ids,addons/quimibond_sgi/models/sgi_ppap.py:68,One2many,,
1575,campo,sgi.ppap.notes,addons/quimibond_sgi/models/sgi_ppap.py:69,Text,,
1576,campo,res.partner.sgi_ppap_count,addons/quimibond_sgi/models/sgi_ppap.py:173,Integer,,
1577,campo,product.template.sgi_ppap_count,addons/quimibond_sgi/models/sgi_ppap.py:197,Integer,,
1578,campo,product.product.sgi_ppap_count,addons/quimibond_sgi/models/sgi_ppap.py:224,Integer,,
1579,campo,sgi.ppap.element.ppap_id,addons/quimibond_sgi/models/sgi_ppap.py:240,Many2one,,
1580,campo,sgi.ppap.element.template_id,addons/quimibond_sgi/models/sgi_ppap.py:241,Many2one,,
1581,campo,sgi.ppap.element.sequence,addons/quimibond_sgi/models/sgi_ppap.py:242,Integer,,
1582,campo,sgi.ppap.element.name,addons/quimibond_sgi/models/sgi_ppap.py:243,Char,,
1583,campo,sgi.ppap.element.state,addons/quimibond_sgi/models/sgi_ppap.py:244,Selection,,
1584,campo,sgi.ppap.element.submission,addons/quimibond_sgi/models/sgi_ppap.py:250,Selection,,
1585,campo,sgi.ppap.element.fmea_id,addons/quimibond_sgi/models/sgi_ppap.py:257,Many2one,,
1586,campo,sgi.ppap.element.control_plan_id,addons/quimibond_sgi/models/sgi_ppap.py:258,Many2one,,
1587,campo,sgi.ppap.element.document_id,addons/quimibond_sgi/models/sgi_ppap.py:259,Many2one,,
1588,campo,sgi.ppap.element.notes,addons/quimibond_sgi/models/sgi_ppap.py:260,Text,,
1589,campo,sgi.process.code,addons/quimibond_sgi/models/sgi_process.py:20,Char,,
1590,campo,sgi.process.name,addons/quimibond_sgi/models/sgi_process.py:21,Char,,
1591,campo,sgi.process.company_id,addons/quimibond_sgi/models/sgi_process.py:22,Many2one,,
1592,campo,sgi.process.process_type,addons/quimibond_sgi/models/sgi_process.py:25,Selection,,
1593,campo,sgi.process.parent_id,addons/quimibond_sgi/models/sgi_process.py:31,Many2one,,
1594,campo,sgi.process.parent_path,addons/quimibond_sgi/models/sgi_process.py:32,Char,,
1595,campo,sgi.process.child_ids,addons/quimibond_sgi/models/sgi_process.py:33,One2many,,
1596,campo,sgi.process.owner_id,addons/quimibond_sgi/models/sgi_process.py:34,Many2one,,
1597,campo,sgi.process.department_id,addons/quimibond_sgi/models/sgi_process.py:35,Many2one,,
1598,campo,sgi.process.job_ids,addons/quimibond_sgi/models/sgi_process.py:36,Many2many,,
1599,campo,sgi.process.active,addons/quimibond_sgi/models/sgi_process.py:37,Boolean,,
1600,campo,sgi.process.purpose,addons/quimibond_sgi/models/sgi_process.py:39,Text,,
1601,campo,sgi.process.start_trigger,addons/quimibond_sgi/models/sgi_process.py:44,Text,,
1602,campo,sgi.process.end_trigger,addons/quimibond_sgi/models/sgi_process.py:47,Text,,
1603,campo,sgi.process.inputs,addons/quimibond_sgi/models/sgi_process.py:50,Text,,
1604,campo,sgi.process.outputs,addons/quimibond_sgi/models/sgi_process.py:51,Text,,
1605,campo,sgi.process.replaced_document_ids,addons/quimibond_sgi/models/sgi_process.py:52,Many2many,,
1606,campo,sgi.process.replaced_by_id,addons/quimibond_sgi/models/sgi_process.py:60,Many2one,,
1607,campo,sgi.process.owner_valid,addons/quimibond_sgi/models/sgi_process.py:67,Boolean,,
1608,campo,sgi.process.in_flow_ids,addons/quimibond_sgi/models/sgi_process.py:72,One2many,,
1609,campo,sgi.process.out_flow_ids,addons/quimibond_sgi/models/sgi_process.py:73,One2many,,
1610,campo,sgi.process.linked_document_ids,addons/quimibond_sgi/models/sgi_process.py:76,One2many,,
1611,campo,sgi.process.procedure_ids,addons/quimibond_sgi/models/sgi_process.py:78,One2many,,
1612,campo,sgi.process.indicator_ids,addons/quimibond_sgi/models/sgi_process.py:82,One2many,,
1613,campo,sgi.process.risk_ids,addons/quimibond_sgi/models/sgi_process.py:83,One2many,,
1614,campo,sgi.process.odoo_model_ids,addons/quimibond_sgi/models/sgi_process.py:84,Many2many,,
1615,campo,sgi.process.nc_count,addons/quimibond_sgi/models/sgi_process.py:89,Integer,,
1616,campo,sgi.process.overdue_action_count,addons/quimibond_sgi/models/sgi_process.py:90,Integer,,
1617,campo,sgi.process.red_kpi_count,addons/quimibond_sgi/models/sgi_process.py:91,Integer,,
1618,campo,sgi.process.open_high_risk_count,addons/quimibond_sgi/models/sgi_process.py:92,Integer,,
1619,campo,sgi.process.health,addons/quimibond_sgi/models/sgi_process.py:94,Selection,,
1620,campo,sgi.process.document_count,addons/quimibond_sgi/models/sgi_process.py:99,Integer,,
1621,campo,sgi.process.indicator_count,addons/quimibond_sgi/models/sgi_process.py:100,Integer,,
1622,campo,sgi.process.risk_count,addons/quimibond_sgi/models/sgi_process.py:101,Integer,,
1623,campo,sgi.process.flow_count,addons/quimibond_sgi/models/sgi_process.py:102,Integer,,
1624,campo,sgi.process.flow.name,addons/quimibond_sgi/models/sgi_process.py:414,Char,,
1625,campo,sgi.process.flow.from_process_id,addons/quimibond_sgi/models/sgi_process.py:415,Many2one,,
1626,campo,sgi.process.flow.to_process_id,addons/quimibond_sgi/models/sgi_process.py:416,Many2one,,
1627,campo,sgi.process.flow.document_id,addons/quimibond_sgi/models/sgi_process.py:417,Many2one,,
1628,campo,sgi.process.flow.acceptance_criteria,addons/quimibond_sgi/models/sgi_process.py:418,Text,,
1629,campo,sgi.process.flow.odoo_model_id,addons/quimibond_sgi/models/sgi_process.py:419,Many2one,,
1630,campo,sgi.process.flow.odoo_model_name,addons/quimibond_sgi/models/sgi_process.py:420,Char,,
1631,campo,sgi.process.flow.company_id,addons/quimibond_sgi/models/sgi_process.py:421,Many2one,,
1632,campo,sgi.process.scope,addons/quimibond_sgi/models/sgi_process_procedure.py:40,Text,,
1633,campo,sgi.process.env_aspects,addons/quimibond_sgi/models/sgi_process_procedure.py:43,Text,,
1634,campo,sgi.process.norm_ids,addons/quimibond_sgi/models/sgi_process_procedure.py:46,Many2many,,
1635,campo,sgi.process.job_responsibility_ids,addons/quimibond_sgi/models/sgi_process_procedure.py:50,One2many,,
1636,campo,sgi.process.procedure_activity_ids,addons/quimibond_sgi/models/sgi_process_procedure.py:57,One2many,,
1637,campo,sgi.process.activity_count,addons/quimibond_sgi/models/sgi_process_procedure.py:60,Integer,,
1638,campo,sgi.process.measurable_activity_count,addons/quimibond_sgi/models/sgi_process_procedure.py:64,Integer,,
1639,campo,sgi.process.measure_red_count,addons/quimibond_sgi/models/sgi_process_procedure.py:66,Integer,,
1640,campo,sgi.process.procedure_compliance,addons/quimibond_sgi/models/sgi_process_procedure.py:68,Integer,,
1641,campo,sgi.process.measure_real_pct,addons/quimibond_sgi/models/sgi_process_procedure.py:75,Integer,,
1642,campo,sgi.process.measure_method_summary,addons/quimibond_sgi/models/sgi_process_procedure.py:79,Char,,
1643,campo,sgi.process.activity_green_count,addons/quimibond_sgi/models/sgi_process_procedure.py:81,Integer,,
1644,campo,sgi.process.activity_red_count,addons/quimibond_sgi/models/sgi_process_procedure.py:83,Integer,,
1645,campo,sgi.process.activity_grey_count,addons/quimibond_sgi/models/sgi_process_procedure.py:85,Integer,,
1646,campo,sgi.process.activity_no_method_count,addons/quimibond_sgi/models/sgi_process_procedure.py:88,Integer,,
1647,campo,sgi.process.measure_adherence_avg,addons/quimibond_sgi/models/sgi_process_procedure.py:90,Float,,
1648,campo,sgi.process.measure_status,addons/quimibond_sgi/models/sgi_process_procedure.py:95,Selection,,
1649,campo,sgi.process.chain_link_ids,addons/quimibond_sgi/models/sgi_process_procedure.py:100,Many2many,,
1650,campo,sgi.process.doc_owner_id,addons/quimibond_sgi/models/sgi_process_procedure.py:106,Many2one,,
1651,campo,sgi.process.doc_approver_id,addons/quimibond_sgi/models/sgi_process_procedure.py:109,Many2one,,
1652,campo,sgi.process.doc_vobo_id,addons/quimibond_sgi/models/sgi_process_procedure.py:111,Many2one,,
1653,campo,sgi.process.chain_link_count,addons/quimibond_sgi/models/sgi_process_procedure.py:126,Integer,,
1654,campo,sgi.process.inbound_reference_ids,addons/quimibond_sgi/models/sgi_process_procedure.py:133,Many2many,,
1655,campo,sgi.process.inbound_reference_count,addons/quimibond_sgi/models/sgi_process_procedure.py:136,Integer,,
1656,campo,sgi.process.chain_stuck_count,addons/quimibond_sgi/models/sgi_process_procedure.py:187,Integer,,
1657,campo,sgi.process.responsibility.process_id,addons/quimibond_sgi/models/sgi_process_procedure.py:440,Many2one,,
1658,campo,sgi.process.responsibility.sequence,addons/quimibond_sgi/models/sgi_process_procedure.py:443,Integer,,
1659,campo,sgi.process.responsibility.company_id,addons/quimibond_sgi/models/sgi_process_procedure.py:444,Many2one,,
1660,campo,sgi.process.responsibility.job_id,addons/quimibond_sgi/models/sgi_process_procedure.py:447,Many2one,,
1661,campo,sgi.process.responsibility.name,addons/quimibond_sgi/models/sgi_process_procedure.py:450,Char,,
1662,campo,sgi.process.responsibility.responsibilities,addons/quimibond_sgi/models/sgi_process_procedure.py:454,Text,,
1663,campo,sgi.process.activity.process_id,addons/quimibond_sgi/models/sgi_process_procedure.py:485,Many2one,,
1664,campo,sgi.process.activity.company_id,addons/quimibond_sgi/models/sgi_process_procedure.py:488,Many2one,,
1665,campo,sgi.process.activity.active,addons/quimibond_sgi/models/sgi_process_procedure.py:491,Boolean,,
1666,campo,sgi.process.activity.sequence,addons/quimibond_sgi/models/sgi_process_procedure.py:495,Integer,,
1667,campo,sgi.process.activity.step,addons/quimibond_sgi/models/sgi_process_procedure.py:501,Integer,,
1668,campo,sgi.process.activity.number,addons/quimibond_sgi/models/sgi_process_procedure.py:504,Char,,
1669,campo,sgi.process.activity.legacy_number,addons/quimibond_sgi/models/sgi_process_procedure.py:507,Char,,
1670,campo,sgi.process.activity.stage_id,addons/quimibond_sgi/models/sgi_process_procedure.py:512,Many2one,,
1671,campo,sgi.process.activity.block,addons/quimibond_sgi/models/sgi_process_procedure.py:515,Selection,,
1672,campo,sgi.process.activity.section,addons/quimibond_sgi/models/sgi_process_procedure.py:521,Char,,
1673,campo,sgi.process.activity.name,addons/quimibond_sgi/models/sgi_process_procedure.py:524,Char,,
1674,campo,sgi.process.activity.description,addons/quimibond_sgi/models/sgi_process_procedure.py:525,Text,,
1675,campo,sgi.process.activity.role_ids,addons/quimibond_sgi/models/sgi_process_procedure.py:532,One2many,,
1676,campo,sgi.process.activity.responsible_job_ids,addons/quimibond_sgi/models/sgi_process_procedure.py:534,Many2many,,
1677,campo,sgi.process.activity.instruction_id,addons/quimibond_sgi/models/sgi_process_procedure.py:538,Many2one,,
1678,campo,sgi.process.activity.value_class,addons/quimibond_sgi/models/sgi_process_procedure.py:544,Selection,,
1679,campo,sgi.process.activity.automation_level_current,addons/quimibond_sgi/models/sgi_process_procedure.py:552,Selection,,
1680,campo,sgi.process.activity.automation_level_target,addons/quimibond_sgi/models/sgi_process_procedure.py:555,Selection,,
1681,campo,sgi.process.activity.automation_method,addons/quimibond_sgi/models/sgi_process_procedure.py:557,Selection,,
1682,campo,sgi.process.activity.responsible_role,addons/quimibond_sgi/models/sgi_process_procedure.py:565,Char,,
1683,campo,sgi.process.activity.format_document_ids,addons/quimibond_sgi/models/sgi_process_procedure.py:569,Many2many,,
1684,campo,sgi.process.activity.related_procedure_id,addons/quimibond_sgi/models/sgi_process_procedure.py:574,Many2one,,
1685,campo,sgi.process.activity.odoo_ref,addons/quimibond_sgi/models/sgi_process_procedure.py:578,Char,,
1686,campo,sgi.process.activity.odoo_menu_id,addons/quimibond_sgi/models/sgi_process_procedure.py:581,Many2one,,
1687,campo,sgi.process.activity.note,addons/quimibond_sgi/models/sgi_process_procedure.py:585,Text,,
1688,campo,sgi.process.activity.out_link_ids,addons/quimibond_sgi/models/sgi_process_procedure.py:589,One2many,,
1689,campo,sgi.process.activity.in_link_ids,addons/quimibond_sgi/models/sgi_process_procedure.py:591,One2many,,
1690,campo,sgi.process.activity.next_activity_ids,addons/quimibond_sgi/models/sgi_process_procedure.py:593,Many2many,,
1691,campo,sgi.process.activity.prev_activity_ids,addons/quimibond_sgi/models/sgi_process_procedure.py:596,Many2many,,
1692,campo,sgi.process.activity.executor_role_ids,addons/quimibond_sgi/models/sgi_process_procedure.py:624,Many2many,,
1693,campo,sgi.process.activity.approver_role_ids,addons/quimibond_sgi/models/sgi_process_procedure.py:626,Many2many,,
1694,campo,sgi.process.activity.informed_role_ids,addons/quimibond_sgi/models/sgi_process_procedure.py:628,Many2many,,
1695,campo,sgi.process.activity.measure_model_id,addons/quimibond_sgi/models/sgi_process_procedure.py:848,Many2one,,
1696,campo,sgi.process.activity.measure_model_name,addons/quimibond_sgi/models/sgi_process_procedure.py:853,Char,,
1697,campo,sgi.process.activity.measure_domain,addons/quimibond_sgi/models/sgi_process_procedure.py:858,Char,,
1698,campo,sgi.process.activity.measure_date_field,addons/quimibond_sgi/models/sgi_process_procedure.py:862,Char,,
1699,campo,sgi.process.activity.measure_cadence,addons/quimibond_sgi/models/sgi_process_procedure.py:866,Selection,,
1700,campo,sgi.process.activity.measure_last_date,addons/quimibond_sgi/models/sgi_process_procedure.py:878,Datetime,,
1701,campo,sgi.process.activity.measure_count_30d,addons/quimibond_sgi/models/sgi_process_procedure.py:879,Integer,,
1702,campo,sgi.process.activity.measure_state,addons/quimibond_sgi/models/sgi_process_procedure.py:880,Selection,,
1703,campo,sgi.process.activity.measure_method,addons/quimibond_sgi/models/sgi_process_procedure.py:888,Selection,,
1704,campo,sgi.process.activity.measure_proxy_activity_id,addons/quimibond_sgi/models/sgi_process_procedure.py:906,Many2one,,
1705,campo,sgi.process.activity.sample_cadence,addons/quimibond_sgi/models/sgi_process_procedure.py:911,Selection,,
1706,campo,sgi.process.activity.measure_justification,addons/quimibond_sgi/models/sgi_process_procedure.py:915,Text,,
1707,campo,sgi.process.activity.measure_user_field,addons/quimibond_sgi/models/sgi_process_procedure.py:922,Char,,
1708,campo,sgi.process.activity.exec_stat_ids,addons/quimibond_sgi/models/sgi_process_procedure.py:930,One2many,,
1709,campo,sgi.process.activity.recent_exec_stat_ids,addons/quimibond_sgi/models/sgi_process_procedure.py:932,Many2many,,
1710,campo,sgi.process.activity.measure_adherence_pct,addons/quimibond_sgi/models/sgi_process_procedure.py:935,Float,,
1711,campo,sgi.process.activity.measure_top_users,addons/quimibond_sgi/models/sgi_process_procedure.py:941,Char,,
1712,campo,sgi.process.activity.measure_count_generic,addons/quimibond_sgi/models/sgi_process_procedure.py:944,Integer,,
1713,campo,sgi.process.activity.measure_count_no_employee,addons/quimibond_sgi/models/sgi_process_procedure.py:948,Integer,,
1714,campo,sgi.process.activity.measure_count_system,addons/quimibond_sgi/models/sgi_process_procedure.py:951,Integer,,
1715,campo,sgi.process.activity.measure_count_other_job,addons/quimibond_sgi/models/sgi_process_procedure.py:955,Integer,,
1716,campo,sgi.process.activity.measure_warning,addons/quimibond_sgi/models/sgi_process_procedure.py:958,Text,,
1717,campo,sgi.activity.link.from_activity_id,addons/quimibond_sgi/models/sgi_process_procedure.py:1418,Many2one,,
1718,campo,sgi.activity.link.to_activity_id,addons/quimibond_sgi/models/sgi_process_procedure.py:1421,Many2one,,
1719,campo,sgi.activity.link.name,addons/quimibond_sgi/models/sgi_process_procedure.py:1424,Char,,
1720,campo,sgi.activity.link.from_process_id,addons/quimibond_sgi/models/sgi_process_procedure.py:1428,Many2one,,
1721,campo,sgi.activity.link.to_process_id,addons/quimibond_sgi/models/sgi_process_procedure.py:1431,Many2one,,
1722,campo,sgi.activity.link.company_id,addons/quimibond_sgi/models/sgi_process_procedure.py:1434,Many2one,,
1723,campo,sgi.activity.link.is_cross_process,addons/quimibond_sgi/models/sgi_process_procedure.py:1437,Boolean,,
1724,campo,sgi.activity.link.chain_state,addons/quimibond_sgi/models/sgi_process_procedure.py:1441,Selection,,
1725,campo,sgi.activity.link.lag_days,addons/quimibond_sgi/models/sgi_process_procedure.py:1448,Float,,
1726,campo,sgi.activity.link.atorado_since,addons/quimibond_sgi/models/sgi_process_procedure.py:1453,Datetime,,
1727,campo,sgi.activity.link.nc_alert_id,addons/quimibond_sgi/models/sgi_process_procedure.py:1454,Many2one,,
1728,campo,stock.picking.sgi_delivery_picking_id,addons/quimibond_sgi/models/sgi_release.py:49,Many2one,,
1729,campo,sgi.risk.category.name,addons/quimibond_sgi/models/sgi_risk.py:31,Char,,
1730,campo,sgi.risk.category.active,addons/quimibond_sgi/models/sgi_risk.py:32,Boolean,,
1731,campo,sgi.risk.name,addons/quimibond_sgi/models/sgi_risk.py:48,Char,,
1732,campo,sgi.risk.consequence,addons/quimibond_sgi/models/sgi_risk.py:49,Text,,
1733,campo,sgi.risk.instrument,addons/quimibond_sgi/models/sgi_risk.py:50,Selection,,
1734,campo,sgi.risk.kind,addons/quimibond_sgi/models/sgi_risk.py:57,Selection,,
1735,campo,sgi.risk.category_id,addons/quimibond_sgi/models/sgi_risk.py:61,Many2one,,
1736,campo,sgi.risk.source,addons/quimibond_sgi/models/sgi_risk.py:62,Selection,,
1737,campo,sgi.risk.process_id,addons/quimibond_sgi/models/sgi_risk.py:66,Many2one,,
1738,campo,sgi.risk.sgi_process_active,addons/quimibond_sgi/models/sgi_risk.py:69,Boolean,,
1739,campo,sgi.risk.sgi_area_id,addons/quimibond_sgi/models/sgi_risk.py:73,Many2one,,
1740,campo,sgi.risk.job_id,addons/quimibond_sgi/models/sgi_risk.py:74,Many2one,,
1741,campo,sgi.risk.existing_controls,addons/quimibond_sgi/models/sgi_risk.py:75,Text,,
1742,campo,sgi.risk.operational_control_id,addons/quimibond_sgi/models/sgi_risk.py:76,Many2one,,
1743,campo,sgi.risk.condition,addons/quimibond_sgi/models/sgi_risk.py:78,Selection,,
1744,campo,sgi.risk.foda_type,addons/quimibond_sgi/models/sgi_risk.py:83,Selection,,
1745,campo,sgi.risk.action_line_ids,addons/quimibond_sgi/models/sgi_risk.py:90,One2many,,
1746,campo,sgi.risk.sgi_nc_ids,addons/quimibond_sgi/models/sgi_risk.py:92,Many2many,,
1747,campo,sgi.risk.sgi_nc_count,addons/quimibond_sgi/models/sgi_risk.py:95,Integer,,
1748,campo,sgi.risk.next_review_date,addons/quimibond_sgi/models/sgi_risk.py:97,Date,,
1749,campo,sgi.risk.state,addons/quimibond_sgi/models/sgi_risk.py:98,Selection,,
1750,campo,sgi.risk.active,addons/quimibond_sgi/models/sgi_risk.py:104,Boolean,,
1751,campo,sgi.risk.eval_probability,addons/quimibond_sgi/models/sgi_risk.py:107,Selection,,
1752,campo,sgi.risk.eval_impact,addons/quimibond_sgi/models/sgi_risk.py:108,Selection,,
1753,campo,sgi.risk.score,addons/quimibond_sgi/models/sgi_risk.py:109,Integer,,
1754,campo,sgi.risk.attention_level,addons/quimibond_sgi/models/sgi_risk.py:110,Selection,,
1755,campo,sgi.risk.residual_probability,addons/quimibond_sgi/models/sgi_risk.py:114,Selection,,
1756,campo,sgi.risk.residual_impact,addons/quimibond_sgi/models/sgi_risk.py:115,Selection,,
1757,campo,sgi.risk.residual_score,addons/quimibond_sgi/models/sgi_risk.py:116,Integer,,
1758,campo,sgi.risk.residual_level,addons/quimibond_sgi/models/sgi_risk.py:117,Selection,,
1759,campo,sgi.risk.residual_note,addons/quimibond_sgi/models/sgi_risk.py:119,Text,,
1760,campo,sgi.risk.has_finished_actions,addons/quimibond_sgi/models/sgi_risk.py:123,Boolean,,
1761,campo,sgi.risk.last_eval_date,addons/quimibond_sgi/models/sgi_risk.py:128,Date,,
1762,campo,sgi.risk.semaphore,addons/quimibond_sgi/models/sgi_risk.py:129,Selection,,
1763,campo,sgi.risk.high_without_action,addons/quimibond_sgi/models/sgi_risk.py:132,Boolean,,
1764,campo,sale.order.commitment_date,addons/quimibond_sgi/models/sgi_sale_commitment.py:17,Datetime,,
1765,campo,sale.order.sgi_commitment_set_at,addons/quimibond_sgi/models/sgi_sale_commitment.py:18,Datetime,,
1766,campo,sale.order.sgi_commitment_set_uid,addons/quimibond_sgi/models/sgi_sale_commitment.py:21,Many2one,,
1767,campo,sgi.sales.budget.year,addons/quimibond_sgi/models/sgi_sales_budget.py:51,Integer,,
1768,campo,sgi.sales.budget.team_id,addons/quimibond_sgi/models/sgi_sales_budget.py:53,Many2one,,
1769,campo,sgi.sales.budget.revision,addons/quimibond_sgi/models/sgi_sales_budget.py:57,Integer,,
1770,campo,sgi.sales.budget.kind,addons/quimibond_sgi/models/sgi_sales_budget.py:59,Selection,,
1771,campo,sgi.sales.budget.partner_id,addons/quimibond_sgi/models/sgi_sales_budget.py:66,Many2one,,
1772,campo,sgi.sales.budget.name,addons/quimibond_sgi/models/sgi_sales_budget.py:71,Char,,
1773,campo,sgi.sales.budget.company_id,addons/quimibond_sgi/models/sgi_sales_budget.py:72,Many2one,,
1774,campo,sgi.sales.budget.currency_id,addons/quimibond_sgi/models/sgi_sales_budget.py:74,Many2one,,
1775,campo,sgi.sales.budget.state,addons/quimibond_sgi/models/sgi_sales_budget.py:82,Selection,,
1776,campo,sgi.sales.budget.line_ids,addons/quimibond_sgi/models/sgi_sales_budget.py:88,One2many,,
1777,campo,sgi.sales.budget.line_count,addons/quimibond_sgi/models/sgi_sales_budget.py:90,Integer,,
1778,campo,sgi.sales.budget.amount_budget_total,addons/quimibond_sgi/models/sgi_sales_budget.py:94,Monetary,,
1779,campo,sgi.sales.budget.amount_real_total,addons/quimibond_sgi/models/sgi_sales_budget.py:96,Monetary,,
1780,campo,sgi.sales.budget.amount_ordered_total,addons/quimibond_sgi/models/sgi_sales_budget.py:98,Monetary,,
1781,campo,sgi.sales.budget.fulfillment_pct,addons/quimibond_sgi/models/sgi_sales_budget.py:100,Float,,
1782,campo,sgi.sales.budget.amount_real_unbudgeted,addons/quimibond_sgi/models/sgi_sales_budget.py:102,Monetary,,
1783,campo,sgi.sales.budget.qty_budget_text,addons/quimibond_sgi/models/sgi_sales_budget.py:108,Char,,
1784,campo,sgi.sales.budget.qty_real_text,addons/quimibond_sgi/models/sgi_sales_budget.py:110,Char,,
1785,campo,sgi.sales.budget.unconverted_count,addons/quimibond_sgi/models/sgi_sales_budget.py:112,Integer,,
1786,campo,sgi.sales.budget.amount_currency_text,addons/quimibond_sgi/models/sgi_sales_budget.py:118,Char,,
1787,campo,sgi.sales.budget.no_price_count,addons/quimibond_sgi/models/sgi_sales_budget.py:122,Integer,,
1788,campo,sgi.sales.budget.price_deviation_count,addons/quimibond_sgi/models/sgi_sales_budget.py:126,Integer,,
1789,campo,sgi.sales.budget.uncovered_count,addons/quimibond_sgi/models/sgi_sales_budget.py:129,Integer,,
1790,campo,sgi.sales.budget.nonfulfillment_note,addons/quimibond_sgi/models/sgi_sales_budget.py:134,Text,,
1791,campo,sgi.sales.budget.needs_justification,addons/quimibond_sgi/models/sgi_sales_budget.py:138,Boolean,,
1792,campo,sgi.sales.budget.sgi_mps_available,addons/quimibond_sgi/models/sgi_sales_budget.py:959,Boolean,,
1793,campo,sgi.sales.budget.import.budget_id,addons/quimibond_sgi/models/sgi_sales_budget_import.py:41,Many2one,,
1794,campo,sgi.sales.budget.import.file,addons/quimibond_sgi/models/sgi_sales_budget_import.py:44,Binary,,
1795,campo,sgi.sales.budget.import.filename,addons/quimibond_sgi/models/sgi_sales_budget_import.py:45,Char,,
1796,campo,sgi.sales.budget.import.available_sheets,addons/quimibond_sgi/models/sgi_sales_budget_import.py:46,Char,,
1797,campo,sgi.sales.budget.import.sheet_name,addons/quimibond_sgi/models/sgi_sales_budget_import.py:47,Char,,
1798,campo,sgi.sales.budget.import.conflict_mode,addons/quimibond_sgi/models/sgi_sales_budget_import.py:50,Selection,,
1799,campo,sgi.sales.budget.import.result,addons/quimibond_sgi/models/sgi_sales_budget_import.py:54,Text,,
1800,campo,sgi.sales.budget.line.budget_id,addons/quimibond_sgi/models/sgi_sales_budget_line.py:24,Many2one,,
1801,campo,sgi.sales.budget.line.team_id,addons/quimibond_sgi/models/sgi_sales_budget_line.py:26,Many2one,,
1802,campo,sgi.sales.budget.line.company_id,addons/quimibond_sgi/models/sgi_sales_budget_line.py:28,Many2one,,
1803,campo,sgi.sales.budget.line.currency_id,addons/quimibond_sgi/models/sgi_sales_budget_line.py:29,Many2one,,
1804,campo,sgi.sales.budget.line.kind,addons/quimibond_sgi/models/sgi_sales_budget_line.py:31,Selection,,
1805,campo,sgi.sales.budget.line.product_id,addons/quimibond_sgi/models/sgi_sales_budget_line.py:32,Many2one,,
1806,campo,sgi.sales.budget.line.customer_code,addons/quimibond_sgi/models/sgi_sales_budget_line.py:34,Char,,
1807,campo,sgi.sales.budget.line.partner_id,addons/quimibond_sgi/models/sgi_sales_budget_line.py:38,Many2one,,
1808,campo,sgi.sales.budget.line.date,addons/quimibond_sgi/models/sgi_sales_budget_line.py:44,Date,,
1809,campo,sgi.sales.budget.line.uom_id,addons/quimibond_sgi/models/sgi_sales_budget_line.py:47,Many2one,,
1810,campo,sgi.sales.budget.line.qty_budget,addons/quimibond_sgi/models/sgi_sales_budget_line.py:52,Float,,
1811,campo,sgi.sales.budget.line.price_unit_budget,addons/quimibond_sgi/models/sgi_sales_budget_line.py:59,Monetary,,
1812,campo,sgi.sales.budget.line.price_unit_currency,addons/quimibond_sgi/models/sgi_sales_budget_line.py:64,Monetary,,
1813,campo,sgi.sales.budget.line.list_currency_id,addons/quimibond_sgi/models/sgi_sales_budget_line.py:68,Many2one,,
1814,campo,sgi.sales.budget.line.has_list_price,addons/quimibond_sgi/models/sgi_sales_budget_line.py:71,Boolean,,
1815,campo,sgi.sales.budget.line.price_source,addons/quimibond_sgi/models/sgi_sales_budget_line.py:75,Char,,
1816,campo,sgi.sales.budget.line.amount_budget,addons/quimibond_sgi/models/sgi_sales_budget_line.py:79,Monetary,,
1817,campo,sgi.sales.budget.line.amount_currency,addons/quimibond_sgi/models/sgi_sales_budget_line.py:83,Monetary,,
1818,campo,sgi.sales.budget.line.qty_real,addons/quimibond_sgi/models/sgi_sales_budget_line.py:92,Float,,
1819,campo,sgi.sales.budget.line.amount_real,addons/quimibond_sgi/models/sgi_sales_budget_line.py:96,Monetary,,
1820,campo,sgi.sales.budget.line.unconverted_count,addons/quimibond_sgi/models/sgi_sales_budget_line.py:103,Integer,,
1821,campo,sgi.sales.budget.line.qty_ordered,addons/quimibond_sgi/models/sgi_sales_budget_line.py:105,Float,,
1822,campo,sgi.sales.budget.line.amount_ordered,addons/quimibond_sgi/models/sgi_sales_budget_line.py:110,Monetary,,
1823,campo,sgi.sales.budget.line.qty_net_demand,addons/quimibond_sgi/models/sgi_sales_budget_line.py:112,Float,,
1824,campo,sgi.sales.budget.line.avg_price_budget,addons/quimibond_sgi/models/sgi_sales_budget_line.py:119,Monetary,,
1825,campo,sgi.sales.budget.line.avg_price_real,addons/quimibond_sgi/models/sgi_sales_budget_line.py:121,Monetary,,
1826,campo,sgi.sales.budget.line.coverage_pct,addons/quimibond_sgi/models/sgi_sales_budget_line.py:128,Float,,
1827,campo,sgi.sales.budget.line.coverage_state,addons/quimibond_sgi/models/sgi_sales_budget_line.py:132,Selection,,
1828,campo,sgi.sales.budget.line.qty_forecast,addons/quimibond_sgi/models/sgi_sales_budget_line.py:143,Float,,
1829,campo,sgi.sales.budget.line.price_real_unit_currency,addons/quimibond_sgi/models/sgi_sales_budget_line.py:153,Monetary,,
1830,campo,sgi.sales.budget.line.price_gap_fx,addons/quimibond_sgi/models/sgi_sales_budget_line.py:159,Boolean,,
1831,campo,sgi.sales.budget.line.price_gap,addons/quimibond_sgi/models/sgi_sales_budget_line.py:163,Monetary,,
1832,campo,sgi.sales.budget.line.price_gap_pct,addons/quimibond_sgi/models/sgi_sales_budget_line.py:166,Float,,
1833,campo,sgi.sales.budget.line.price_gap_alert,addons/quimibond_sgi/models/sgi_sales_budget_line.py:168,Selection,,
1834,campo,res.config.settings.sgi_nc_escalation_days,addons/quimibond_sgi/models/sgi_settings.py:14,Integer,,
1835,campo,res.config.settings.sgi_nc_escalation_days_external,addons/quimibond_sgi/models/sgi_settings.py:19,Integer,,
1836,campo,res.config.settings.sgi_nc_days_containment,addons/quimibond_sgi/models/sgi_settings.py:24,Integer,,
1837,campo,res.config.settings.sgi_nc_days_root_cause,addons/quimibond_sgi/models/sgi_settings.py:27,Integer,,
1838,campo,res.config.settings.sgi_nc_days_plan,addons/quimibond_sgi/models/sgi_settings.py:30,Integer,,
1839,campo,res.config.settings.sgi_nc_escalation_mast_days,addons/quimibond_sgi/models/sgi_settings.py:33,Integer,,
1840,campo,res.config.settings.sgi_nc_days_supplier_response,addons/quimibond_sgi/models/sgi_settings.py:36,Integer,,
1841,campo,res.config.settings.sgi_nc_effectiveness_days,addons/quimibond_sgi/models/sgi_settings.py:39,Integer,,
1842,campo,res.config.settings.sgi_doc_review_notice_days,addons/quimibond_sgi/models/sgi_settings.py:42,Integer,,
1843,campo,res.config.settings.sgi_doc_review_notice_days_final,addons/quimibond_sgi/models/sgi_settings.py:45,Integer,,
1844,campo,res.config.settings.sgi_doc_pilot_notice_days,addons/quimibond_sgi/models/sgi_settings.py:48,Integer,,
1845,campo,res.config.settings.sgi_doc_ack_pending_days,addons/quimibond_sgi/models/sgi_settings.py:51,Integer,,
1846,campo,res.config.settings.sgi_nc_recurrence_months,addons/quimibond_sgi/models/sgi_settings.py:54,Integer,,
1847,campo,res.config.settings.sgi_action_escalation_manager_days,addons/quimibond_sgi/models/sgi_settings.py:59,Integer,,
1848,campo,res.config.settings.sgi_action_escalation_director_days,addons/quimibond_sgi/models/sgi_settings.py:64,Integer,,
1849,campo,res.config.settings.sgi_fmea_npr_action,addons/quimibond_sgi/models/sgi_settings.py:69,Integer,,
1850,campo,res.config.settings.sgi_risk_ryo_inmediata,addons/quimibond_sgi/models/sgi_settings.py:72,Integer,,
1851,campo,res.config.settings.sgi_risk_ryo_media,addons/quimibond_sgi/models/sgi_settings.py:75,Integer,,
1852,campo,res.config.settings.sgi_risk_ryo_intermedia,addons/quimibond_sgi/models/sgi_settings.py:78,Integer,,
1853,campo,res.config.settings.sgi_supplier_weight_otd,addons/quimibond_sgi/models/sgi_settings.py:81,Float,,
1854,campo,res.config.settings.sgi_supplier_weight_quality,addons/quimibond_sgi/models/sgi_settings.py:85,Float,,
1855,campo,res.config.settings.sgi_supplier_nc_penalty,addons/quimibond_sgi/models/sgi_settings.py:88,Float,,
1856,campo,res.config.settings.sgi_supplier_otd_tolerance_days,addons/quimibond_sgi/models/sgi_settings.py:91,Integer,,
1857,campo,res.config.settings.sgi_pesaje_tolerance_kg,addons/quimibond_sgi/models/sgi_settings.py:96,Float,,
1858,campo,res.config.settings.sgi_monthly_sales_budget,addons/quimibond_sgi/models/sgi_settings.py:100,Float,,
1859,campo,res.config.settings.sgi_rh_user_id,addons/quimibond_sgi/models/sgi_settings.py:104,Many2one,,
1860,campo,res.config.settings.sgi_waste_categ_id,addons/quimibond_sgi/models/sgi_settings.py:107,Many2one,,
1861,campo,res.config.settings.sgi_purchase_approval_category_id,addons/quimibond_sgi/models/sgi_settings.py:110,Many2one,,
1862,campo,res.config.settings.sgi_supplier_critical_categ_ids,addons/quimibond_sgi/models/sgi_settings.py:115,Many2many,,
1863,campo,res.config.settings.sgi_production_monthly_capacity,addons/quimibond_sgi/models/sgi_settings.py:121,Float,,
1864,campo,res.config.settings.sgi_energy_partner_id,addons/quimibond_sgi/models/sgi_settings.py:127,Many2one,,
1865,campo,res.config.settings.sgi_satisfaction_survey_id,addons/quimibond_sgi/models/sgi_settings.py:131,Many2one,,
1866,campo,res.config.settings.sgi_sales_budget_alert_pct,addons/quimibond_sgi/models/sgi_settings.py:136,Integer,,
1867,campo,res.config.settings.sgi_budget_planning_rate,addons/quimibond_sgi/models/sgi_settings.py:142,Float,,
1868,campo,res.config.settings.sgi_price_gap_tolerance_pct,addons/quimibond_sgi/models/sgi_settings.py:147,Float,,
1869,campo,res.config.settings.sgi_price_gap_grave_pct,addons/quimibond_sgi/models/sgi_settings.py:151,Float,,
1870,campo,res.config.settings.sgi_forecast_over_tolerance_pct,addons/quimibond_sgi/models/sgi_settings.py:156,Float,,
1871,campo,res.config.settings.sgi_forecast_capture_horizon_weeks,addons/quimibond_sgi/models/sgi_settings.py:161,Integer,,
1872,campo,res.config.settings.sgi_budget_fulfillment_min,addons/quimibond_sgi/models/sgi_settings.py:166,Integer,,
1873,campo,res.config.settings.sgi_price_min_plausible,addons/quimibond_sgi/models/sgi_settings.py:172,Float,,
1874,campo,res.config.settings.sgi_budget_pricelist_id,addons/quimibond_sgi/models/sgi_settings.py:178,Many2one,,
1875,campo,documents.document.sgi_sign_template_id,addons/quimibond_sgi/models/sgi_sign_elearning.py:24,Many2one,,
1876,campo,documents.document.sgi_sign_template_auto,addons/quimibond_sgi/models/sgi_sign_elearning.py:31,Boolean,,
1877,campo,documents.document.sgi_sign_template_rev,addons/quimibond_sgi/models/sgi_sign_elearning.py:32,Integer,,
1878,campo,sgi.document.ack.sign_request_id,addons/quimibond_sgi/models/sgi_sign_elearning.py:120,Many2one,,
1879,campo,sgi.document.ack.sign_state,addons/quimibond_sgi/models/sgi_sign_elearning.py:125,Selection,,
1880,campo,slide.channel.sgi_skill_id,addons/quimibond_sgi/models/sgi_sign_elearning.py:151,Many2one,,
1881,campo,slide.channel.sgi_skill_type_id,addons/quimibond_sgi/models/sgi_sign_elearning.py:155,Many2one,,
1882,campo,slide.channel.sgi_skill_level_id,addons/quimibond_sgi/models/sgi_sign_elearning.py:157,Many2one,,
1883,campo,sgi.sign.record.mixin.sgi_sign_request_ids,addons/quimibond_sgi/models/sgi_sign_record.py:19,Many2many,,
1884,campo,sgi.sign.record.mixin.sgi_sign_count,addons/quimibond_sgi/models/sgi_sign_record.py:21,Integer,,
1885,campo,sgi.sign.record.mixin.sgi_signed,addons/quimibond_sgi/models/sgi_sign_record.py:22,Boolean,,
1886,campo,product.product.sgi_sign_count,addons/quimibond_sgi/models/sgi_sign_record.py:97,Integer,,
1887,campo,sgi.sign.request.wizard.res_model,addons/quimibond_sgi/models/sgi_sign_record.py:112,Char,,
1888,campo,sgi.sign.request.wizard.res_id,addons/quimibond_sgi/models/sgi_sign_record.py:113,Integer,,
1889,campo,sgi.sign.request.wizard.template_id,addons/quimibond_sgi/models/sgi_sign_record.py:114,Many2one,,
1890,campo,sgi.sign.request.wizard.partner_id,addons/quimibond_sgi/models/sgi_sign_record.py:115,Many2one,,
1891,campo,sgi.sign.request.wizard.subject,addons/quimibond_sgi/models/sgi_sign_record.py:116,Char,,
1892,campo,sgi.deliverable.require_signed,addons/quimibond_sgi/models/sgi_sign_record.py:147,Boolean,,
1893,campo,sgi.deliverable.survey_id,addons/quimibond_sgi/models/sgi_sign_record.py:150,Many2one,,
1894,campo,sgi.staff.efficiency.name,addons/quimibond_sgi/models/sgi_staff_efficiency.py:36,Char,,
1895,campo,sgi.staff.efficiency.period_date,addons/quimibond_sgi/models/sgi_staff_efficiency.py:37,Date,,
1896,campo,sgi.staff.efficiency.department_id,addons/quimibond_sgi/models/sgi_staff_efficiency.py:39,Many2one,,
1897,campo,sgi.staff.efficiency.prepared_by_id,addons/quimibond_sgi/models/sgi_staff_efficiency.py:40,Many2one,,
1898,campo,sgi.staff.efficiency.received_by_id,addons/quimibond_sgi/models/sgi_staff_efficiency.py:41,Many2one,,
1899,campo,sgi.staff.efficiency.received_date,addons/quimibond_sgi/models/sgi_staff_efficiency.py:42,Datetime,,
1900,campo,sgi.staff.efficiency.state,addons/quimibond_sgi/models/sgi_staff_efficiency.py:43,Selection,,
1901,campo,sgi.staff.efficiency.line_ids,addons/quimibond_sgi/models/sgi_staff_efficiency.py:45,One2many,,
1902,campo,sgi.staff.efficiency.employee_count,addons/quimibond_sgi/models/sgi_staff_efficiency.py:46,Integer,,
1903,campo,sgi.staff.efficiency.amount_total,addons/quimibond_sgi/models/sgi_staff_efficiency.py:47,Monetary,,
1904,campo,sgi.staff.efficiency.currency_id,addons/quimibond_sgi/models/sgi_staff_efficiency.py:49,Many2one,,
1905,campo,sgi.staff.efficiency.company_id,addons/quimibond_sgi/models/sgi_staff_efficiency.py:50,Many2one,,
1906,campo,sgi.staff.efficiency.note,addons/quimibond_sgi/models/sgi_staff_efficiency.py:51,Text,,
1907,campo,sgi.staff.efficiency.line.sheet_id,addons/quimibond_sgi/models/sgi_staff_efficiency.py:178,Many2one,,
1908,campo,sgi.staff.efficiency.line.employee_id,addons/quimibond_sgi/models/sgi_staff_efficiency.py:179,Many2one,,
1909,campo,sgi.staff.efficiency.line.job_id,addons/quimibond_sgi/models/sgi_staff_efficiency.py:180,Many2one,,
1910,campo,sgi.staff.efficiency.line.department_id,addons/quimibond_sgi/models/sgi_staff_efficiency.py:181,Many2one,,
1911,campo,sgi.staff.efficiency.line.wage_daily,addons/quimibond_sgi/models/sgi_staff_efficiency.py:182,Monetary,,
1912,campo,sgi.staff.efficiency.line.wage_monthly,addons/quimibond_sgi/models/sgi_staff_efficiency.py:184,Monetary,,
1913,campo,sgi.staff.efficiency.line.attendance_pct,addons/quimibond_sgi/models/sgi_staff_efficiency.py:186,Float,,
1914,campo,sgi.staff.efficiency.line.housekeeping_pct,addons/quimibond_sgi/models/sgi_staff_efficiency.py:187,Float,,
1915,campo,sgi.staff.efficiency.line.efficiency_pct,addons/quimibond_sgi/models/sgi_staff_efficiency.py:188,Float,,
1916,campo,sgi.staff.efficiency.line.quality_pct,addons/quimibond_sgi/models/sgi_staff_efficiency.py:189,Float,,
1917,campo,sgi.staff.efficiency.line.total_pct,addons/quimibond_sgi/models/sgi_staff_efficiency.py:190,Float,,
1918,campo,sgi.staff.efficiency.line.amount,addons/quimibond_sgi/models/sgi_staff_efficiency.py:191,Monetary,,
1919,campo,sgi.staff.efficiency.line.real_minutes,addons/quimibond_sgi/models/sgi_staff_efficiency.py:193,Float,,
1920,campo,sgi.staff.efficiency.line.expected_minutes,addons/quimibond_sgi/models/sgi_staff_efficiency.py:194,Float,,
1921,campo,sgi.staff.efficiency.line.efficiency_ratio,addons/quimibond_sgi/models/sgi_staff_efficiency.py:195,Float,,
1922,campo,sgi.staff.efficiency.line.currency_id,addons/quimibond_sgi/models/sgi_staff_efficiency.py:196,Many2one,,
1923,campo,sgi.staff.efficiency.line.note,addons/quimibond_sgi/models/sgi_staff_efficiency.py:197,Char,,
1924,campo,sgi.process.nc_open_ids,addons/quimibond_sgi/models/sgi_structure.py:21,Many2many,,
1925,campo,sgi.process.structure_status,addons/quimibond_sgi/models/sgi_structure.py:24,Char,,
1926,campo,res.partner.sgi_supplier_class,addons/quimibond_sgi/models/sgi_supplier_eval.py:20,Selection,,
1927,campo,res.partner.sgi_supplier_status,addons/quimibond_sgi/models/sgi_supplier_eval.py:27,Selection,,
1928,campo,res.partner.sgi_supplier_approved_by,addons/quimibond_sgi/models/sgi_supplier_eval.py:32,Many2one,,
1929,campo,res.partner.sgi_supplier_approved_date,addons/quimibond_sgi/models/sgi_supplier_eval.py:34,Date,,
1930,campo,res.partner.sgi_supplier_critical,addons/quimibond_sgi/models/sgi_supplier_eval.py:36,Boolean,,
1931,campo,res.partner.sgi_supplier_score,addons/quimibond_sgi/models/sgi_supplier_eval.py:40,Float,,
1932,campo,res.partner.sgi_last_eval_date,addons/quimibond_sgi/models/sgi_supplier_eval.py:41,Date,,
1933,campo,res.partner.sgi_eval_ids,addons/quimibond_sgi/models/sgi_supplier_eval.py:42,One2many,,
1934,campo,res.partner.sgi_eval_count,addons/quimibond_sgi/models/sgi_supplier_eval.py:43,Integer,,
1935,campo,sgi.supplier.eval.partner_id,addons/quimibond_sgi/models/sgi_supplier_eval.py:109,Many2one,,
1936,campo,sgi.supplier.eval.date_from,addons/quimibond_sgi/models/sgi_supplier_eval.py:111,Date,,
1937,campo,sgi.supplier.eval.date_to,addons/quimibond_sgi/models/sgi_supplier_eval.py:112,Date,,
1938,campo,sgi.supplier.eval.otd_pct,addons/quimibond_sgi/models/sgi_supplier_eval.py:113,Float,,
1939,campo,sgi.supplier.eval.otd_has_data,addons/quimibond_sgi/models/sgi_supplier_eval.py:114,Boolean,,
1940,campo,sgi.supplier.eval.nc_count,addons/quimibond_sgi/models/sgi_supplier_eval.py:118,Integer,,
1941,campo,sgi.supplier.eval.score,addons/quimibond_sgi/models/sgi_supplier_eval.py:119,Float,,
1942,campo,sgi.supplier.eval.supplier_class,addons/quimibond_sgi/models/sgi_supplier_eval.py:120,Selection,,
1943,campo,sgi.supplier.eval.notes,addons/quimibond_sgi/models/sgi_supplier_eval.py:122,Text,,
1944,campo,quality.alert.sgi_supplier_id,addons/quimibond_sgi/models/sgi_supplier_nc.py:21,Many2one,,
1945,campo,quality.alert.sgi_supplier_state,addons/quimibond_sgi/models/sgi_supplier_nc.py:24,Selection,,
1946,campo,quality.alert.sgi_supplier_sent_date,addons/quimibond_sgi/models/sgi_supplier_nc.py:29,Date,,
1947,campo,quality.alert.sgi_supplier_due_date,addons/quimibond_sgi/models/sgi_supplier_nc.py:30,Date,,
1948,campo,quality.alert.sgi_supplier_response_date,addons/quimibond_sgi/models/sgi_supplier_nc.py:31,Datetime,,
1949,campo,quality.alert.sgi_supplier_cause,addons/quimibond_sgi/models/sgi_supplier_nc.py:32,Text,,
1950,campo,quality.alert.sgi_supplier_action,addons/quimibond_sgi/models/sgi_supplier_nc.py:33,Text,,
1951,campo,quality.alert.sgi_supplier_overdue,addons/quimibond_sgi/models/sgi_supplier_nc.py:34,Boolean,,
1952,método,sgi.process.activity._compute_odoo_action_id,addons/quimibond_sgi/models/sgi_activity_spec.py:207,,,
1953,método,sgi.process.activity._compute_spec_gap_summary,addons/quimibond_sgi/models/sgi_activity_spec.py:214,,,
1954,método,sgi.process.activity._check_due_business_day,addons/quimibond_sgi/models/sgi_activity_spec.py:221,,,
1955,método,sgi.process.activity._check_due_day,addons/quimibond_sgi/models/sgi_activity_spec.py:227,,,
1956,método,sgi.process.activity._sgi_due_months,addons/quimibond_sgi/models/sgi_activity_spec.py:232,,,
1957,método,sgi.process.activity.action_open_odoo,addons/quimibond_sgi/models/sgi_activity_spec.py:241,,,
1958,método,sgi.process.activity._sgi_verb_list,addons/quimibond_sgi/models/sgi_activity_spec.py:252,,,
1959,método,sgi.process.activity._sgi_spec_problems,addons/quimibond_sgi/models/sgi_activity_spec.py:256,,,
1960,método,sgi.process.activity._sgi_refresh_spec_gaps,addons/quimibond_sgi/models/sgi_activity_spec.py:340,,,
1961,método,sgi.process.activity.create,addons/quimibond_sgi/models/sgi_activity_spec.py:360,,,
1962,método,sgi.process.activity.write,addons/quimibond_sgi/models/sgi_activity_spec.py:365,,,
1963,método,sgi.process.activity._sgi_sentence_parts,addons/quimibond_sgi/models/sgi_activity_spec.py:371,,,
1964,método,sgi.process.activity._sgi_output_deliverable,addons/quimibond_sgi/models/sgi_activity_spec.py:409,,,
1965,método,sgi.process.activity._sgi_periodic_due,addons/quimibond_sgi/models/sgi_activity_spec.py:416,,,
1966,método,sgi.process.activity._sgi_due_label,addons/quimibond_sgi/models/sgi_activity_spec.py:436,,,
1967,método,sgi.activity.role.create,addons/quimibond_sgi/models/sgi_activity_spec.py:449,,,
1968,método,sgi.activity.role.write,addons/quimibond_sgi/models/sgi_activity_spec.py:454,,,
1969,método,sgi.activity.role.unlink,addons/quimibond_sgi/models/sgi_activity_spec.py:459,,,
1970,método,sgi.activity.input._check_due_field,addons/quimibond_sgi/models/sgi_activity_spec.py:494,,,
1971,método,sgi.activity.input._sgi_has_deadline,addons/quimibond_sgi/models/sgi_activity_spec.py:508,,,
1972,método,sgi.activity.input._sgi_due,addons/quimibond_sgi/models/sgi_activity_spec.py:512,,,
1973,método,sgi.activity.input._check_applies_domain,addons/quimibond_sgi/models/sgi_activity_spec.py:530,,,
1974,método,sgi.activity.input.create,addons/quimibond_sgi/models/sgi_activity_spec.py:542,,,
1975,método,sgi.activity.input.write,addons/quimibond_sgi/models/sgi_activity_spec.py:547,,,
1976,método,sgi.activity.input.unlink,addons/quimibond_sgi/models/sgi_activity_spec.py:552,,,
1977,método,sgi.activity.input._sgi_applicable_domain,addons/quimibond_sgi/models/sgi_activity_spec.py:558,,,
1978,método,sgi.deliverable._check_complete_domain,addons/quimibond_sgi/models/sgi_activity_spec.py:578,,,
1979,método,sgi.deliverable.write,addons/quimibond_sgi/models/sgi_activity_spec.py:589,,,
1980,método,sgi.process._compute_spec_counts,addons/quimibond_sgi/models/sgi_activity_spec.py:621,,,
1981,método,sgi.process._compute_channel_pct,addons/quimibond_sgi/models/sgi_activity_spec.py:633,,,
1982,método,sgi.process._sgi_publish_problems,addons/quimibond_sgi/models/sgi_activity_spec.py:643,,,
1983,método,sgi.process.action_sgi_set_pilot,addons/quimibond_sgi/models/sgi_activity_spec.py:657,,,
1984,método,sgi.process.action_sgi_set_draft,addons/quimibond_sgi/models/sgi_activity_spec.py:660,,,
1985,método,sgi.process.action_sgi_publish,addons/quimibond_sgi/models/sgi_activity_spec.py:663,,,
1986,método,sgi.process.action_view_spec_gaps,addons/quimibond_sgi/models/sgi_activity_spec.py:686,,,
1987,método,sgi.indicator._sgi_measured_deliverable,addons/quimibond_sgi/models/sgi_activity_spec.py:718,,,
1988,método,sgi.indicator._detail_actividad_a_tiempo,addons/quimibond_sgi/models/sgi_activity_spec.py:725,,,
1989,método,sgi.indicator._calc_actividad_a_tiempo,addons/quimibond_sgi/models/sgi_activity_spec.py:753,,,
1990,método,sgi.indicator._detail_entregable_completo,addons/quimibond_sgi/models/sgi_activity_spec.py:756,,,
1991,método,sgi.indicator._calc_entregable_completo,addons/quimibond_sgi/models/sgi_activity_spec.py:786,,,
1992,método,sgi.indicator._sgi_spec_problems,addons/quimibond_sgi/models/sgi_activity_spec.py:789,,,
1993,método,sgi.indicator._compute_spec_missing,addons/quimibond_sgi/models/sgi_activity_spec.py:817,,,
1994,método,ir.config_parameter._sgi_verbs_touched,addons/quimibond_sgi/models/sgi_activity_spec.py:825,,,
1995,método,ir.config_parameter.create,addons/quimibond_sgi/models/sgi_activity_spec.py:830,,,
1996,método,ir.config_parameter.write,addons/quimibond_sgi/models/sgi_activity_spec.py:835,,,
1997,método,sgi.activity.week.stat._compute_rates,addons/quimibond_sgi/models/sgi_activity_spec.py:882,,,
1998,método,sgi.activity.week.stat._sgi_compute,addons/quimibond_sgi/models/sgi_activity_spec.py:892,,,
1999,método,sgi.process.activity._sgi_week_counts,addons/quimibond_sgi/models/sgi_activity_spec.py:917,,,
2000,método,sgi.process.activity.cron_measure_activities,addons/quimibond_sgi/models/sgi_activity_spec.py:1008,,,
2001,método,sgi.alert.source._compute_alert_count,addons/quimibond_sgi/models/sgi_alert_source.py:62,,,
2002,método,sgi.alert.source._get_by_code,addons/quimibond_sgi/models/sgi_alert_source.py:73,,,
2003,método,sgi.alert.source._register_suppression,addons/quimibond_sgi/models/sgi_alert_source.py:79,,,
2004,método,sgi.alert.source.action_view_alerts,addons/quimibond_sgi/models/sgi_alert_source.py:96,,,
2005,método,sgi.activity.role._compute_approval_model_id,addons/quimibond_sgi/models/sgi_approval_native.py:119,,,
2006,método,sgi.activity.role._compute_approval_method,addons/quimibond_sgi/models/sgi_approval_native.py:126,,,
2007,método,sgi.activity.role._compute_approval_domain,addons/quimibond_sgi/models/sgi_approval_native.py:133,,,
2008,método,sgi.activity.role._sgi_condition_domain,addons/quimibond_sgi/models/sgi_approval_native.py:137,,,
2009,método,sgi.activity.role._check_condition,addons/quimibond_sgi/models/sgi_approval_native.py:158,,,
2010,método,sgi.activity.role._sgi_approver_users,addons/quimibond_sgi/models/sgi_approval_native.py:164,,,
2011,método,sgi.activity.role._compute_approval_users,addons/quimibond_sgi/models/sgi_approval_native.py:180,,,
2012,método,sgi.activity.role._compute_approval_conflicts,addons/quimibond_sgi/models/sgi_approval_native.py:185,,,
2013,método,sgi.activity.role._compute_approval_state,addons/quimibond_sgi/models/sgi_approval_native.py:199,,,
2014,método,sgi.activity.role._compute_approval_entries,addons/quimibond_sgi/models/sgi_approval_native.py:225,,,
2015,método,sgi.activity.role._sgi_rule_vals,addons/quimibond_sgi/models/sgi_approval_native.py:247,,,
2016,método,sgi.activity.role._sgi_rule_in_sync,addons/quimibond_sgi/models/sgi_approval_native.py:263,,,
2017,método,sgi.activity.role._sgi_sync_category,addons/quimibond_sgi/models/sgi_approval_native.py:270,,,
2018,método,sgi.activity.role._sgi_sync_approval_rule,addons/quimibond_sgi/models/sgi_approval_native.py:303,,,
2019,método,sgi.activity.role.action_sgi_sync_approval,addons/quimibond_sgi/models/sgi_approval_native.py:344,,,
2020,método,sgi.activity.role.action_sgi_adopt_rule,addons/quimibond_sgi/models/sgi_approval_native.py:348,,,
2021,método,sgi.activity.role.action_sgi_open_approval_rule,addons/quimibond_sgi/models/sgi_approval_native.py:361,,,
2022,método,sgi.activity.role.action_sgi_open_approval_entries,addons/quimibond_sgi/models/sgi_approval_native.py:368,,,
2023,método,sgi.activity.role.write,addons/quimibond_sgi/models/sgi_approval_native.py:374,,,
2024,método,sgi.activity.role.unlink,addons/quimibond_sgi/models/sgi_approval_native.py:381,,,
2025,método,sgi.activity.role.cron_sgi_sync_approvals,addons/quimibond_sgi/models/sgi_approval_native.py:387,,,
2026,método,sgi.process.activity.write,addons/quimibond_sgi/models/sgi_approval_native.py:404,,,
2027,método,hr.job._sgi_roles_domain,addons/quimibond_sgi/models/sgi_archived_filters.py:31,,,
2028,método,sgi.process.write,addons/quimibond_sgi/models/sgi_archived_filters.py:38,,,
2029,método,sgi.my.pending._sgi_process_alive,addons/quimibond_sgi/models/sgi_archived_filters.py:52,,,
2030,método,sgi.my.pending._sgi_pending_records,addons/quimibond_sgi/models/sgi_archived_filters.py:56,,,
2031,método,sgi.my.pending._sgi_role_alive,addons/quimibond_sgi/models/sgi_archived_filters.py:75,,,
2032,método,sgi.my.pending._sgi_open_studio_requests,addons/quimibond_sgi/models/sgi_archived_filters.py:85,,,
2033,método,sgi.area._compute_display_name,addons/quimibond_sgi/models/sgi_area.py:21,,,
2034,método,sgi.audit.program._compute_name,addons/quimibond_sgi/models/sgi_audit.py:54,,,
2035,método,sgi.audit.program.action_approve,addons/quimibond_sgi/models/sgi_audit.py:58,,,
2036,método,sgi.audit.program.action_close,addons/quimibond_sgi/models/sgi_audit.py:86,,,
2037,método,sgi.audit.program.action_draft,addons/quimibond_sgi/models/sgi_audit.py:89,,,
2038,método,sgi.audit.program.action_suggest_lines,addons/quimibond_sgi/models/sgi_audit.py:92,,,
2039,método,sgi.audit.program.line.action_create_audit,addons/quimibond_sgi/models/sgi_audit.py:145,,,
2040,método,sgi.audit._compute_name,addons/quimibond_sgi/models/sgi_audit.py:236,,,
2041,método,sgi.audit._compute_finding_count,addons/quimibond_sgi/models/sgi_audit.py:242,,,
2042,método,sgi.audit._compute_checklist_counts,addons/quimibond_sgi/models/sgi_audit.py:247,,,
2043,método,sgi.audit._check_partner_by_type,addons/quimibond_sgi/models/sgi_audit.py:256,,,
2044,método,sgi.audit._check_auditor_independence,addons/quimibond_sgi/models/sgi_audit.py:265,,,
2045,método,sgi.audit.action_generate_checklist,addons/quimibond_sgi/models/sgi_audit.py:306,,,
2046,método,sgi.audit.action_plan,addons/quimibond_sgi/models/sgi_audit.py:328,,,
2047,método,sgi.audit.action_start,addons/quimibond_sgi/models/sgi_audit.py:332,,,
2048,método,sgi.audit.action_report,addons/quimibond_sgi/models/sgi_audit.py:338,,,
2049,método,sgi.audit.write,addons/quimibond_sgi/models/sgi_audit.py:344,,,
2050,método,sgi.audit.action_close,addons/quimibond_sgi/models/sgi_audit.py:352,,,
2051,método,sgi.audit._sgi_archive_report,addons/quimibond_sgi/models/sgi_audit.py:364,,,
2052,método,sgi.audit.action_open_report_document,addons/quimibond_sgi/models/sgi_audit.py:392,,,
2053,método,sgi.audit.action_draft,addons/quimibond_sgi/models/sgi_audit.py:402,,,
2054,método,sgi.audit._sgi_check_can_close,addons/quimibond_sgi/models/sgi_audit.py:405,,,
2055,método,sgi.audit.action_answer_checklist,addons/quimibond_sgi/models/sgi_audit.py:428,,,
2056,método,sgi.audit.action_evaluate_auditors,addons/quimibond_sgi/models/sgi_audit.py:448,,,
2057,método,sgi.audit.action_generate_findings_from_checklist,addons/quimibond_sgi/models/sgi_audit.py:473,,,
2058,método,sgi.audit.action_open_findings,addons/quimibond_sgi/models/sgi_audit.py:516,,,
2059,método,sgi.audit.finding.unlink,addons/quimibond_sgi/models/sgi_audit.py:559,,,
2060,método,sgi.audit.finding.action_generate_nc,addons/quimibond_sgi/models/sgi_audit.py:572,,,
2061,método,sgi.audit.checklist.line._compute_question,addons/quimibond_sgi/models/sgi_audit.py:642,,,
2062,método,sgi.audit.checklist.line._compute_can_open_records,addons/quimibond_sgi/models/sgi_audit.py:655,,,
2063,método,sgi.audit.checklist.line.action_open_records,addons/quimibond_sgi/models/sgi_audit.py:662,,,
2064,método,sgi.audit.checklist.line._sgi_sync_finding,addons/quimibond_sgi/models/sgi_audit.py:685,,,
2065,método,sgi.audit.checklist.line.create,addons/quimibond_sgi/models/sgi_audit.py:708,,,
2066,método,sgi.audit.checklist.line.write,addons/quimibond_sgi/models/sgi_audit.py:713,,,
2067,método,sgi.base.mixin.create,addons/quimibond_sgi/models/sgi_base.py:41,,,
2068,método,sgi.base.mixin._sgi_schedule_activity,addons/quimibond_sgi/models/sgi_base.py:53,,,
2069,método,sgi.base.mixin._sgi_done_activities,addons/quimibond_sgi/models/sgi_base.py:64,,,
2070,método,sgi.base.mixin._sgi_locked_records,addons/quimibond_sgi/models/sgi_base.py:73,,,
2071,método,sgi.base.mixin._sgi_vals_touch_locked,addons/quimibond_sgi/models/sgi_base.py:80,,,
2072,método,sgi.base.mixin.write,addons/quimibond_sgi/models/sgi_base.py:95,,,
2073,método,sgi.base.mixin.unlink,addons/quimibond_sgi/models/sgi_base.py:110,,,
2074,método,sgi.process.activity._compute_department_ids,addons/quimibond_sgi/models/sgi_business_line.py:90,,,
2075,método,sgi.process.activity._compute_line_filters,addons/quimibond_sgi/models/sgi_business_line.py:94,,,
2076,método,sgi.process.activity._search_team_filter_id,addons/quimibond_sgi/models/sgi_business_line.py:99,,,
2077,método,sgi.process.activity._search_market_filter_id,addons/quimibond_sgi/models/sgi_business_line.py:103,,,
2078,método,sgi.process.activity._sgi_applies_to_teams,addons/quimibond_sgi/models/sgi_business_line.py:106,,,
2079,método,sgi.process.activity.write,addons/quimibond_sgi/models/sgi_business_line.py:112,,,
2080,método,sgi.process._compute_activity_team_ids,addons/quimibond_sgi/models/sgi_business_line.py:130,,,
2081,método,sgi.process._search_activity_team_ids,addons/quimibond_sgi/models/sgi_business_line.py:137,,,
2082,método,hr.job._compute_sgi_team_ids,addons/quimibond_sgi/models/sgi_business_line.py:151,,,
2083,método,hr.job._sgi_user_teams,addons/quimibond_sgi/models/sgi_business_line.py:156,,,
2084,método,hr.job._sgi_mp_teams,addons/quimibond_sgi/models/sgi_business_line.py:164,,,
2085,método,hr.employee._compute_sgi_team_ids,addons/quimibond_sgi/models/sgi_business_line.py:195,,,
2086,método,crm.team.member._sgi_touch,addons/quimibond_sgi/models/sgi_business_line.py:205,,,
2087,método,crm.team.member.create,addons/quimibond_sgi/models/sgi_business_line.py:212,,,
2088,método,crm.team.member.write,addons/quimibond_sgi/models/sgi_business_line.py:217,,,
2089,método,crm.team.member.unlink,addons/quimibond_sgi/models/sgi_business_line.py:223,,,
2090,método,crm.team.write,addons/quimibond_sgi/models/sgi_business_line.py:231,,,
2091,método,sgi.activity.exec.stat._compute_sale_team_ids,addons/quimibond_sgi/models/sgi_business_line.py:253,,,
2092,método,sgi.indicator._compute_split_support,addons/quimibond_sgi/models/sgi_business_line.py:278,,,
2093,método,sgi.indicator._sgi_split_problem,addons/quimibond_sgi/models/sgi_business_line.py:288,,,
2094,método,sgi.indicator._check_measure_split,addons/quimibond_sgi/models/sgi_business_line.py:304,,,
2095,método,sgi.indicator._sgi_split_keys,addons/quimibond_sgi/models/sgi_business_line.py:310,,,
2096,método,sgi.indicator._sgi_semaphore_on,addons/quimibond_sgi/models/sgi_business_line.py:321,,,
2097,método,sgi.indicator._sgi_measure_vals,addons/quimibond_sgi/models/sgi_business_line.py:335,,,
2098,método,sgi.indicator.term._sgi_split_path,addons/quimibond_sgi/models/sgi_business_line.py:362,,,
2099,método,sgi.indicator.term._sgi_first_path,addons/quimibond_sgi/models/sgi_business_line.py:373,,,
2100,método,sgi.indicator.term._sgi_split_domain,addons/quimibond_sgi/models/sgi_business_line.py:387,,,
2101,método,sgi.indicator.term._sgi_records,addons/quimibond_sgi/models/sgi_business_line.py:402,,,
2102,método,sgi.indicator.measure.split._compute_label,addons/quimibond_sgi/models/sgi_business_line.py:451,,,
2103,método,sgi.indicator.measure.split._compute_semaphore,addons/quimibond_sgi/models/sgi_business_line.py:462,,,
2104,método,sgi.indicator.measure.split.action_view_evidence,addons/quimibond_sgi/models/sgi_business_line.py:469,,,
2105,método,quality.check._compute_sgi_equipment_id,addons/quimibond_sgi/models/sgi_calibration.py:20,,,
2106,método,quality.check._sgi_check_equipment_calibrated,addons/quimibond_sgi/models/sgi_calibration.py:27,,,
2107,método,maintenance.equipment._compute_next_calibration_date,addons/quimibond_sgi/models/sgi_calibration.py:83,,,
2108,método,maintenance.equipment._compute_calibration_state,addons/quimibond_sgi/models/sgi_calibration.py:92,,,
2109,método,maintenance.equipment._compute_calibration_count,addons/quimibond_sgi/models/sgi_calibration.py:105,,,
2110,método,maintenance.equipment.action_view_calibrations,addons/quimibond_sgi/models/sgi_calibration.py:109,,,
2111,método,sgi.calibration._check_certificate,addons/quimibond_sgi/models/sgi_calibration.py:151,,,
2112,método,sgi.calibration._compute_next_date,addons/quimibond_sgi/models/sgi_calibration.py:163,,,
2113,método,sgi.calibration.create,addons/quimibond_sgi/models/sgi_calibration.py:169,,,
2114,método,sgi.calibration._sgi_apply_to_equipment,addons/quimibond_sgi/models/sgi_calibration.py:175,,,
2115,método,sgi.calibration._sgi_create_alert,addons/quimibond_sgi/models/sgi_calibration.py:194,,,
2116,método,sgi.job.family._compute_display_name,addons/quimibond_sgi/models/sgi_catalog.py:83,,,
2117,método,sgi.job.family._compute_employee_count,addons/quimibond_sgi/models/sgi_catalog.py:88,,,
2118,método,sgi.job.family._check_job_single_family,addons/quimibond_sgi/models/sgi_catalog.py:98,,,
2119,método,sgi.activity.role._check_target,addons/quimibond_sgi/models/sgi_catalog.py:169,,,
2120,método,sgi.activity.role._check_condition,addons/quimibond_sgi/models/sgi_catalog.py:183,,,
2121,método,sgi.activity.role._check_after_days,addons/quimibond_sgi/models/sgi_catalog.py:194,,,
2122,método,sgi.activity.role._sgi_target_label,addons/quimibond_sgi/models/sgi_catalog.py:205,,,
2123,método,sgi.activity.role._compute_display_name,addons/quimibond_sgi/models/sgi_catalog.py:214,,,
2124,método,sgi.activity.role._sgi_target_key,addons/quimibond_sgi/models/sgi_catalog.py:220,,,
2125,método,sgi.activity.role._sgi_jobs,addons/quimibond_sgi/models/sgi_catalog.py:229,,,
2126,método,sgi.activity.role._sgi_staffing_state,addons/quimibond_sgi/models/sgi_catalog.py:245,,,
2127,método,sgi.activity.role._sgi_after_change,addons/quimibond_sgi/models/sgi_catalog.py:272,,,
2128,método,sgi.activity.role._sgi_mp_jobs,addons/quimibond_sgi/models/sgi_catalog.py:278,,,
2129,método,sgi.activity.role.create,addons/quimibond_sgi/models/sgi_catalog.py:284,,,
2130,método,sgi.activity.role.write,addons/quimibond_sgi/models/sgi_catalog.py:290,,,
2131,método,sgi.activity.role.unlink,addons/quimibond_sgi/models/sgi_catalog.py:298,,,
2132,método,hr.job._compute_sgi_family_id,addons/quimibond_sgi/models/sgi_catalog.py:331,,,
2133,método,hr.job._sgi_vacancy_valid,addons/quimibond_sgi/models/sgi_catalog.py:335,,,
2134,método,hr.job._sgi_staffing_state,addons/quimibond_sgi/models/sgi_catalog.py:341,,,
2135,método,hr.job._sgi_roles_domain,addons/quimibond_sgi/models/sgi_catalog.py:354,,,
2136,método,hr.job._compute_sgi_all_role_ids,addons/quimibond_sgi/models/sgi_catalog.py:384,,,
2137,método,hr.job._compute_sgi_role_counts,addons/quimibond_sgi/models/sgi_catalog.py:389,,,
2138,método,hr.job.action_sgi_view_roles,addons/quimibond_sgi/models/sgi_catalog.py:422,,,
2139,método,hr.job._sgi_find_job,addons/quimibond_sgi/models/sgi_catalog.py:435,,,
2140,método,hr.job._sgi_job_references,addons/quimibond_sgi/models/sgi_catalog.py:464,,,
2141,método,hr.job.sgi_merge_duplicate_jobs,addons/quimibond_sgi/models/sgi_catalog.py:479,,,
2142,método,sgi.document.type._check_legacy_regex,addons/quimibond_sgi/models/sgi_catalog.py:607,,,
2143,método,sgi.document.type._check_prefix_pattern,addons/quimibond_sgi/models/sgi_catalog.py:617,,,
2144,método,sgi.document.type._sgi_pattern_regex,addons/quimibond_sgi/models/sgi_catalog.py:629,,,
2145,método,sgi.document.type._sgi_format_code,addons/quimibond_sgi/models/sgi_catalog.py:650,,,
2146,método,sgi.document.type._sgi_legacy_match,addons/quimibond_sgi/models/sgi_catalog.py:654,,,
2147,método,sgi.document.type._sgi_code_ok,addons/quimibond_sgi/models/sgi_catalog.py:663,,,
2148,método,sgi.document.type._sgi_any_match,addons/quimibond_sgi/models/sgi_catalog.py:680,,,
2149,método,sgi.document.type.sgi_next_code,addons/quimibond_sgi/models/sgi_catalog.py:685,,,
2150,método,sgi.config.sgi_drop_empty_studio_models,addons/quimibond_sgi/models/sgi_catalog.py:722,,,
2151,método,sgi.checklist.template._sgi_due_today,addons/quimibond_sgi/models/sgi_checklist.py:48,,,
2152,método,sgi.checklist.template._sgi_generate,addons/quimibond_sgi/models/sgi_checklist.py:54,,,
2153,método,sgi.checklist.template.action_generate_today,addons/quimibond_sgi/models/sgi_checklist.py:86,,,
2154,método,sgi.checklist.template.cron_generate,addons/quimibond_sgi/models/sgi_checklist.py:93,,,
2155,método,maintenance.request._compute_sgi_checklist_state,addons/quimibond_sgi/models/sgi_checklist.py:143,,,
2156,método,maintenance.request.action_sgi_checklist_finish,addons/quimibond_sgi/models/sgi_checklist.py:155,,,
2157,método,maintenance.request.action_sgi_create_correctives,addons/quimibond_sgi/models/sgi_checklist.py:164,,,
2158,método,sgi.checklist.finish._compute_allowed_employee_ids,addons/quimibond_sgi/models/sgi_checklist.py:194,,,
2159,método,sgi.checklist.finish.action_confirm,addons/quimibond_sgi/models/sgi_checklist.py:198,,,
2160,método,ir.ui.menu._sgi_menu_tree_offenders,addons/quimibond_sgi/models/sgi_cleanup.py:110,,,
2161,método,ir.ui.menu._sgi_menu_dangling_actions,addons/quimibond_sgi/models/sgi_cleanup.py:133,,,
2162,método,sgi.process.write,addons/quimibond_sgi/models/sgi_cleanup.py:149,,,
2163,método,sgi.process._sgi_obsolete_replaced_documents,addons/quimibond_sgi/models/sgi_cleanup.py:155,,,
2164,método,sgi.process._sgi_relink_from_archived,addons/quimibond_sgi/models/sgi_cleanup.py:176,,,
2165,método,sgi.process._sgi_relink_write,addons/quimibond_sgi/models/sgi_cleanup.py:327,,,
2166,método,res.partner.write,addons/quimibond_sgi/models/sgi_coa.py:66,,,
2167,método,stock.picking._compute_sgi_requires_coa,addons/quimibond_sgi/models/sgi_coa.py:119,,,
2168,método,stock.picking._compute_sgi_coa_status,addons/quimibond_sgi/models/sgi_coa.py:128,,,
2169,método,stock.picking.action_sgi_attach_coa,addons/quimibond_sgi/models/sgi_coa.py:140,,,
2170,método,stock.picking._sgi_coa_recipients,addons/quimibond_sgi/models/sgi_coa.py:151,,,
2171,método,stock.picking._sgi_coa_register,addons/quimibond_sgi/models/sgi_coa.py:156,,,
2172,método,stock.picking._sgi_coa_send,addons/quimibond_sgi/models/sgi_coa.py:167,,,
2173,método,stock.picking._sgi_coa_block_enabled,addons/quimibond_sgi/models/sgi_coa.py:177,,,
2174,método,stock.picking._sgi_user_is_quality_head,addons/quimibond_sgi/models/sgi_coa.py:181,,,
2175,método,stock.picking.button_validate,addons/quimibond_sgi/models/sgi_coa.py:187,,,
2176,método,sale.order._compute_sgi_coa_status,addons/quimibond_sgi/models/sgi_coa.py:221,,,
2177,método,sale.order._compute_sgi_coa_attachment_count,addons/quimibond_sgi/models/sgi_coa.py:226,,,
2178,método,sale.order.action_sgi_view_coa,addons/quimibond_sgi/models/sgi_coa.py:230,,,
2179,método,sgi.coa.attach.wizard.default_get,addons/quimibond_sgi/models/sgi_coa.py:256,,,
2180,método,sgi.coa.attach.wizard.action_confirm,addons/quimibond_sgi/models/sgi_coa.py:263,,,
2181,método,sgi.coa.exception.wizard.action_confirm,addons/quimibond_sgi/models/sgi_coa.py:296,,,
2182,método,sgi.coa.inbox.message_new,addons/quimibond_sgi/models/sgi_coa.py:334,,,
2183,método,sgi.coa.inbox._message_post_after_hook,addons/quimibond_sgi/models/sgi_coa.py:340,,,
2184,método,sgi.coa.inbox._sgi_find_picking,addons/quimibond_sgi/models/sgi_coa.py:348,,,
2185,método,sgi.coa.inbox._sgi_link_attachments,addons/quimibond_sgi/models/sgi_coa.py:378,,,
2186,método,sgi.coa.inbox.action_link_manual,addons/quimibond_sgi/models/sgi_coa.py:398,,,
2187,método,hr.employee._compute_sgi_skill_gap_count,addons/quimibond_sgi/models/sgi_competence.py:11,,,
2188,método,hr.employee.action_view_skill_gaps,addons/quimibond_sgi/models/sgi_competence.py:18,,,
2189,método,sgi.competence.gap._table_query,addons/quimibond_sgi/models/sgi_competence.py:50,,,
2190,método,hr.department._sgi_competence_matrix,addons/quimibond_sgi/models/sgi_competence.py:84,,,
2191,método,helpdesk.ticket.action_sgi_generate_nc,addons/quimibond_sgi/models/sgi_complaint.py:21,,,
2192,método,sgi.interested.party._compute_next_review_date,addons/quimibond_sgi/models/sgi_context.py:64,,,
2193,método,sgi.interested.party.action_mark_reviewed,addons/quimibond_sgi/models/sgi_context.py:73,,,
2194,método,quality.point._compute_sgi_replaced_document_count,addons/quimibond_sgi/models/sgi_control_plan.py:22,,,
2195,método,quality.point.action_sgi_open_replaced_documents,addons/quimibond_sgi/models/sgi_control_plan.py:26,,,
2196,método,sgi.control.plan._compute_point_count,addons/quimibond_sgi/models/sgi_control_plan.py:93,,,
2197,método,sgi.control.plan._compute_fmea_count,addons/quimibond_sgi/models/sgi_control_plan.py:98,,,
2198,método,sgi.control.plan.action_view_fmeas,addons/quimibond_sgi/models/sgi_control_plan.py:102,,,
2199,método,sgi.control.plan.action_set_vigente,addons/quimibond_sgi/models/sgi_control_plan.py:113,,,
2200,método,sgi.control.plan.action_set_borrador,addons/quimibond_sgi/models/sgi_control_plan.py:122,,,
2201,método,sgi.control.plan.action_set_obsoleto,addons/quimibond_sgi/models/sgi_control_plan.py:126,,,
2202,método,sgi.control.plan.action_view_points,addons/quimibond_sgi/models/sgi_control_plan.py:142,,,
2203,método,sgi.control.plan.action_open_orphan_points,addons/quimibond_sgi/models/sgi_control_plan.py:153,,,
2204,método,stock.lot._sgi_coa_checks,addons/quimibond_sgi/models/sgi_control_plan.py:174,,,
2205,método,stock.lot.action_sgi_print_coa,addons/quimibond_sgi/models/sgi_control_plan.py:182,,,
2206,método,stock.lot._sgi_delivery_pickings,addons/quimibond_sgi/models/sgi_control_plan.py:191,,,
2207,método,stock.lot.action_sgi_publish_coa,addons/quimibond_sgi/models/sgi_control_plan.py:200,,,
2208,método,sgi.cron._sgi_activity_exists,addons/quimibond_sgi/models/sgi_cron.py:20,,,
2209,método,sgi.cron._sgi_schedule,addons/quimibond_sgi/models/sgi_cron.py:32,,,
2210,método,sgi.cron._sgi_first_user_id,addons/quimibond_sgi/models/sgi_cron.py:41,,,
2211,método,sgi.cron._sgi_manager_user_id,addons/quimibond_sgi/models/sgi_cron.py:58,,,
2212,método,sgi.cron._sgi_director_user_id,addons/quimibond_sgi/models/sgi_cron.py:70,,,
2213,método,sgi.cron._sgi_sales_admin_user_id,addons/quimibond_sgi/models/sgi_cron.py:74,,,
2214,método,sgi.cron._sgi_critical_mail_emails,addons/quimibond_sgi/models/sgi_cron.py:91,,,
2215,método,sgi.cron._sgi_send_critical_mail,addons/quimibond_sgi/models/sgi_cron.py:101,,,
2216,método,sgi.cron._sgi_step,addons/quimibond_sgi/models/sgi_cron.py:116,,,
2217,método,sgi.cron._sgi_for_each,addons/quimibond_sgi/models/sgi_cron.py:125,,,
2218,método,sgi.cron.cron_nonconformities,addons/quimibond_sgi/models/sgi_cron.py:141,,,
2219,método,sgi.cron.cron_overdue_actions,addons/quimibond_sgi/models/sgi_cron.py:203,,,
2220,método,sgi.cron.cron_documents,addons/quimibond_sgi/models/sgi_cron.py:251,,,
2221,método,sgi.cron.cron_news,addons/quimibond_sgi/models/sgi_cron.py:323,,,
2222,método,sgi.cron.cron_indicators,addons/quimibond_sgi/models/sgi_cron.py:366,,,
2223,método,sgi.cron._sgi_team_net_invoiced,addons/quimibond_sgi/models/sgi_cron.py:402,,,
2224,método,sgi.cron.cron_forecast_coverage,addons/quimibond_sgi/models/sgi_cron.py:415,,,
2225,método,sgi.cron._sgi_sales_budget_month_close,addons/quimibond_sgi/models/sgi_cron.py:463,,,
2226,método,sgi.cron._sgi_budget_top_gaps,addons/quimibond_sgi/models/sgi_cron.py:521,,,
2227,método,sgi.cron.cron_budget_revaluation,addons/quimibond_sgi/models/sgi_cron.py:546,,,
2228,método,sgi.cron._sgi_sales_budget_revaluation,addons/quimibond_sgi/models/sgi_cron.py:556,,,
2229,método,sgi.cron.cron_indicators_weekly,addons/quimibond_sgi/models/sgi_cron.py:581,,,
2230,método,sgi.cron._sgi_close_resolved_activities,addons/quimibond_sgi/models/sgi_cron.py:595,,,
2231,método,sgi.cron._sgi_generate_measures,addons/quimibond_sgi/models/sgi_cron.py:674,,,
2232,método,sgi.cron._sgi_calc_notice,addons/quimibond_sgi/models/sgi_cron.py:723,,,
2233,método,sgi.cron._sgi_schedule_deadline,addons/quimibond_sgi/models/sgi_cron.py:732,,,
2234,método,sgi.cron.cron_audit_program,addons/quimibond_sgi/models/sgi_cron.py:745,,,
2235,método,sgi.cron.cron_risk_review,addons/quimibond_sgi/models/sgi_cron.py:774,,,
2236,método,sgi.cron.cron_supplier_eval,addons/quimibond_sgi/models/sgi_cron.py:815,,,
2237,método,sgi.cron._sgi_purchase_user_id,addons/quimibond_sgi/models/sgi_cron.py:872,,,
2238,método,sgi.cron._sgi_rh_user_id,addons/quimibond_sgi/models/sgi_cron.py:876,,,
2239,método,sgi.cron.cron_calibrations,addons/quimibond_sgi/models/sgi_cron.py:888,,,
2240,método,sgi.cron.cron_competences,addons/quimibond_sgi/models/sgi_cron.py:952,,,
2241,método,sgi.cron._sgi_quarter_label,addons/quimibond_sgi/models/sgi_cron.py:1004,,,
2242,método,sgi.cron.cron_satisfaction_survey,addons/quimibond_sgi/models/sgi_cron.py:1008,,,
2243,método,sgi.cron.cron_dnc,addons/quimibond_sgi/models/sgi_cron.py:1028,,,
2244,método,sgi.cron.cron_emergency_drills,addons/quimibond_sgi/models/sgi_cron.py:1051,,,
2245,método,sgi.cron.cron_operational_signals,addons/quimibond_sgi/models/sgi_cron.py:1110,,,
2246,método,sgi.cron.cron_legal_requirements,addons/quimibond_sgi/models/sgi_cron.py:1171,,,
2247,método,sgi.cron._sgi_participation_survey,addons/quimibond_sgi/models/sgi_cron.py:1227,,,
2248,método,sgi.cron.cron_worker_participation,addons/quimibond_sgi/models/sgi_cron.py:1236,,,
2249,método,sgi.cron.cron_context_review,addons/quimibond_sgi/models/sgi_cron.py:1257,,,
2250,método,sgi.cron.cron_sign_elearning_sync,addons/quimibond_sgi/models/sgi_cron.py:1285,,,
2251,método,sgi.cron.cron_weekly_digest,addons/quimibond_sgi/models/sgi_cron.py:1309,,,
2252,método,quality.alert._compute_sgi_customer_reply_required,addons/quimibond_sgi/models/sgi_customer_reply.py:76,,,
2253,método,quality.alert._compute_sgi_sale_team_id,addons/quimibond_sgi/models/sgi_customer_reply.py:82,,,
2254,método,quality.alert._compute_sgi_customer_received_date,addons/quimibond_sgi/models/sgi_customer_reply.py:99,,,
2255,método,quality.alert._sgi_int_param,addons/quimibond_sgi/models/sgi_customer_reply.py:109,,,
2256,método,quality.alert._compute_sgi_customer_dues,addons/quimibond_sgi/models/sgi_customer_reply.py:117,,,
2257,método,quality.alert._compute_sgi_customer_on_time,addons/quimibond_sgi/models/sgi_customer_reply.py:132,,,
2258,método,quality.alert._sgi_check_can_close,addons/quimibond_sgi/models/sgi_customer_reply.py:141,,,
2259,método,quality.alert._sgi_customer_reply_escalation,addons/quimibond_sgi/models/sgi_customer_reply.py:155,,,
2260,método,sgi.cron.cron_nonconformities,addons/quimibond_sgi/models/sgi_customer_reply.py:177,,,
2261,método,sgi.process.stage._compute_display_name,addons/quimibond_sgi/models/sgi_deliverable.py:50,,,
2262,método,sgi.process.stage._compute_activity_count,addons/quimibond_sgi/models/sgi_deliverable.py:54,,,
2263,método,sgi.process.stage._sgi_get_or_create,addons/quimibond_sgi/models/sgi_deliverable.py:63,,,
2264,método,sgi.deliverable._compute_consumers,addons/quimibond_sgi/models/sgi_deliverable.py:150,,,
2265,método,sgi.deliverable._compute_processes,addons/quimibond_sgi/models/sgi_deliverable.py:155,,,
2266,método,sgi.deliverable._check_measure,addons/quimibond_sgi/models/sgi_deliverable.py:169,,,
2267,método,sgi.deliverable._sgi_measure_vals,addons/quimibond_sgi/models/sgi_deliverable.py:196,,,
2268,método,sgi.deliverable._sgi_sync_connections,addons/quimibond_sgi/models/sgi_deliverable.py:209,,,
2269,método,sgi.deliverable.write,addons/quimibond_sgi/models/sgi_deliverable.py:270,,,
2270,método,sgi.deliverable.create,addons/quimibond_sgi/models/sgi_deliverable.py:296,,,
2271,método,sgi.deliverable.unlink,addons/quimibond_sgi/models/sgi_deliverable.py:301,,,
2272,método,sgi.deliverable.action_view_links,addons/quimibond_sgi/models/sgi_deliverable.py:309,,,
2273,método,sgi.activity.input._check_not_own_output,addons/quimibond_sgi/models/sgi_deliverable.py:352,,,
2274,método,sgi.activity.input.create,addons/quimibond_sgi/models/sgi_deliverable.py:360,,,
2275,método,sgi.activity.input.write,addons/quimibond_sgi/models/sgi_deliverable.py:366,,,
2276,método,sgi.activity.input.unlink,addons/quimibond_sgi/models/sgi_deliverable.py:375,,,
2277,método,sgi.process._compute_io_deliverables,addons/quimibond_sgi/models/sgi_deliverable.py:400,,,
2278,método,sgi.process._sgi_responsibilities_by_job,addons/quimibond_sgi/models/sgi_deliverable.py:408,,,
2279,método,sgi.calculated.connection.mixin._compute_origin,addons/quimibond_sgi/models/sgi_deliverable.py:451,,,
2280,método,sgi.calculated.connection.mixin._check_inactive_reason,addons/quimibond_sgi/models/sgi_deliverable.py:456,,,
2281,método,sgi.calculated.connection.mixin._sgi_guard_manual_write,addons/quimibond_sgi/models/sgi_deliverable.py:465,,,
2282,método,sgi.calculated.connection.mixin._sgi_retire_manual,addons/quimibond_sgi/models/sgi_deliverable.py:476,,,
2283,método,sgi.process.flow._sgi_manual_twins,addons/quimibond_sgi/models/sgi_deliverable.py:490,,,
2284,método,sgi.process.flow.write,addons/quimibond_sgi/models/sgi_deliverable.py:499,,,
2285,método,sgi.process.flow.unlink,addons/quimibond_sgi/models/sgi_deliverable.py:503,,,
2286,método,sgi.activity.link._sgi_manual_twins,addons/quimibond_sgi/models/sgi_deliverable.py:520,,,
2287,método,sgi.activity.link.write,addons/quimibond_sgi/models/sgi_deliverable.py:529,,,
2288,método,sgi.activity.link.unlink,addons/quimibond_sgi/models/sgi_deliverable.py:537,,,
2289,método,sgi.activity.link._sgi_chain_verdict,addons/quimibond_sgi/models/sgi_deliverable.py:543,,,
2290,método,sgi.process.activity._compute_input_deliverables,addons/quimibond_sgi/models/sgi_deliverable.py:579,,,
2291,método,sgi.process.activity._inverse_input_deliverables,addons/quimibond_sgi/models/sgi_deliverable.py:583,,,
2292,método,sgi.process.activity._check_io,addons/quimibond_sgi/models/sgi_deliverable.py:596,,,
2293,método,sgi.process.activity._check_measure_deliverable,addons/quimibond_sgi/models/sgi_deliverable.py:605,,,
2294,método,sgi.process.activity._sgi_apply_deliverable_measure,addons/quimibond_sgi/models/sgi_deliverable.py:616,,,
2295,método,sgi.process.activity.create,addons/quimibond_sgi/models/sgi_deliverable.py:635,,,
2296,método,sgi.process.activity.write,addons/quimibond_sgi/models/sgi_deliverable.py:641,,,
2297,método,sgi.process.activity.unlink,addons/quimibond_sgi/models/sgi_deliverable.py:651,,,
2298,método,sgi.process.activity._sgi_sentence_parts,addons/quimibond_sgi/models/sgi_deliverable.py:657,,,
2299,método,sgi.process.activity._sgi_sentence,addons/quimibond_sgi/models/sgi_deliverable.py:692,,,
2300,método,sgi.process.activity._sgi_sentence_html,addons/quimibond_sgi/models/sgi_deliverable.py:699,,,
2301,método,project.project._compute_sgi_is_ft,addons/quimibond_sgi/models/sgi_dev_request.py:92,,,
2302,método,project.project._compute_sgi_dev_format_code,addons/quimibond_sgi/models/sgi_dev_request.py:100,,,
2303,método,project.project.sgi_dev_format_info,addons/quimibond_sgi/models/sgi_dev_request.py:104,,,
2304,método,project.project.action_sgi_dev_load_lines,addons/quimibond_sgi/models/sgi_dev_request.py:111,,,
2305,método,project.project.action_sgi_dev_print,addons/quimibond_sgi/models/sgi_dev_request.py:122,,,
2306,método,sgi.diagnostic._compute_counts,addons/quimibond_sgi/models/sgi_diagnostic.py:49,,,
2307,método,sgi.diagnostic._compute_summary,addons/quimibond_sgi/models/sgi_diagnostic.py:56,,,
2308,método,sgi.diagnostic.create,addons/quimibond_sgi/models/sgi_diagnostic.py:73,,,
2309,método,sgi.diagnostic._sgi_fill,addons/quimibond_sgi/models/sgi_diagnostic.py:80,,,
2310,método,sgi.diagnostic.action_run,addons/quimibond_sgi/models/sgi_diagnostic.py:91,,,
2311,método,sgi.diagnostic.action_refresh,addons/quimibond_sgi/models/sgi_diagnostic.py:107,,,
2312,método,sgi.diagnostic._sgi_line,addons/quimibond_sgi/models/sgi_diagnostic.py:115,,,
2313,método,sgi.diagnostic._sgi_build_report,addons/quimibond_sgi/models/sgi_diagnostic.py:121,,,
2314,método,sgi.diagram.data,addons/quimibond_sgi/models/sgi_diagram.py:77,,,
2315,método,sgi.diagram._kinds,addons/quimibond_sgi/models/sgi_diagram.py:91,,,
2316,método,sgi.diagram.catalog,addons/quimibond_sgi/models/sgi_diagram.py:96,,,
2317,método,sgi.diagram._param,addons/quimibond_sgi/models/sgi_diagram.py:100,,,
2318,método,sgi.diagram.processes,addons/quimibond_sgi/models/sgi_diagram.py:104,,,
2319,método,sgi.diagram._process_item,addons/quimibond_sgi/models/sgi_diagram.py:110,,,
2320,método,sgi.diagram._activity_item,addons/quimibond_sgi/models/sgi_diagram.py:120,,,
2321,método,sgi.diagram._line_params,addons/quimibond_sgi/models/sgi_diagram.py:142,,,
2322,método,sgi.diagram._line_options,addons/quimibond_sgi/models/sgi_diagram.py:151,,,
2323,método,sgi.diagram._process_nav,addons/quimibond_sgi/models/sgi_diagram.py:166,,,
2324,método,sgi.diagram._process,addons/quimibond_sgi/models/sgi_diagram.py:173,,,
2325,método,sgi.diagram._data_process_map,addons/quimibond_sgi/models/sgi_diagram.py:180,,,
2326,método,sgi.diagram._data_process_flow,addons/quimibond_sgi/models/sgi_diagram.py:211,,,
2327,método,sgi.diagram._process_flow_swimlanes,addons/quimibond_sgi/models/sgi_diagram.py:274,,,
2328,método,sgi.diagram._data_sipoc,addons/quimibond_sgi/models/sgi_diagram.py:325,,,
2329,método,sgi.diagram._data_doc_tree,addons/quimibond_sgi/models/sgi_diagram.py:375,,,
2330,método,sgi.diagram._data_kpi_tree,addons/quimibond_sgi/models/sgi_diagram.py:419,,,
2331,método,sgi.diagram._data_who_does_what,addons/quimibond_sgi/models/sgi_diagram.py:461,,,
2332,método,sgi.diagram._item,addons/quimibond_sgi/models/sgi_diagram_iso.py:51,,,
2333,método,sgi.diagram._virtual,addons/quimibond_sgi/models/sgi_diagram_iso.py:61,,,
2334,método,sgi.diagram._list_action,addons/quimibond_sgi/models/sgi_diagram_iso.py:70,,,
2335,método,sgi.diagram._cell,addons/quimibond_sgi/models/sgi_diagram_iso.py:75,,,
2336,método,sgi.diagram._data_interaction_matrix,addons/quimibond_sgi/models/sgi_diagram_iso.py:82,,,
2337,método,sgi.diagram._data_context_map,addons/quimibond_sgi/models/sgi_diagram_iso.py:114,,,
2338,método,sgi.diagram._data_roles_map,addons/quimibond_sgi/models/sgi_diagram_iso.py:157,,,
2339,método,sgi.diagram._data_risk_matrix,addons/quimibond_sgi/models/sgi_diagram_iso.py:196,,,
2340,método,sgi.diagram._data_legal_matrix,addons/quimibond_sgi/models/sgi_diagram_iso.py:244,,,
2341,método,sgi.diagram._data_calibration_map,addons/quimibond_sgi/models/sgi_diagram_iso.py:301,,,
2342,método,sgi.diagram._data_competence_matrix,addons/quimibond_sgi/models/sgi_diagram_iso.py:352,,,
2343,método,sgi.diagram._data_doc_pyramid,addons/quimibond_sgi/models/sgi_diagram_iso.py:384,,,
2344,método,sgi.diagram._data_emergency_map,addons/quimibond_sgi/models/sgi_diagram_iso.py:417,,,
2345,método,sgi.diagram._data_audit_program,addons/quimibond_sgi/models/sgi_diagram_iso.py:455,,,
2346,método,sgi.diagram._data_management_review,addons/quimibond_sgi/models/sgi_diagram_iso.py:479,,,
2347,método,sgi.diagram._data_nc_flow,addons/quimibond_sgi/models/sgi_diagram_iso.py:537,,,
2348,método,sgi.diagram._data_pdca,addons/quimibond_sgi/models/sgi_diagram_iso.py:594,,,
2349,método,sgi.diagram._data_kpi_tree,addons/quimibond_sgi/models/sgi_diagram_iso.py:663,,,
2350,método,ir.ui.view._get_view_info,addons/quimibond_sgi/models/sgi_diagram_view.py:26,,,
2351,método,ir.ui.view._validate_tag_sgi_diagram,addons/quimibond_sgi/models/sgi_diagram_view.py:29,,,
2352,método,sgi.indicator._compute_last_six,addons/quimibond_sgi/models/sgi_direction_board.py:33,,,
2353,método,sgi.indicator._calc_acuerdos_rxd,addons/quimibond_sgi/models/sgi_direction_board.py:42,,,
2354,método,sgi.direction.board._sgi_board_indicators,addons/quimibond_sgi/models/sgi_direction_board.py:71,,,
2355,método,sgi.direction.board._compute_board,addons/quimibond_sgi/models/sgi_direction_board.py:95,,,
2356,método,sgi.direction.board.action_open,addons/quimibond_sgi/models/sgi_direction_board.py:117,,,
2357,método,sgi.direction.board.action_open_spreadsheet,addons/quimibond_sgi/models/sgi_direction_board.py:126,,,
2358,método,approval.request._onchange_sgi_suggest_revision,addons/quimibond_sgi/models/sgi_doc_change.py:56,,,
2359,método,approval.request._check_document_required,addons/quimibond_sgi/models/sgi_doc_change.py:66,,,
2360,método,approval.request._check_pilot,addons/quimibond_sgi/models/sgi_doc_change.py:75,,,
2361,método,approval.request._sgi_change_attachment,addons/quimibond_sgi/models/sgi_doc_change.py:97,,,
2362,método,approval.request._sgi_publish_revision,addons/quimibond_sgi/models/sgi_doc_change.py:104,,,
2363,método,approval.request._sgi_reset_acks,addons/quimibond_sgi/models/sgi_doc_change.py:138,,,
2364,método,approval.request._sgi_notify_process,addons/quimibond_sgi/models/sgi_doc_change.py:147,,,
2365,método,approval.request._sgi_apply_doc_change,addons/quimibond_sgi/models/sgi_doc_change.py:165,,,
2366,método,approval.request._sgi_check_moc_ready,addons/quimibond_sgi/models/sgi_doc_change.py:220,,,
2367,método,approval.request.action_approve,addons/quimibond_sgi/models/sgi_doc_change.py:238,,,
2368,método,approval.request.action_sgi_create_document,addons/quimibond_sgi/models/sgi_doc_change.py:246,,,
2369,método,approval.request._compute_sgi_sign_progress,addons/quimibond_sgi/models/sgi_doc_change_sign.py:68,,,
2370,método,approval.request._sgi_sign_process,addons/quimibond_sgi/models/sgi_doc_change_sign.py:77,,,
2371,método,approval.request._sgi_sign_mast_users,addons/quimibond_sgi/models/sgi_doc_change_sign.py:81,,,
2372,método,approval.request._sgi_sign_signers,addons/quimibond_sgi/models/sgi_doc_change_sign.py:90,,,
2373,método,approval.request._sgi_sign_rows,addons/quimibond_sgi/models/sgi_doc_change_sign.py:120,,,
2374,método,approval.request._sgi_check_doc_change_ready,addons/quimibond_sgi/models/sgi_doc_change_sign.py:128,,,
2375,método,approval.request._sgi_prepare_approvers,addons/quimibond_sgi/models/sgi_doc_change_sign.py:139,,,
2376,método,approval.request._sgi_render_doc_change_pdf,addons/quimibond_sgi/models/sgi_doc_change_sign.py:155,,,
2377,método,approval.request._sgi_sign_pdf,addons/quimibond_sgi/models/sgi_doc_change_sign.py:160,,,
2378,método,approval.request._sgi_send_to_sign,addons/quimibond_sgi/models/sgi_doc_change_sign.py:185,,,
2379,método,approval.request.action_confirm,addons/quimibond_sgi/models/sgi_doc_change_sign.py:215,,,
2380,método,approval.request.action_sgi_send_to_sign,addons/quimibond_sgi/models/sgi_doc_change_sign.py:224,,,
2381,método,approval.request.action_sgi_open_sign_request,addons/quimibond_sgi/models/sgi_doc_change_sign.py:233,,,
2382,método,approval.request.action_approve,addons/quimibond_sgi/models/sgi_doc_change_sign.py:238,,,
2383,método,approval.request._sgi_change_attachment,addons/quimibond_sgi/models/sgi_doc_change_sign.py:248,,,
2384,método,approval.request._sgi_sync_sign,addons/quimibond_sgi/models/sgi_doc_change_sign.py:257,,,
2385,método,approval.request._sgi_archive_signed_pdf,addons/quimibond_sgi/models/sgi_doc_change_sign.py:280,,,
2386,método,approval.request._sgi_sync_all_sign,addons/quimibond_sgi/models/sgi_doc_change_sign.py:296,,,
2387,método,sign.request.item.write,addons/quimibond_sgi/models/sgi_doc_change_sign.py:322,,,
2388,método,sign.request.write,addons/quimibond_sgi/models/sgi_doc_change_sign.py:332,,,
2389,método,documents.document.action_sgi_open_migration_point,addons/quimibond_sgi/models/sgi_document.py:175,,,
2390,método,documents.document.action_sgi_resolve_odoo_menu,addons/quimibond_sgi/models/sgi_document.py:191,,,
2391,método,documents.document.action_sgi_open_odoo_form,addons/quimibond_sgi/models/sgi_document.py:220,,,
2392,método,documents.document._compute_sgi_family,addons/quimibond_sgi/models/sgi_document.py:261,,,
2393,método,documents.document._onchange_sgi_code_parent,addons/quimibond_sgi/models/sgi_document.py:271,,,
2394,método,documents.document._compute_sgi_ack_stats,addons/quimibond_sgi/models/sgi_document.py:287,,,
2395,método,documents.document._onchange_sgi_issue_date,addons/quimibond_sgi/models/sgi_document.py:296,,,
2396,método,documents.document.init,addons/quimibond_sgi/models/sgi_document.py:301,,,
2397,método,documents.document._compute_sgi_doc_type,addons/quimibond_sgi/models/sgi_document.py:335,,,
2398,método,documents.document._inverse_sgi_doc_type,addons/quimibond_sgi/models/sgi_document.py:341,,,
2399,método,documents.document._compute_sgi_revision_label,addons/quimibond_sgi/models/sgi_document.py:357,,,
2400,método,documents.document._sgi_share_controlled,addons/quimibond_sgi/models/sgi_document.py:361,,,
2401,método,documents.document._check_sgi_code,addons/quimibond_sgi/models/sgi_document.py:379,,,
2402,método,documents.document._sgi_same_code_docs,addons/quimibond_sgi/models/sgi_document.py:422,,,
2403,método,documents.document._check_sgi_revision_unique,addons/quimibond_sgi/models/sgi_document.py:433,,,
2404,método,documents.document._check_sgi_code_family,addons/quimibond_sgi/models/sgi_document.py:447,,,
2405,método,documents.document._sgi_check_revision_increases,addons/quimibond_sgi/models/sgi_document.py:465,,,
2406,método,documents.document._sgi_check_procedure_measures,addons/quimibond_sgi/models/sgi_document.py:488,,,
2407,método,documents.document._sgi_find_by_code,addons/quimibond_sgi/models/sgi_document.py:512,,,
2408,método,documents.document._check_unique_vigente,addons/quimibond_sgi/models/sgi_document.py:530,,,
2409,método,documents.document._obsolete_code,addons/quimibond_sgi/models/sgi_document.py:546,,,
2410,método,documents.document._sgi_reparent_family,addons/quimibond_sgi/models/sgi_document.py:566,,,
2411,método,documents.document.create,addons/quimibond_sgi/models/sgi_document.py:587,,,
2412,método,documents.document.write,addons/quimibond_sgi/models/sgi_document.py:620,,,
2413,método,documents.document.action_generate_acks,addons/quimibond_sgi/models/sgi_document.py:684,,,
2414,método,documents.document.action_open_acks,addons/quimibond_sgi/models/sgi_document.py:701,,,
2415,método,documents.document.action_sgi_view_file,addons/quimibond_sgi/models/sgi_document.py:712,,,
2416,método,documents.document.action_sgi_open_in_documents,addons/quimibond_sgi/models/sgi_document.py:740,,,
2417,método,sgi.document.ack._sgi_check_can_sign,addons/quimibond_sgi/models/sgi_document.py:782,,,
2418,método,sgi.document.ack.create,addons/quimibond_sgi/models/sgi_document.py:792,,,
2419,método,sgi.document.ack.write,addons/quimibond_sgi/models/sgi_document.py:799,,,
2420,método,sgi.document.ack.action_mark_read,addons/quimibond_sgi/models/sgi_document.py:809,,,
2421,método,sgi.document.ack.action_view_file,addons/quimibond_sgi/models/sgi_document.py:815,,,
2422,método,sgi.emergency.plan._compute_drill_count,addons/quimibond_sgi/models/sgi_emergency.py:61,,,
2423,método,sgi.emergency.plan._compute_drill_dates,addons/quimibond_sgi/models/sgi_emergency.py:66,,,
2424,método,sgi.emergency.plan._compute_display_name,addons/quimibond_sgi/models/sgi_emergency.py:77,,,
2425,método,sgi.emergency.plan.action_set_vigente,addons/quimibond_sgi/models/sgi_emergency.py:82,,,
2426,método,sgi.emergency.plan.action_set_borrador,addons/quimibond_sgi/models/sgi_emergency.py:91,,,
2427,método,sgi.emergency.plan.action_set_obsoleto,addons/quimibond_sgi/models/sgi_emergency.py:95,,,
2428,método,sgi.emergency.plan.action_view_drills,addons/quimibond_sgi/models/sgi_emergency.py:99,,,
2429,método,sgi.emergency.drill._compute_display_name,addons/quimibond_sgi/models/sgi_emergency.py:146,,,
2430,método,sgi.emergency.drill._sgi_check_can_realize,addons/quimibond_sgi/models/sgi_emergency.py:151,,,
2431,método,sgi.emergency.drill.write,addons/quimibond_sgi/models/sgi_emergency.py:174,,,
2432,método,sgi.emergency.drill.action_set_realizado,addons/quimibond_sgi/models/sgi_emergency.py:184,,,
2433,método,sgi.emergency.drill.action_set_cancelado,addons/quimibond_sgi/models/sgi_emergency.py:192,,,
2434,método,sgi.emergency.drill.action_set_programado,addons/quimibond_sgi/models/sgi_emergency.py:196,,,
2435,método,sgi.epp.delivery._compute_job_id,addons/quimibond_sgi/models/sgi_epp.py:46,,,
2436,método,sgi.epp.delivery._compute_can_sign,addons/quimibond_sgi/models/sgi_epp.py:53,,,
2437,método,sgi.epp.delivery._onchange_employee_id,addons/quimibond_sgi/models/sgi_epp.py:59,,,
2438,método,sgi.epp.delivery._sgi_check_can_sign,addons/quimibond_sgi/models/sgi_epp.py:63,,,
2439,método,sgi.epp.delivery.create,addons/quimibond_sgi/models/sgi_epp.py:73,,,
2440,método,sgi.epp.delivery.write,addons/quimibond_sgi/models/sgi_epp.py:85,,,
2441,método,sgi.epp.delivery.action_sign,addons/quimibond_sgi/models/sgi_epp.py:94,,,
2442,método,hr.employee._compute_sgi_epp_counts,addons/quimibond_sgi/models/sgi_epp.py:112,,,
2443,método,hr.employee.action_sgi_epp_deliveries,addons/quimibond_sgi/models/sgi_epp.py:119,,,
2444,método,hr.employee.action_sgi_deliver_epp,addons/quimibond_sgi/models/sgi_epp.py:128,,,
2445,método,sgi.epp.delivery._compute_items,addons/quimibond_sgi/models/sgi_epp_sign.py:44,,,
2446,método,sgi.epp.delivery.write,addons/quimibond_sgi/models/sgi_epp_sign.py:53,,,
2447,método,sgi.epp.delivery._sgi_epp_sign_template,addons/quimibond_sgi/models/sgi_epp_sign.py:60,,,
2448,método,sgi.epp.delivery._sgi_epp_auto_template,addons/quimibond_sgi/models/sgi_epp_sign.py:65,,,
2449,método,sgi.epp.delivery.action_send_sign_request,addons/quimibond_sgi/models/sgi_epp_sign.py:76,,,
2450,método,sgi.epp.delivery.action_open_sign_request,addons/quimibond_sgi/models/sgi_epp_sign.py:104,,,
2451,método,sgi.epp.delivery._sgi_sync_from_sign,addons/quimibond_sgi/models/sgi_epp_sign.py:112,,,
2452,método,sgi.epp.delivery.sgi_format_info,addons/quimibond_sgi/models/sgi_epp_sign.py:123,,,
2453,método,sgi.activity.exec.stat._compute_display_name,addons/quimibond_sgi/models/sgi_exec_stat.py:55,,,
2454,método,documents.document._compute_sgi_ext_deadline,addons/quimibond_sgi/models/sgi_external_doc.py:37,,,
2455,método,documents.document._compute_sgi_ext_state,addons/quimibond_sgi/models/sgi_external_doc.py:46,,,
2456,método,documents.document._sgi_ext_owner_user_id,addons/quimibond_sgi/models/sgi_external_doc.py:57,,,
2457,método,sgi.cron.cron_documents,addons/quimibond_sgi/models/sgi_external_doc.py:67,,,
2458,método,sgi.cron._sgi_external_doc_notices,addons/quimibond_sgi/models/sgi_external_doc.py:73,,,
2459,método,sgi.fmea._compute_max_npr,addons/quimibond_sgi/models/sgi_fmea.py:50,,,
2460,método,sgi.fmea._compute_sgi_nc_count,addons/quimibond_sgi/models/sgi_fmea.py:55,,,
2461,método,sgi.fmea.action_view_sgi_ncs,addons/quimibond_sgi/models/sgi_fmea.py:59,,,
2462,método,sgi.fmea._sgi_check_can_publish,addons/quimibond_sgi/models/sgi_fmea.py:69,,,
2463,método,sgi.fmea.write,addons/quimibond_sgi/models/sgi_fmea.py:111,,,
2464,método,sgi.fmea.action_set_vigente,addons/quimibond_sgi/models/sgi_fmea.py:116,,,
2465,método,sgi.fmea.action_set_borrador,addons/quimibond_sgi/models/sgi_fmea.py:120,,,
2466,método,sgi.fmea.action_set_obsoleto,addons/quimibond_sgi/models/sgi_fmea.py:124,,,
2467,método,sgi.fmea._compute_display_name,addons/quimibond_sgi/models/sgi_fmea.py:141,,,
2468,método,sgi.fmea.line._sgi_npr_threshold,addons/quimibond_sgi/models/sgi_fmea.py:176,,,
2469,método,sgi.fmea.line._compute_npr,addons/quimibond_sgi/models/sgi_fmea.py:181,,,
2470,método,sgi.fmea.line._compute_npr_post,addons/quimibond_sgi/models/sgi_fmea.py:191,,,
2471,método,sgi.fmea.line.unlink,addons/quimibond_sgi/models/sgi_fmea.py:203,,,
2472,método,sgi.format.map._check_codes,addons/quimibond_sgi/models/sgi_format_map.py:43,,,
2473,método,sgi.format.map._get_for_model,addons/quimibond_sgi/models/sgi_format_map.py:54,,,
2474,método,sgi.format.map._revision_of,addons/quimibond_sgi/models/sgi_format_map.py:58,,,
2475,método,sgi.config.seed_parameters,addons/quimibond_sgi/models/sgi_format_map.py:171,,,
2476,método,sgi.config.activate_auto_indicators,addons/quimibond_sgi/models/sgi_format_map.py:197,,,
2477,método,sgi.config.fix_kpi_seeds,addons/quimibond_sgi/models/sgi_format_map.py:207,,,
2478,método,sgi.config.recompute_pending_measures,addons/quimibond_sgi/models/sgi_format_map.py:236,,,
2479,método,sgi.config.migrate_document_families,addons/quimibond_sgi/models/sgi_format_map.py:283,,,
2480,método,sgi.config._sgi_resolve_menu,addons/quimibond_sgi/models/sgi_format_map.py:487,,,
2481,método,sgi.config._sgi_vigente_docs_by_codes,addons/quimibond_sgi/models/sgi_format_map.py:502,,,
2482,método,sgi.config.seed_procedure_ventas,addons/quimibond_sgi/models/sgi_format_map.py:514,,,
2483,método,sgi.config.seed_process_purposes,addons/quimibond_sgi/models/sgi_format_map.py:625,,,
2484,método,sgi.config.harden_noupdate,addons/quimibond_sgi/models/sgi_format_map.py:633,,,
2485,método,sgi.format.mixin._sgi_format_applies,addons/quimibond_sgi/models/sgi_format_map.py:657,,,
2486,método,sgi.format.mixin._sgi_format_code,addons/quimibond_sgi/models/sgi_format_map.py:662,,,
2487,método,sgi.format.mixin.sgi_format_info,addons/quimibond_sgi/models/sgi_format_map.py:667,,,
2488,método,sgi.format.mixin._compute_sgi_format_banner,addons/quimibond_sgi/models/sgi_format_map.py:677,,,
2489,método,sale.order._sgi_format_code,addons/quimibond_sgi/models/sgi_format_map.py:688,,,
2490,método,stock.picking._sgi_format_applies,addons/quimibond_sgi/models/sgi_format_map.py:704,,,
2491,método,res.groups._sgi_enforce_mast_members,addons/quimibond_sgi/models/sgi_groups_cleanup.py:30,,,
2492,método,res.groups._sgi_legacy_groups,addons/quimibond_sgi/models/sgi_groups_cleanup.py:47,,,
2493,método,res.groups._sgi_retire_legacy_groups,addons/quimibond_sgi/models/sgi_groups_cleanup.py:56,,,
2494,método,sgi.process.activity._compute_flow_parent_id,addons/quimibond_sgi/models/sgi_hierarchy.py:32,,,
2495,método,sgi.process.activity._compute_flow_child_count,addons/quimibond_sgi/models/sgi_hierarchy.py:42,,,
2496,método,sgi.process.activity._compute_flow_executor,addons/quimibond_sgi/models/sgi_hierarchy.py:47,,,
2497,método,sgi.process._compute_child_count,addons/quimibond_sgi/models/sgi_hierarchy.py:58,,,
2498,método,sgi.process._sgi_diagram_action,addons/quimibond_sgi/models/sgi_hierarchy.py:62,,,
2499,método,sgi.process.action_sgi_view_diagram,addons/quimibond_sgi/models/sgi_hierarchy.py:73,,,
2500,método,sgi.process.action_sgi_view_process_map,addons/quimibond_sgi/models/sgi_hierarchy.py:78,,,
2501,método,sgi.process.action_sgi_view_sipoc,addons/quimibond_sgi/models/sgi_hierarchy.py:90,,,
2502,método,sgi.process.action_sgi_view_doc_tree,addons/quimibond_sgi/models/sgi_hierarchy.py:93,,,
2503,método,sgi.process.sgi_map_data,addons/quimibond_sgi/models/sgi_hierarchy.py:97,,,
2504,método,sgi.health.record._compute_next_date,addons/quimibond_sgi/models/sgi_hse_records.py:57,,,
2505,método,sgi.health.record._compute_state,addons/quimibond_sgi/models/sgi_hse_records.py:63,,,
2506,método,sgi.health.record._sgi_expiry_notices,addons/quimibond_sgi/models/sgi_hse_records.py:74,,,
2507,método,sgi.cron.cron_competences,addons/quimibond_sgi/models/sgi_hse_records.py:109,,,
2508,método,sgi.csh.inspection._compute_counts,addons/quimibond_sgi/models/sgi_hse_records.py:140,,,
2509,método,sgi.csh.inspection.create,addons/quimibond_sgi/models/sgi_hse_records.py:146,,,
2510,método,sgi.csh.inspection.action_close,addons/quimibond_sgi/models/sgi_hse_records.py:153,,,
2511,método,sgi.csh.inspection.action_reopen,addons/quimibond_sgi/models/sgi_hse_records.py:165,,,
2512,método,sgi.csh.inspection.action_view_ncs,addons/quimibond_sgi/models/sgi_hse_records.py:168,,,
2513,método,sgi.csh.finding.action_generate_nc,addons/quimibond_sgi/models/sgi_hse_records.py:196,,,
2514,método,project.task._sgi_check_can_close_improvement,addons/quimibond_sgi/models/sgi_improvement.py:31,,,
2515,método,project.task.write,addons/quimibond_sgi/models/sgi_improvement.py:48,,,
2516,método,sgi.incident.create,addons/quimibond_sgi/models/sgi_incident.py:70,,,
2517,método,sgi.incident.write,addons/quimibond_sgi/models/sgi_incident.py:77,,,
2518,método,sgi.incident._sgi_create_alert,addons/quimibond_sgi/models/sgi_incident.py:98,,,
2519,método,sgi.incident._sgi_notify_if_serious,addons/quimibond_sgi/models/sgi_incident.py:134,,,
2520,método,sgi.incident._sgi_check_can_close,addons/quimibond_sgi/models/sgi_incident.py:161,,,
2521,método,sgi.incident.action_set_investigacion,addons/quimibond_sgi/models/sgi_incident.py:186,,,
2522,método,sgi.incident.action_set_acciones,addons/quimibond_sgi/models/sgi_incident.py:190,,,
2523,método,sgi.incident.action_set_cerrado,addons/quimibond_sgi/models/sgi_incident.py:194,,,
2524,método,sgi.incident.action_set_reportado,addons/quimibond_sgi/models/sgi_incident.py:199,,,
2525,método,sgi.incident._compute_display_name,addons/quimibond_sgi/models/sgi_incident.py:204,,,
2526,método,sgi.indicator._compute_source,addons/quimibond_sgi/models/sgi_indicator.py:171,,,
2527,método,sgi.indicator._compute_last_measure,addons/quimibond_sgi/models/sgi_indicator.py:204,,,
2528,método,sgi.indicator._compute_display_name,addons/quimibond_sgi/models/sgi_indicator.py:216,,,
2529,método,sgi.indicator.action_sgi_measures,addons/quimibond_sgi/models/sgi_indicator.py:221,,,
2530,método,sgi.indicator.action_view_trend,addons/quimibond_sgi/models/sgi_indicator.py:234,,,
2531,método,sgi.indicator._sgi_compute_value,addons/quimibond_sgi/models/sgi_indicator.py:250,,,
2532,método,sgi.indicator._sgi_period_bounds,addons/quimibond_sgi/models/sgi_indicator.py:260,,,
2533,método,sgi.indicator._sgi_dt_bounds,addons/quimibond_sgi/models/sgi_indicator.py:267,,,
2534,método,sgi.indicator._sgi_kpi_company,addons/quimibond_sgi/models/sgi_indicator.py:271,,,
2535,método,sgi.indicator._calc_otif_ventas,addons/quimibond_sgi/models/sgi_indicator.py:285,,,
2536,método,sgi.indicator._calc_otd_compras,addons/quimibond_sgi/models/sgi_indicator.py:301,,,
2537,método,sgi.indicator._sgi_production_done,addons/quimibond_sgi/models/sgi_indicator.py:318,,,
2538,método,sgi.indicator._calc_produccion_vs_programado,addons/quimibond_sgi/models/sgi_indicator.py:325,,,
2539,método,sgi.indicator._sgi_waste_category_ids,addons/quimibond_sgi/models/sgi_indicator.py:333,,,
2540,método,sgi.indicator._calc_desperdicio,addons/quimibond_sgi/models/sgi_indicator.py:342,,,
2541,método,sgi.indicator._calc_desperdicio_scrap,addons/quimibond_sgi/models/sgi_indicator.py:357,,,
2542,método,sgi.indicator._calc_calidad_pq,addons/quimibond_sgi/models/sgi_indicator.py:370,,,
2543,método,sgi.indicator._calc_cumplimiento_programa,addons/quimibond_sgi/models/sgi_indicator.py:386,,,
2544,método,sgi.indicator._calc_cierre_nc,addons/quimibond_sgi/models/sgi_indicator.py:400,,,
2545,método,sgi.indicator._calc_reclamos_cliente,addons/quimibond_sgi/models/sgi_indicator.py:415,,,
2546,método,sgi.indicator._calc_disponibilidad_mantto,addons/quimibond_sgi/models/sgi_indicator.py:426,,,
2547,método,sgi.indicator._calc_preventivo_cumplido,addons/quimibond_sgi/models/sgi_indicator.py:430,,,
2548,método,sgi.indicator._calc_rotacion_rh,addons/quimibond_sgi/models/sgi_indicator.py:441,,,
2549,método,sgi.indicator._calc_plantilla_rh,addons/quimibond_sgi/models/sgi_indicator.py:451,,,
2550,método,sgi.indicator._sgi_year_budget_amount,addons/quimibond_sgi/models/sgi_indicator.py:455,,,
2551,método,sgi.indicator._calc_presupuesto_ventas,addons/quimibond_sgi/models/sgi_indicator.py:467,,,
2552,método,sgi.indicator._note_presupuesto_ventas,addons/quimibond_sgi/models/sgi_indicator.py:481,,,
2553,método,sgi.indicator._sgi_net_invoiced,addons/quimibond_sgi/models/sgi_indicator.py:487,,,
2554,método,sgi.indicator._sgi_receivable_balance,addons/quimibond_sgi/models/sgi_indicator.py:501,,,
2555,método,sgi.indicator._calc_crecimiento_ventas,addons/quimibond_sgi/models/sgi_indicator.py:516,,,
2556,método,sgi.indicator._calc_ots_atendidas,addons/quimibond_sgi/models/sgi_indicator.py:526,,,
2557,método,sgi.indicator._sgi_purchase_approval_categories,addons/quimibond_sgi/models/sgi_indicator.py:542,,,
2558,método,sgi.indicator._calc_requisiciones,addons/quimibond_sgi/models/sgi_indicator.py:557,,,
2559,método,sgi.indicator._sgi_outgoing_done,addons/quimibond_sgi/models/sgi_indicator.py:575,,,
2560,método,sgi.indicator._sgi_shipments_with_return,addons/quimibond_sgi/models/sgi_indicator.py:583,,,
2561,método,sgi.indicator._calc_embarques_sin_error,addons/quimibond_sgi/models/sgi_indicator.py:588,,,
2562,método,sgi.indicator._calc_produccion_vs_capacidad,addons/quimibond_sgi/models/sgi_indicator.py:598,,,
2563,método,sgi.indicator._sgi_energy_partner,addons/quimibond_sgi/models/sgi_indicator.py:619,,,
2564,método,sgi.indicator._note_consumo_energia,addons/quimibond_sgi/models/sgi_indicator.py:627,,,
2565,método,sgi.indicator._note_produccion_vs_capacidad,addons/quimibond_sgi/models/sgi_indicator.py:633,,,
2566,método,sgi.indicator._calc_compras_sin_devolucion,addons/quimibond_sgi/models/sgi_indicator.py:640,,,
2567,método,sgi.indicator._calc_capacitacion,addons/quimibond_sgi/models/sgi_indicator.py:656,,,
2568,método,sgi.indicator._sgi_satisfaction_survey,addons/quimibond_sgi/models/sgi_indicator.py:679,,,
2569,método,sgi.indicator._calc_satisfaccion_cliente,addons/quimibond_sgi/models/sgi_indicator.py:695,,,
2570,método,sgi.indicator._note_satisfaccion_cliente,addons/quimibond_sgi/models/sgi_indicator.py:720,,,
2571,método,sgi.indicator._sgi_compute_note,addons/quimibond_sgi/models/sgi_indicator.py:726,,,
2572,método,sgi.indicator._calc_inventario_ciclico,addons/quimibond_sgi/models/sgi_indicator.py:735,,,
2573,método,sgi.indicator._sgi_net_purchased,addons/quimibond_sgi/models/sgi_indicator.py:758,,,
2574,método,sgi.indicator._calc_margen_ventas,addons/quimibond_sgi/models/sgi_indicator.py:770,,,
2575,método,sgi.indicator._calc_compras_vs_ventas,addons/quimibond_sgi/models/sgi_indicator.py:796,,,
2576,método,sgi.indicator._calc_clientes_nuevos,addons/quimibond_sgi/models/sgi_indicator.py:804,,,
2577,método,sgi.indicator._sgi_customer_moves_domain,addons/quimibond_sgi/models/sgi_indicator.py:826,,,
2578,método,sgi.indicator._calc_concentracion_top3,addons/quimibond_sgi/models/sgi_indicator.py:832,,,
2579,método,sgi.indicator._calc_facturacion_usd,addons/quimibond_sgi/models/sgi_indicator.py:846,,,
2580,método,sgi.indicator._calc_notas_credito,addons/quimibond_sgi/models/sgi_indicator.py:860,,,
2581,método,sgi.indicator._calc_dso_cartera,addons/quimibond_sgi/models/sgi_indicator.py:874,,,
2582,método,sgi.indicator._sgi_open_moves,addons/quimibond_sgi/models/sgi_indicator.py:887,,,
2583,método,sgi.indicator._sgi_overdue_pct,addons/quimibond_sgi/models/sgi_indicator.py:898,,,
2584,método,sgi.indicator._calc_cartera_vencida,addons/quimibond_sgi/models/sgi_indicator.py:911,,,
2585,método,sgi.indicator._calc_cartera_vencida_60,addons/quimibond_sgi/models/sgi_indicator.py:914,,,
2586,método,sgi.indicator._sgi_invoiced_partner_ids,addons/quimibond_sgi/models/sgi_indicator.py:917,,,
2587,método,sgi.indicator._calc_retencion_clientes,addons/quimibond_sgi/models/sgi_indicator.py:925,,,
2588,método,sgi.indicator._calc_clientes_reactivados,addons/quimibond_sgi/models/sgi_indicator.py:937,,,
2589,método,sgi.indicator._sgi_customer_amounts_12m,addons/quimibond_sgi/models/sgi_indicator.py:962,,,
2590,método,sgi.indicator._calc_ventas_fuera_top10,addons/quimibond_sgi/models/sgi_indicator.py:971,,,
2591,método,sgi.indicator._calc_concentracion_productos,addons/quimibond_sgi/models/sgi_indicator.py:980,,,
2592,método,sgi.indicator._calc_pedidos_cancelados,addons/quimibond_sgi/models/sgi_indicator.py:1002,,,
2593,método,sgi.indicator._calc_entregas_completas,addons/quimibond_sgi/models/sgi_indicator.py:1014,,,
2594,método,sgi.indicator._calc_dpo_pagos,addons/quimibond_sgi/models/sgi_indicator.py:1024,,,
2595,método,sgi.indicator.measure._compute_semaphore,addons/quimibond_sgi/models/sgi_indicator.py:1080,,,
2596,método,sgi.indicator.measure._compute_display_name,addons/quimibond_sgi/models/sgi_indicator.py:1107,,,
2597,método,sgi.indicator.measure.action_view_evidence,addons/quimibond_sgi/models/sgi_indicator.py:1147,,,
2598,método,sgi.indicator.measure.write,addons/quimibond_sgi/models/sgi_indicator.py:1362,,,
2599,método,sgi.indicator.measure.action_capture,addons/quimibond_sgi/models/sgi_indicator.py:1376,,,
2600,método,sgi.indicator.measure.action_validate,addons/quimibond_sgi/models/sgi_indicator.py:1379,,,
2601,método,sgi.indicator.measure.action_reset,addons/quimibond_sgi/models/sgi_indicator.py:1384,,,
2602,método,sgi.indicator.measure._sgi_check_validate_access,addons/quimibond_sgi/models/sgi_indicator.py:1388,,,
2603,método,sgi.indicator.measure._sgi_maybe_create_nc,addons/quimibond_sgi/models/sgi_indicator.py:1399,,,
2604,método,sgi.indicator._sgi_set_calc,addons/quimibond_sgi/models/sgi_indicator_detail.py:68,,,
2605,método,sgi.indicator._sgi_calc_diagnose,addons/quimibond_sgi/models/sgi_indicator_detail.py:72,,,
2606,método,sgi.indicator.action_set_official,addons/quimibond_sgi/models/sgi_indicator_detail.py:85,,,
2607,método,sgi.indicator.action_set_trial,addons/quimibond_sgi/models/sgi_indicator_detail.py:88,,,
2608,método,sgi.indicator._sgi_compute_detail,addons/quimibond_sgi/models/sgi_indicator_detail.py:94,,,
2609,método,sgi.indicator._sgi_evidence_records,addons/quimibond_sgi/models/sgi_indicator_detail.py:112,,,
2610,método,sgi.indicator._sgi_measure_vals,addons/quimibond_sgi/models/sgi_indicator_detail.py:132,,,
2611,método,sgi.indicator._sgi_measurable_on,addons/quimibond_sgi/models/sgi_indicator_detail.py:157,,,
2612,método,sgi.indicator._sgi_aggregate,addons/quimibond_sgi/models/sgi_indicator_detail.py:163,,,
2613,método,sgi.indicator._ratio,addons/quimibond_sgi/models/sgi_indicator_detail.py:178,,,
2614,método,sgi.indicator._detail_otif_ventas,addons/quimibond_sgi/models/sgi_indicator_detail.py:188,,,
2615,método,sgi.indicator._detail_otd_compras,addons/quimibond_sgi/models/sgi_indicator_detail.py:195,,,
2616,método,sgi.indicator._detail_entregas_completas,addons/quimibond_sgi/models/sgi_indicator_detail.py:208,,,
2617,método,sgi.indicator._detail_embarques_sin_error,addons/quimibond_sgi/models/sgi_indicator_detail.py:213,,,
2618,método,sgi.indicator._detail_pedidos_cancelados,addons/quimibond_sgi/models/sgi_indicator_detail.py:218,,,
2619,método,sgi.indicator._detail_cierre_nc,addons/quimibond_sgi/models/sgi_indicator_detail.py:227,,,
2620,método,sgi.indicator._detail_calidad_pq,addons/quimibond_sgi/models/sgi_indicator_detail.py:238,,,
2621,método,sgi.indicator._detail_preventivo_cumplido,addons/quimibond_sgi/models/sgi_indicator_detail.py:247,,,
2622,método,sgi.indicator._detail_dso_cartera,addons/quimibond_sgi/models/sgi_indicator_detail.py:254,,,
2623,método,sgi.indicator._sgi_detail_overdue,addons/quimibond_sgi/models/sgi_indicator_detail.py:262,,,
2624,método,sgi.indicator._detail_cartera_vencida,addons/quimibond_sgi/models/sgi_indicator_detail.py:274,,,
2625,método,sgi.indicator._detail_cartera_vencida_60,addons/quimibond_sgi/models/sgi_indicator_detail.py:277,,,
2626,método,sgi.indicator.measure._compute_small_sample,addons/quimibond_sgi/models/sgi_indicator_detail.py:301,,,
2627,método,sgi.indicator.measure._compute_detail_count,addons/quimibond_sgi/models/sgi_indicator_detail.py:309,,,
2628,método,sgi.indicator.measure._compute_value_is_pct,addons/quimibond_sgi/models/sgi_indicator_detail.py:314,,,
2629,método,sgi.indicator.measure._compute_semaphore,addons/quimibond_sgi/models/sgi_indicator_detail.py:320,,,
2630,método,sgi.indicator.measure.action_view_records,addons/quimibond_sgi/models/sgi_indicator_detail.py:325,,,
2631,método,sgi.indicator.measure.action_recompute_value,addons/quimibond_sgi/models/sgi_indicator_detail.py:344,,,
2632,método,sgi.indicator.measure.action_validate,addons/quimibond_sgi/models/sgi_indicator_detail.py:368,,,
2633,método,sgi.indicator.measure._sgi_previous_measure,addons/quimibond_sgi/models/sgi_indicator_detail.py:374,,,
2634,método,sgi.indicator.measure._sgi_red_with_data,addons/quimibond_sgi/models/sgi_indicator_detail.py:384,,,
2635,método,sgi.indicator.measure._sgi_maybe_create_nc,addons/quimibond_sgi/models/sgi_indicator_detail.py:389,,,
2636,método,sgi.indicator.term._sgi_lock_date,addons/quimibond_sgi/models/sgi_indicator_formula.py:111,,,
2637,método,sgi.indicator.term._sgi_resolve_placeholders,addons/quimibond_sgi/models/sgi_indicator_formula.py:118,,,
2638,método,sgi.indicator.term._sgi_domain,addons/quimibond_sgi/models/sgi_indicator_formula.py:142,,,
2639,método,sgi.indicator.term._check_term,addons/quimibond_sgi/models/sgi_indicator_formula.py:153,,,
2640,método,sgi.indicator.term._sgi_window,addons/quimibond_sgi/models/sgi_indicator_formula.py:192,,,
2641,método,sgi.indicator.term._sgi_records,addons/quimibond_sgi/models/sgi_indicator_formula.py:203,,,
2642,método,sgi.indicator.term._sgi_delta,addons/quimibond_sgi/models/sgi_indicator_formula.py:230,,,
2643,método,sgi.indicator.term._sgi_delta_ok,addons/quimibond_sgi/models/sgi_indicator_formula.py:254,,,
2644,método,sgi.indicator.term._sgi_matching,addons/quimibond_sgi/models/sgi_indicator_formula.py:261,,,
2645,método,sgi.indicator.term._sgi_value,addons/quimibond_sgi/models/sgi_indicator_formula.py:268,,,
2646,método,sgi.indicator.term._sgi_describe,addons/quimibond_sgi/models/sgi_indicator_formula.py:287,,,
2647,método,sgi.indicator.term._sgi_log_change,addons/quimibond_sgi/models/sgi_indicator_formula.py:310,,,
2648,método,sgi.indicator.term.create,addons/quimibond_sgi/models/sgi_indicator_formula.py:318,,,
2649,método,sgi.indicator.term.write,addons/quimibond_sgi/models/sgi_indicator_formula.py:323,,,
2650,método,sgi.indicator.term.unlink,addons/quimibond_sgi/models/sgi_indicator_formula.py:331,,,
2651,método,sgi.indicator._compute_can_edit_formula,addons/quimibond_sgi/models/sgi_indicator_formula.py:348,,,
2652,método,sgi.indicator._compute_has_formula,addons/quimibond_sgi/models/sgi_indicator_formula.py:357,,,
2653,método,sgi.indicator._sgi_terms,addons/quimibond_sgi/models/sgi_indicator_formula.py:364,,,
2654,método,sgi.indicator._sgi_formula_changed,addons/quimibond_sgi/models/sgi_indicator_formula.py:371,,,
2655,método,sgi.indicator._detail_configurable,addons/quimibond_sgi/models/sgi_indicator_formula.py:381,,,
2656,método,sgi.indicator._calc_configurable,addons/quimibond_sgi/models/sgi_indicator_formula.py:413,,,
2657,método,sgi.indicator._note_configurable,addons/quimibond_sgi/models/sgi_indicator_formula.py:416,,,
2658,método,sgi.indicator.sgi_recalculate,addons/quimibond_sgi/models/sgi_indicator_formula.py:422,,,
2659,método,sgi.indicator._sgi_default_period,addons/quimibond_sgi/models/sgi_indicator_formula.py:468,,,
2660,método,sgi.indicator.action_recalculate_now,addons/quimibond_sgi/models/sgi_indicator_formula.py:477,,,
2661,método,sgi.indicator._sgi_measure_vals,addons/quimibond_sgi/models/sgi_indicator_formula.py:482,,,
2662,método,sgi.indicator._sgi_kg_consumed,addons/quimibond_sgi/models/sgi_indicator_i3.py:43,,,
2663,método,sgi.indicator._detail_desperdicio_kg,addons/quimibond_sgi/models/sgi_indicator_i3.py:65,,,
2664,método,sgi.indicator._calc_desperdicio_kg,addons/quimibond_sgi/models/sgi_indicator_i3.py:93,,,
2665,método,sgi.indicator._sgi_balance_by_type,addons/quimibond_sgi/models/sgi_indicator_i3.py:97,,,
2666,método,sgi.indicator._sgi_closing_move_domain,addons/quimibond_sgi/models/sgi_indicator_i3.py:110,,,
2667,método,sgi.indicator._detail_margen_ebitda,addons/quimibond_sgi/models/sgi_indicator_i3.py:119,,,
2668,método,sgi.indicator._calc_margen_ebitda,addons/quimibond_sgi/models/sgi_indicator_i3.py:130,,,
2669,método,sgi.indicator._detail_compras_mp_vs_ventas,addons/quimibond_sgi/models/sgi_indicator_i3.py:134,,,
2670,método,sgi.indicator._calc_compras_mp_vs_ventas,addons/quimibond_sgi/models/sgi_indicator_i3.py:156,,,
2671,método,sgi.indicator._sgi_rework_picking_types,addons/quimibond_sgi/models/sgi_indicator_p21.py:37,,,
2672,método,sgi.indicator._detail_reproceso,addons/quimibond_sgi/models/sgi_indicator_p21.py:41,,,
2673,método,sgi.indicator._calc_reproceso,addons/quimibond_sgi/models/sgi_indicator_p21.py:65,,,
2674,método,sgi.indicator._note_reproceso,addons/quimibond_sgi/models/sgi_indicator_p21.py:68,,,
2675,método,sgi.indicator._sgi_has_valuation,addons/quimibond_sgi/models/sgi_indicator_p21.py:75,,,
2676,método,sgi.indicator._detail_inventario_diferencia,addons/quimibond_sgi/models/sgi_indicator_p21.py:78,,,
2677,método,sgi.indicator._calc_inventario_diferencia,addons/quimibond_sgi/models/sgi_indicator_p21.py:98,,,
2678,método,sgi.indicator._note_inventario_diferencia,addons/quimibond_sgi/models/sgi_indicator_p21.py:101,,,
2679,método,sgi.indicator._detail_consumo_energia,addons/quimibond_sgi/models/sgi_indicator_p21.py:107,,,
2680,método,sgi.indicator._calc_consumo_energia,addons/quimibond_sgi/models/sgi_indicator_p21.py:130,,,
2681,método,sgi.indicator._compute_window_label,addons/quimibond_sgi/models/sgi_indicator_plan.py:54,,,
2682,método,sgi.action.line._compute_origin_display,addons/quimibond_sgi/models/sgi_indicator_plan.py:78,,,
2683,método,sgi.action.line._sgi_origin,addons/quimibond_sgi/models/sgi_indicator_plan.py:84,,,
2684,método,sgi.action.line._check_parent_xor,addons/quimibond_sgi/models/sgi_indicator_plan.py:92,,,
2685,método,sgi.action.line.create,addons/quimibond_sgi/models/sgi_indicator_plan.py:102,,,
2686,método,sgi.indicator.measure._compute_plan,addons/quimibond_sgi/models/sgi_indicator_plan.py:121,,,
2687,método,sgi.indicator.measure._sgi_plan_summary,addons/quimibond_sgi/models/sgi_indicator_plan.py:135,,,
2688,método,sgi.indicator.measure._sgi_plan_activity,addons/quimibond_sgi/models/sgi_indicator_plan.py:139,,,
2689,método,sgi.indicator.measure._sgi_plan_captured,addons/quimibond_sgi/models/sgi_indicator_plan.py:161,,,
2690,método,sgi.indicator.measure._sgi_escalate_red_plans,addons/quimibond_sgi/models/sgi_indicator_plan.py:174,,,
2691,método,sgi.indicator.measure.create,addons/quimibond_sgi/models/sgi_indicator_plan.py:198,,,
2692,método,sgi.indicator.measure.write,addons/quimibond_sgi/models/sgi_indicator_plan.py:203,,,
2693,método,sgi.indicator.measure.action_open_plan,addons/quimibond_sgi/models/sgi_indicator_plan.py:210,,,
2694,método,sgi.cron._sgi_monthly_run_due,addons/quimibond_sgi/models/sgi_indicator_plan.py:222,,,
2695,método,sgi.cron._sgi_weekly_run_due,addons/quimibond_sgi/models/sgi_indicator_plan.py:237,,,
2696,método,sgi.cron.cron_indicators,addons/quimibond_sgi/models/sgi_indicator_plan.py:246,,,
2697,método,sgi.cron.cron_indicators_weekly,addons/quimibond_sgi/models/sgi_indicator_plan.py:258,,,
2698,método,sgi.management.review.action_validate_measures,addons/quimibond_sgi/models/sgi_indicator_plan.py:268,,,
2699,método,sgi.indicator.step._compute_name,addons/quimibond_sgi/models/sgi_indicator_trajectory.py:48,,,
2700,método,sgi.indicator.step._check_quarter,addons/quimibond_sgi/models/sgi_indicator_trajectory.py:54,,,
2701,método,sgi.indicator.step.write,addons/quimibond_sgi/models/sgi_indicator_trajectory.py:59,,,
2702,método,sgi.indicator._compute_has_trajectory,addons/quimibond_sgi/models/sgi_indicator_trajectory.py:92,,,
2703,método,sgi.indicator._check_range,addons/quimibond_sgi/models/sgi_indicator_trajectory.py:97,,,
2704,método,sgi.indicator._sgi_spec_problems,addons/quimibond_sgi/models/sgi_indicator_trajectory.py:104,,,
2705,método,sgi.indicator._sgi_trajectory_ready,addons/quimibond_sgi/models/sgi_indicator_trajectory.py:116,,,
2706,método,sgi.indicator._sgi_auto_trajectory,addons/quimibond_sgi/models/sgi_indicator_trajectory.py:121,,,
2707,método,sgi.indicator.create,addons/quimibond_sgi/models/sgi_indicator_trajectory.py:133,,,
2708,método,sgi.indicator.write,addons/quimibond_sgi/models/sgi_indicator_trajectory.py:138,,,
2709,método,sgi.indicator.cron_missing_trajectories,addons/quimibond_sgi/models/sgi_indicator_trajectory.py:145,,,
2710,método,sgi.indicator._sgi_trajectory_value,addons/quimibond_sgi/models/sgi_indicator_trajectory.py:153,,,
2711,método,sgi.indicator.action_generate_trajectory,addons/quimibond_sgi/models/sgi_indicator_trajectory.py:162,,,
2712,método,sgi.indicator._sgi_targets_on,addons/quimibond_sgi/models/sgi_indicator_trajectory.py:200,,,
2713,método,sgi.indicator.measure._compute_targets,addons/quimibond_sgi/models/sgi_indicator_trajectory.py:232,,,
2714,método,sgi.indicator.measure._compute_semaphore,addons/quimibond_sgi/models/sgi_indicator_trajectory.py:246,,,
2715,método,sgi.process.activity._sgi_article_hash,addons/quimibond_sgi/models/sgi_instruction_knowledge.py:25,,,
2716,método,sgi.process.activity._compute_instruction_article_stale,addons/quimibond_sgi/models/sgi_instruction_knowledge.py:32,,,
2717,método,sgi.process.activity.action_publish_instruction,addons/quimibond_sgi/models/sgi_instruction_knowledge.py:39,,,
2718,método,sgi.instruction.publish._compute_job_ids,addons/quimibond_sgi/models/sgi_instruction_knowledge.py:71,,,
2719,método,sgi.instruction.publish.action_publish,addons/quimibond_sgi/models/sgi_instruction_knowledge.py:76,,,
2720,método,stock.picking._compute_sgi_nc_count,addons/quimibond_sgi/models/sgi_integration.py:11,,,
2721,método,stock.picking.action_sgi_open_ncs,addons/quimibond_sgi/models/sgi_integration.py:16,,,
2722,método,stock.picking._sgi_is_customer_return,addons/quimibond_sgi/models/sgi_integration.py:40,,,
2723,método,stock.picking._sgi_create_return_alert,addons/quimibond_sgi/models/sgi_integration.py:50,,,
2724,método,stock.picking._action_done,addons/quimibond_sgi/models/sgi_integration.py:81,,,
2725,método,mrp.production._compute_sgi_nc_count,addons/quimibond_sgi/models/sgi_integration.py:92,,,
2726,método,mrp.production.action_sgi_open_ncs,addons/quimibond_sgi/models/sgi_integration.py:97,,,
2727,método,purchase.order._compute_sgi_nc_count,addons/quimibond_sgi/models/sgi_integration.py:114,,,
2728,método,purchase.order.action_sgi_open_ncs,addons/quimibond_sgi/models/sgi_integration.py:121,,,
2729,método,purchase.order.button_confirm,addons/quimibond_sgi/models/sgi_integration.py:133,,,
2730,método,maintenance.request.action_sgi_raise_nc,addons/quimibond_sgi/models/sgi_integration.py:152,,,
2731,método,maintenance.request._sgi_open_alert,addons/quimibond_sgi/models/sgi_integration.py:178,,,
2732,método,product.template.action_sgi_open_spec,addons/quimibond_sgi/models/sgi_integration.py:221,,,
2733,método,product.product.action_sgi_open_spec,addons/quimibond_sgi/models/sgi_integration.py:236,,,
2734,método,hr.employee._compute_sgi_counts,addons/quimibond_sgi/models/sgi_integration.py:247,,,
2735,método,hr.employee.action_sgi_my_procedures,addons/quimibond_sgi/models/sgi_integration.py:263,,,
2736,método,hr.employee.action_sgi_pending_acks,addons/quimibond_sgi/models/sgi_integration.py:289,,,
2737,método,res.partner._compute_sgi_partner_counts,addons/quimibond_sgi/models/sgi_integration.py:306,,,
2738,método,res.partner.action_sgi_open_complaints,addons/quimibond_sgi/models/sgi_integration.py:324,,,
2739,método,res.partner.action_sgi_open_ncs,addons/quimibond_sgi/models/sgi_integration.py:335,,,
2740,método,ir.ui.menu._sgi_attach_quality_menus,addons/quimibond_sgi/models/sgi_integration.py:351,,,
2741,método,sale.order.action_confirm,addons/quimibond_sgi/models/sgi_kpi_fields.py:69,,,
2742,método,stock.picking._compute_sgi_quality_approved,addons/quimibond_sgi/models/sgi_kpi_fields.py:100,,,
2743,método,account.move.line._compute_sgi_po_price_diff,addons/quimibond_sgi/models/sgi_kpi_fields.py:131,,,
2744,método,account.move._compute_sgi_payment_date,addons/quimibond_sgi/models/sgi_kpi_fields.py:151,,,
2745,método,sgi.management.review.agreement._compute_done_date,addons/quimibond_sgi/models/sgi_kpi_fields.py:173,,,
2746,método,sgi.lock.date.log._compute_business_day,addons/quimibond_sgi/models/sgi_kpi_fields.py:198,,,
2747,método,sgi.lock.date.log.sgi_business_day_of,addons/quimibond_sgi/models/sgi_kpi_fields.py:208,,,
2748,método,res.company.write,addons/quimibond_sgi/models/sgi_kpi_fields.py:216,,,
2749,método,sgi.inventory.value.sgi_snapshot,addons/quimibond_sgi/models/sgi_kpi_fields.py:249,,,
2750,método,hr.version._compute_sgi_departure,addons/quimibond_sgi/models/sgi_kpi_fields.py:283,,,
2751,método,hr.version.write,addons/quimibond_sgi/models/sgi_kpi_fields.py:288,,,
2752,método,res.users.write,addons/quimibond_sgi/models/sgi_kpi_fields.py:310,,,
2753,método,sgi.legal.requirement._compute_next_eval_date,addons/quimibond_sgi/models/sgi_legal.py:104,,,
2754,método,sgi.legal.requirement._compute_evaluation_count,addons/quimibond_sgi/models/sgi_legal.py:114,,,
2755,método,sgi.legal.requirement._compute_display_name,addons/quimibond_sgi/models/sgi_legal.py:119,,,
2756,método,sgi.legal.requirement._sgi_mark,addons/quimibond_sgi/models/sgi_legal.py:128,,,
2757,método,sgi.legal.requirement.action_mark_no_aplica,addons/quimibond_sgi/models/sgi_legal.py:150,,,
2758,método,sgi.legal.requirement.action_evaluate,addons/quimibond_sgi/models/sgi_legal.py:153,,,
2759,método,sgi.legal.requirement.action_view_evaluations,addons/quimibond_sgi/models/sgi_legal.py:162,,,
2760,método,sgi.legal.requirement.action_mark_cumple,addons/quimibond_sgi/models/sgi_legal.py:171,,,
2761,método,sgi.legal.requirement.action_mark_parcial,addons/quimibond_sgi/models/sgi_legal.py:174,,,
2762,método,sgi.legal.requirement.action_mark_no_cumple,addons/quimibond_sgi/models/sgi_legal.py:179,,,
2763,método,sgi.legal.requirement._sgi_create_alert,addons/quimibond_sgi/models/sgi_legal.py:184,,,
2764,método,sgi.legal.requirement.action_view_alert,addons/quimibond_sgi/models/sgi_legal.py:218,,,
2765,método,sgi.legal.evaluate._compute_next_date,addons/quimibond_sgi/models/sgi_legal.py:270,,,
2766,método,sgi.legal.evaluate.action_confirm,addons/quimibond_sgi/models/sgi_legal.py:276,,,
2767,método,project.task._compute_sgi_dyd_link_count,addons/quimibond_sgi/models/sgi_links.py:74,,,
2768,método,product.template._compute_sgi_control_plan_id,addons/quimibond_sgi/models/sgi_links.py:90,,,
2769,método,approval.request.action_create_purchase_orders,addons/quimibond_sgi/models/sgi_links.py:125,,,
2770,método,approval.request._sgi_link_purchase_orders,addons/quimibond_sgi/models/sgi_links.py:132,,,
2771,método,account.move._compute_sgi_picking_ids,addons/quimibond_sgi/models/sgi_links.py:154,,,
2772,método,ir.attachment.create,addons/quimibond_sgi/models/sgi_links.py:174,,,
2773,método,stock.picking._compute_sgi_production_id,addons/quimibond_sgi/models/sgi_links.py:198,,,
2774,método,stock.picking._compute_sgi_acuse_count,addons/quimibond_sgi/models/sgi_links.py:209,,,
2775,método,stock.picking.action_sgi_attach_acuse,addons/quimibond_sgi/models/sgi_links.py:213,,,
2776,método,stock.picking.action_sgi_open_acuses,addons/quimibond_sgi/models/sgi_links.py:221,,,
2777,método,sgi.acuse.attach.wizard.action_attach,addons/quimibond_sgi/models/sgi_links.py:239,,,
2778,método,sgi.acuse.attach.wizard._sgi_extension,addons/quimibond_sgi/models/sgi_links.py:250,,,
2779,método,sgi.acuse.attach.wizard._sgi_file_size,addons/quimibond_sgi/models/sgi_links.py:254,,,
2780,método,sgi.process.load_payload,addons/quimibond_sgi/models/sgi_load.py:215,,,
2781,método,sgi.catalog.load.wizard._compute_counts,addons/quimibond_sgi/models/sgi_load_wizard.py:42,,,
2782,método,sgi.catalog.load.wizard._payload,addons/quimibond_sgi/models/sgi_load_wizard.py:48,,,
2783,método,sgi.catalog.load.wizard._run,addons/quimibond_sgi/models/sgi_load_wizard.py:61,,,
2784,método,sgi.catalog.load.wizard.action_test,addons/quimibond_sgi/models/sgi_load_wizard.py:96,,,
2785,método,sgi.catalog.load.wizard.action_load,addons/quimibond_sgi/models/sgi_load_wizard.py:99,,,
2786,método,sgi.machine.sheet.create,addons/quimibond_sgi/models/sgi_machine_sheet.py:57,,,
2787,método,sgi.machine.sheet._check_single_current,addons/quimibond_sgi/models/sgi_machine_sheet.py:68,,,
2788,método,sgi.machine.sheet.action_set_current,addons/quimibond_sgi/models/sgi_machine_sheet.py:78,,,
2789,método,sgi.machine.sheet.action_set_obsolete,addons/quimibond_sgi/models/sgi_machine_sheet.py:87,,,
2790,método,sgi.machine.sheet.action_new_revision,addons/quimibond_sgi/models/sgi_machine_sheet.py:91,,,
2791,método,sgi.machine.sheet.copy_data,addons/quimibond_sgi/models/sgi_machine_sheet.py:96,,,
2792,método,sgi.machine.sheet.sgi_format_info,addons/quimibond_sgi/models/sgi_machine_sheet.py:104,,,
2793,método,sgi.management.review._compute_name,addons/quimibond_sgi/models/sgi_management_review.py:83,,,
2794,método,sgi.management.review._sgi_bounds,addons/quimibond_sgi/models/sgi_management_review.py:87,,,
2795,método,sgi.management.review.action_load_inputs,addons/quimibond_sgi/models/sgi_management_review.py:96,,,
2796,método,sgi.management.review._sgi_load_objectives,addons/quimibond_sgi/models/sgi_management_review.py:118,,,
2797,método,sgi.management.review._sgi_load_satisfaction,addons/quimibond_sgi/models/sgi_management_review.py:139,,,
2798,método,sgi.management.review._sgi_load_legal,addons/quimibond_sgi/models/sgi_management_review.py:157,,,
2799,método,sgi.management.review._sgi_load_participation,addons/quimibond_sgi/models/sgi_management_review.py:182,,,
2800,método,sgi.management.review._sgi_load_prev_agreements,addons/quimibond_sgi/models/sgi_management_review.py:210,,,
2801,método,sgi.management.review._sgi_load_nc,addons/quimibond_sgi/models/sgi_management_review.py:229,,,
2802,método,sgi.management.review._sgi_load_complaints,addons/quimibond_sgi/models/sgi_management_review.py:260,,,
2803,método,sgi.management.review._sgi_period_audits,addons/quimibond_sgi/models/sgi_management_review.py:276,,,
2804,método,sgi.management.review._sgi_load_audits,addons/quimibond_sgi/models/sgi_management_review.py:283,,,
2805,método,sgi.management.review._sgi_load_red_measures,addons/quimibond_sgi/models/sgi_management_review.py:296,,,
2806,método,sgi.management.review._sgi_load_suppliers,addons/quimibond_sgi/models/sgi_management_review.py:304,,,
2807,método,sgi.management.review._sgi_load_high_risks,addons/quimibond_sgi/models/sgi_management_review.py:314,,,
2808,método,sgi.management.review._sgi_load_env,addons/quimibond_sgi/models/sgi_management_review.py:321,,,
2809,método,sgi.management.review._sgi_load_doc_changes,addons/quimibond_sgi/models/sgi_management_review.py:339,,,
2810,método,sgi.management.review.action_mark_done,addons/quimibond_sgi/models/sgi_management_review.py:357,,,
2811,método,sgi.management.review.action_close,addons/quimibond_sgi/models/sgi_management_review.py:388,,,
2812,método,sgi.management.review.action_draft,addons/quimibond_sgi/models/sgi_management_review.py:391,,,
2813,método,sgi.management.review.agreement._compute_status,addons/quimibond_sgi/models/sgi_management_review.py:412,,,
2814,método,sgi.action.line._compute_origin_display,addons/quimibond_sgi/models/sgi_management_review.py:434,,,
2815,método,sgi.action.line._sgi_origin,addons/quimibond_sgi/models/sgi_management_review.py:440,,,
2816,método,sgi.action.line._check_parent_xor,addons/quimibond_sgi/models/sgi_management_review.py:448,,,
2817,método,approval.category._sgi_mp_change_category,addons/quimibond_sgi/models/sgi_mp_change.py:56,,,
2818,método,approval.request.action_approve,addons/quimibond_sgi/models/sgi_mp_change.py:78,,,
2819,método,approval.request._sgi_mp_apply_users,addons/quimibond_sgi/models/sgi_mp_change.py:84,,,
2820,método,approval.request._sgi_mp_apply,addons/quimibond_sgi/models/sgi_mp_change.py:89,,,
2821,método,sgi.process.activity.action_sgi_mp_propose_change,addons/quimibond_sgi/models/sgi_mp_change.py:122,,,
2822,método,sgi.activity.role.action_mp_propose_change,addons/quimibond_sgi/models/sgi_mp_change.py:130,,,
2823,método,sgi.my.procedure._compute_no_employee,addons/quimibond_sgi/models/sgi_mp_change.py:145,,,
2824,método,sgi.my.procedure.action_propose_new_activity,addons/quimibond_sgi/models/sgi_mp_change.py:150,,,
2825,método,sgi.activity.change._sgi_check_editable,addons/quimibond_sgi/models/sgi_mp_change.py:175,,,
2826,método,sgi.activity.change.write,addons/quimibond_sgi/models/sgi_mp_change.py:185,,,
2827,método,sgi.activity.change.unlink,addons/quimibond_sgi/models/sgi_mp_change.py:189,,,
2828,método,sgi.activity.change._compute_display_title,addons/quimibond_sgi/models/sgi_mp_change.py:233,,,
2829,método,sgi.activity.change._sgi_activity_vals,addons/quimibond_sgi/models/sgi_mp_change.py:240,,,
2830,método,sgi.activity.change._sgi_open,addons/quimibond_sgi/models/sgi_mp_change.py:259,,,
2831,método,sgi.activity.change.action_sgi_new_from_context,addons/quimibond_sgi/models/sgi_mp_change.py:285,,,
2832,método,sgi.activity.change._sgi_reference,addons/quimibond_sgi/models/sgi_mp_change.py:297,,,
2833,método,sgi.activity.change._sgi_display,addons/quimibond_sgi/models/sgi_mp_change.py:311,,,
2834,método,sgi.activity.change._sgi_role_labels,addons/quimibond_sgi/models/sgi_mp_change.py:324,,,
2835,método,sgi.activity.change._sgi_changes,addons/quimibond_sgi/models/sgi_mp_change.py:336,,,
2836,método,sgi.activity.change._compute_diff_html,addons/quimibond_sgi/models/sgi_mp_change.py:356,,,
2837,método,sgi.activity.change.action_submit,addons/quimibond_sgi/models/sgi_mp_change.py:381,,,
2838,método,sgi.activity.change._sgi_add_process_owner_approver,addons/quimibond_sgi/models/sgi_mp_change.py:431,,,
2839,método,sgi.activity.change._sgi_values_for_activity,addons/quimibond_sgi/models/sgi_mp_change.py:441,,,
2840,método,sgi.activity.change._sgi_role_commands,addons/quimibond_sgi/models/sgi_mp_change.py:454,,,
2841,método,sgi.activity.change._sgi_apply,addons/quimibond_sgi/models/sgi_mp_change.py:490,,,
2842,método,sgi.activity.change.role.create,addons/quimibond_sgi/models/sgi_mp_change.py:520,,,
2843,método,sgi.activity.change.role.write,addons/quimibond_sgi/models/sgi_mp_change.py:525,,,
2844,método,sgi.activity.change.role.unlink,addons/quimibond_sgi/models/sgi_mp_change.py:529,,,
2845,método,maintenance.equipment._compute_sgi_msa_count,addons/quimibond_sgi/models/sgi_msa.py:21,,,
2846,método,maintenance.equipment.action_view_sgi_msa,addons/quimibond_sgi/models/sgi_msa.py:28,,,
2847,método,sgi.msa.study._compute_verdict,addons/quimibond_sgi/models/sgi_msa.py:79,,,
2848,método,sgi.msa.study._compute_display_name,addons/quimibond_sgi/models/sgi_msa.py:92,,,
2849,método,sgi.msa.study.create,addons/quimibond_sgi/models/sgi_msa.py:98,,,
2850,método,sgi.msa.study.write,addons/quimibond_sgi/models/sgi_msa.py:103,,,
2851,método,sgi.msa.study._sgi_notify_if_unacceptable,addons/quimibond_sgi/models/sgi_msa.py:109,,,
2852,método,sgi.my.pending._sgi_pending_records,addons/quimibond_sgi/models/sgi_my_pending.py:67,,,
2853,método,sgi.my.pending._sgi_row,addons/quimibond_sgi/models/sgi_my_pending.py:108,,,
2854,método,sgi.my.pending._sgi_row_users,addons/quimibond_sgi/models/sgi_my_pending.py:159,,,
2855,método,sgi.my.pending._sgi_pending_values,addons/quimibond_sgi/models/sgi_my_pending.py:175,,,
2856,método,sgi.my.pending._sgi_summary,addons/quimibond_sgi/models/sgi_my_pending.py:198,,,
2857,método,sgi.my.pending._sgi_build,addons/quimibond_sgi/models/sgi_my_pending.py:208,,,
2858,método,sgi.my.pending._sgi_action,addons/quimibond_sgi/models/sgi_my_pending.py:223,,,
2859,método,sgi.my.pending.action_open_mine,addons/quimibond_sgi/models/sgi_my_pending.py:239,,,
2860,método,sgi.my.pending.action_open,addons/quimibond_sgi/models/sgi_my_pending.py:253,,,
2861,método,sgi.my.procedure._compute_pending_summary,addons/quimibond_sgi/models/sgi_my_pending.py:270,,,
2862,método,sgi.my.procedure.action_show_pending,addons/quimibond_sgi/models/sgi_my_pending.py:279,,,
2863,método,hr.employee.public._sgi_pending_by_employee,addons/quimibond_sgi/models/sgi_my_pending.py:302,,,
2864,método,hr.employee.public._compute_sgi_mp_pending,addons/quimibond_sgi/models/sgi_my_pending.py:307,,,
2865,método,hr.employee.public._sgi_pending_ids_where,addons/quimibond_sgi/models/sgi_my_pending.py:315,,,
2866,método,hr.employee.public._search_sgi_mp_pending_total,addons/quimibond_sgi/models/sgi_my_pending.py:321,,,
2867,método,hr.employee.public._search_sgi_mp_pending_late,addons/quimibond_sgi/models/sgi_my_pending.py:326,,,
2868,método,hr.employee.public._search_sgi_mp_pending_state,addons/quimibond_sgi/models/sgi_my_pending.py:331,,,
2869,método,hr.employee.public.action_sgi_open_pending,addons/quimibond_sgi/models/sgi_my_pending.py:340,,,
2870,método,hr.employee.public.action_sgi_team_pending,addons/quimibond_sgi/models/sgi_my_pending.py:346,,,
2871,método,sgi.activity.role._compute_activity_when,addons/quimibond_sgi/models/sgi_my_procedure.py:83,,,
2872,método,sgi.activity.role.action_open_activity,addons/quimibond_sgi/models/sgi_my_procedure.py:88,,,
2873,método,hr.job._sgi_my_procedure_code,addons/quimibond_sgi/models/sgi_my_procedure.py:112,,,
2874,método,hr.job._sgi_my_procedure_current_doc,addons/quimibond_sgi/models/sgi_my_procedure.py:116,,,
2875,método,hr.job._compute_sgi_my_procedure_doc,addons/quimibond_sgi/models/sgi_my_procedure.py:125,,,
2876,método,hr.job._sgi_mp_when,addons/quimibond_sgi/models/sgi_my_procedure.py:136,,,
2877,método,hr.job._sgi_mp_role_label,addons/quimibond_sgi/models/sgi_my_procedure.py:152,,,
2878,método,hr.job._sgi_my_procedure_data,addons/quimibond_sgi/models/sgi_my_procedure.py:155,,,
2879,método,hr.job._sgi_mp_document_records,addons/quimibond_sgi/models/sgi_my_procedure.py:270,,,
2880,método,hr.job._sgi_mp_documents,addons/quimibond_sgi/models/sgi_my_procedure.py:288,,,
2881,método,hr.job._sgi_mp_status_map,addons/quimibond_sgi/models/sgi_my_procedure.py:300,,,
2882,método,hr.job._sgi_mp_status,addons/quimibond_sgi/models/sgi_my_procedure.py:331,,,
2883,método,hr.job._sgi_mp_entry_extra,addons/quimibond_sgi/models/sgi_my_procedure.py:335,,,
2884,método,hr.job._sgi_my_procedure_hash,addons/quimibond_sgi/models/sgi_my_procedure.py:384,,,
2885,método,hr.job._sgi_mp_parts_html,addons/quimibond_sgi/models/sgi_my_procedure.py:407,,,
2886,método,hr.job._sgi_my_procedure_header,addons/quimibond_sgi/models/sgi_my_procedure.py:413,,,
2887,método,hr.job.action_sgi_print_my_procedure,addons/quimibond_sgi/models/sgi_my_procedure.py:435,,,
2888,método,hr.job.action_sgi_publish_my_procedure,addons/quimibond_sgi/models/sgi_my_procedure.py:438,,,
2889,método,hr.job._sgi_my_procedure_jobs,addons/quimibond_sgi/models/sgi_my_procedure.py:535,,,
2890,método,hr.job.action_sgi_publish_all_my_procedures,addons/quimibond_sgi/models/sgi_my_procedure.py:548,,,
2891,método,hr.job._sgi_my_procedure_stale_jobs,addons/quimibond_sgi/models/sgi_my_procedure.py:574,,,
2892,método,hr.job._sgi_my_procedure_precheck,addons/quimibond_sgi/models/sgi_my_procedure.py:582,,,
2893,método,hr.job.action_sgi_open_my_procedure_doc,addons/quimibond_sgi/models/sgi_my_procedure.py:613,,,
2894,método,hr.job._sgi_my_procedure_view_action,addons/quimibond_sgi/models/sgi_my_procedure.py:625,,,
2895,método,hr.employee._compute_sgi_my_procedure_ack,addons/quimibond_sgi/models/sgi_my_procedure.py:656,,,
2896,método,hr.employee._sgi_require_job,addons/quimibond_sgi/models/sgi_my_procedure.py:667,,,
2897,método,hr.employee.action_sgi_print_my_procedure,addons/quimibond_sgi/models/sgi_my_procedure.py:675,,,
2898,método,hr.employee.action_sgi_my_procedure_view,addons/quimibond_sgi/models/sgi_my_procedure.py:679,,,
2899,método,sgi.cron.cron_my_procedure_stale,addons/quimibond_sgi/models/sgi_my_procedure.py:687,,,
2900,método,hr.employee._sgi_mp_team_employees,addons/quimibond_sgi/models/sgi_my_procedure_screen.py:55,,,
2901,método,hr.job._sgi_mp_role_lists,addons/quimibond_sgi/models/sgi_my_procedure_screen.py:82,,,
2902,método,hr.job._sgi_mp_order,addons/quimibond_sgi/models/sgi_my_procedure_screen.py:97,,,
2903,método,sgi.my.procedure.mixin._sgi_mp_job,addons/quimibond_sgi/models/sgi_my_procedure_screen.py:143,,,
2904,método,sgi.my.procedure.mixin._sgi_mp_employee_rec,addons/quimibond_sgi/models/sgi_my_procedure_screen.py:150,,,
2905,método,sgi.my.procedure.mixin._compute_sgi_mp_roles,addons/quimibond_sgi/models/sgi_my_procedure_screen.py:155,,,
2906,método,sgi.my.procedure.mixin._compute_sgi_mp_lists,addons/quimibond_sgi/models/sgi_my_procedure_screen.py:178,,,
2907,método,sgi.my.procedure.mixin.action_sgi_mp_sign,addons/quimibond_sgi/models/sgi_my_procedure_screen.py:201,,,
2908,método,hr.employee._compute_sgi_mp_roles_stored,addons/quimibond_sgi/models/sgi_my_procedure_screen.py:239,,,
2909,método,hr.employee._sgi_mp_touch_jobs,addons/quimibond_sgi/models/sgi_my_procedure_screen.py:257,,,
2910,método,hr.job._sgi_mp_job,addons/quimibond_sgi/models/sgi_my_procedure_screen.py:280,,,
2911,método,sgi.activity.role._compute_mp_pieces,addons/quimibond_sgi/models/sgi_my_procedure_screen.py:311,,,
2912,método,sgi.activity.role.action_mp_go,addons/quimibond_sgi/models/sgi_my_procedure_screen.py:345,,,
2913,método,sgi.activity.role.action_mp_instruction,addons/quimibond_sgi/models/sgi_my_procedure_screen.py:350,,,
2914,método,sgi.my.procedure._sgi_mp_is_admin,addons/quimibond_sgi/models/sgi_my_procedure_screen.py:452,,,
2915,método,sgi.my.procedure._sgi_mp_my_employee,addons/quimibond_sgi/models/sgi_my_procedure_screen.py:457,,,
2916,método,sgi.my.procedure._sgi_mp_employee,addons/quimibond_sgi/models/sgi_my_procedure_screen.py:460,,,
2917,método,sgi.my.procedure._sgi_mp_job,addons/quimibond_sgi/models/sgi_my_procedure_screen.py:466,,,
2918,método,sgi.my.procedure._compute_job_id,addons/quimibond_sgi/models/sgi_my_procedure_screen.py:475,,,
2919,método,sgi.my.procedure._compute_scope,addons/quimibond_sgi/models/sgi_my_procedure_screen.py:481,,,
2920,método,sgi.my.procedure._compute_ack,addons/quimibond_sgi/models/sgi_my_procedure_screen.py:500,,,
2921,método,sgi.my.procedure._compute_who,addons/quimibond_sgi/models/sgi_my_procedure_screen.py:531,,,
2922,método,sgi.my.procedure._compute_lists,addons/quimibond_sgi/models/sgi_my_procedure_screen.py:552,,,
2923,método,sgi.my.procedure._compute_counts,addons/quimibond_sgi/models/sgi_my_procedure_screen.py:657,,,
2924,método,sgi.my.procedure._action_list,addons/quimibond_sgi/models/sgi_my_procedure_screen.py:674,,,
2925,método,sgi.my.procedure._action_roles,addons/quimibond_sgi/models/sgi_my_procedure_screen.py:686,,,
2926,método,sgi.my.procedure.action_show_late,addons/quimibond_sgi/models/sgi_my_procedure_screen.py:700,,,
2927,método,sgi.my.procedure.action_show_ok,addons/quimibond_sgi/models/sgi_my_procedure_screen.py:703,,,
2928,método,sgi.my.procedure.action_show_unmeasured,addons/quimibond_sgi/models/sgi_my_procedure_screen.py:706,,,
2929,método,sgi.my.procedure.action_show_all,addons/quimibond_sgi/models/sgi_my_procedure_screen.py:710,,,
2930,método,sgi.my.procedure.action_show_received,addons/quimibond_sgi/models/sgi_my_procedure_screen.py:713,,,
2931,método,sgi.my.procedure.action_show_short,addons/quimibond_sgi/models/sgi_my_procedure_screen.py:717,,,
2932,método,sgi.my.procedure.action_show_acks,addons/quimibond_sgi/models/sgi_my_procedure_screen.py:721,,,
2933,método,sgi.my.procedure.action_show_documents,addons/quimibond_sgi/models/sgi_my_procedure_screen.py:724,,,
2934,método,sgi.my.procedure.action_focus_pending,addons/quimibond_sgi/models/sgi_my_procedure_screen.py:728,,,
2935,método,sgi.my.procedure.action_show_nc,addons/quimibond_sgi/models/sgi_my_procedure_screen.py:731,,,
2936,método,sgi.my.procedure.action_show_measures,addons/quimibond_sgi/models/sgi_my_procedure_screen.py:734,,,
2937,método,sgi.my.procedure.action_show_indicators,addons/quimibond_sgi/models/sgi_my_procedure_screen.py:737,,,
2938,método,sgi.my.procedure.action_show_legal,addons/quimibond_sgi/models/sgi_my_procedure_screen.py:740,,,
2939,método,sgi.my.procedure.action_show_doc_reviews,addons/quimibond_sgi/models/sgi_my_procedure_screen.py:743,,,
2940,método,sgi.my.procedure.action_show_epp,addons/quimibond_sgi/models/sgi_my_procedure_screen.py:747,,,
2941,método,sgi.my.procedure.action_open_mine,addons/quimibond_sgi/models/sgi_my_procedure_screen.py:754,,,
2942,método,sgi.my.procedure.action_open_for,addons/quimibond_sgi/models/sgi_my_procedure_screen.py:771,,,
2943,método,sgi.my.procedure.action_sign,addons/quimibond_sgi/models/sgi_my_procedure_screen.py:796,,,
2944,método,sgi.my.procedure.action_print,addons/quimibond_sgi/models/sgi_my_procedure_screen.py:815,,,
2945,método,sgi.my.procedure.action_publish,addons/quimibond_sgi/models/sgi_my_procedure_screen.py:822,,,
2946,método,sgi.my.procedure.action_open_doc,addons/quimibond_sgi/models/sgi_my_procedure_screen.py:829,,,
2947,método,sgi.my.procedure.action_publish_all,addons/quimibond_sgi/models/sgi_my_procedure_screen.py:833,,,
2948,método,sgi.my.procedure.action_precheck,addons/quimibond_sgi/models/sgi_my_procedure_screen.py:836,,,
2949,método,sgi.my.procedure.action_open_obligations,addons/quimibond_sgi/models/sgi_my_procedure_screen.py:845,,,
2950,método,sgi.my.procedure._reload,addons/quimibond_sgi/models/sgi_my_procedure_screen.py:858,,,
2951,método,hr.employee.action_sgi_open_my_procedure,addons/quimibond_sgi/models/sgi_my_procedure_screen.py:870,,,
2952,método,hr.job.action_sgi_open_my_procedure,addons/quimibond_sgi/models/sgi_my_procedure_screen.py:878,,,
2953,método,sgi.my.procedure.check.action_open,addons/quimibond_sgi/models/sgi_my_procedure_screen.py:906,,,
2954,método,sgi.my.procedure.check.action_publish_all,addons/quimibond_sgi/models/sgi_my_procedure_screen.py:914,,,
2955,método,sgi.my.procedure.check._compute_result,addons/quimibond_sgi/models/sgi_my_procedure_screen.py:917,,,
2956,método,hr.employee.public._sgi_mp_job_stats,addons/quimibond_sgi/models/sgi_my_procedure_screen.py:952,,,
2957,método,hr.employee.public._sgi_mp_values,addons/quimibond_sgi/models/sgi_my_procedure_screen.py:968,,,
2958,método,hr.employee.public._compute_sgi_mp_stats,addons/quimibond_sgi/models/sgi_my_procedure_screen.py:990,,,
2959,método,hr.employee.public._sgi_mp_ids_where,addons/quimibond_sgi/models/sgi_my_procedure_screen.py:998,,,
2960,método,hr.employee.public._search_sgi_mp_late,addons/quimibond_sgi/models/sgi_my_procedure_screen.py:1016,,,
2961,método,hr.employee.public._search_sgi_mp_acks_pending,addons/quimibond_sgi/models/sgi_my_procedure_screen.py:1023,,,
2962,método,hr.employee.public._search_sgi_mp_ack_state,addons/quimibond_sgi/models/sgi_my_procedure_screen.py:1030,,,
2963,método,hr.employee.public.action_sgi_open_my_procedure,addons/quimibond_sgi/models/sgi_my_procedure_screen.py:1038,,,
2964,método,hr.employee.public.action_sgi_print_my_procedure,addons/quimibond_sgi/models/sgi_my_procedure_screen.py:1042,,,
2965,método,hr.employee.public._sgi_team,addons/quimibond_sgi/models/sgi_my_procedure_screen.py:1048,,,
2966,método,hr.employee.public.action_open_my_team,addons/quimibond_sgi/models/sgi_my_procedure_screen.py:1062,,,
2967,método,documents.document._sgi_mp_sign_required,addons/quimibond_sgi/models/sgi_my_procedure_sign.py:31,,,
2968,método,documents.document._sgi_mp_pending_sign_doc,addons/quimibond_sgi/models/sgi_my_procedure_sign.py:36,,,
2969,método,documents.document._sgi_mp_signers,addons/quimibond_sgi/models/sgi_my_procedure_sign.py:44,,,
2970,método,documents.document._sgi_publish_sign_rows,addons/quimibond_sgi/models/sgi_my_procedure_sign.py:64,,,
2971,método,documents.document._sgi_mp_send_to_sign,addons/quimibond_sgi/models/sgi_my_procedure_sign.py:73,,,
2972,método,documents.document._sgi_publish_after_sign,addons/quimibond_sgi/models/sgi_my_procedure_sign.py:92,,,
2973,método,documents.document._sgi_sync_publish_sign,addons/quimibond_sgi/models/sgi_my_procedure_sign.py:112,,,
2974,método,sign.request.write,addons/quimibond_sgi/models/sgi_my_procedure_sign.py:125,,,
2975,método,mail.activity._action_done,addons/quimibond_sgi/models/sgi_nonconformity.py:18,,,
2976,método,quality.alert.create,addons/quimibond_sgi/models/sgi_nonconformity.py:178,,,
2977,método,quality.alert._sgi_deadline_days,addons/quimibond_sgi/models/sgi_nonconformity.py:208,,,
2978,método,quality.alert._sgi_set_deadlines,addons/quimibond_sgi/models/sgi_nonconformity.py:222,,,
2979,método,quality.alert._compute_sgi_deadline_states,addons/quimibond_sgi/models/sgi_nonconformity.py:240,,,
2980,método,quality.alert._sgi_deadline_owner_user_id,addons/quimibond_sgi/models/sgi_nonconformity.py:258,,,
2981,método,quality.alert._sgi_deadline_escalation,addons/quimibond_sgi/models/sgi_nonconformity.py:266,,,
2982,método,quality.alert._sgi_schedule_effectiveness,addons/quimibond_sgi/models/sgi_nonconformity.py:322,,,
2983,método,quality.alert._sgi_check_stage_move,addons/quimibond_sgi/models/sgi_nonconformity.py:355,,,
2984,método,quality.alert.action_sgi_cancel,addons/quimibond_sgi/models/sgi_nonconformity.py:384,,,
2985,método,quality.alert._compute_sgi_recurrence,addons/quimibond_sgi/models/sgi_nonconformity.py:397,,,
2986,método,quality.alert._sgi_read_across,addons/quimibond_sgi/models/sgi_nonconformity.py:429,,,
2987,método,quality.alert.sgi_auto_create,addons/quimibond_sgi/models/sgi_nonconformity.py:454,,,
2988,método,quality.alert._sgi_check_can_close,addons/quimibond_sgi/models/sgi_nonconformity.py:490,,,
2989,método,quality.alert.write,addons/quimibond_sgi/models/sgi_nonconformity.py:533,,,
2990,método,quality.alert._sgi_request_admin_record,addons/quimibond_sgi/models/sgi_nonconformity.py:569,,,
2991,método,quality.alert._sgi_notify_mayor_closed,addons/quimibond_sgi/models/sgi_nonconformity.py:581,,,
2992,método,quality.alert.action_sgi_force_close,addons/quimibond_sgi/models/sgi_nonconformity.py:609,,,
2993,método,quality.alert.action_sgi_escalate_to_nc,addons/quimibond_sgi/models/sgi_nonconformity.py:620,,,
2994,método,sgi.action.line._compute_origin_display,addons/quimibond_sgi/models/sgi_nonconformity.py:694,,,
2995,método,sgi.action.line.action_mark_done,addons/quimibond_sgi/models/sgi_nonconformity.py:699,,,
2996,método,sgi.action.line.action_open_origin,addons/quimibond_sgi/models/sgi_nonconformity.py:708,,,
2997,método,sgi.action.line._check_parent_xor,addons/quimibond_sgi/models/sgi_nonconformity.py:724,,,
2998,método,sgi.action.line._sgi_check_done,addons/quimibond_sgi/models/sgi_nonconformity.py:736,,,
2999,método,sgi.action.line._sgi_done_vals,addons/quimibond_sgi/models/sgi_nonconformity.py:752,,,
3000,método,sgi.action.line._sgi_check_root_cause_before_capa,addons/quimibond_sgi/models/sgi_nonconformity.py:760,,,
3001,método,sgi.action.line._compute_state,addons/quimibond_sgi/models/sgi_nonconformity.py:780,,,
3002,método,sgi.action.line._sgi_origin,addons/quimibond_sgi/models/sgi_nonconformity.py:793,,,
3003,método,sgi.action.line._sgi_activity_note,addons/quimibond_sgi/models/sgi_nonconformity.py:810,,,
3004,método,sgi.action.line._sgi_sync_activity,addons/quimibond_sgi/models/sgi_nonconformity.py:818,,,
3005,método,sgi.action.line._sgi_close_activity,addons/quimibond_sgi/models/sgi_nonconformity.py:842,,,
3006,método,sgi.action.line.create,addons/quimibond_sgi/models/sgi_nonconformity.py:856,,,
3007,método,sgi.action.line.write,addons/quimibond_sgi/models/sgi_nonconformity.py:861,,,
3008,método,sgi.action.line.unlink,addons/quimibond_sgi/models/sgi_nonconformity.py:891,,,
3009,método,sgi.nc.force.close.action_confirm,addons/quimibond_sgi/models/sgi_nonconformity.py:908,,,
3010,método,sgi.nc.cancel._compute_is_manager,addons/quimibond_sgi/models/sgi_nonconformity.py:939,,,
3011,método,sgi.nc.cancel.action_confirm,addons/quimibond_sgi/models/sgi_nonconformity.py:944,,,
3012,método,sgi.norm.clause._compute_display_name,addons/quimibond_sgi/models/sgi_norm.py:31,,,
3013,método,sgi.process.activity._sgi_norm_labels,addons/quimibond_sgi/models/sgi_norm_compliance.py:30,,,
3014,método,sgi.norm.clause._compute_short_label,addons/quimibond_sgi/models/sgi_norm_compliance.py:56,,,
3015,método,sgi.norm.clause._sgi_find,addons/quimibond_sgi/models/sgi_norm_compliance.py:67,,,
3016,método,sgi.norm.clause._sgi_sort_key,addons/quimibond_sgi/models/sgi_norm_compliance.py:82,,,
3017,método,sgi.norm.clause._compute_sgi_evidence,addons/quimibond_sgi/models/sgi_norm_compliance.py:91,,,
3018,método,sgi.norm.clause._search_covered,addons/quimibond_sgi/models/sgi_norm_compliance.py:105,,,
3019,método,sgi.norm.clause.action_view_alerts,addons/quimibond_sgi/models/sgi_norm_compliance.py:112,,,
3020,método,sgi.norm._sgi_short_code,addons/quimibond_sgi/models/sgi_norm_compliance.py:122,,,
3021,método,sgi.norm._sgi_compliance_matrix,addons/quimibond_sgi/models/sgi_norm_compliance.py:128,,,
3022,método,sgi.norm.action_view_uncovered_clauses,addons/quimibond_sgi/models/sgi_norm_compliance.py:157,,,
3023,método,sgi.audit.checklist.line._compute_norm_clause_ids,addons/quimibond_sgi/models/sgi_norm_compliance.py:174,,,
3024,método,sgi.audit.checklist.line._compute_question,addons/quimibond_sgi/models/sgi_norm_compliance.py:185,,,
3025,método,sgi.audit.checklist.line._sgi_sync_finding,addons/quimibond_sgi/models/sgi_norm_compliance.py:199,,,
3026,método,sgi.audit.action_generate_checklist,addons/quimibond_sgi/models/sgi_norm_compliance.py:210,,,
3027,método,sgi.objective._compute_health,addons/quimibond_sgi/models/sgi_objective.py:49,,,
3028,método,sgi.objective._compute_indicator_count,addons/quimibond_sgi/models/sgi_objective.py:63,,,
3029,método,sgi.objective._compute_display_name,addons/quimibond_sgi/models/sgi_objective.py:71,,,
3030,método,sgi.objective.action_open_indicators,addons/quimibond_sgi/models/sgi_objective.py:78,,,
3031,método,sgi.policy._compute_health,addons/quimibond_sgi/models/sgi_policy.py:50,,,
3032,método,sgi.policy.init,addons/quimibond_sgi/models/sgi_policy.py:54,,,
3033,método,sgi.policy._compute_objective_count,addons/quimibond_sgi/models/sgi_policy.py:76,,,
3034,método,sgi.policy._compute_display_name,addons/quimibond_sgi/models/sgi_policy.py:81,,,
3035,método,sgi.policy._sgi_obsolete_other_vigentes,addons/quimibond_sgi/models/sgi_policy.py:86,,,
3036,método,sgi.policy.action_set_vigente,addons/quimibond_sgi/models/sgi_policy.py:98,,,
3037,método,sgi.policy.action_set_borrador,addons/quimibond_sgi/models/sgi_policy.py:104,,,
3038,método,sgi.policy.action_set_obsoleta,addons/quimibond_sgi/models/sgi_policy.py:108,,,
3039,método,sgi.policy.action_generate_acks,addons/quimibond_sgi/models/sgi_policy.py:112,,,
3040,método,sgi.policy.action_open_objectives,addons/quimibond_sgi/models/sgi_policy.py:131,,,
3041,método,sgi.ppap.create,addons/quimibond_sgi/models/sgi_ppap.py:72,,,
3042,método,sgi.ppap._sgi_submission_for,addons/quimibond_sgi/models/sgi_ppap.py:79,,,
3043,método,sgi.ppap._sgi_generate_elements,addons/quimibond_sgi/models/sgi_ppap.py:87,,,
3044,método,sgi.ppap.write,addons/quimibond_sgi/models/sgi_ppap.py:106,,,
3045,método,sgi.ppap.action_mark_enviado,addons/quimibond_sgi/models/sgi_ppap.py:118,,,
3046,método,sgi.ppap.action_approve,addons/quimibond_sgi/models/sgi_ppap.py:135,,,
3047,método,sgi.ppap.action_set_interino,addons/quimibond_sgi/models/sgi_ppap.py:148,,,
3048,método,sgi.ppap.action_reject,addons/quimibond_sgi/models/sgi_ppap.py:152,,,
3049,método,sgi.ppap.action_reset,addons/quimibond_sgi/models/sgi_ppap.py:156,,,
3050,método,sgi.ppap._compute_display_name,addons/quimibond_sgi/models/sgi_ppap.py:164,,,
3051,método,res.partner._compute_sgi_ppap_count,addons/quimibond_sgi/models/sgi_ppap.py:175,,,
3052,método,res.partner.action_view_sgi_ppap,addons/quimibond_sgi/models/sgi_ppap.py:182,,,
3053,método,product.template._compute_sgi_ppap_count,addons/quimibond_sgi/models/sgi_ppap.py:199,,,
3054,método,product.template.action_view_sgi_ppap,addons/quimibond_sgi/models/sgi_ppap.py:206,,,
3055,método,product.product._compute_sgi_ppap_count,addons/quimibond_sgi/models/sgi_ppap.py:226,,,
3056,método,product.product.action_view_sgi_ppap,addons/quimibond_sgi/models/sgi_ppap.py:230,,,
3057,método,sgi.ppap.element.unlink,addons/quimibond_sgi/models/sgi_ppap.py:262,,,
3058,método,sgi.process._group_expand_process_type,addons/quimibond_sgi/models/sgi_process.py:110,,,
3059,método,sgi.process._compute_owner_valid,addons/quimibond_sgi/models/sgi_process.py:116,,,
3060,método,sgi.process._onchange_owner_id_approver,addons/quimibond_sgi/models/sgi_process.py:122,,,
3061,método,sgi.process._sgi_default_vobo_user,addons/quimibond_sgi/models/sgi_process.py:127,,,
3062,método,sgi.process.create,addons/quimibond_sgi/models/sgi_process.py:138,,,
3063,método,sgi.process._check_parent_recursion,addons/quimibond_sgi/models/sgi_process.py:151,,,
3064,método,sgi.process._compute_health,addons/quimibond_sgi/models/sgi_process.py:155,,,
3065,método,sgi.process._compute_display_name,addons/quimibond_sgi/models/sgi_process.py:242,,,
3066,método,sgi.process._compute_odoo_models,addons/quimibond_sgi/models/sgi_process.py:246,,,
3067,método,sgi.process._compute_counts,addons/quimibond_sgi/models/sgi_process.py:251,,,
3068,método,sgi.process._compute_flow_count,addons/quimibond_sgi/models/sgi_process.py:275,,,
3069,método,sgi.process.action_open_flows,addons/quimibond_sgi/models/sgi_process.py:279,,,
3070,método,sgi.process.action_print_risk_matrix,addons/quimibond_sgi/models/sgi_process.py:291,,,
3071,método,sgi.process.action_print_master_list,addons/quimibond_sgi/models/sgi_process.py:295,,,
3072,método,sgi.process._sgi_master_list_documents,addons/quimibond_sgi/models/sgi_process.py:299,,,
3073,método,sgi.process.action_open_documents,addons/quimibond_sgi/models/sgi_process.py:308,,,
3074,método,sgi.process.action_open_indicators,addons/quimibond_sgi/models/sgi_process.py:329,,,
3075,método,sgi.process.action_open_risks,addons/quimibond_sgi/models/sgi_process.py:340,,,
3076,método,sgi.process.action_open_ncs,addons/quimibond_sgi/models/sgi_process.py:351,,,
3077,método,sgi.process.action_open_overdue_actions,addons/quimibond_sgi/models/sgi_process.py:362,,,
3078,método,sgi.process.action_open_red_kpis,addons/quimibond_sgi/models/sgi_process.py:379,,,
3079,método,sgi.process.action_open_high_risks,addons/quimibond_sgi/models/sgi_process.py:394,,,
3080,método,sgi.process.flow._check_from_to,addons/quimibond_sgi/models/sgi_process.py:426,,,
3081,método,sgi.process.flow._sgi_records_domain,addons/quimibond_sgi/models/sgi_process.py:431,,,
3082,método,sgi.process.flow.action_view_records,addons/quimibond_sgi/models/sgi_process.py:441,,,
3083,método,sgi.process._compute_activity_count,addons/quimibond_sgi/models/sgi_process_procedure.py:122,,,
3084,método,sgi.process._compute_inbound_references,addons/quimibond_sgi/models/sgi_process_procedure.py:139,,,
3085,método,sgi.process.action_view_inbound_references,addons/quimibond_sgi/models/sgi_process_procedure.py:175,,,
3086,método,sgi.process._compute_chain_link_count,addons/quimibond_sgi/models/sgi_process_procedure.py:192,,,
3087,método,sgi.process.action_view_chain,addons/quimibond_sgi/models/sgi_process_procedure.py:219,,,
3088,método,sgi.process._compute_measure_stats,addons/quimibond_sgi/models/sgi_process_procedure.py:233,,,
3089,método,sgi.process._compute_measure_methods,addons/quimibond_sgi/models/sgi_process_procedure.py:244,,,
3090,método,sgi.process._compute_activity_board,addons/quimibond_sgi/models/sgi_process_procedure.py:264,,,
3091,método,sgi.process._compute_measure_status,addons/quimibond_sgi/models/sgi_process_procedure.py:294,,,
3092,método,sgi.process._compute_chain_link_ids,addons/quimibond_sgi/models/sgi_process_procedure.py:304,,,
3093,método,sgi.process.action_view_activities,addons/quimibond_sgi/models/sgi_process_procedure.py:311,,,
3094,método,sgi.process.action_view_red_activities,addons/quimibond_sgi/models/sgi_process_procedure.py:324,,,
3095,método,sgi.process.action_view_no_method_activities,addons/quimibond_sgi/models/sgi_process_procedure.py:327,,,
3096,método,sgi.process._sgi_measure_strict,addons/quimibond_sgi/models/sgi_process_procedure.py:330,,,
3097,método,sgi.process._sgi_flag_procedure_dirty,addons/quimibond_sgi/models/sgi_process_procedure.py:341,,,
3098,método,sgi.process.write,addons/quimibond_sgi/models/sgi_process_procedure.py:379,,,
3099,método,sgi.process._sgi_procedure_document,addons/quimibond_sgi/models/sgi_process_procedure.py:386,,,
3100,método,sgi.process._sgi_format_revision,addons/quimibond_sgi/models/sgi_process_procedure.py:395,,,
3101,método,sgi.process._sgi_document_by_code,addons/quimibond_sgi/models/sgi_process_procedure.py:400,,,
3102,método,sgi.process._sgi_env_risks,addons/quimibond_sgi/models/sgi_process_procedure.py:406,,,
3103,método,sgi.process._sgi_iper_risks,addons/quimibond_sgi/models/sgi_process_procedure.py:411,,,
3104,método,sgi.process._sgi_documented_info,addons/quimibond_sgi/models/sgi_process_procedure.py:416,,,
3105,método,sgi.process.action_print_procedure,addons/quimibond_sgi/models/sgi_process_procedure.py:428,,,
3106,método,sgi.process.responsibility._onchange_job_id,addons/quimibond_sgi/models/sgi_process_procedure.py:457,,,
3107,método,sgi.process.responsibility.create,addons/quimibond_sgi/models/sgi_process_procedure.py:462,,,
3108,método,sgi.process.responsibility.write,addons/quimibond_sgi/models/sgi_process_procedure.py:467,,,
3109,método,sgi.process.responsibility.unlink,addons/quimibond_sgi/models/sgi_process_procedure.py:472,,,
3110,método,sgi.process.activity._compute_responsible_job_ids,addons/quimibond_sgi/models/sgi_process_procedure.py:602,,,
3111,método,sgi.process.activity._inverse_responsible_job_ids,addons/quimibond_sgi/models/sgi_process_procedure.py:609,,,
3112,método,sgi.process.activity._compute_role_views,addons/quimibond_sgi/models/sgi_process_procedure.py:632,,,
3113,método,sgi.process.activity._compute_recent_exec_stat_ids,addons/quimibond_sgi/models/sgi_process_procedure.py:639,,,
3114,método,sgi.process.activity._sgi_executor_jobs,addons/quimibond_sgi/models/sgi_process_procedure.py:648,,,
3115,método,sgi.process.activity._sgi_check_roles,addons/quimibond_sgi/models/sgi_process_procedure.py:658,,,
3116,método,sgi.process.activity._check_roles,addons/quimibond_sgi/models/sgi_process_procedure.py:689,,,
3117,método,sgi.process.activity._sgi_measure_problems,addons/quimibond_sgi/models/sgi_process_procedure.py:692,,,
3118,método,sgi.process.activity._sgi_check_measure_strict,addons/quimibond_sgi/models/sgi_process_procedure.py:711,,,
3119,método,sgi.process.activity._check_measure_method,addons/quimibond_sgi/models/sgi_process_procedure.py:734,,,
3120,método,sgi.process.activity._check_proxy_cycle,addons/quimibond_sgi/models/sgi_process_procedure.py:738,,,
3121,método,sgi.process.activity._sgi_proxy_root,addons/quimibond_sgi/models/sgi_process_procedure.py:752,,,
3122,método,sgi.process.activity._compute_number,addons/quimibond_sgi/models/sgi_process_procedure.py:767,,,
3123,método,sgi.process.activity._compute_section,addons/quimibond_sgi/models/sgi_process_procedure.py:773,,,
3124,método,sgi.process.activity._check_stage_process,addons/quimibond_sgi/models/sgi_process_procedure.py:778,,,
3125,método,sgi.process.activity._sgi_parse_number,addons/quimibond_sgi/models/sgi_process_procedure.py:785,,,
3126,método,sgi.process.activity._sgi_structure_vals,addons/quimibond_sgi/models/sgi_process_procedure.py:798,,,
3127,método,sgi.process.activity._sgi_next_step,addons/quimibond_sgi/models/sgi_process_procedure.py:817,,,
3128,método,sgi.process.activity._compute_chain,addons/quimibond_sgi/models/sgi_process_procedure.py:824,,,
3129,método,sgi.process.activity.action_open_next,addons/quimibond_sgi/models/sgi_process_procedure.py:829,,,
3130,método,sgi.process.activity._compute_measure_model_name,addons/quimibond_sgi/models/sgi_process_procedure.py:983,,,
3131,método,sgi.process.activity._inverse_measure_model_name,addons/quimibond_sgi/models/sgi_process_procedure.py:987,,,
3132,método,sgi.process.activity._sgi_measure_domain,addons/quimibond_sgi/models/sgi_process_procedure.py:995,,,
3133,método,sgi.process.activity._sgi_measure,addons/quimibond_sgi/models/sgi_process_procedure.py:1010,,,
3134,método,sgi.process.activity._sgi_write_if_changed,addons/quimibond_sgi/models/sgi_process_procedure.py:1039,,,
3135,método,sgi.process.activity._sgi_measure_odoo,addons/quimibond_sgi/models/sgi_process_procedure.py:1046,,,
3136,método,sgi.process.activity._sgi_generic_user_ids,addons/quimibond_sgi/models/sgi_process_procedure.py:1093,,,
3137,método,sgi.process.activity._sgi_exec_window_start,addons/quimibond_sgi/models/sgi_process_procedure.py:1103,,,
3138,método,sgi.process.activity._sgi_replace_exec_stats,addons/quimibond_sgi/models/sgi_process_procedure.py:1110,,,
3139,método,sgi.process.activity._sgi_measure_executors,addons/quimibond_sgi/models/sgi_process_procedure.py:1133,,,
3140,método,sgi.process.activity._sgi_resolve_menu,addons/quimibond_sgi/models/sgi_process_procedure.py:1248,,,
3141,método,sgi.process.activity.cron_measure_activities,addons/quimibond_sgi/models/sgi_process_procedure.py:1264,,,
3142,método,sgi.process.activity._sgi_checked_measure_domain,addons/quimibond_sgi/models/sgi_process_procedure.py:1296,,,
3143,método,sgi.process.activity.action_view_measure_records,addons/quimibond_sgi/models/sgi_process_procedure.py:1315,,,
3144,método,sgi.process.activity._compute_display_name,addons/quimibond_sgi/models/sgi_process_procedure.py:1332,,,
3145,método,sgi.process.activity._onchange_odoo_menu_id,addons/quimibond_sgi/models/sgi_process_procedure.py:1339,,,
3146,método,sgi.process.activity.action_open_odoo,addons/quimibond_sgi/models/sgi_process_procedure.py:1344,,,
3147,método,sgi.process.activity.create,addons/quimibond_sgi/models/sgi_process_procedure.py:1360,,,
3148,método,sgi.process.activity.write,addons/quimibond_sgi/models/sgi_process_procedure.py:1381,,,
3149,método,sgi.process.activity.unlink,addons/quimibond_sgi/models/sgi_process_procedure.py:1402,,,
3150,método,sgi.activity.link._compute_cross,addons/quimibond_sgi/models/sgi_process_procedure.py:1464,,,
3151,método,sgi.activity.link._sgi_evaluate_chain,addons/quimibond_sgi/models/sgi_process_procedure.py:1469,,,
3152,método,sgi.activity.link._sgi_chain_nc_open,addons/quimibond_sgi/models/sgi_process_procedure.py:1525,,,
3153,método,sgi.activity.link._sgi_create_chain_nc,addons/quimibond_sgi/models/sgi_process_procedure.py:1532,,,
3154,método,sgi.activity.link._check_not_self,addons/quimibond_sgi/models/sgi_process_procedure.py:1573,,,
3155,método,sgi.activity.link.create,addons/quimibond_sgi/models/sgi_process_procedure.py:1580,,,
3156,método,sgi.activity.link.write,addons/quimibond_sgi/models/sgi_process_procedure.py:1586,,,
3157,método,sgi.activity.link.unlink,addons/quimibond_sgi/models/sgi_process_procedure.py:1594,,,
3158,método,stock.picking._compute_sgi_delivery_picking,addons/quimibond_sgi/models/sgi_release.py:59,,,
3159,método,stock.picking._sgi_release_block_enabled,addons/quimibond_sgi/models/sgi_release.py:78,,,
3160,método,stock.picking._sgi_unreleased_lines,addons/quimibond_sgi/models/sgi_release.py:83,,,
3161,método,stock.picking._sgi_check_release,addons/quimibond_sgi/models/sgi_release.py:110,,,
3162,método,stock.picking.button_validate,addons/quimibond_sgi/models/sgi_release.py:127,,,
3163,método,sgi.risk._sgi_level,addons/quimibond_sgi/models/sgi_risk.py:140,,,
3164,método,sgi.risk._check_iper_scale,addons/quimibond_sgi/models/sgi_risk.py:172,,,
3165,método,sgi.risk._check_foda_type,addons/quimibond_sgi/models/sgi_risk.py:183,,,
3166,método,sgi.risk._compute_score,addons/quimibond_sgi/models/sgi_risk.py:189,,,
3167,método,sgi.risk._compute_residual,addons/quimibond_sgi/models/sgi_risk.py:199,,,
3168,método,sgi.risk._compute_semaphore,addons/quimibond_sgi/models/sgi_risk.py:210,,,
3169,método,sgi.risk._compute_high_without_action,addons/quimibond_sgi/models/sgi_risk.py:222,,,
3170,método,sgi.risk._sgi_next_semester,addons/quimibond_sgi/models/sgi_risk.py:229,,,
3171,método,sgi.risk.action_evaluate,addons/quimibond_sgi/models/sgi_risk.py:235,,,
3172,método,sgi.risk._compute_has_finished_actions,addons/quimibond_sgi/models/sgi_risk.py:250,,,
3173,método,sgi.risk._compute_display_name,addons/quimibond_sgi/models/sgi_risk.py:256,,,
3174,método,sgi.risk._compute_sgi_nc_count,addons/quimibond_sgi/models/sgi_risk.py:262,,,
3175,método,sgi.risk.action_view_sgi_ncs,addons/quimibond_sgi/models/sgi_risk.py:266,,,
3176,método,sgi.risk._sgi_check_can_close,addons/quimibond_sgi/models/sgi_risk.py:283,,,
3177,método,sgi.risk.write,addons/quimibond_sgi/models/sgi_risk.py:307,,,
3178,método,sgi.risk.action_set_en_tratamiento,addons/quimibond_sgi/models/sgi_risk.py:318,,,
3179,método,sgi.risk.action_set_controlado,addons/quimibond_sgi/models/sgi_risk.py:322,,,
3180,método,sgi.risk.action_set_cerrado,addons/quimibond_sgi/models/sgi_risk.py:326,,,
3181,método,sgi.risk.action_set_identificado,addons/quimibond_sgi/models/sgi_risk.py:330,,,
3182,método,sale.order._sgi_commitment_stamp,addons/quimibond_sgi/models/sgi_sale_commitment.py:25,,,
3183,método,sale.order.create,addons/quimibond_sgi/models/sgi_sale_commitment.py:30,,,
3184,método,sale.order.write,addons/quimibond_sgi/models/sgi_sale_commitment.py:36,,,
3185,método,sgi.sales.budget._compute_needs_justification,addons/quimibond_sgi/models/sgi_sales_budget.py:146,,,
3186,método,sgi.sales.budget._compute_name,addons/quimibond_sgi/models/sgi_sales_budget.py:157,,,
3187,método,sgi.sales.budget._compute_line_count,addons/quimibond_sgi/models/sgi_sales_budget.py:169,,,
3188,método,sgi.sales.budget._compute_amount_totals,addons/quimibond_sgi/models/sgi_sales_budget.py:175,,,
3189,método,sgi.sales.budget._compute_qty_texts,addons/quimibond_sgi/models/sgi_sales_budget.py:186,,,
3190,método,sgi.sales.budget._sgi_qty_text,addons/quimibond_sgi/models/sgi_sales_budget.py:191,,,
3191,método,sgi.sales.budget._compute_unconverted_count,addons/quimibond_sgi/models/sgi_sales_budget.py:205,,,
3192,método,sgi.sales.budget._compute_amount_currency_text,addons/quimibond_sgi/models/sgi_sales_budget.py:211,,,
3193,método,sgi.sales.budget._compute_no_price_count,addons/quimibond_sgi/models/sgi_sales_budget.py:225,,,
3194,método,sgi.sales.budget.action_view_no_price,addons/quimibond_sgi/models/sgi_sales_budget.py:230,,,
3195,método,sgi.sales.budget._compute_price_deviation_count,addons/quimibond_sgi/models/sgi_sales_budget.py:241,,,
3196,método,sgi.sales.budget.action_view_price_deviations,addons/quimibond_sgi/models/sgi_sales_budget.py:246,,,
3197,método,sgi.sales.budget.action_price_coverage_report,addons/quimibond_sgi/models/sgi_sales_budget.py:257,,,
3198,método,sgi.sales.budget._compute_uncovered_count,addons/quimibond_sgi/models/sgi_sales_budget.py:271,,,
3199,método,sgi.sales.budget.action_view_uncovered,addons/quimibond_sgi/models/sgi_sales_budget.py:276,,,
3200,método,sgi.sales.budget._sgi_horizon_mondays,addons/quimibond_sgi/models/sgi_sales_budget.py:287,,,
3201,método,sgi.sales.budget._sgi_orders_without_forecast,addons/quimibond_sgi/models/sgi_sales_budget.py:296,,,
3202,método,sgi.sales.budget.action_view_orders_without_forecast,addons/quimibond_sgi/models/sgi_sales_budget.py:323,,,
3203,método,sgi.sales.budget._sgi_team_year_real,addons/quimibond_sgi/models/sgi_sales_budget.py:334,,,
3204,método,sgi.sales.budget._compute_unbudgeted,addons/quimibond_sgi/models/sgi_sales_budget.py:351,,,
3205,método,sgi.sales.budget._sgi_reconcile_data,addons/quimibond_sgi/models/sgi_sales_budget.py:357,,,
3206,método,sgi.sales.budget.action_reconcile_invoiced,addons/quimibond_sgi/models/sgi_sales_budget.py:436,,,
3207,método,sgi.sales.budget._check_unique_active,addons/quimibond_sgi/models/sgi_sales_budget.py:492,,,
3208,método,sgi.sales.budget._check_forecast_partner,addons/quimibond_sgi/models/sgi_sales_budget.py:514,,,
3209,método,sgi.sales.budget.unlink,addons/quimibond_sgi/models/sgi_sales_budget.py:521,,,
3210,método,sgi.sales.budget._sgi_locked_records,addons/quimibond_sgi/models/sgi_sales_budget.py:529,,,
3211,método,sgi.sales.budget._sgi_no_price_pairs,addons/quimibond_sgi/models/sgi_sales_budget.py:538,,,
3212,método,sgi.sales.budget._sgi_can_review,addons/quimibond_sgi/models/sgi_sales_budget.py:549,,,
3213,método,sgi.sales.budget.action_send_to_review,addons/quimibond_sgi/models/sgi_sales_budget.py:555,,,
3214,método,sgi.sales.budget.action_approve,addons/quimibond_sgi/models/sgi_sales_budget.py:584,,,
3215,método,sgi.sales.budget.action_set_borrador,addons/quimibond_sgi/models/sgi_sales_budget.py:628,,,
3216,método,sgi.sales.budget.action_set_obsoleto,addons/quimibond_sgi/models/sgi_sales_budget.py:632,,,
3217,método,sgi.sales.budget.action_revise,addons/quimibond_sgi/models/sgi_sales_budget.py:636,,,
3218,método,sgi.sales.budget.action_open_lines,addons/quimibond_sgi/models/sgi_sales_budget.py:667,,,
3219,método,sgi.sales.budget._action_grid,addons/quimibond_sgi/models/sgi_sales_budget.py:678,,,
3220,método,sgi.sales.budget.action_open_grid_qty,addons/quimibond_sgi/models/sgi_sales_budget.py:694,,,
3221,método,sgi.sales.budget.action_open_comparison,addons/quimibond_sgi/models/sgi_sales_budget.py:698,,,
3222,método,sgi.sales.budget.action_open_analysis,addons/quimibond_sgi/models/sgi_sales_budget.py:710,,,
3223,método,sgi.sales.budget.action_open_cumulative,addons/quimibond_sgi/models/sgi_sales_budget.py:728,,,
3224,método,sgi.sales.budget._report_matrix,addons/quimibond_sgi/models/sgi_sales_budget.py:743,,,
3225,método,sgi.sales.budget._report_forecast_matrix,addons/quimibond_sgi/models/sgi_sales_budget.py:806,,,
3226,método,sgi.sales.budget._sgi_format_code,addons/quimibond_sgi/models/sgi_sales_budget.py:840,,,
3227,método,sgi.sales.budget.action_print_budget,addons/quimibond_sgi/models/sgi_sales_budget.py:846,,,
3228,método,sgi.sales.budget._sgi_historical_products,addons/quimibond_sgi/models/sgi_sales_budget.py:856,,,
3229,método,sgi.sales.budget._sgi_historical_pairs,addons/quimibond_sgi/models/sgi_sales_budget.py:877,,,
3230,método,sgi.sales.budget.action_download_template,addons/quimibond_sgi/models/sgi_sales_budget.py:897,,,
3231,método,sgi.sales.budget.action_refresh_actuals,addons/quimibond_sgi/models/sgi_sales_budget.py:947,,,
3232,método,sgi.sales.budget._compute_mps_available,addons/quimibond_sgi/models/sgi_sales_budget.py:961,,,
3233,método,sgi.sales.budget._sgi_committed_by_week,addons/quimibond_sgi/models/sgi_sales_budget.py:966,,,
3234,método,sgi.sales.budget.action_preload_from_orders,addons/quimibond_sgi/models/sgi_sales_budget.py:998,,,
3235,método,sgi.sales.budget._preload_forecast_from_orders,addons/quimibond_sgi/models/sgi_sales_budget.py:1014,,,
3236,método,sgi.sales.budget._preload_budget_proposals,addons/quimibond_sgi/models/sgi_sales_budget.py:1035,,,
3237,método,sgi.sales.budget._preload_budget_from_forecast_and_real,addons/quimibond_sgi/models/sgi_sales_budget.py:1088,,,
3238,método,sgi.sales.budget._sgi_forecast_covered_products,addons/quimibond_sgi/models/sgi_sales_budget.py:1137,,,
3239,método,sgi.sales.budget._sgi_mps_warehouse,addons/quimibond_sgi/models/sgi_sales_budget.py:1150,,,
3240,método,sgi.sales.budget._sgi_push_forecast_cells,addons/quimibond_sgi/models/sgi_sales_budget.py:1158,,,
3241,método,sgi.sales.budget.action_send_to_mps,addons/quimibond_sgi/models/sgi_sales_budget.py:1185,,,
3242,método,sgi.sales.budget._send_forecast_to_mps,addons/quimibond_sgi/models/sgi_sales_budget.py:1200,,,
3243,método,sgi.sales.budget._send_budget_to_mps,addons/quimibond_sgi/models/sgi_sales_budget.py:1221,,,
3244,método,sgi.sales.budget.action_open_import,addons/quimibond_sgi/models/sgi_sales_budget.py:1250,,,
3245,método,sgi.sales.budget.import._onchange_file,addons/quimibond_sgi/models/sgi_sales_budget_import.py:57,,,
3246,método,sgi.sales.budget.import._load_workbook,addons/quimibond_sgi/models/sgi_sales_budget_import.py:70,,,
3247,método,sgi.sales.budget.import._parse_header,addons/quimibond_sgi/models/sgi_sales_budget_import.py:83,,,
3248,método,sgi.sales.budget.import._match_product,addons/quimibond_sgi/models/sgi_sales_budget_import.py:127,,,
3249,método,sgi.sales.budget.import._norm_apostrophe,addons/quimibond_sgi/models/sgi_sales_budget_import.py:142,,,
3250,método,sgi.sales.budget.import._match_partner,addons/quimibond_sgi/models/sgi_sales_budget_import.py:147,,,
3251,método,sgi.sales.budget.import._as_number,addons/quimibond_sgi/models/sgi_sales_budget_import.py:183,,,
3252,método,sgi.sales.budget.import._as_int,addons/quimibond_sgi/models/sgi_sales_budget_import.py:195,,,
3253,método,sgi.sales.budget.import._week_monday,addons/quimibond_sgi/models/sgi_sales_budget_import.py:202,,,
3254,método,sgi.sales.budget.import._parse_forecast_header,addons/quimibond_sgi/models/sgi_sales_budget_import.py:209,,,
3255,método,sgi.sales.budget.import._resolve_uom,addons/quimibond_sgi/models/sgi_sales_budget_import.py:236,,,
3256,método,sgi.sales.budget.import.action_import,addons/quimibond_sgi/models/sgi_sales_budget_import.py:254,,,
3257,método,sgi.sales.budget.import._import_monthly,addons/quimibond_sgi/models/sgi_sales_budget_import.py:283,,,
3258,método,sgi.sales.budget.import._import_forecast,addons/quimibond_sgi/models/sgi_sales_budget_import.py:341,,,
3259,método,sgi.sales.budget.import._upsert_line,addons/quimibond_sgi/models/sgi_sales_budget_import.py:386,,,
3260,método,sgi.sales.budget.import._result_body,addons/quimibond_sgi/models/sgi_sales_budget_import.py:416,,,
3261,método,sgi.sales.budget.line._compute_display_name,addons/quimibond_sgi/models/sgi_sales_budget_line.py:180,,,
3262,método,sgi.sales.budget.line._compute_amount_budget,addons/quimibond_sgi/models/sgi_sales_budget_line.py:193,,,
3263,método,sgi.sales.budget.line._onchange_product_id,addons/quimibond_sgi/models/sgi_sales_budget_line.py:199,,,
3264,método,sgi.sales.budget.line._compute_price,addons/quimibond_sgi/models/sgi_sales_budget_line.py:204,,,
3265,método,sgi.sales.budget.line._sgi_default_pricelist,addons/quimibond_sgi/models/sgi_sales_budget_line.py:219,,,
3266,método,sgi.sales.budget.line._sgi_min_plausible,addons/quimibond_sgi/models/sgi_sales_budget_line.py:237,,,
3267,método,sgi.sales.budget.line._sgi_pricelist_price,addons/quimibond_sgi/models/sgi_sales_budget_line.py:243,,,
3268,método,sgi.sales.budget.line._sgi_planning_factor,addons/quimibond_sgi/models/sgi_sales_budget_line.py:315,,,
3269,método,sgi.sales.budget.line._sgi_to_company_price,addons/quimibond_sgi/models/sgi_sales_budget_line.py:335,,,
3270,método,sgi.sales.budget.line._check_date_in_year,addons/quimibond_sgi/models/sgi_sales_budget_line.py:352,,,
3271,método,sgi.sales.budget.line._check_forecast_partner,addons/quimibond_sgi/models/sgi_sales_budget_line.py:370,,,
3272,método,sgi.sales.budget.line._check_no_mixed_scheme,addons/quimibond_sgi/models/sgi_sales_budget_line.py:379,,,
3273,método,sgi.sales.budget.line._check_uom_category,addons/quimibond_sgi/models/sgi_sales_budget_line.py:407,,,
3274,método,sgi.sales.budget.line._sgi_month_bounds,addons/quimibond_sgi/models/sgi_sales_budget_line.py:418,,,
3275,método,sgi.sales.budget.line._compute_real,addons/quimibond_sgi/models/sgi_sales_budget_line.py:428,,,
3276,método,sgi.sales.budget.line._sgi_compute_real_invoiced,addons/quimibond_sgi/models/sgi_sales_budget_line.py:437,,,
3277,método,sgi.sales.budget.line._sgi_set_price_gap,addons/quimibond_sgi/models/sgi_sales_budget_line.py:511,,,
3278,método,sgi.sales.budget.line._sgi_company_to_list_price,addons/quimibond_sgi/models/sgi_sales_budget_line.py:539,,,
3279,método,sgi.sales.budget.line._sgi_effective_monday,addons/quimibond_sgi/models/sgi_sales_budget_line.py:552,,,
3280,método,sgi.sales.budget.line._sgi_forecast_sols,addons/quimibond_sgi/models/sgi_sales_budget_line.py:562,,,
3281,método,sgi.sales.budget.line._sgi_compute_real_committed,addons/quimibond_sgi/models/sgi_sales_budget_line.py:578,,,
3282,método,sgi.sales.budget.line._sgi_set_coverage,addons/quimibond_sgi/models/sgi_sales_budget_line.py:636,,,
3283,método,sgi.sales.budget.line.action_view_week_orders,addons/quimibond_sgi/models/sgi_sales_budget_line.py:652,,,
3284,método,sgi.sales.budget.line.action_create_draft_quotation,addons/quimibond_sgi/models/sgi_sales_budget_line.py:665,,,
3285,método,sgi.sales.budget.line.action_view_month_invoices,addons/quimibond_sgi/models/sgi_sales_budget_line.py:711,,,
3286,método,sgi.sales.budget.line._compute_ordered,addons/quimibond_sgi/models/sgi_sales_budget_line.py:736,,,
3287,método,sgi.sales.budget.line._compute_net_demand,addons/quimibond_sgi/models/sgi_sales_budget_line.py:780,,,
3288,método,sgi.sales.budget.line._compute_avg_prices,addons/quimibond_sgi/models/sgi_sales_budget_line.py:785,,,
3289,método,sgi.sales.budget.line._compute_qty_forecast,addons/quimibond_sgi/models/sgi_sales_budget_line.py:793,,,
3290,método,sgi.sales.budget.line.create,addons/quimibond_sgi/models/sgi_sales_budget_line.py:839,,,
3291,método,sgi.sales.budget.line._sgi_reopen_reviewed_parents,addons/quimibond_sgi/models/sgi_sales_budget_line.py:853,,,
3292,método,sgi.sales.budget.line._sgi_locked_lines,addons/quimibond_sgi/models/sgi_sales_budget_line.py:870,,,
3293,método,sgi.sales.budget.line.write,addons/quimibond_sgi/models/sgi_sales_budget_line.py:877,,,
3294,método,sgi.sales.budget.line.unlink,addons/quimibond_sgi/models/sgi_sales_budget_line.py:900,,,
3295,método,sgi.sales.budget.line._grid_cell_vals_from_domain,addons/quimibond_sgi/models/sgi_sales_budget_line.py:920,,,
3296,método,sgi.sales.budget.line.grid_update_cell,addons/quimibond_sgi/models/sgi_sales_budget_line.py:939,,,
3297,método,res.config.settings.get_values,addons/quimibond_sgi/models/sgi_settings.py:186,,,
3298,método,res.config.settings.set_values,addons/quimibond_sgi/models/sgi_settings.py:216,,,
3299,método,sgi.sign.builder._sgi_box,addons/quimibond_sgi/models/sgi_sign_builder.py:30,,,
3300,método,sgi.sign.builder._sgi_render_pdf,addons/quimibond_sgi/models/sgi_sign_builder.py:37,,,
3301,método,sgi.sign.builder._sgi_append,addons/quimibond_sgi/models/sgi_sign_builder.py:42,,,
3302,método,sgi.sign.builder._sgi_attachment_pdf,addons/quimibond_sgi/models/sgi_sign_builder.py:63,,,
3303,método,sgi.sign.builder._sgi_signature_type,addons/quimibond_sgi/models/sgi_sign_builder.py:71,,,
3304,método,sgi.sign.builder._sgi_template,addons/quimibond_sgi/models/sgi_sign_builder.py:76,,,
3305,método,sgi.sign.builder._sgi_request,addons/quimibond_sgi/models/sgi_sign_builder.py:90,,,
3306,método,documents.document.write,addons/quimibond_sgi/models/sgi_sign_elearning.py:34,,,
3307,método,documents.document._sgi_ack_sign_template,addons/quimibond_sgi/models/sgi_sign_elearning.py:39,,,
3308,método,documents.document.action_sgi_send_sign_requests,addons/quimibond_sgi/models/sgi_sign_elearning.py:58,,,
3309,método,sgi.document.ack._sgi_sync_from_sign,addons/quimibond_sgi/models/sgi_sign_elearning.py:130,,,
3310,método,slide.channel._sgi_employee_for_partner,addons/quimibond_sgi/models/sgi_sign_elearning.py:161,,,
3311,método,slide.channel._sgi_sync_completions,addons/quimibond_sgi/models/sgi_sign_elearning.py:171,,,
3312,método,sgi.sign.record.mixin._sgi_sign_domain,addons/quimibond_sgi/models/sgi_sign_record.py:26,,,
3313,método,sgi.sign.record.mixin._compute_sgi_sign_requests,addons/quimibond_sgi/models/sgi_sign_record.py:29,,,
3314,método,sgi.sign.record.mixin._search_sgi_signed,addons/quimibond_sgi/models/sgi_sign_record.py:44,,,
3315,método,sgi.sign.record.mixin.action_sgi_sign,addons/quimibond_sgi/models/sgi_sign_record.py:53,,,
3316,método,sgi.sign.record.mixin.action_sgi_view_sign_requests,addons/quimibond_sgi/models/sgi_sign_record.py:62,,,
3317,método,product.product.action_sgi_sign,addons/quimibond_sgi/models/sgi_sign_record.py:99,,,
3318,método,product.product.action_sgi_view_sign_requests,addons/quimibond_sgi/models/sgi_sign_record.py:103,,,
3319,método,sgi.sign.request.wizard.action_confirm,addons/quimibond_sgi/models/sgi_sign_record.py:118,,,
3320,método,sgi.deliverable._onchange_survey_id,addons/quimibond_sgi/models/sgi_sign_record.py:155,,,
3321,método,sgi.deliverable._sgi_signed_ids,addons/quimibond_sgi/models/sgi_sign_record.py:162,,,
3322,método,sgi.staff.efficiency._compute_name,addons/quimibond_sgi/models/sgi_staff_efficiency.py:54,,,
3323,método,sgi.staff.efficiency._sgi_default_department,addons/quimibond_sgi/models/sgi_staff_efficiency.py:60,,,
3324,método,sgi.staff.efficiency._compute_totals,addons/quimibond_sgi/models/sgi_staff_efficiency.py:64,,,
3325,método,sgi.staff.efficiency._compute_amount_total,addons/quimibond_sgi/models/sgi_staff_efficiency.py:69,,,
3326,método,sgi.staff.efficiency._period_bounds,addons/quimibond_sgi/models/sgi_staff_efficiency.py:75,,,
3327,método,sgi.staff.efficiency.action_load_employees,addons/quimibond_sgi/models/sgi_staff_efficiency.py:80,,,
3328,método,sgi.staff.efficiency.action_compute_efficiency,addons/quimibond_sgi/models/sgi_staff_efficiency.py:95,,,
3329,método,sgi.staff.efficiency.action_close,addons/quimibond_sgi/models/sgi_staff_efficiency.py:129,,,
3330,método,sgi.staff.efficiency.action_receive,addons/quimibond_sgi/models/sgi_staff_efficiency.py:146,,,
3331,método,sgi.staff.efficiency.action_reopen,addons/quimibond_sgi/models/sgi_staff_efficiency.py:157,,,
3332,método,sgi.staff.efficiency.sgi_show_money,addons/quimibond_sgi/models/sgi_staff_efficiency.py:161,,,
3333,método,sgi.staff.efficiency.sgi_format_info,addons/quimibond_sgi/models/sgi_staff_efficiency.py:166,,,
3334,método,sgi.staff.efficiency.line._compute_wage_daily,addons/quimibond_sgi/models/sgi_staff_efficiency.py:205,,,
3335,método,sgi.staff.efficiency.line._compute_wage_monthly,addons/quimibond_sgi/models/sgi_staff_efficiency.py:212,,,
3336,método,sgi.staff.efficiency.line._compute_total_pct,addons/quimibond_sgi/models/sgi_staff_efficiency.py:219,,,
3337,método,sgi.staff.efficiency.line._compute_amounts,addons/quimibond_sgi/models/sgi_staff_efficiency.py:225,,,
3338,método,sgi.staff.efficiency.line._check_maxima,addons/quimibond_sgi/models/sgi_staff_efficiency.py:232,,,
3339,método,sgi.process._compute_nc_open_ids,addons/quimibond_sgi/models/sgi_structure.py:29,,,
3340,método,sgi.process._compute_structure_status,addons/quimibond_sgi/models/sgi_structure.py:42,,,
3341,método,sgi.process.action_sgi_request_change,addons/quimibond_sgi/models/sgi_structure.py:61,,,
3342,método,sgi.process.action_sgi_register_finding,addons/quimibond_sgi/models/sgi_structure.py:90,,,
3343,método,sgi.process.action_sgi_view_flows,addons/quimibond_sgi/models/sgi_structure.py:104,,,
3344,método,sgi.process.activity.action_open_instruction,addons/quimibond_sgi/models/sgi_structure.py:122,,,
3345,método,sgi.process.activity.action_sgi_register_finding,addons/quimibond_sgi/models/sgi_structure.py:129,,,
3346,método,sgi.process.activity.action_view_recent_records,addons/quimibond_sgi/models/sgi_structure.py:137,,,
3347,método,res.partner._compute_sgi_eval_count,addons/quimibond_sgi/models/sgi_supplier_eval.py:45,,,
3348,método,res.partner.action_sgi_approve_supplier,addons/quimibond_sgi/models/sgi_supplier_eval.py:52,,,
3349,método,res.partner.action_sgi_block_supplier,addons/quimibond_sgi/models/sgi_supplier_eval.py:64,,,
3350,método,res.partner.action_sgi_open_evals,addons/quimibond_sgi/models/sgi_supplier_eval.py:72,,,
3351,método,sgi.supplier.eval._sgi_critical_categ_ids,addons/quimibond_sgi/models/sgi_supplier_eval.py:90,,,
3352,método,sgi.supplier.eval._compute_metrics,addons/quimibond_sgi/models/sgi_supplier_eval.py:130,,,
3353,método,sgi.supplier.eval._sgi_class_from_score,addons/quimibond_sgi/models/sgi_supplier_eval.py:158,,,
3354,método,sgi.supplier.eval._sgi_compute_otd,addons/quimibond_sgi/models/sgi_supplier_eval.py:165,,,
3355,método,sgi.supplier.eval._sgi_count_ncs,addons/quimibond_sgi/models/sgi_supplier_eval.py:203,,,
3356,método,sgi.supplier.eval.action_recompute,addons/quimibond_sgi/models/sgi_supplier_eval.py:214,,,
3357,método,sgi.supplier.eval.action_apply_to_partner,addons/quimibond_sgi/models/sgi_supplier_eval.py:221,,,
3358,método,sgi.supplier.eval._compute_display_name,addons/quimibond_sgi/models/sgi_supplier_eval.py:231,,,
3359,método,quality.alert._compute_sgi_supplier_id,addons/quimibond_sgi/models/sgi_supplier_nc.py:37,,,
3360,método,quality.alert._compute_sgi_supplier_overdue,addons/quimibond_sgi/models/sgi_supplier_nc.py:43,,,
3361,método,quality.alert._compute_access_url,addons/quimibond_sgi/models/sgi_supplier_nc.py:50,,,
3362,método,quality.alert.action_sgi_send_to_supplier,addons/quimibond_sgi/models/sgi_supplier_nc.py:55,,,
3363,método,quality.alert.sgi_supplier_answer,addons/quimibond_sgi/models/sgi_supplier_nc.py:87,,,
3364,método,quality.alert._sgi_supplier_escalation,addons/quimibond_sgi/models/sgi_supplier_nc.py:113,,,
3365,vista,sgi_action_line_view_list,addons/quimibond_sgi/views/sgi_action_line_views.xml:6,sgi.action.line list,,
3366,vista,sgi_action_line_view_search,addons/quimibond_sgi/views/sgi_action_line_views.xml:37,sgi.action.line search,,
3367,vista,sgi_action_line_view_form,addons/quimibond_sgi/views/sgi_action_line_views.xml:76,sgi.action.line form,,
3368,vista,sgi_activity_spec_gap_view_list,addons/quimibond_sgi/views/sgi_activity_spec_views.xml:4,sgi.activity.spec.gap list,,
3369,vista,sgi_activity_spec_gap_view_pivot,addons/quimibond_sgi/views/sgi_activity_spec_views.xml:20,sgi.activity.spec.gap pivot,,
3370,vista,sgi_activity_spec_gap_view_search,addons/quimibond_sgi/views/sgi_activity_spec_views.xml:31,sgi.activity.spec.gap search,,
3371,vista,sgi_activity_week_stat_view_list,addons/quimibond_sgi/views/sgi_activity_spec_views.xml:63,sgi.activity.week.stat list,,
3372,vista,sgi_activity_week_stat_view_pivot,addons/quimibond_sgi/views/sgi_activity_spec_views.xml:85,sgi.activity.week.stat pivot,,
3373,vista,sgi_activity_week_stat_view_search,addons/quimibond_sgi/views/sgi_activity_spec_views.xml:100,sgi.activity.week.stat search,,
3374,vista,sgi_alert_source_view_list,addons/quimibond_sgi/views/sgi_alert_source_views.xml:4,sgi.alert.source list,,
3375,vista,sgi_alert_source_view_form,addons/quimibond_sgi/views/sgi_alert_source_views.xml:23,sgi.alert.source form,,
3376,vista,sgi_activity_role_view_list_approval,addons/quimibond_sgi/views/sgi_approval_native_views.xml:5,sgi.activity.role list,,
3377,vista,sgi_activity_role_view_search_approval,addons/quimibond_sgi/views/sgi_approval_native_views.xml:59,sgi.activity.role search,,
3378,vista,sgi_area_view_list,addons/quimibond_sgi/views/sgi_area_views.xml:3,sgi.area list,,
3379,vista,sgi_area_view_form,addons/quimibond_sgi/views/sgi_area_views.xml:15,sgi.area form,,
3380,vista,sgi_audit_program_view_form,addons/quimibond_sgi/views/sgi_audit_views.xml:4,sgi.audit.program form,,
3381,vista,sgi_audit_program_view_list,addons/quimibond_sgi/views/sgi_audit_views.xml:48,sgi.audit.program list,,
3382,vista,sgi_audit_view_form,addons/quimibond_sgi/views/sgi_audit_views.xml:72,sgi.audit form,,
3383,vista,sgi_audit_view_list,addons/quimibond_sgi/views/sgi_audit_views.xml:219,sgi.audit list,,
3384,vista,sgi_audit_view_search,addons/quimibond_sgi/views/sgi_audit_views.xml:234,sgi.audit search,,
3385,vista,sgi_audit_finding_view_list,addons/quimibond_sgi/views/sgi_audit_views.xml:264,sgi.audit.finding list,,
3386,vista,sgi_audit_view_activity,addons/quimibond_sgi/views/sgi_audit_views.xml:280,sgi.audit activity,,
3387,vista,sgi_budget_analytic_view_form,addons/quimibond_sgi/views/sgi_budget_analytic_views.xml:6,budget.analytic herencia(xpath),,
3388,vista,sgi_measure_split_view_list,addons/quimibond_sgi/views/sgi_business_line_views.xml:6,sgi.indicator.measure.split list,,
3389,vista,sgi_measure_split_view_pivot,addons/quimibond_sgi/views/sgi_business_line_views.xml:37,sgi.indicator.measure.split pivot,,
3390,vista,sgi_measure_split_view_graph,addons/quimibond_sgi/views/sgi_business_line_views.xml:49,sgi.indicator.measure.split graph,,
3391,vista,sgi_measure_split_view_search,addons/quimibond_sgi/views/sgi_business_line_views.xml:61,sgi.indicator.measure.split search,,
3392,vista,sgi_calibration_view_form,addons/quimibond_sgi/views/sgi_calibration_views.xml:4,sgi.calibration form,,
3393,vista,sgi_calibration_view_list,addons/quimibond_sgi/views/sgi_calibration_views.xml:48,sgi.calibration list,,
3394,vista,sgi_calibration_view_search,addons/quimibond_sgi/views/sgi_calibration_views.xml:65,sgi.calibration search,,
3395,vista,sgi_equipment_view_form,addons/quimibond_sgi/views/sgi_calibration_views.xml:95,maintenance.equipment herencia(xpath),,
3396,vista,sgi_equipment_view_list_sgi,addons/quimibond_sgi/views/sgi_calibration_views.xml:138,maintenance.equipment herencia(field),,
3397,vista,sgi_activity_role_view_list,addons/quimibond_sgi/views/sgi_catalog_views.xml:4,sgi.activity.role list,,
3398,vista,sgi_activity_role_view_search,addons/quimibond_sgi/views/sgi_catalog_views.xml:31,sgi.activity.role search,,
3399,vista,sgi_deliverable_view_list,addons/quimibond_sgi/views/sgi_catalog_views.xml:61,sgi.deliverable list,,
3400,vista,sgi_deliverable_view_form,addons/quimibond_sgi/views/sgi_catalog_views.xml:79,sgi.deliverable form,,
3401,vista,sgi_deliverable_view_search,addons/quimibond_sgi/views/sgi_catalog_views.xml:146,sgi.deliverable search,,
3402,vista,sgi_job_family_view_list,addons/quimibond_sgi/views/sgi_catalog_views.xml:167,sgi.job.family list,,
3403,vista,sgi_job_family_view_form,addons/quimibond_sgi/views/sgi_catalog_views.xml:183,sgi.job.family form,,
3404,vista,sgi_activity_exec_stat_view_list,addons/quimibond_sgi/views/sgi_catalog_views.xml:230,sgi.activity.exec.stat list,,
3405,vista,sgi_activity_exec_stat_view_pivot,addons/quimibond_sgi/views/sgi_catalog_views.xml:256,sgi.activity.exec.stat pivot,,
3406,vista,sgi_activity_exec_stat_view_search,addons/quimibond_sgi/views/sgi_catalog_views.xml:269,sgi.activity.exec.stat search,,
3407,vista,sgi_activity_method_view_pivot,addons/quimibond_sgi/views/sgi_catalog_views.xml:323,sgi.process.activity pivot,,
3408,vista,sgi_catalog_load_wizard_view_form,addons/quimibond_sgi/views/sgi_catalog_views.xml:347,sgi.catalog.load.wizard form,,
3409,vista,sgi_document_type_view_list,addons/quimibond_sgi/views/sgi_catalog_views.xml:431,sgi.document.type list,,
3410,vista,sgi_hr_job_view_form_roles,addons/quimibond_sgi/views/sgi_catalog_views.xml:461,hr.job herencia(xpath),,
3411,vista,sgi_coa_res_partner_view_form,addons/quimibond_sgi/views/sgi_coa_views.xml:6,res.partner herencia(xpath),,
3412,vista,sgi_coa_stock_picking_view_form,addons/quimibond_sgi/views/sgi_coa_views.xml:29,stock.picking herencia(xpath),,
3413,vista,sgi_coa_stock_picking_view_search,addons/quimibond_sgi/views/sgi_coa_views.xml:71,stock.picking herencia(xpath),,
3414,vista,sgi_coa_sale_order_view_form,addons/quimibond_sgi/views/sgi_coa_views.xml:84,sale.order herencia(xpath),,
3415,vista,sgi_coa_sale_order_view_list,addons/quimibond_sgi/views/sgi_coa_views.xml:105,sale.order herencia(xpath),,
3416,vista,sgi_coa_sale_order_view_search,addons/quimibond_sgi/views/sgi_coa_views.xml:118,sale.order herencia(xpath),,
3417,vista,sgi_coa_attach_wizard_view_form,addons/quimibond_sgi/views/sgi_coa_views.xml:131,sgi.coa.attach.wizard form,,
3418,vista,sgi_coa_exception_wizard_view_form,addons/quimibond_sgi/views/sgi_coa_views.xml:152,sgi.coa.exception.wizard form,,
3419,vista,sgi_coa_inbox_view_list,addons/quimibond_sgi/views/sgi_coa_views.xml:173,sgi.coa.inbox list,,
3420,vista,sgi_coa_inbox_view_form,addons/quimibond_sgi/views/sgi_coa_views.xml:187,sgi.coa.inbox form,,
3421,vista,sgi_coa_inbox_view_search,addons/quimibond_sgi/views/sgi_coa_views.xml:211,sgi.coa.inbox search,,
3422,vista,sgi_competence_gap_view_list,addons/quimibond_sgi/views/sgi_competence_views.xml:4,sgi.competence.gap list,,
3423,vista,sgi_competence_gap_view_pivot,addons/quimibond_sgi/views/sgi_competence_views.xml:22,sgi.competence.gap pivot,,
3424,vista,sgi_competence_gap_view_search,addons/quimibond_sgi/views/sgi_competence_views.xml:34,sgi.competence.gap search,,
3425,vista,sgi_employee_view_form_competence,addons/quimibond_sgi/views/sgi_competence_views.xml:68,hr.employee herencia(xpath),,
3426,vista,sgi_helpdesk_ticket_view_form,addons/quimibond_sgi/views/sgi_complaint_views.xml:3,helpdesk.ticket herencia(xpath),,
3427,vista,sgi_interested_party_view_list,addons/quimibond_sgi/views/sgi_context_views.xml:3,sgi.interested.party list,,
3428,vista,sgi_interested_party_view_form,addons/quimibond_sgi/views/sgi_context_views.xml:18,sgi.interested.party form,,
3429,vista,sgi_interested_party_view_search,addons/quimibond_sgi/views/sgi_context_views.xml:63,sgi.interested.party search,,
3430,vista,sgi_control_plan_view_form,addons/quimibond_sgi/views/sgi_control_plan_views.xml:4,sgi.control.plan form,,
3431,vista,sgi_control_plan_view_list,addons/quimibond_sgi/views/sgi_control_plan_views.xml:73,sgi.control.plan list,,
3432,vista,sgi_control_plan_view_search,addons/quimibond_sgi/views/sgi_control_plan_views.xml:91,sgi.control.plan search,,
3433,vista,sgi_quality_point_view_form,addons/quimibond_sgi/views/sgi_control_plan_views.xml:124,quality.point herencia(xpath),,
3434,vista,sgi_stock_lot_view_form,addons/quimibond_sgi/views/sgi_control_plan_views.xml:156,stock.lot herencia(xpath),,
3435,vista,sgi_quality_alert_view_pivot,addons/quimibond_sgi/views/sgi_dashboard_views.xml:9,quality.alert pivot,,
3436,vista,sgi_quality_alert_view_graph,addons/quimibond_sgi/views/sgi_dashboard_views.xml:20,quality.alert graph,,
3437,vista,sgi_project_view_form_dev_request,addons/quimibond_sgi/views/sgi_dev_request_views.xml:5,project.project herencia(xpath),,
3438,vista,sgi_diagnostic_line_view_list,addons/quimibond_sgi/views/sgi_diagnostic_views.xml:6,sgi.diagnostic.line list,,
3439,vista,sgi_diagnostic_line_view_form,addons/quimibond_sgi/views/sgi_diagnostic_views.xml:25,sgi.diagnostic.line form,,
3440,vista,sgi_diagnostic_line_view_search,addons/quimibond_sgi/views/sgi_diagnostic_views.xml:46,sgi.diagnostic.line search,,
3441,vista,sgi_process_view_sgi_diagram,addons/quimibond_sgi/views/sgi_diagram_views.xml:8,sgi.process sgi_diagram,,
3442,vista,sgi_process_activity_view_sgi_diagram,addons/quimibond_sgi/views/sgi_diagram_views.xml:16,sgi.process.activity sgi_diagram,,
3443,vista,sgi_risk_view_sgi_diagram,addons/quimibond_sgi/views/sgi_diagram_views.xml:24,sgi.risk sgi_diagram,,
3444,vista,sgi_legal_requirement_view_sgi_diagram,addons/quimibond_sgi/views/sgi_diagram_views.xml:32,sgi.legal.requirement sgi_diagram,,
3445,vista,sgi_interested_party_view_sgi_diagram,addons/quimibond_sgi/views/sgi_diagram_views.xml:40,sgi.interested.party sgi_diagram,,
3446,vista,sgi_objective_view_sgi_diagram,addons/quimibond_sgi/views/sgi_diagram_views.xml:48,sgi.objective sgi_diagram,,
3447,vista,sgi_indicator_view_sgi_diagram,addons/quimibond_sgi/views/sgi_diagram_views.xml:56,sgi.indicator sgi_diagram,,
3448,vista,sgi_policy_view_sgi_diagram,addons/quimibond_sgi/views/sgi_diagram_views.xml:64,sgi.policy sgi_diagram,,
3449,vista,sgi_management_review_view_sgi_diagram,addons/quimibond_sgi/views/sgi_diagram_views.xml:72,sgi.management.review sgi_diagram,,
3450,vista,quality_alert_view_sgi_diagram,addons/quimibond_sgi/views/sgi_diagram_views.xml:80,quality.alert sgi_diagram,,
3451,vista,sgi_audit_program_view_sgi_diagram,addons/quimibond_sgi/views/sgi_diagram_views.xml:88,sgi.audit.program sgi_diagram,,
3452,vista,sgi_emergency_plan_view_sgi_diagram,addons/quimibond_sgi/views/sgi_diagram_views.xml:96,sgi.emergency.plan sgi_diagram,,
3453,vista,maintenance_equipment_view_sgi_diagram,addons/quimibond_sgi/views/sgi_diagram_views.xml:104,maintenance.equipment sgi_diagram,,
3454,vista,documents_document_view_sgi_diagram,addons/quimibond_sgi/views/sgi_diagram_views.xml:112,documents.document sgi_diagram,,
3455,vista,sgi_competence_gap_view_sgi_diagram,addons/quimibond_sgi/views/sgi_diagram_views.xml:120,sgi.competence.gap sgi_diagram,,
3456,vista,sgi_activity_exec_stat_view_sgi_diagram,addons/quimibond_sgi/views/sgi_diagram_views.xml:128,sgi.activity.exec.stat sgi_diagram,,
3457,vista,hr_job_view_sgi_diagram,addons/quimibond_sgi/views/sgi_diagram_views.xml:136,hr.job sgi_diagram,,
3458,vista,sgi_direction_board_view_form,addons/quimibond_sgi/views/sgi_direction_board_views.xml:4,sgi.direction.board form,,
3459,vista,sgi_indicator_view_form_level,addons/quimibond_sgi/views/sgi_direction_board_views.xml:109,sgi.indicator herencia(field),,
3460,vista,sgi_approval_request_view_form,addons/quimibond_sgi/views/sgi_doc_change_views.xml:3,approval.request herencia(xpath),,
3461,vista,sgi_approval_category_view_form,addons/quimibond_sgi/views/sgi_doc_change_views.xml:93,approval.category herencia(xpath),,
3462,vista,sgi_doc_change_view_list,addons/quimibond_sgi/views/sgi_doc_change_views.xml:110,approval.request list,,
3463,vista,sgi_doc_change_view_search,addons/quimibond_sgi/views/sgi_doc_change_views.xml:133,approval.request search,,
3464,vista,sgi_document_view_form,addons/quimibond_sgi/views/sgi_document_views.xml:4,documents.document form,,
3465,vista,sgi_document_view_list,addons/quimibond_sgi/views/sgi_document_views.xml:218,documents.document list,,
3466,vista,sgi_document_view_search,addons/quimibond_sgi/views/sgi_document_views.xml:252,documents.document search,,
3467,vista,sgi_document_ack_view_list,addons/quimibond_sgi/views/sgi_document_views.xml:298,sgi.document.ack list,,
3468,vista,sgi_document_ack_view_form,addons/quimibond_sgi/views/sgi_document_views.xml:316,sgi.document.ack form,,
3469,vista,sgi_document_ack_view_search,addons/quimibond_sgi/views/sgi_document_views.xml:342,sgi.document.ack search,,
3470,vista,sgi_migration_view_list,addons/quimibond_sgi/views/sgi_document_views.xml:392,documents.document list,,
3471,vista,sgi_migration_view_kanban,addons/quimibond_sgi/views/sgi_document_views.xml:423,documents.document kanban,,
3472,vista,sgi_migration_view_search,addons/quimibond_sgi/views/sgi_document_views.xml:449,documents.document search,,
3473,vista,sgi_emergency_plan_view_form,addons/quimibond_sgi/views/sgi_emergency_views.xml:4,sgi.emergency.plan form,,
3474,vista,sgi_emergency_plan_view_list,addons/quimibond_sgi/views/sgi_emergency_views.xml:52,sgi.emergency.plan list,,
3475,vista,sgi_emergency_plan_view_search,addons/quimibond_sgi/views/sgi_emergency_views.xml:72,sgi.emergency.plan search,,
3476,vista,sgi_emergency_plan_view_activity,addons/quimibond_sgi/views/sgi_emergency_views.xml:88,sgi.emergency.plan activity,,
3477,vista,sgi_emergency_drill_view_form,addons/quimibond_sgi/views/sgi_emergency_views.xml:114,sgi.emergency.drill form,,
3478,vista,sgi_emergency_drill_view_list,addons/quimibond_sgi/views/sgi_emergency_views.xml:176,sgi.emergency.drill list,,
3479,vista,sgi_emergency_drill_view_search,addons/quimibond_sgi/views/sgi_emergency_views.xml:197,sgi.emergency.drill search,,
3480,vista,sgi_epp_delivery_view_form,addons/quimibond_sgi/views/sgi_epp_views.xml:6,sgi.epp.delivery form,,
3481,vista,sgi_epp_delivery_view_list,addons/quimibond_sgi/views/sgi_epp_views.xml:66,sgi.epp.delivery list,,
3482,vista,sgi_epp_delivery_view_search,addons/quimibond_sgi/views/sgi_epp_views.xml:85,sgi.epp.delivery search,,
3483,vista,sgi_hr_employee_view_form_epp,addons/quimibond_sgi/views/sgi_epp_views.xml:120,hr.employee herencia(xpath),,
3484,vista,sgi_external_doc_view_list,addons/quimibond_sgi/views/sgi_external_doc_views.xml:5,documents.document list,,
3485,vista,sgi_external_doc_view_search,addons/quimibond_sgi/views/sgi_external_doc_views.xml:29,documents.document search,,
3486,vista,sgi_fmea_view_form,addons/quimibond_sgi/views/sgi_fmea_views.xml:3,sgi.fmea form,,
3487,vista,sgi_fmea_view_list,addons/quimibond_sgi/views/sgi_fmea_views.xml:119,sgi.fmea list,,
3488,vista,sgi_fmea_view_search,addons/quimibond_sgi/views/sgi_fmea_views.xml:137,sgi.fmea search,,
3489,vista,sgi_fmea_view_activity,addons/quimibond_sgi/views/sgi_fmea_views.xml:171,sgi.fmea activity,,
3490,vista,sgi_format_map_view_list,addons/quimibond_sgi/views/sgi_format_map_views.xml:5,sgi.format.map list,,
3491,vista,sgi_format_map_view_form,addons/quimibond_sgi/views/sgi_format_map_views.xml:19,sgi.format.map form,,
3492,vista,sgi_format_banner_sale_order,addons/quimibond_sgi/views/sgi_format_map_views.xml:59,sale.order herencia(xpath),,
3493,vista,sgi_format_banner_purchase_order,addons/quimibond_sgi/views/sgi_format_map_views.xml:74,purchase.order herencia(xpath),,
3494,vista,sgi_format_banner_stock_picking,addons/quimibond_sgi/views/sgi_format_map_views.xml:89,stock.picking herencia(xpath),,
3495,vista,sgi_format_banner_mrp_production,addons/quimibond_sgi/views/sgi_format_map_views.xml:104,mrp.production herencia(xpath),,
3496,vista,sgi_format_banner_maintenance_request,addons/quimibond_sgi/views/sgi_format_map_views.xml:119,maintenance.request herencia(xpath),,
3497,vista,sgi_format_banner_quality_alert,addons/quimibond_sgi/views/sgi_format_map_views.xml:134,quality.alert herencia(xpath),,
3498,vista,sgi_format_banner_stock_lot,addons/quimibond_sgi/views/sgi_format_map_views.xml:149,stock.lot herencia(xpath),,
3499,vista,sgi_format_banner_mgmt_review,addons/quimibond_sgi/views/sgi_format_map_views.xml:164,sgi.management.review herencia(xpath),,
3500,vista,sgi_process_view_hierarchy,addons/quimibond_sgi/views/sgi_hierarchy_views.xml:7,sgi.process hierarchy,,
3501,vista,sgi_process_activity_view_hierarchy,addons/quimibond_sgi/views/sgi_hierarchy_views.xml:54,sgi.process.activity hierarchy,,
3502,vista,sgi_health_record_view_list,addons/quimibond_sgi/views/sgi_hse_views.xml:9,sgi.health.record list,,
3503,vista,sgi_health_record_view_form,addons/quimibond_sgi/views/sgi_hse_views.xml:30,sgi.health.record form,,
3504,vista,sgi_health_record_view_search,addons/quimibond_sgi/views/sgi_hse_views.xml:68,sgi.health.record search,,
3505,vista,sgi_hr_employee_view_form_health,addons/quimibond_sgi/views/sgi_hse_views.xml:102,hr.employee herencia(xpath),,
3506,vista,sgi_csh_inspection_view_list,addons/quimibond_sgi/views/sgi_hse_views.xml:126,sgi.csh.inspection list,,
3507,vista,sgi_csh_inspection_view_form,addons/quimibond_sgi/views/sgi_hse_views.xml:141,sgi.csh.inspection form,,
3508,vista,sgi_checklist_template_view_list,addons/quimibond_sgi/views/sgi_hse_views.xml:209,sgi.checklist.template list,,
3509,vista,sgi_checklist_template_view_form,addons/quimibond_sgi/views/sgi_hse_views.xml:224,sgi.checklist.template form,,
3510,vista,sgi_checklist_request_view_list,addons/quimibond_sgi/views/sgi_hse_views.xml:278,maintenance.request list,,
3511,vista,sgi_checklist_request_view_pivot,addons/quimibond_sgi/views/sgi_hse_views.xml:298,maintenance.request pivot,,
3512,vista,sgi_maintenance_request_view_form_checklist,addons/quimibond_sgi/views/sgi_hse_views.xml:337,maintenance.request herencia(xpath),,
3513,vista,sgi_checklist_finish_view_form,addons/quimibond_sgi/views/sgi_hse_views.xml:377,sgi.checklist.finish form,,
3514,vista,sgi_project_task_view_form,addons/quimibond_sgi/views/sgi_improvement_views.xml:3,project.task herencia(xpath),,
3515,vista,sgi_incident_view_form,addons/quimibond_sgi/views/sgi_incident_views.xml:3,sgi.incident form,,
3516,vista,sgi_incident_view_list,addons/quimibond_sgi/views/sgi_incident_views.xml:81,sgi.incident list,,
3517,vista,sgi_incident_view_search,addons/quimibond_sgi/views/sgi_incident_views.xml:100,sgi.incident search,,
3518,vista,sgi_incident_view_pivot,addons/quimibond_sgi/views/sgi_incident_views.xml:125,sgi.incident pivot,,
3519,vista,sgi_incident_view_activity,addons/quimibond_sgi/views/sgi_incident_views.xml:149,sgi.incident activity,,
3520,vista,sgi_indicator_term_view_list,addons/quimibond_sgi/views/sgi_indicator_formula_views.xml:4,sgi.indicator.term list,,
3521,vista,sgi_indicator_view_form_formula,addons/quimibond_sgi/views/sgi_indicator_formula_views.xml:32,sgi.indicator herencia(xpath),,
3522,vista,sgi_measure_view_form_formula,addons/quimibond_sgi/views/sgi_indicator_formula_views.xml:62,sgi.indicator.measure herencia(xpath),,
3523,vista,sgi_measure_view_form_plan,addons/quimibond_sgi/views/sgi_indicator_plan_views.xml:3,sgi.indicator.measure herencia(field),,
3524,vista,sgi_measure_view_list_plan,addons/quimibond_sgi/views/sgi_indicator_plan_views.xml:41,sgi.indicator.measure herencia(field),,
3525,vista,sgi_indicator_view_form_window,addons/quimibond_sgi/views/sgi_indicator_plan_views.xml:57,sgi.indicator herencia(field),,
3526,vista,sgi_management_review_view_form_validate,addons/quimibond_sgi/views/sgi_indicator_plan_views.xml:68,sgi.management.review herencia(button),,
3527,vista,sgi_indicator_view_form_trajectory,addons/quimibond_sgi/views/sgi_indicator_trajectory_views.xml:3,sgi.indicator herencia(field),,
3528,vista,sgi_measure_view_form_trajectory,addons/quimibond_sgi/views/sgi_indicator_trajectory_views.xml:55,sgi.indicator.measure herencia(field),,
3529,vista,sgi_indicator_view_list,addons/quimibond_sgi/views/sgi_indicator_views.xml:4,sgi.indicator list,,
3530,vista,sgi_indicator_view_form,addons/quimibond_sgi/views/sgi_indicator_views.xml:40,sgi.indicator form,,
3531,vista,sgi_indicator_view_search,addons/quimibond_sgi/views/sgi_indicator_views.xml:176,sgi.indicator search,,
3532,vista,sgi_measure_view_list,addons/quimibond_sgi/views/sgi_indicator_views.xml:227,sgi.indicator.measure list,,
3533,vista,sgi_measure_view_form,addons/quimibond_sgi/views/sgi_indicator_views.xml:266,sgi.indicator.measure form,,
3534,vista,sgi_measure_view_graph,addons/quimibond_sgi/views/sgi_indicator_views.xml:367,sgi.indicator.measure graph,,
3535,vista,sgi_measure_view_pivot,addons/quimibond_sgi/views/sgi_indicator_views.xml:379,sgi.indicator.measure pivot,,
3536,vista,sgi_measure_view_search,addons/quimibond_sgi/views/sgi_indicator_views.xml:393,sgi.indicator.measure search,,
3537,vista,sgi_indicator_view_activity,addons/quimibond_sgi/views/sgi_indicator_views.xml:431,sgi.indicator activity,,
3538,vista,sgi_stock_picking_view_form,addons/quimibond_sgi/views/sgi_integration_views.xml:4,stock.picking herencia(xpath),,
3539,vista,sgi_mrp_production_view_form,addons/quimibond_sgi/views/sgi_integration_views.xml:25,mrp.production herencia(xpath),,
3540,vista,sgi_hr_employee_view_form,addons/quimibond_sgi/views/sgi_integration_views.xml:40,hr.employee herencia(xpath),,
3541,vista,sgi_hr_job_view_form,addons/quimibond_sgi/views/sgi_integration_views.xml:59,hr.job herencia(xpath),,
3542,vista,sgi_product_template_view_form_spec,addons/quimibond_sgi/views/sgi_integration_views.xml:97,product.template herencia(xpath),,
3543,vista,sgi_stock_picking_view_form_kpi,addons/quimibond_sgi/views/sgi_kpi_fields_views.xml:7,stock.picking herencia(xpath),,
3544,vista,sgi_quality_alert_view_form_kpi,addons/quimibond_sgi/views/sgi_kpi_fields_views.xml:30,quality.alert herencia(xpath),,
3545,vista,sgi_account_move_view_form_kpi,addons/quimibond_sgi/views/sgi_kpi_fields_views.xml:46,account.move herencia(xpath),,
3546,vista,sgi_product_template_view_form_kpi,addons/quimibond_sgi/views/sgi_kpi_fields_views.xml:61,product.template herencia(xpath),,
3547,vista,sgi_lock_date_log_view_list,addons/quimibond_sgi/views/sgi_kpi_fields_views.xml:73,sgi.lock.date.log list,,
3548,vista,sgi_inventory_value_view_list,addons/quimibond_sgi/views/sgi_kpi_fields_views.xml:97,sgi.inventory.value list,,
3549,vista,sgi_legal_requirement_view_list,addons/quimibond_sgi/views/sgi_legal_views.xml:3,sgi.legal.requirement list,,
3550,vista,sgi_legal_evaluate_view_form,addons/quimibond_sgi/views/sgi_legal_views.xml:29,sgi.legal.evaluate form,,
3551,vista,sgi_legal_evaluation_view_list,addons/quimibond_sgi/views/sgi_legal_views.xml:48,sgi.legal.evaluation list,,
3552,vista,sgi_legal_requirement_view_form,addons/quimibond_sgi/views/sgi_legal_views.xml:63,sgi.legal.requirement form,,
3553,vista,sgi_legal_requirement_view_search,addons/quimibond_sgi/views/sgi_legal_views.xml:148,sgi.legal.requirement search,,
3554,vista,sgi_fmea_view_form_links,addons/quimibond_sgi/views/sgi_links_views.xml:6,sgi.fmea herencia(field),,
3555,vista,sgi_control_plan_view_form_links,addons/quimibond_sgi/views/sgi_links_views.xml:16,sgi.control.plan herencia(field),,
3556,vista,sgi_ppap_view_form_links,addons/quimibond_sgi/views/sgi_links_views.xml:26,sgi.ppap herencia(field),,
3557,vista,sgi_mrp_bom_view_form_links,addons/quimibond_sgi/views/sgi_links_views.xml:36,mrp.bom herencia(xpath),,
3558,vista,sgi_mrp_production_view_form_links,addons/quimibond_sgi/views/sgi_links_views.xml:50,mrp.production herencia(xpath),,
3559,vista,sgi_product_template_view_form_links,addons/quimibond_sgi/views/sgi_links_views.xml:71,product.template herencia(field),,
3560,vista,sgi_project_task_view_form_links,addons/quimibond_sgi/views/sgi_links_views.xml:81,project.task herencia(xpath),,
3561,vista,sgi_quality_alert_view_form_links,addons/quimibond_sgi/views/sgi_links_views.xml:120,quality.alert herencia(field),,
3562,vista,sgi_purchase_order_view_form_links,addons/quimibond_sgi/views/sgi_links_views.xml:132,purchase.order herencia(xpath),,
3563,vista,sgi_account_move_view_form_links,addons/quimibond_sgi/views/sgi_links_views.xml:148,account.move herencia(xpath),,
3564,vista,sgi_stock_picking_view_form_links,addons/quimibond_sgi/views/sgi_links_views.xml:164,stock.picking herencia(xpath),,
3565,vista,sgi_acuse_attach_wizard_view_form,addons/quimibond_sgi/views/sgi_links_views.xml:184,sgi.acuse.attach.wizard form,,
3566,vista,sgi_res_partner_view_form_links,addons/quimibond_sgi/views/sgi_links_views.xml:204,res.partner herencia(field),,
3567,vista,sgi_settings_view_form_links,addons/quimibond_sgi/views/sgi_links_views.xml:214,res.config.settings herencia(xpath),,
3568,vista,sgi_machine_sheet_view_form,addons/quimibond_sgi/views/sgi_machine_sheet_views.xml:3,sgi.machine.sheet form,,
3569,vista,sgi_machine_sheet_view_list,addons/quimibond_sgi/views/sgi_machine_sheet_views.xml:94,sgi.machine.sheet list,,
3570,vista,sgi_machine_sheet_view_search,addons/quimibond_sgi/views/sgi_machine_sheet_views.xml:110,sgi.machine.sheet search,,
3571,vista,sgi_workcenter_view_form_machine_sheet,addons/quimibond_sgi/views/sgi_machine_sheet_views.xml:143,mrp.workcenter herencia(xpath),,
3572,vista,sgi_management_review_view_form,addons/quimibond_sgi/views/sgi_management_review_views.xml:3,sgi.management.review form,,
3573,vista,sgi_management_review_view_list,addons/quimibond_sgi/views/sgi_management_review_views.xml:116,sgi.management.review list,,
3574,vista,sgi_purchase_order_form,addons/quimibond_sgi/views/sgi_map_hooks_views.xml:4,purchase.order herencia(xpath),,
3575,vista,sgi_maintenance_request_form,addons/quimibond_sgi/views/sgi_map_hooks_views.xml:19,maintenance.request herencia(xpath),,
3576,vista,sgi_activity_change_view_form,addons/quimibond_sgi/views/sgi_mp_change_views.xml:5,sgi.activity.change form,,
3577,vista,sgi_approval_request_view_form_mp_change,addons/quimibond_sgi/views/sgi_mp_change_views.xml:106,approval.request herencia(xpath),,
3578,vista,sgi_msa_study_view_form,addons/quimibond_sgi/views/sgi_msa_views.xml:3,sgi.msa.study form,,
3579,vista,sgi_msa_study_view_list,addons/quimibond_sgi/views/sgi_msa_views.xml:38,sgi.msa.study list,,
3580,vista,sgi_msa_study_view_search,addons/quimibond_sgi/views/sgi_msa_views.xml:59,sgi.msa.study search,,
3581,vista,sgi_equipment_view_form_msa,addons/quimibond_sgi/views/sgi_msa_views.xml:92,maintenance.equipment herencia(xpath),,
3582,vista,sgi_my_pending_view_list,addons/quimibond_sgi/views/sgi_my_pending_views.xml:4,sgi.my.pending list,,
3583,vista,sgi_my_pending_view_search,addons/quimibond_sgi/views/sgi_my_pending_views.xml:26,sgi.my.pending search,,
3584,vista,sgi_hr_employee_view_form_mp_tab,addons/quimibond_sgi/views/sgi_my_procedure_tab_views.xml:8,hr.employee herencia(xpath),,
3585,vista,sgi_hr_employee_public_view_form_mp_tab,addons/quimibond_sgi/views/sgi_my_procedure_tab_views.xml:81,hr.employee.public herencia(xpath),,
3586,vista,sgi_hr_job_view_form_mp_tab,addons/quimibond_sgi/views/sgi_my_procedure_tab_views.xml:152,hr.job herencia(xpath),,
3587,vista,sgi_activity_role_view_kanban_mp,addons/quimibond_sgi/views/sgi_my_procedure_views.xml:9,sgi.activity.role kanban,,
3588,vista,sgi_activity_role_view_list_mp_embedded,addons/quimibond_sgi/views/sgi_my_procedure_views.xml:95,sgi.activity.role list,,
3589,vista,sgi_activity_role_view_list_mp_received,addons/quimibond_sgi/views/sgi_my_procedure_views.xml:127,sgi.activity.role list,,
3590,vista,sgi_activity_role_view_list_mp_short,addons/quimibond_sgi/views/sgi_my_procedure_views.xml:142,sgi.activity.role list,,
3591,vista,sgi_my_procedure_view_form,addons/quimibond_sgi/views/sgi_my_procedure_views.xml:158,sgi.my.procedure form,,
3592,vista,sgi_my_procedure_check_view_form,addons/quimibond_sgi/views/sgi_my_procedure_views.xml:356,sgi.my.procedure.check form,,
3593,vista,sgi_activity_role_view_list_my_procedure,addons/quimibond_sgi/views/sgi_my_procedure_views.xml:415,sgi.activity.role list,,
3594,vista,sgi_hr_job_view_form_my_procedure,addons/quimibond_sgi/views/sgi_my_procedure_views.xml:453,hr.job herencia(xpath),,
3595,vista,sgi_hr_employee_view_form_my_procedure,addons/quimibond_sgi/views/sgi_my_procedure_views.xml:485,hr.employee herencia(xpath),,
3596,vista,sgi_process_activity_view_search_my_procedure,addons/quimibond_sgi/views/sgi_my_procedure_views.xml:504,sgi.process.activity herencia(filter),,
3597,vista,sgi_my_team_view_list,addons/quimibond_sgi/views/sgi_my_procedure_views.xml:516,hr.employee.public list,,
3598,vista,sgi_my_team_view_hierarchy,addons/quimibond_sgi/views/sgi_my_procedure_views.xml:553,hr.employee.public hierarchy,,
3599,vista,sgi_my_team_view_search,addons/quimibond_sgi/views/sgi_my_procedure_views.xml:602,hr.employee.public search,,
3600,vista,sgi_quality_alert_view_form,addons/quimibond_sgi/views/sgi_nonconformity_views.xml:4,quality.alert herencia(xpath),,
3601,vista,sgi_nc_view_search,addons/quimibond_sgi/views/sgi_nonconformity_views.xml:194,quality.alert search,,
3602,vista,sgi_nc_view_pivot,addons/quimibond_sgi/views/sgi_nonconformity_views.xml:264,quality.alert pivot,,
3603,vista,sgi_nc_view_graph,addons/quimibond_sgi/views/sgi_nonconformity_views.xml:275,quality.alert graph,,
3604,vista,sgi_nc_cancel_view_form,addons/quimibond_sgi/views/sgi_nonconformity_views.xml:287,sgi.nc.cancel form,,
3605,vista,sgi_nc_force_close_view_form,addons/quimibond_sgi/views/sgi_nonconformity_views.xml:315,sgi.nc.force.close form,,
3606,vista,sgi_nc_view_activity,addons/quimibond_sgi/views/sgi_nonconformity_views.xml:334,quality.alert activity,,
3607,vista,sgi_nc_lessons_view_list,addons/quimibond_sgi/views/sgi_nonconformity_views.xml:351,quality.alert list,,
3608,vista,sgi_crm_team_view_form_complaint_days,addons/quimibond_sgi/views/sgi_nonconformity_views.xml:381,crm.team herencia(xpath),,
3609,vista,sgi_norm_view_form,addons/quimibond_sgi/views/sgi_norm_views.xml:3,sgi.norm form,,
3610,vista,sgi_norm_view_list,addons/quimibond_sgi/views/sgi_norm_views.xml:37,sgi.norm list,,
3611,vista,sgi_norm_clause_view_list,addons/quimibond_sgi/views/sgi_norm_views.xml:58,sgi.norm.clause list,,
3612,vista,sgi_norm_clause_view_form,addons/quimibond_sgi/views/sgi_norm_views.xml:75,sgi.norm.clause form,,
3613,vista,sgi_norm_clause_view_search,addons/quimibond_sgi/views/sgi_norm_views.xml:121,sgi.norm.clause search,,
3614,vista,sgi_objective_view_list,addons/quimibond_sgi/views/sgi_objective_views.xml:3,sgi.objective list,,
3615,vista,sgi_objective_view_form,addons/quimibond_sgi/views/sgi_objective_views.xml:19,sgi.objective form,,
3616,vista,sgi_policy_view_list,addons/quimibond_sgi/views/sgi_policy_views.xml:3,sgi.policy list,,
3617,vista,sgi_policy_view_form,addons/quimibond_sgi/views/sgi_policy_views.xml:23,sgi.policy form,,
3618,vista,sgi_ppap_view_form,addons/quimibond_sgi/views/sgi_ppap_views.xml:3,sgi.ppap form,,
3619,vista,sgi_ppap_view_list,addons/quimibond_sgi/views/sgi_ppap_views.xml:75,sgi.ppap list,,
3620,vista,sgi_ppap_view_search,addons/quimibond_sgi/views/sgi_ppap_views.xml:94,sgi.ppap search,,
3621,vista,sgi_ppap_element_template_view_list,addons/quimibond_sgi/views/sgi_ppap_views.xml:126,sgi.ppap.element.template list,,
3622,vista,sgi_ppap_res_partner_form,addons/quimibond_sgi/views/sgi_ppap_views.xml:149,res.partner herencia(xpath),,
3623,vista,sgi_ppap_product_template_form,addons/quimibond_sgi/views/sgi_ppap_views.xml:163,product.template herencia(xpath),,
3624,vista,sgi_quality_alert_view_form_supplier,addons/quimibond_sgi/views/sgi_pr6_views.xml:4,quality.alert herencia(xpath),,
3625,vista,sgi_audit_view_form_pr6,addons/quimibond_sgi/views/sgi_pr6_views.xml:43,sgi.audit herencia(field),,
3626,vista,sgi_audit_program_view_form_pr6,addons/quimibond_sgi/views/sgi_pr6_views.xml:56,sgi.audit.program herencia(button),,
3627,vista,sgi_process_activity_view_form_knowledge,addons/quimibond_sgi/views/sgi_pr6_views.xml:74,sgi.process.activity herencia(field),,
3628,vista,sgi_instruction_publish_view_form,addons/quimibond_sgi/views/sgi_pr6_views.xml:90,sgi.instruction.publish form,,
3629,vista,sgi_sign_request_wizard_view_form,addons/quimibond_sgi/views/sgi_pr6_views.xml:114,sgi.sign.request.wizard form,,
3630,vista,sgi_purchase_order_view_form_sign,addons/quimibond_sgi/views/sgi_pr6_views.xml:134,purchase.order herencia(xpath),,
3631,vista,sgi_stock_picking_view_form_sign,addons/quimibond_sgi/views/sgi_pr6_views.xml:152,stock.picking herencia(xpath),,
3632,vista,sgi_stock_lot_view_form_sign,addons/quimibond_sgi/views/sgi_pr6_views.xml:170,stock.lot herencia(xpath),,
3633,vista,sgi_product_template_view_form_sign,addons/quimibond_sgi/views/sgi_pr6_views.xml:188,product.template herencia(xpath),,
3634,vista,sgi_deliverable_view_form_pr6,addons/quimibond_sgi/views/sgi_pr6_views.xml:206,sgi.deliverable herencia(field),,
3635,vista,sgi_process_activity_view_form,addons/quimibond_sgi/views/sgi_process_procedure_views.xml:7,sgi.process.activity form,,
3636,vista,sgi_process_activity_view_list,addons/quimibond_sgi/views/sgi_process_procedure_views.xml:313,sgi.process.activity list,,
3637,vista,sgi_process_activity_view_kanban,addons/quimibond_sgi/views/sgi_process_procedure_views.xml:365,sgi.process.activity kanban,,
3638,vista,sgi_process_activity_view_search,addons/quimibond_sgi/views/sgi_process_procedure_views.xml:417,sgi.process.activity search,,
3639,vista,sgi_activity_link_view_list,addons/quimibond_sgi/views/sgi_process_procedure_views.xml:521,sgi.activity.link list,,
3640,vista,sgi_activity_link_view_search,addons/quimibond_sgi/views/sgi_process_procedure_views.xml:546,sgi.activity.link search,,
3641,vista,sgi_activity_compliance_view_pivot,addons/quimibond_sgi/views/sgi_process_procedure_views.xml:585,sgi.process.activity pivot,,
3642,vista,sgi_activity_compliance_view_graph,addons/quimibond_sgi/views/sgi_process_procedure_views.xml:596,sgi.process.activity graph,,
3643,vista,sgi_process_flow_view_list,addons/quimibond_sgi/views/sgi_process_views.xml:4,sgi.process.flow list,,
3644,vista,sgi_process_flow_view_form,addons/quimibond_sgi/views/sgi_process_views.xml:23,sgi.process.flow form,,
3645,vista,sgi_process_flow_view_search,addons/quimibond_sgi/views/sgi_process_views.xml:70,sgi.process.flow search,,
3646,vista,sgi_process_view_kanban,addons/quimibond_sgi/views/sgi_process_views.xml:102,sgi.process kanban,,
3647,vista,sgi_process_view_list,addons/quimibond_sgi/views/sgi_process_views.xml:164,sgi.process list,,
3648,vista,sgi_process_view_form,addons/quimibond_sgi/views/sgi_process_views.xml:193,sgi.process form,,
3649,vista,sgi_process_view_search,addons/quimibond_sgi/views/sgi_process_views.xml:403,sgi.process search,,
3650,vista,sgi_res_partner_supplier_view_form,addons/quimibond_sgi/views/sgi_res_partner_views.xml:3,res.partner herencia(xpath),,
3651,vista,sgi_risk_category_view_list,addons/quimibond_sgi/views/sgi_risk_views.xml:4,sgi.risk.category list,,
3652,vista,sgi_risk_view_form,addons/quimibond_sgi/views/sgi_risk_views.xml:25,sgi.risk form,,
3653,vista,sgi_risk_view_kanban,addons/quimibond_sgi/views/sgi_risk_views.xml:164,sgi.risk kanban,,
3654,vista,sgi_risk_view_list,addons/quimibond_sgi/views/sgi_risk_views.xml:190,sgi.risk list,,
3655,vista,sgi_risk_view_pivot,addons/quimibond_sgi/views/sgi_risk_views.xml:211,sgi.risk pivot,,
3656,vista,sgi_risk_view_search,addons/quimibond_sgi/views/sgi_risk_views.xml:222,sgi.risk search,,
3657,vista,sgi_risk_view_activity,addons/quimibond_sgi/views/sgi_risk_views.xml:269,sgi.risk activity,,
3658,vista,sgi_sales_budget_line_view_list,addons/quimibond_sgi/views/sgi_sales_budget_views.xml:4,sgi.sales.budget.line list,,
3659,vista,sgi_sales_budget_line_view_form,addons/quimibond_sgi/views/sgi_sales_budget_views.xml:61,sgi.sales.budget.line form,,
3660,vista,sgi_sales_budget_line_grid_qty,addons/quimibond_sgi/views/sgi_sales_budget_views.xml:129,sgi.sales.budget.line grid,,
3661,vista,sgi_sales_budget_line_view_pivot,addons/quimibond_sgi/views/sgi_sales_budget_views.xml:147,sgi.sales.budget.line pivot,,
3662,vista,sgi_sales_budget_line_view_graph,addons/quimibond_sgi/views/sgi_sales_budget_views.xml:166,sgi.sales.budget.line graph,,
3663,vista,sgi_sales_budget_line_view_graph_curve,addons/quimibond_sgi/views/sgi_sales_budget_views.xml:179,sgi.sales.budget.line graph,,
3664,vista,sgi_sales_budget_line_view_search,addons/quimibond_sgi/views/sgi_sales_budget_views.xml:191,sgi.sales.budget.line search,,
3665,vista,sgi_sales_budget_view_form,addons/quimibond_sgi/views/sgi_sales_budget_views.xml:242,sgi.sales.budget form,,
3666,vista,sgi_sales_budget_view_list,addons/quimibond_sgi/views/sgi_sales_budget_views.xml:424,sgi.sales.budget list,,
3667,vista,sgi_sales_budget_view_search,addons/quimibond_sgi/views/sgi_sales_budget_views.xml:447,sgi.sales.budget search,,
3668,vista,sgi_sales_budget_import_view_form,addons/quimibond_sgi/views/sgi_sales_budget_views.xml:473,sgi.sales.budget.import form,,
3669,vista,sgi_sales_forecast_view_list,addons/quimibond_sgi/views/sgi_sales_budget_views.xml:532,sgi.sales.budget list,,
3670,vista,sgi_sales_budget_view_kanban,addons/quimibond_sgi/views/sgi_sales_budget_views.xml:573,sgi.sales.budget kanban,,
3671,vista,sgi_sales_analysis_pivot_mercado,addons/quimibond_sgi/views/sgi_sales_budget_views.xml:614,sgi.sales.budget.line pivot,,
3672,vista,sgi_sales_analysis_pivot_cliente,addons/quimibond_sgi/views/sgi_sales_budget_views.xml:628,sgi.sales.budget.line pivot,,
3673,vista,sgi_sales_analysis_pivot_producto,addons/quimibond_sgi/views/sgi_sales_budget_views.xml:642,sgi.sales.budget.line pivot,,
3674,vista,sgi_sales_analysis_graph_global,addons/quimibond_sgi/views/sgi_sales_budget_views.xml:656,sgi.sales.budget.line graph,,
3675,vista,res_config_settings_view_form_sgi,addons/quimibond_sgi/views/sgi_settings_views.xml:3,res.config.settings herencia(xpath),,
3676,vista,sgi_slide_channel_view_list,addons/quimibond_sgi/views/sgi_sign_elearning_views.xml:5,slide.channel list,,
3677,vista,sgi_staff_efficiency_view_form,addons/quimibond_sgi/views/sgi_staff_efficiency_views.xml:3,sgi.staff.efficiency form,,
3678,vista,sgi_staff_efficiency_view_list,addons/quimibond_sgi/views/sgi_staff_efficiency_views.xml:66,sgi.staff.efficiency list,,
3679,vista,sgi_staff_efficiency_line_view_pivot,addons/quimibond_sgi/views/sgi_staff_efficiency_views.xml:83,sgi.staff.efficiency.line pivot,,
3680,vista,sgi_staff_efficiency_line_view_list,addons/quimibond_sgi/views/sgi_staff_efficiency_views.xml:96,sgi.staff.efficiency.line list,,
3681,vista,sgi_staff_efficiency_view_search,addons/quimibond_sgi/views/sgi_staff_efficiency_views.xml:116,sgi.staff.efficiency search,,
3682,vista,sgi_process_activity_view_form_structure,addons/quimibond_sgi/views/sgi_structure_views.xml:6,sgi.process.activity herencia(xpath),,
3683,vista,sgi_supplier_eval_view_list,addons/quimibond_sgi/views/sgi_supplier_eval_views.xml:3,sgi.supplier.eval list,,
3684,vista,sgi_supplier_eval_view_form,addons/quimibond_sgi/views/sgi_supplier_eval_views.xml:28,sgi.supplier.eval form,,
3685,vista,sgi_supplier_eval_view_search,addons/quimibond_sgi/views/sgi_supplier_eval_views.xml:73,sgi.supplier.eval search,,
3686,vista,sgi_document_master_list_view_list,addons/quimibond_sgi/report/report_master_list_all.xml:6,documents.document list,,
3687,qweb,portal_nc_page,addons/quimibond_sgi/views/sgi_portal_templates.xml:4,,,
3688,qweb,report_8d_document,addons/quimibond_sgi/report/report_8d.xml:17,,,
3689,qweb,report_audit_plan_document,addons/quimibond_sgi/report/report_audit.xml:14,,,
3690,qweb,report_audit_report_document,addons/quimibond_sgi/report/report_audit.xml:59,,,
3691,qweb,sgi_calibration_label_box,addons/quimibond_sgi/report/report_calibration_label.xml:27,,,
3692,qweb,report_calibration_label_document,addons/quimibond_sgi/report/report_calibration_label.xml:51,,,
3693,qweb,report_out_of_service_label_document,addons/quimibond_sgi/report/report_calibration_label.xml:67,,,
3694,qweb,report_coa_document,addons/quimibond_sgi/report/report_coa.xml:12,,,
3695,qweb,report_compliance_matrix_document,addons/quimibond_sgi/report/report_compliance_matrix.xml:30,,,
3696,qweb,report_dev_request_document,addons/quimibond_sgi/report/report_dev_request.xml:15,,,
3697,qweb,report_risk_matrix_document,addons/quimibond_sgi/report/report_direction.xml:15,,,
3698,qweb,report_competence_matrix_document,addons/quimibond_sgi/report/report_direction.xml:71,,,
3699,qweb,report_doc_change_document,addons/quimibond_sgi/report/report_doc_change.xml:30,,,
3700,qweb,report_epp_delivery_document,addons/quimibond_sgi/report/report_epp_delivery.xml:16,,,
3701,qweb,report_fmea_document,addons/quimibond_sgi/report/report_fmea.xml:14,,,
3702,qweb,report_incident_document,addons/quimibond_sgi/report/report_incident.xml:13,,,
3703,qweb,report_knowledge_instruction_document,addons/quimibond_sgi/report/report_knowledge_instruction.xml:12,,,
3704,qweb,report_machine_sheet_document,addons/quimibond_sgi/report/report_machine_sheet.xml:14,,,
3705,qweb,report_master_list_document,addons/quimibond_sgi/report/report_master_list.xml:15,,,
3706,qweb,report_legal_matrix_document,addons/quimibond_sgi/report/report_master_list.xml:71,,,
3707,qweb,report_master_list_all_document,addons/quimibond_sgi/report/report_master_list_all.xml:54,,,
3708,qweb,report_mgmt_review_document,addons/quimibond_sgi/report/report_mgmt_review.xml:13,,,
3709,qweb,report_my_procedure_header,addons/quimibond_sgi/report/report_my_procedure.xml:31,,,
3710,qweb,report_my_procedure_footer,addons/quimibond_sgi/report/report_my_procedure.xml:65,,,
3711,qweb,report_my_procedure_entry,addons/quimibond_sgi/report/report_my_procedure.xml:79,,,
3712,qweb,report_my_procedure_document,addons/quimibond_sgi/report/report_my_procedure.xml:126,,,
3713,qweb,report_nc_document,addons/quimibond_sgi/report/report_nc.xml:13,,,
3714,qweb,report_news_document,addons/quimibond_sgi/report/report_news.xml:11,,,
3715,qweb,report_procedure_header,addons/quimibond_sgi/report/report_procedure.xml:15,,,
3716,qweb,report_procedure_footer,addons/quimibond_sgi/report/report_procedure.xml:55,,,
3717,qweb,report_procedure_document,addons/quimibond_sgi/report/report_procedure.xml:71,,,
3718,qweb,report_retention_document,addons/quimibond_sgi/report/report_retention.xml:15,,,
3719,qweb,report_sales_budget_document,addons/quimibond_sgi/report/report_sales_budget.xml:12,,,
3720,qweb,report_sales_forecast_page,addons/quimibond_sgi/report/report_sales_budget.xml:111,,,
3721,qweb,report_sign_sheet_body,addons/quimibond_sgi/report/report_sign_sheet.xml:7,,,
3722,qweb,report_ack_sign_sheet_document,addons/quimibond_sgi/report/report_sign_sheet.xml:36,,,
3723,qweb,report_epp_sign_sheet_document,addons/quimibond_sgi/report/report_sign_sheet.xml:61,,,
3724,qweb,report_publish_sign_sheet_document,addons/quimibond_sgi/report/report_sign_sheet.xml:87,,,
3725,qweb,report_staff_efficiency_document,addons/quimibond_sgi/report/report_staff_efficiency.xml:14,,,
3726,qweb,sgi_format_footer,addons/quimibond_sgi/report/sgi_format_footer.xml:5,,,
3727,qweb,report_saleorder_document_sgi,addons/quimibond_sgi/report/sgi_format_footer.xml:14,,,
3728,qweb,report_purchaseorder_document_sgi,addons/quimibond_sgi/report/sgi_format_footer.xml:22,,,
3729,qweb,report_delivery_document_sgi,addons/quimibond_sgi/report/sgi_format_footer.xml:30,,,
3730,qweb,report_nc_document_sgi,addons/quimibond_sgi/report/sgi_format_footer.xml:42,,,
3731,qweb,report_coa_document_sgi,addons/quimibond_sgi/report/sgi_format_footer.xml:50,,,
3732,qweb,report_mgmt_review_document_sgi,addons/quimibond_sgi/report/sgi_format_footer.xml:58,,,
3733,acción,sgi_action_line_action_all,addons/quimibond_sgi/views/sgi_action_line_views.xml:122,ir.actions.act_window,,
3734,acción,sgi_activity_spec_gap_action,addons/quimibond_sgi/views/sgi_activity_spec_views.xml:50,ir.actions.act_window,,
3735,acción,sgi_activity_week_stat_action,addons/quimibond_sgi/views/sgi_activity_spec_views.xml:119,ir.actions.act_window,,
3736,acción,sgi_alert_source_action,addons/quimibond_sgi/views/sgi_alert_source_views.xml:67,ir.actions.act_window,,
3737,acción,sgi_activity_role_action_approval,addons/quimibond_sgi/views/sgi_approval_native_views.xml:84,ir.actions.act_window,,
3738,acción,sgi_area_action,addons/quimibond_sgi/views/sgi_area_views.xml:32,ir.actions.act_window,,
3739,acción,sgi_audit_program_action,addons/quimibond_sgi/views/sgi_diagram_views.xml:174,ir.actions.act_window,,
3740,acción,sgi_audit_action,addons/quimibond_sgi/views/sgi_audit_views.xml:252,ir.actions.act_window,,
3741,acción,sgi_measure_split_action,addons/quimibond_sgi/views/sgi_business_line_views.xml:84,ir.actions.act_window,,
3742,acción,sgi_calibration_action,addons/quimibond_sgi/views/sgi_calibration_views.xml:83,ir.actions.act_window,,
3743,acción,sgi_equipment_action_measuring,addons/quimibond_sgi/views/sgi_diagram_views.xml:182,ir.actions.act_window,,
3744,acción,sgi_job_family_action,addons/quimibond_sgi/views/sgi_catalog_views.xml:219,ir.actions.act_window,,
3745,acción,sgi_activity_exec_stat_action_who,addons/quimibond_sgi/views/sgi_diagram_views.xml:194,ir.actions.act_window,,
3746,acción,sgi_activity_method_action,addons/quimibond_sgi/views/sgi_catalog_views.xml:334,ir.actions.act_window,,
3747,acción,sgi_catalog_load_wizard_action,addons/quimibond_sgi/views/sgi_catalog_views.xml:402,ir.actions.act_window,,
3748,acción,sgi_spreadsheet_dashboard_action,addons/quimibond_sgi/views/sgi_catalog_views.xml:424,ir.actions.client,,
3749,acción,sgi_document_type_action,addons/quimibond_sgi/views/sgi_catalog_views.xml:450,ir.actions.act_window,,
3750,acción,sgi_coa_inbox_action,addons/quimibond_sgi/views/sgi_coa_views.xml:224,ir.actions.act_window,,
3751,acción,sgi_competence_gap_action,addons/quimibond_sgi/views/sgi_diagram_views.xml:190,ir.actions.act_window,,
3752,acción,sgi_dnc_survey_action,addons/quimibond_sgi/views/sgi_competence_views.xml:84,ir.actions.server,,
3753,acción,sgi_complaint_action,addons/quimibond_sgi/views/sgi_complaint_views.xml:29,ir.actions.server,,
3754,acción,sgi_satisfaction_action,addons/quimibond_sgi/views/sgi_complaint_views.xml:54,ir.actions.server,,
3755,acción,sgi_internal_complaint_action,addons/quimibond_sgi/views/sgi_complaint_views.xml:77,ir.actions.server,,
3756,acción,sgi_interested_party_action,addons/quimibond_sgi/views/sgi_diagram_views.xml:154,ir.actions.act_window,,
3757,acción,sgi_control_plan_action,addons/quimibond_sgi/views/sgi_control_plan_views.xml:112,ir.actions.act_window,,
3758,acción,sgi_quality_alert_action_pareto,addons/quimibond_sgi/views/sgi_dashboard_views.xml:30,ir.actions.act_window,,
3759,acción,sgi_diagnostic_line_action,addons/quimibond_sgi/views/sgi_diagnostic_views.xml:65,ir.actions.act_window,,
3760,acción,sgi_diagnostic_run_action,addons/quimibond_sgi/views/sgi_diagnostic_views.xml:77,ir.actions.server,,
3761,acción,sgi_risk_action,addons/quimibond_sgi/views/sgi_risk_views.xml:255,ir.actions.act_window,,
3762,acción,sgi_legal_requirement_action,addons/quimibond_sgi/views/sgi_legal_views.xml:176,ir.actions.act_window,,
3763,acción,sgi_objective_action,addons/quimibond_sgi/views/sgi_objective_views.xml:77,ir.actions.act_window,,
3764,acción,sgi_indicator_action,addons/quimibond_sgi/views/sgi_indicator_views.xml:214,ir.actions.act_window,,
3765,acción,sgi_policy_action,addons/quimibond_sgi/views/sgi_policy_views.xml:92,ir.actions.act_window,,
3766,acción,sgi_management_review_action,addons/quimibond_sgi/views/sgi_management_review_views.xml:134,ir.actions.act_window,,
3767,acción,sgi_emergency_plan_action,addons/quimibond_sgi/views/sgi_emergency_views.xml:102,ir.actions.act_window,,
3768,acción,sgi_document_action,addons/quimibond_sgi/views/sgi_document_views.xml:281,ir.actions.act_window,,
3769,acción,sgi_hr_job_action_roles,addons/quimibond_sgi/views/sgi_diagram_views.xml:199,ir.actions.act_window,,
3770,acción,sgi_direction_board_action_open,addons/quimibond_sgi/views/sgi_direction_board_views.xml:101,ir.actions.server,,
3771,acción,sgi_doc_change_board_action,addons/quimibond_sgi/views/sgi_doc_change_views.xml:165,ir.actions.server,,
3772,acción,sgi_document_ack_action,addons/quimibond_sgi/views/sgi_document_views.xml:368,ir.actions.act_window,,
3773,acción,sgi_document_resolve_menu_action,addons/quimibond_sgi/views/sgi_document_views.xml:382,ir.actions.server,,
3774,acción,sgi_migration_action,addons/quimibond_sgi/views/sgi_document_views.xml:477,ir.actions.act_window,,
3775,acción,sgi_emergency_drill_action,addons/quimibond_sgi/views/sgi_emergency_views.xml:216,ir.actions.act_window,,
3776,acción,sgi_epp_delivery_action,addons/quimibond_sgi/views/sgi_epp_views.xml:105,ir.actions.act_window,,
3777,acción,sgi_external_doc_action,addons/quimibond_sgi/views/sgi_external_doc_views.xml:51,ir.actions.act_window,,
3778,acción,sgi_fmea_action,addons/quimibond_sgi/views/sgi_fmea_views.xml:158,ir.actions.act_window,,
3779,acción,sgi_format_map_action,addons/quimibond_sgi/views/sgi_format_map_views.xml:46,ir.actions.act_window,,
3780,acción,sgi_process_hierarchy_action,addons/quimibond_sgi/views/sgi_hierarchy_views.xml:35,ir.actions.act_window,,
3781,acción,sgi_process_action,addons/quimibond_sgi/views/sgi_process_views.xml:438,ir.actions.act_window,,
3782,acción,sgi_process_activity_action,addons/quimibond_sgi/views/sgi_process_procedure_views.xml:508,ir.actions.act_window,,
3783,acción,sgi_health_record_action,addons/quimibond_sgi/views/sgi_hse_views.xml:90,ir.actions.act_window,,
3784,acción,sgi_csh_inspection_action,addons/quimibond_sgi/views/sgi_hse_views.xml:198,ir.actions.act_window,,
3785,acción,sgi_checklist_template_action,addons/quimibond_sgi/views/sgi_hse_views.xml:267,ir.actions.act_window,,
3786,acción,sgi_checklist_request_action,addons/quimibond_sgi/views/sgi_hse_views.xml:310,ir.actions.act_window,,
3787,acción,sgi_checklist_today_action,addons/quimibond_sgi/views/sgi_hse_views.xml:322,ir.actions.act_window,,
3788,acción,sgi_improvement_action,addons/quimibond_sgi/views/sgi_improvement_views.xml:23,ir.actions.server,,
3789,acción,sgi_incident_action,addons/quimibond_sgi/views/sgi_incident_views.xml:136,ir.actions.act_window,,
3790,acción,sgi_measure_action,addons/quimibond_sgi/views/sgi_indicator_views.xml:418,ir.actions.act_window,,
3791,acción,sgi_lock_date_log_action,addons/quimibond_sgi/views/sgi_kpi_fields_views.xml:88,ir.actions.act_window,,
3792,acción,sgi_inventory_value_action,addons/quimibond_sgi/views/sgi_kpi_fields_views.xml:111,ir.actions.act_window,,
3793,acción,sgi_machine_sheet_action,addons/quimibond_sgi/views/sgi_machine_sheet_views.xml:130,ir.actions.act_window,,
3794,acción,sgi_activity_change_action_new,addons/quimibond_sgi/views/sgi_mp_change_views.xml:99,ir.actions.server,,
3795,acción,sgi_msa_study_action,addons/quimibond_sgi/views/sgi_msa_views.xml:80,ir.actions.act_window,,
3796,acción,sgi_indicator_action_mine,addons/quimibond_sgi/views/sgi_my_procedure_views.xml:643,ir.actions.act_window,,
3797,acción,sgi_nc_board_action,addons/quimibond_sgi/views/sgi_nonconformity_views.xml:236,ir.actions.server,,
3798,acción,sgi_nc_lessons_action,addons/quimibond_sgi/views/sgi_nonconformity_views.xml:368,ir.actions.act_window,,
3799,acción,sgi_norm_action,addons/quimibond_sgi/views/sgi_norm_views.xml:48,ir.actions.act_window,,
3800,acción,sgi_norm_clause_action,addons/quimibond_sgi/views/sgi_norm_views.xml:139,ir.actions.act_window,,
3801,acción,sgi_ppap_action,addons/quimibond_sgi/views/sgi_ppap_views.xml:114,ir.actions.act_window,,
3802,acción,sgi_ppap_element_template_action,addons/quimibond_sgi/views/sgi_ppap_views.xml:138,ir.actions.act_window,,
3803,acción,sgi_activity_compliance_action,addons/quimibond_sgi/views/sgi_process_procedure_views.xml:607,ir.actions.act_window,,
3804,acción,sgi_risk_category_action,addons/quimibond_sgi/views/sgi_risk_views.xml:14,ir.actions.act_window,,
3805,acción,sgi_sales_budget_import_action,addons/quimibond_sgi/views/sgi_sales_budget_views.xml:508,ir.actions.act_window,,
3806,acción,sgi_sales_budget_action,addons/quimibond_sgi/views/sgi_sales_budget_views.xml:517,ir.actions.act_window,,
3807,acción,sgi_sales_forecast_action,addons/quimibond_sgi/views/sgi_sales_budget_views.xml:553,ir.actions.act_window,,
3808,acción,sgi_sales_analysis_mercado_action,addons/quimibond_sgi/views/sgi_sales_budget_views.xml:669,ir.actions.act_window,,
3809,acción,sgi_sales_analysis_cliente_action,addons/quimibond_sgi/views/sgi_sales_budget_views.xml:681,ir.actions.act_window,,
3810,acción,sgi_sales_analysis_producto_action,addons/quimibond_sgi/views/sgi_sales_budget_views.xml:698,ir.actions.act_window,,
3811,acción,sgi_sales_analysis_global_action,addons/quimibond_sgi/views/sgi_sales_budget_views.xml:710,ir.actions.act_window,,
3812,acción,sgi_config_settings_action,addons/quimibond_sgi/views/sgi_settings_views.xml:203,ir.actions.act_window,,
3813,acción,sgi_slide_channel_action,addons/quimibond_sgi/views/sgi_sign_elearning_views.xml:19,ir.actions.act_window,,
3814,acción,sgi_staff_efficiency_action,addons/quimibond_sgi/views/sgi_staff_efficiency_views.xml:134,ir.actions.act_window,,
3815,acción,sgi_staff_efficiency_line_action,addons/quimibond_sgi/views/sgi_staff_efficiency_views.xml:146,ir.actions.act_window,,
3816,acción,sgi_supplier_eval_action,addons/quimibond_sgi/views/sgi_supplier_eval_views.xml:91,ir.actions.act_window,,
3817,acción,sgi_supplier_eval_recompute_action,addons/quimibond_sgi/views/sgi_supplier_eval_views.xml:104,ir.actions.server,,
3818,acción,action_report_8d,addons/quimibond_sgi/report/report_8d.xml:7,ir.actions.report,,
3819,acción,action_report_audit_plan,addons/quimibond_sgi/report/report_audit.xml:4,ir.actions.report,,
3820,acción,action_report_audit_report,addons/quimibond_sgi/report/report_audit.xml:49,ir.actions.report,,
3821,acción,action_report_calibration_label,addons/quimibond_sgi/report/report_calibration_label.xml:5,ir.actions.report,,
3822,acción,action_report_out_of_service_label,addons/quimibond_sgi/report/report_calibration_label.xml:16,ir.actions.report,,
3823,acción,action_report_coa,addons/quimibond_sgi/report/report_coa.xml:3,ir.actions.report,,
3824,acción,action_report_compliance_matrix,addons/quimibond_sgi/report/report_compliance_matrix.xml:18,ir.actions.report,,
3825,acción,action_report_dev_request,addons/quimibond_sgi/report/report_dev_request.xml:4,ir.actions.report,,
3826,acción,action_report_risk_matrix,addons/quimibond_sgi/report/report_direction.xml:4,ir.actions.report,,
3827,acción,action_report_competence_matrix,addons/quimibond_sgi/report/report_direction.xml:60,ir.actions.report,,
3828,acción,action_report_doc_change,addons/quimibond_sgi/report/report_doc_change.xml:20,ir.actions.report,,
3829,acción,action_report_epp_delivery,addons/quimibond_sgi/report/report_epp_delivery.xml:5,ir.actions.report,,
3830,acción,action_report_fmea,addons/quimibond_sgi/report/report_fmea.xml:3,ir.actions.report,,
3831,acción,action_report_incident,addons/quimibond_sgi/report/report_incident.xml:3,ir.actions.report,,
3832,acción,action_report_knowledge_instruction,addons/quimibond_sgi/report/report_knowledge_instruction.xml:4,ir.actions.report,,
3833,acción,action_report_machine_sheet,addons/quimibond_sgi/report/report_machine_sheet.xml:3,ir.actions.report,,
3834,acción,action_report_master_list,addons/quimibond_sgi/report/report_master_list.xml:4,ir.actions.report,,
3835,acción,action_report_legal_matrix,addons/quimibond_sgi/report/report_master_list.xml:60,ir.actions.report,,
3836,acción,sgi_document_master_list_action,addons/quimibond_sgi/report/report_master_list_all.xml:28,ir.actions.act_window,,
3837,acción,action_report_master_list_all,addons/quimibond_sgi/report/report_master_list_all.xml:43,ir.actions.report,,
3838,acción,action_report_mgmt_review,addons/quimibond_sgi/report/report_mgmt_review.xml:3,ir.actions.report,,
3839,acción,action_report_my_procedure,addons/quimibond_sgi/report/report_my_procedure.xml:18,ir.actions.report,,
3840,acción,action_report_nc,addons/quimibond_sgi/report/report_nc.xml:3,ir.actions.report,,
3841,acción,action_report_news,addons/quimibond_sgi/report/report_news.xml:3,ir.actions.report,,
3842,acción,action_report_procedure,addons/quimibond_sgi/report/report_procedure.xml:3,ir.actions.report,,
3843,acción,action_report_retention,addons/quimibond_sgi/report/report_retention.xml:5,ir.actions.report,,
3844,acción,action_report_sales_budget,addons/quimibond_sgi/report/report_sales_budget.xml:3,ir.actions.report,,
3845,acción,action_report_ack_sign_sheet,addons/quimibond_sgi/report/report_sign_sheet.xml:27,ir.actions.report,,
3846,acción,action_report_epp_sign_sheet,addons/quimibond_sgi/report/report_sign_sheet.xml:52,ir.actions.report,,
3847,acción,action_report_publish_sign_sheet,addons/quimibond_sgi/report/report_sign_sheet.xml:78,ir.actions.report,,
3848,acción,action_report_staff_efficiency,addons/quimibond_sgi/report/report_staff_efficiency.xml:3,ir.actions.report,,
3849,acción,sgi_my_procedure_action_mine,addons/quimibond_sgi/data/sgi_my_procedure_data.xml:18,ir.actions.server,,
3850,acción,sgi_my_pending_action_mine,addons/quimibond_sgi/data/sgi_my_procedure_data.xml:27,ir.actions.server,,
3851,acción,sgi_my_procedure_action_publish,addons/quimibond_sgi/data/sgi_my_procedure_data.xml:37,ir.actions.server,,
3852,acción,sgi_my_team_action_mine,addons/quimibond_sgi/data/sgi_my_procedure_data.xml:45,ir.actions.server,,
3853,menú,menu_sgi_spec_gaps,addons/quimibond_sgi/views/sgi_activity_spec_views.xml:130,Faltantes de especificación,,
3854,menú,menu_sgi_week_stats,addons/quimibond_sgi/views/sgi_activity_spec_views.xml:132,Cumplimiento semanal,,
3855,menú,menu_sgi_measures_split,addons/quimibond_sgi/views/sgi_business_line_views.xml:95,Mediciones por equipo o mercado,,
3856,menú,menu_sgi_epp_deliveries,addons/quimibond_sgi/views/sgi_epp_views.xml:116,Responsivas de EPP,,
3857,menú,menu_sgi_external_docs,addons/quimibond_sgi/views/sgi_external_doc_views.xml:68,Documentos externos,,
3858,menú,menu_sgi_health_records,addons/quimibond_sgi/views/sgi_hse_views.xml:396,Estudios de higiene y exámenes médicos,,
3859,menú,menu_sgi_csh_inspections,addons/quimibond_sgi/views/sgi_hse_views.xml:399,Recorridos de la Comisión de Seguridad e Higiene,,
3860,menú,menu_sgi_checklist_requests,addons/quimibond_sgi/views/sgi_hse_views.xml:401,Hojas de checklist (planta y unidades),,
3861,menú,menu_sgi_checklist_today,addons/quimibond_sgi/views/sgi_hse_views.xml:403,Checklists de hoy,,
3862,menú,menu_sgi_checklist_templates,addons/quimibond_sgi/views/sgi_hse_views.xml:405,Checklists de planta y unidades,,
3863,menú,menu_sgi_lock_date_log,addons/quimibond_sgi/views/sgi_kpi_fields_views.xml:119,Bitácora de bloqueo contable,,
3864,menú,menu_sgi_inventory_value,addons/quimibond_sgi/views/sgi_kpi_fields_views.xml:121,Valor del inventario por mes,,
3865,menú,menu_sgi_root,addons/quimibond_sgi/views/sgi_menus.xml:14,SGI,,
3866,menú,menu_sgi_panel,addons/quimibond_sgi/views/sgi_menus.xml:25,,,
3867,menú,menu_sgi_processes,addons/quimibond_sgi/views/sgi_menus.xml:38,,,
3868,menú,menu_sgi_process_map,addons/quimibond_sgi/views/sgi_menus.xml:46,Mapa de procesos,,
3869,menú,menu_sgi_activities,addons/quimibond_sgi/views/sgi_menus.xml:48,Actividades,,
3870,menú,menu_sgi_analysis_who,addons/quimibond_sgi/views/sgi_menus.xml:50,Matriz de responsabilidades,,
3871,menú,menu_sgi_jobs_roles,addons/quimibond_sgi/views/sgi_menus.xml:53,Puestos y procesos,,
3872,menú,menu_sgi_machine_sheets,addons/quimibond_sgi/views/sgi_menus.xml:56,Fichas de proceso por máquina,,
3873,menú,menu_sgi_improvement_group,addons/quimibond_sgi/views/sgi_menus.xml:61,Mejora,,
3874,menú,menu_sgi_nc,addons/quimibond_sgi/views/sgi_menus.xml:62,No conformidades,,
3875,menú,menu_sgi_complaints,addons/quimibond_sgi/views/sgi_menus.xml:64,Reclamaciones de clientes,,
3876,menú,menu_sgi_nc_all_actions,addons/quimibond_sgi/views/sgi_menus.xml:66,Acciones correctivas,,
3877,menú,menu_sgi_internal_complaints,addons/quimibond_sgi/views/sgi_menus.xml:69,Quejas y sugerencias del personal,,
3878,menú,menu_sgi_improvements,addons/quimibond_sgi/views/sgi_menus.xml:72,Mejora continua,,
3879,menú,menu_sgi_lessons,addons/quimibond_sgi/views/sgi_menus.xml:74,Lecciones aprendidas,,
3880,menú,menu_sgi_audits,addons/quimibond_sgi/views/sgi_menus.xml:76,Auditorías,,
3881,menú,menu_sgi_audit_list,addons/quimibond_sgi/views/sgi_menus.xml:78,Auditorías realizadas,,
3882,menú,menu_sgi_audit_programs,addons/quimibond_sgi/views/sgi_menus.xml:80,Programa de auditorías,,
3883,menú,menu_sgi_safety,addons/quimibond_sgi/views/sgi_menus.xml:82,Seguridad y ambiente,,
3884,menú,menu_sgi_incidents,addons/quimibond_sgi/views/sgi_menus.xml:84,Incidentes y accidentes,,
3885,menú,menu_sgi_emergency_plans,addons/quimibond_sgi/views/sgi_menus.xml:86,Planes de emergencia,,
3886,menú,menu_sgi_emergency_drills,addons/quimibond_sgi/views/sgi_menus.xml:88,Simulacros,,
3887,menú,menu_sgi_direction,addons/quimibond_sgi/views/sgi_menus.xml:92,Dirección,,
3888,menú,menu_sgi_dashboard_health,addons/quimibond_sgi/views/sgi_menus.xml:96,Tablero de dirección,,
3889,menú,menu_sgi_mgmt_review,addons/quimibond_sgi/views/sgi_menus.xml:98,Revisión por la dirección,,
3890,menú,menu_sgi_policy,addons/quimibond_sgi/views/sgi_menus.xml:100,Política integral,,
3891,menú,menu_sgi_objectives,addons/quimibond_sgi/views/sgi_menus.xml:102,Objetivos integrales,,
3892,menú,menu_sgi_risks,addons/quimibond_sgi/views/sgi_menus.xml:104,Riesgos y oportunidades,,
3893,menú,menu_sgi_legal,addons/quimibond_sgi/views/sgi_menus.xml:106,Requisitos legales,,
3894,menú,menu_sgi_interested_parties,addons/quimibond_sgi/views/sgi_menus.xml:108,Partes interesadas,,
3895,menú,menu_sgi_satisfaction,addons/quimibond_sgi/views/sgi_menus.xml:110,Satisfacción del cliente,,
3896,menú,menu_sgi_admin,addons/quimibond_sgi/views/sgi_menus.xml:116,Administración SGI,,
3897,menú,menu_sgi_documental,addons/quimibond_sgi/views/sgi_menus.xml:120,Documentos,,
3898,menú,menu_sgi_documents,addons/quimibond_sgi/views/sgi_menus.xml:121,Documentos,,
3899,menú,menu_sgi_doc_changes,addons/quimibond_sgi/views/sgi_menus.xml:123,Solicitudes de cambio a documentos,,
3900,menú,menu_sgi_master_list,addons/quimibond_sgi/views/sgi_menus.xml:125,Lista maestra de documentos,,
3901,menú,menu_sgi_migration,addons/quimibond_sgi/views/sgi_menus.xml:127,Migración de formatos,,
3902,menú,menu_sgi_config_doc_types,addons/quimibond_sgi/views/sgi_menus.xml:129,Tipos de documento,,
3903,menú,menu_sgi_admin_indicators,addons/quimibond_sgi/views/sgi_menus.xml:133,Indicadores,,
3904,menú,menu_sgi_indicators,addons/quimibond_sgi/views/sgi_menus.xml:134,Indicadores,,
3905,menú,menu_sgi_measures,addons/quimibond_sgi/views/sgi_menus.xml:136,Mediciones,,
3906,menú,menu_sgi_approvals_native,addons/quimibond_sgi/views/sgi_menus.xml:140,Aprobaciones del SGI,,
3907,menú,menu_sgi_analysis,addons/quimibond_sgi/views/sgi_menus.xml:147,Diagnóstico,,
3908,menú,menu_sgi_diagnostic,addons/quimibond_sgi/views/sgi_menus.xml:148,Diagnóstico del SGI,,
3909,menú,menu_sgi_activity_methods,addons/quimibond_sgi/views/sgi_menus.xml:150,Cobertura de medición,,
3910,menú,menu_sgi_compliance,addons/quimibond_sgi/views/sgi_menus.xml:152,Cumplimiento de procedimientos,,
3911,menú,menu_sgi_admin_signatures,addons/quimibond_sgi/views/sgi_menus.xml:159,Firmas de lectura,,
3912,menú,menu_sgi_my_procedure_publish,addons/quimibond_sgi/views/sgi_menus.xml:160,Publicar Mi procedimiento,,
3913,menú,menu_sgi_config_acks,addons/quimibond_sgi/views/sgi_menus.xml:162,Acuses de lectura,,
3914,menú,menu_sgi_config,addons/quimibond_sgi/views/sgi_menus.xml:166,Configuración,,
3915,menú,menu_sgi_config_load,addons/quimibond_sgi/views/sgi_menus.xml:167,Cargar catálogo,,
3916,menú,menu_sgi_job_families,addons/quimibond_sgi/views/sgi_menus.xml:170,Familias de puesto,,
3917,menú,menu_sgi_config_settings,addons/quimibond_sgi/views/sgi_menus.xml:172,Ajustes,,
3918,menú,menu_sgi_config_areas,addons/quimibond_sgi/views/sgi_menus.xml:175,Áreas,,
3919,menú,menu_sgi_config_norms,addons/quimibond_sgi/views/sgi_menus.xml:177,Normas,,
3920,menú,menu_sgi_config_clauses,addons/quimibond_sgi/views/sgi_menus.xml:179,Cláusulas,,
3921,menú,menu_sgi_config_risk_cat,addons/quimibond_sgi/views/sgi_menus.xml:181,Categorías de riesgo,,
3922,menú,menu_sgi_config_ppap_elements,addons/quimibond_sgi/views/sgi_menus.xml:183,Elementos PPAP,,
3923,menú,menu_sgi_config_format_map,addons/quimibond_sgi/views/sgi_menus.xml:185,Formatos en documentos de Odoo,,
3924,menú,menu_sgi_config_alert_sources,addons/quimibond_sgi/views/sgi_menus.xml:187,Fuentes de NC automáticas,,
3925,menú,menu_sgi_suppliers,addons/quimibond_sgi/views/sgi_menus.xml:203,Evaluación de proveedores,,
3926,menú,menu_hr_sgi_competences,addons/quimibond_sgi/views/sgi_menus.xml:209,Competencias (SGI),,
3927,menú,menu_sgi_competences,addons/quimibond_sgi/views/sgi_menus.xml:212,Brechas de competencia (DNC),,
3928,menú,menu_sgi_dnc_survey,addons/quimibond_sgi/views/sgi_menus.xml:215,Encuesta DNC,,
3929,menú,menu_sgi_elearning_skills,addons/quimibond_sgi/views/sgi_menus.xml:218,Cursos y competencias (eLearning),,
3930,menú,menu_sale_sgi_planning,addons/quimibond_sgi/views/sgi_menus.xml:225,Presupuesto y pronóstico,,
3931,menú,menu_sale_sgi_sales_budget,addons/quimibond_sgi/views/sgi_menus.xml:228,Presupuestos,,
3932,menú,menu_sale_sgi_sales_forecast,addons/quimibond_sgi/views/sgi_menus.xml:230,Pronósticos,,
3933,menú,menu_sale_sgi_sales_analysis,addons/quimibond_sgi/views/sgi_menus.xml:232,Análisis,,
3934,menú,menu_sale_sgi_analysis_mercado,addons/quimibond_sgi/views/sgi_menus.xml:234,Por mercado,,
3935,menú,menu_sale_sgi_analysis_cliente,addons/quimibond_sgi/views/sgi_menus.xml:236,Por cliente,,
3936,menú,menu_sale_sgi_analysis_producto,addons/quimibond_sgi/views/sgi_menus.xml:238,Por producto,,
3937,menú,menu_sale_sgi_analysis_global,addons/quimibond_sgi/views/sgi_menus.xml:240,Global (Dirección),,
3938,menú,menu_sgi_automotive,addons/quimibond_sgi/views/sgi_menus.xml:251,Calidad preventiva,,
3939,menú,menu_sgi_control_plans,addons/quimibond_sgi/views/sgi_menus.xml:254,Planes de control,,
3940,menú,menu_sgi_fmea,addons/quimibond_sgi/views/sgi_menus.xml:256,AMEF,,
3941,menú,menu_sgi_ppap,addons/quimibond_sgi/views/sgi_menus.xml:258,PPAP,,
3942,menú,menu_sgi_metrology,addons/quimibond_sgi/views/sgi_menus.xml:260,Metrología,,
3943,menú,menu_sgi_measuring_equipment,addons/quimibond_sgi/views/sgi_menus.xml:262,Equipos de medición,,
3944,menú,menu_sgi_calibrations,addons/quimibond_sgi/views/sgi_menus.xml:264,Calibraciones,,
3945,menú,menu_sgi_msa,addons/quimibond_sgi/views/sgi_menus.xml:266,Estudios MSA,,
3946,menú,menu_sgi_dashboards,addons/quimibond_sgi/views/sgi_menus.xml:275,Tableros (SGI),,
3947,menú,menu_sgi_dashboard_alerts,addons/quimibond_sgi/views/sgi_menus.xml:278,Pareto de alertas de calidad,,
3948,menú,menu_sgi_coa_inbox,addons/quimibond_sgi/views/sgi_menus.xml:286,COA recibidos,,
3949,menú,menu_sgi_my_staff_efficiency,addons/quimibond_sgi/views/sgi_menus.xml:293,Eficiencias de mi área,,
3950,menú,menu_sgi_my_procedure,addons/quimibond_sgi/views/sgi_my_procedure_views.xml:629,Mi procedimiento,,
3951,menú,menu_sgi_my_pending,addons/quimibond_sgi/views/sgi_my_procedure_views.xml:632,Mis pendientes,,
3952,menú,menu_sgi_my_team,addons/quimibond_sgi/views/sgi_my_procedure_views.xml:635,Mi equipo,,
3953,menú,menu_sgi_my_indicators,addons/quimibond_sgi/views/sgi_my_procedure_views.xml:654,Mis indicadores,,
3954,menú,menu_hr_sgi_staff_efficiency,addons/quimibond_sgi/views/sgi_staff_efficiency_views.xml:152,Eficiencias de personal (SGI),,
3955,menú,menu_sgi_staff_efficiency,addons/quimibond_sgi/views/sgi_staff_efficiency_views.xml:155,Hojas mensuales,,
3956,menú,menu_sgi_staff_efficiency_analysis,addons/quimibond_sgi/views/sgi_staff_efficiency_views.xml:157,Análisis por empleado,,
3957,grupo,group_sgi_user,addons/quimibond_sgi/security/sgi_security.xml:15,Usuario SGI,,
3958,grupo,group_sgi_auditor,addons/quimibond_sgi/security/sgi_security.xml:39,Auditor SGI,,
3959,grupo,group_sgi_manager,addons/quimibond_sgi/security/sgi_security.xml:46,Jefe MAST y SGI,,
3960,grupo,group_sgi_admin,addons/quimibond_sgi/security/sgi_security.xml:62,Administrador SGI,,
3961,grupo,group_sgi_director,addons/quimibond_sgi/security/sgi_security.xml:69,Dirección de Operaciones (SGI),,
3962,grupo,group_sgi_efficiency_capture,addons/quimibond_sgi/security/sgi_security.xml:256,Captura de eficiencias (jefe o supervisor de área),,
3963,acceso,access_sgi_area_user,addons/quimibond_sgi/security/ir.model.access.csv:2,model_sgi_area group_sgi_user,,
3964,acceso,access_sgi_norm_user,addons/quimibond_sgi/security/ir.model.access.csv:3,model_sgi_norm group_sgi_user,,
3965,acceso,access_sgi_norm_clause_user,addons/quimibond_sgi/security/ir.model.access.csv:4,model_sgi_norm_clause group_sgi_user,,
3966,acceso,access_sgi_process_user,addons/quimibond_sgi/security/ir.model.access.csv:5,model_sgi_process group_sgi_user,,
3967,acceso,access_sgi_process_flow_user,addons/quimibond_sgi/security/ir.model.access.csv:6,model_sgi_process_flow group_sgi_user,,
3968,acceso,access_sgi_process_responsibility_user,addons/quimibond_sgi/security/ir.model.access.csv:7,model_sgi_process_responsibility group_sgi_user,,
3969,acceso,access_sgi_process_activity_user,addons/quimibond_sgi/security/ir.model.access.csv:8,model_sgi_process_activity group_sgi_user,,
3970,acceso,access_sgi_activity_link_user,addons/quimibond_sgi/security/ir.model.access.csv:9,model_sgi_activity_link group_sgi_user,,
3971,acceso,access_sgi_document_ack_user,addons/quimibond_sgi/security/ir.model.access.csv:10,model_sgi_document_ack group_sgi_user,,
3972,acceso,access_sgi_action_line_user,addons/quimibond_sgi/security/ir.model.access.csv:11,model_sgi_action_line group_sgi_user,,
3973,acceso,access_sgi_nc_force_close_user,addons/quimibond_sgi/security/ir.model.access.csv:12,model_sgi_nc_force_close group_sgi_user,,
3974,acceso,access_sgi_area_manager,addons/quimibond_sgi/security/ir.model.access.csv:13,model_sgi_area group_sgi_manager,,
3975,acceso,access_sgi_norm_manager,addons/quimibond_sgi/security/ir.model.access.csv:14,model_sgi_norm group_sgi_manager,,
3976,acceso,access_sgi_norm_clause_manager,addons/quimibond_sgi/security/ir.model.access.csv:15,model_sgi_norm_clause group_sgi_manager,,
3977,acceso,access_sgi_process_manager,addons/quimibond_sgi/security/ir.model.access.csv:16,model_sgi_process group_sgi_manager,,
3978,acceso,access_sgi_process_flow_manager,addons/quimibond_sgi/security/ir.model.access.csv:17,model_sgi_process_flow group_sgi_manager,,
3979,acceso,access_sgi_process_responsibility_manager,addons/quimibond_sgi/security/ir.model.access.csv:18,model_sgi_process_responsibility group_sgi_manager,,
3980,acceso,access_sgi_process_activity_manager,addons/quimibond_sgi/security/ir.model.access.csv:19,model_sgi_process_activity group_sgi_manager,,
3981,acceso,access_sgi_activity_link_manager,addons/quimibond_sgi/security/ir.model.access.csv:20,model_sgi_activity_link group_sgi_manager,,
3982,acceso,access_sgi_document_ack_manager,addons/quimibond_sgi/security/ir.model.access.csv:21,model_sgi_document_ack group_sgi_manager,,
3983,acceso,access_sgi_action_line_manager,addons/quimibond_sgi/security/ir.model.access.csv:22,model_sgi_action_line group_sgi_manager,,
3984,acceso,access_sgi_nc_force_close_manager,addons/quimibond_sgi/security/ir.model.access.csv:23,model_sgi_nc_force_close group_sgi_manager,,
3985,acceso,access_sgi_objective_user,addons/quimibond_sgi/security/ir.model.access.csv:24,model_sgi_objective group_sgi_user,,
3986,acceso,access_sgi_objective_manager,addons/quimibond_sgi/security/ir.model.access.csv:25,model_sgi_objective group_sgi_manager,,
3987,acceso,access_sgi_policy_user,addons/quimibond_sgi/security/ir.model.access.csv:26,model_sgi_policy group_sgi_user,,
3988,acceso,access_sgi_policy_manager,addons/quimibond_sgi/security/ir.model.access.csv:27,model_sgi_policy group_sgi_manager,,
3989,acceso,access_sgi_indicator_user,addons/quimibond_sgi/security/ir.model.access.csv:28,model_sgi_indicator group_sgi_user,,
3990,acceso,access_sgi_indicator_manager,addons/quimibond_sgi/security/ir.model.access.csv:29,model_sgi_indicator group_sgi_manager,,
3991,acceso,access_sgi_indicator_measure_user,addons/quimibond_sgi/security/ir.model.access.csv:30,model_sgi_indicator_measure group_sgi_user,,
3992,acceso,access_sgi_indicator_measure_manager,addons/quimibond_sgi/security/ir.model.access.csv:31,model_sgi_indicator_measure group_sgi_manager,,
3993,acceso,access_sgi_audit_program_user,addons/quimibond_sgi/security/ir.model.access.csv:32,model_sgi_audit_program group_sgi_user,,
3994,acceso,access_sgi_audit_program_auditor,addons/quimibond_sgi/security/ir.model.access.csv:33,model_sgi_audit_program group_sgi_auditor,,
3995,acceso,access_sgi_audit_program_manager,addons/quimibond_sgi/security/ir.model.access.csv:34,model_sgi_audit_program group_sgi_manager,,
3996,acceso,access_sgi_audit_program_line_user,addons/quimibond_sgi/security/ir.model.access.csv:35,model_sgi_audit_program_line group_sgi_user,,
3997,acceso,access_sgi_audit_program_line_auditor,addons/quimibond_sgi/security/ir.model.access.csv:36,model_sgi_audit_program_line group_sgi_auditor,,
3998,acceso,access_sgi_audit_program_line_manager,addons/quimibond_sgi/security/ir.model.access.csv:37,model_sgi_audit_program_line group_sgi_manager,,
3999,acceso,access_sgi_audit_user,addons/quimibond_sgi/security/ir.model.access.csv:38,model_sgi_audit group_sgi_user,,
4000,acceso,access_sgi_audit_auditor,addons/quimibond_sgi/security/ir.model.access.csv:39,model_sgi_audit group_sgi_auditor,,
4001,acceso,access_sgi_audit_manager,addons/quimibond_sgi/security/ir.model.access.csv:40,model_sgi_audit group_sgi_manager,,
4002,acceso,access_sgi_audit_finding_user,addons/quimibond_sgi/security/ir.model.access.csv:41,model_sgi_audit_finding group_sgi_user,,
4003,acceso,access_sgi_audit_finding_auditor,addons/quimibond_sgi/security/ir.model.access.csv:42,model_sgi_audit_finding group_sgi_auditor,,
4004,acceso,access_sgi_audit_finding_manager,addons/quimibond_sgi/security/ir.model.access.csv:43,model_sgi_audit_finding group_sgi_manager,,
4005,acceso,access_sgi_risk_category_user,addons/quimibond_sgi/security/ir.model.access.csv:44,model_sgi_risk_category group_sgi_user,,
4006,acceso,access_sgi_risk_category_manager,addons/quimibond_sgi/security/ir.model.access.csv:45,model_sgi_risk_category group_sgi_manager,,
4007,acceso,access_sgi_risk_user,addons/quimibond_sgi/security/ir.model.access.csv:46,model_sgi_risk group_sgi_user,,
4008,acceso,access_sgi_risk_manager,addons/quimibond_sgi/security/ir.model.access.csv:47,model_sgi_risk group_sgi_manager,,
4009,acceso,access_sgi_supplier_eval_user,addons/quimibond_sgi/security/ir.model.access.csv:48,model_sgi_supplier_eval group_sgi_user,,
4010,acceso,access_sgi_supplier_eval_purchase,addons/quimibond_sgi/security/ir.model.access.csv:49,model_sgi_supplier_eval purchase.group_purchase_user,,
4011,acceso,access_sgi_supplier_eval_manager,addons/quimibond_sgi/security/ir.model.access.csv:50,model_sgi_supplier_eval group_sgi_manager,,
4012,acceso,access_sgi_management_review_manager,addons/quimibond_sgi/security/ir.model.access.csv:51,model_sgi_management_review group_sgi_manager,,
4013,acceso,access_sgi_management_review_director,addons/quimibond_sgi/security/ir.model.access.csv:52,model_sgi_management_review group_sgi_director,,
4014,acceso,access_sgi_management_review_agreement_manager,addons/quimibond_sgi/security/ir.model.access.csv:53,model_sgi_management_review_agreement group_sgi_manager,,
4015,acceso,access_sgi_management_review_user,addons/quimibond_sgi/security/ir.model.access.csv:54,model_sgi_management_review group_sgi_user,,
4016,acceso,access_sgi_management_review_agreement_user,addons/quimibond_sgi/security/ir.model.access.csv:55,model_sgi_management_review_agreement group_sgi_user,,
4017,acceso,access_sgi_control_plan_user,addons/quimibond_sgi/security/ir.model.access.csv:56,model_sgi_control_plan group_sgi_user,,
4018,acceso,access_sgi_control_plan_quality,addons/quimibond_sgi/security/ir.model.access.csv:57,model_sgi_control_plan quality.group_quality_user,,
4019,acceso,access_sgi_control_plan_manager,addons/quimibond_sgi/security/ir.model.access.csv:58,model_sgi_control_plan group_sgi_manager,,
4020,acceso,access_sgi_calibration_user,addons/quimibond_sgi/security/ir.model.access.csv:59,model_sgi_calibration group_sgi_user,,
4021,acceso,access_sgi_calibration_quality,addons/quimibond_sgi/security/ir.model.access.csv:60,model_sgi_calibration quality.group_quality_user,,
4022,acceso,access_sgi_calibration_manager,addons/quimibond_sgi/security/ir.model.access.csv:61,model_sgi_calibration group_sgi_manager,,
4023,acceso,access_sgi_fmea_user,addons/quimibond_sgi/security/ir.model.access.csv:62,model_sgi_fmea group_sgi_user,,
4024,acceso,access_sgi_fmea_quality,addons/quimibond_sgi/security/ir.model.access.csv:63,model_sgi_fmea quality.group_quality_user,,
4025,acceso,access_sgi_fmea_manager,addons/quimibond_sgi/security/ir.model.access.csv:64,model_sgi_fmea group_sgi_manager,,
4026,acceso,access_sgi_fmea_line_user,addons/quimibond_sgi/security/ir.model.access.csv:65,model_sgi_fmea_line group_sgi_user,,
4027,acceso,access_sgi_fmea_line_quality,addons/quimibond_sgi/security/ir.model.access.csv:66,model_sgi_fmea_line quality.group_quality_user,,
4028,acceso,access_sgi_fmea_line_manager,addons/quimibond_sgi/security/ir.model.access.csv:67,model_sgi_fmea_line group_sgi_manager,,
4029,acceso,access_sgi_ppap_user,addons/quimibond_sgi/security/ir.model.access.csv:68,model_sgi_ppap group_sgi_user,,
4030,acceso,access_sgi_ppap_quality,addons/quimibond_sgi/security/ir.model.access.csv:69,model_sgi_ppap quality.group_quality_user,,
4031,acceso,access_sgi_ppap_manager,addons/quimibond_sgi/security/ir.model.access.csv:70,model_sgi_ppap group_sgi_manager,,
4032,acceso,access_sgi_ppap_element_user,addons/quimibond_sgi/security/ir.model.access.csv:71,model_sgi_ppap_element group_sgi_user,,
4033,acceso,access_sgi_ppap_element_quality,addons/quimibond_sgi/security/ir.model.access.csv:72,model_sgi_ppap_element quality.group_quality_user,,
4034,acceso,access_sgi_ppap_element_manager,addons/quimibond_sgi/security/ir.model.access.csv:73,model_sgi_ppap_element group_sgi_manager,,
4035,acceso,access_sgi_ppap_element_template_user,addons/quimibond_sgi/security/ir.model.access.csv:74,model_sgi_ppap_element_template group_sgi_user,,
4036,acceso,access_sgi_ppap_element_template_quality,addons/quimibond_sgi/security/ir.model.access.csv:75,model_sgi_ppap_element_template quality.group_quality_user,,
4037,acceso,access_sgi_ppap_element_template_manager,addons/quimibond_sgi/security/ir.model.access.csv:76,model_sgi_ppap_element_template group_sgi_manager,,
4038,acceso,access_sgi_incident_user,addons/quimibond_sgi/security/ir.model.access.csv:77,model_sgi_incident group_sgi_user,,
4039,acceso,access_sgi_incident_manager,addons/quimibond_sgi/security/ir.model.access.csv:78,model_sgi_incident group_sgi_manager,,
4040,acceso,access_sgi_competence_gap_user,addons/quimibond_sgi/security/ir.model.access.csv:79,model_sgi_competence_gap group_sgi_user,,
4041,acceso,access_sgi_competence_gap_hr,addons/quimibond_sgi/security/ir.model.access.csv:80,model_sgi_competence_gap hr.group_hr_user,,
4042,acceso,access_sgi_competence_gap_manager,addons/quimibond_sgi/security/ir.model.access.csv:81,model_sgi_competence_gap group_sgi_manager,,
4043,acceso,access_sgi_format_map_user,addons/quimibond_sgi/security/ir.model.access.csv:82,model_sgi_format_map group_sgi_user,,
4044,acceso,access_sgi_format_map_manager,addons/quimibond_sgi/security/ir.model.access.csv:83,model_sgi_format_map group_sgi_manager,,
4045,acceso,access_sgi_sales_budget_user,addons/quimibond_sgi/security/ir.model.access.csv:84,model_sgi_sales_budget group_sgi_user,,
4046,acceso,access_sgi_sales_budget_sale_mgr,addons/quimibond_sgi/security/ir.model.access.csv:85,model_sgi_sales_budget sales_team.group_sale_manager,,
4047,acceso,access_sgi_sales_budget_manager,addons/quimibond_sgi/security/ir.model.access.csv:86,model_sgi_sales_budget group_sgi_manager,,
4048,acceso,access_sgi_sales_budget_line_user,addons/quimibond_sgi/security/ir.model.access.csv:87,model_sgi_sales_budget_line group_sgi_user,,
4049,acceso,access_sgi_sales_budget_line_sale_mgr,addons/quimibond_sgi/security/ir.model.access.csv:88,model_sgi_sales_budget_line sales_team.group_sale_manager,,
4050,acceso,access_sgi_sales_budget_line_manager,addons/quimibond_sgi/security/ir.model.access.csv:89,model_sgi_sales_budget_line group_sgi_manager,,
4051,acceso,access_sgi_sales_budget_import_sale_mgr,addons/quimibond_sgi/security/ir.model.access.csv:90,model_sgi_sales_budget_import sales_team.group_sale_manager,,
4052,acceso,access_sgi_sales_budget_import_manager,addons/quimibond_sgi/security/ir.model.access.csv:91,model_sgi_sales_budget_import group_sgi_manager,,
4053,acceso,access_sgi_alert_source_user,addons/quimibond_sgi/security/ir.model.access.csv:92,model_sgi_alert_source group_sgi_user,,
4054,acceso,access_sgi_alert_source_manager,addons/quimibond_sgi/security/ir.model.access.csv:93,model_sgi_alert_source group_sgi_manager,,
4055,acceso,access_sgi_emergency_plan_user,addons/quimibond_sgi/security/ir.model.access.csv:94,model_sgi_emergency_plan group_sgi_user,,
4056,acceso,access_sgi_emergency_plan_manager,addons/quimibond_sgi/security/ir.model.access.csv:95,model_sgi_emergency_plan group_sgi_manager,,
4057,acceso,access_sgi_emergency_drill_user,addons/quimibond_sgi/security/ir.model.access.csv:96,model_sgi_emergency_drill group_sgi_user,,
4058,acceso,access_sgi_emergency_drill_manager,addons/quimibond_sgi/security/ir.model.access.csv:97,model_sgi_emergency_drill group_sgi_manager,,
4059,acceso,access_sgi_msa_study_user,addons/quimibond_sgi/security/ir.model.access.csv:98,model_sgi_msa_study group_sgi_user,,
4060,acceso,access_sgi_msa_study_quality,addons/quimibond_sgi/security/ir.model.access.csv:99,model_sgi_msa_study quality.group_quality_user,,
4061,acceso,access_sgi_msa_study_manager,addons/quimibond_sgi/security/ir.model.access.csv:100,model_sgi_msa_study group_sgi_manager,,
4062,acceso,access_sgi_diagnostic_manager,addons/quimibond_sgi/security/ir.model.access.csv:101,model_sgi_diagnostic group_sgi_manager,,
4063,acceso,access_sgi_diagnostic_line_manager,addons/quimibond_sgi/security/ir.model.access.csv:102,model_sgi_diagnostic_line group_sgi_manager,,
4064,acceso,access_sgi_legal_requirement_user,addons/quimibond_sgi/security/ir.model.access.csv:103,model_sgi_legal_requirement group_sgi_user,,
4065,acceso,access_sgi_legal_requirement_manager,addons/quimibond_sgi/security/ir.model.access.csv:104,model_sgi_legal_requirement group_sgi_manager,,
4066,acceso,access_sgi_interested_party_user,addons/quimibond_sgi/security/ir.model.access.csv:105,model_sgi_interested_party group_sgi_user,,
4067,acceso,access_sgi_interested_party_manager,addons/quimibond_sgi/security/ir.model.access.csv:106,model_sgi_interested_party group_sgi_manager,,
4068,acceso,access_sign_template_sgi_manager,addons/quimibond_sgi/security/ir.model.access.csv:107,sign.model_sign_template group_sgi_manager,,
4069,acceso,access_sign_request_sgi_manager,addons/quimibond_sgi/security/ir.model.access.csv:108,sign.model_sign_request group_sgi_manager,,
4070,acceso,access_slide_channel_sgi_manager,addons/quimibond_sgi/security/ir.model.access.csv:109,website_slides.model_slide_channel group_sgi_manager,,
4071,acceso,access_sgi_activity_role_user,addons/quimibond_sgi/security/ir.model.access.csv:110,model_sgi_activity_role group_sgi_user,,
4072,acceso,access_sgi_activity_role_manager,addons/quimibond_sgi/security/ir.model.access.csv:111,model_sgi_activity_role group_sgi_manager,,
4073,acceso,access_sgi_document_type_user,addons/quimibond_sgi/security/ir.model.access.csv:112,model_sgi_document_type group_sgi_user,,
4074,acceso,access_sgi_document_type_employee,addons/quimibond_sgi/security/ir.model.access.csv:113,model_sgi_document_type base.group_user,,
4075,acceso,access_sgi_document_type_admin,addons/quimibond_sgi/security/ir.model.access.csv:114,model_sgi_document_type group_sgi_admin,,
4076,acceso,access_sgi_job_family_employee,addons/quimibond_sgi/security/ir.model.access.csv:115,model_sgi_job_family base.group_user,,
4077,acceso,access_sgi_job_family_manager,addons/quimibond_sgi/security/ir.model.access.csv:116,model_sgi_job_family group_sgi_manager,,
4078,acceso,access_sgi_activity_exec_stat_user,addons/quimibond_sgi/security/ir.model.access.csv:117,model_sgi_activity_exec_stat group_sgi_user,,
4079,acceso,access_sgi_catalog_load_wizard_admin,addons/quimibond_sgi/security/ir.model.access.csv:118,model_sgi_catalog_load_wizard group_sgi_admin,,
4080,acceso,access_sgi_catalog_load_wizard_line_admin,addons/quimibond_sgi/security/ir.model.access.csv:119,model_sgi_catalog_load_wizard_line group_sgi_admin,,
4081,acceso,access_sgi_deliverable_user,addons/quimibond_sgi/security/ir.model.access.csv:120,model_sgi_deliverable group_sgi_user,,
4082,acceso,access_sgi_deliverable_manager,addons/quimibond_sgi/security/ir.model.access.csv:121,model_sgi_deliverable group_sgi_manager,,
4083,acceso,access_sgi_process_stage_user,addons/quimibond_sgi/security/ir.model.access.csv:122,model_sgi_process_stage group_sgi_user,,
4084,acceso,access_sgi_process_stage_manager,addons/quimibond_sgi/security/ir.model.access.csv:123,model_sgi_process_stage group_sgi_manager,,
4085,acceso,access_sgi_activity_input_user,addons/quimibond_sgi/security/ir.model.access.csv:124,model_sgi_activity_input group_sgi_user,,
4086,acceso,access_sgi_activity_input_manager,addons/quimibond_sgi/security/ir.model.access.csv:125,model_sgi_activity_input group_sgi_manager,,
4087,acceso,access_sgi_activity_spec_gap_user,addons/quimibond_sgi/security/ir.model.access.csv:126,model_sgi_activity_spec_gap group_sgi_user,,
4088,acceso,access_sgi_activity_spec_gap_manager,addons/quimibond_sgi/security/ir.model.access.csv:127,model_sgi_activity_spec_gap group_sgi_manager,,
4089,acceso,access_sgi_activity_week_stat_user,addons/quimibond_sgi/security/ir.model.access.csv:128,model_sgi_activity_week_stat group_sgi_user,,
4090,acceso,access_sgi_activity_week_stat_manager,addons/quimibond_sgi/security/ir.model.access.csv:129,model_sgi_activity_week_stat group_sgi_manager,,
4091,acceso,access_sgi_coa_attach_wizard_quality,addons/quimibond_sgi/security/ir.model.access.csv:130,model_sgi_coa_attach_wizard quality.group_quality_user,,
4092,acceso,access_sgi_coa_attach_wizard_user,addons/quimibond_sgi/security/ir.model.access.csv:131,model_sgi_coa_attach_wizard group_sgi_user,,
4093,acceso,access_sgi_acuse_attach_wizard_user,addons/quimibond_sgi/security/ir.model.access.csv:132,model_sgi_acuse_attach_wizard base.group_user,,
4094,acceso,access_sgi_coa_exception_wizard_stock,addons/quimibond_sgi/security/ir.model.access.csv:133,model_sgi_coa_exception_wizard stock.group_stock_user,,
4095,acceso,access_sgi_coa_inbox_quality,addons/quimibond_sgi/security/ir.model.access.csv:134,model_sgi_coa_inbox quality.group_quality_user,,
4096,acceso,access_sgi_coa_inbox_manager,addons/quimibond_sgi/security/ir.model.access.csv:135,model_sgi_coa_inbox group_sgi_manager,,
4097,acceso,access_sgi_indicator_term_user,addons/quimibond_sgi/security/ir.model.access.csv:136,model_sgi_indicator_term group_sgi_user,,
4098,acceso,access_sgi_indicator_term_admin,addons/quimibond_sgi/security/ir.model.access.csv:137,model_sgi_indicator_term group_sgi_admin,,
4099,acceso,access_sgi_indicator_step_user,addons/quimibond_sgi/security/ir.model.access.csv:138,model_sgi_indicator_step group_sgi_user,,
4100,acceso,access_sgi_indicator_step_manager,addons/quimibond_sgi/security/ir.model.access.csv:139,model_sgi_indicator_step group_sgi_manager,,
4101,acceso,access_sgi_my_procedure_user,addons/quimibond_sgi/security/ir.model.access.csv:140,model_sgi_my_procedure group_sgi_user,,
4102,acceso,access_sgi_my_procedure_auditor,addons/quimibond_sgi/security/ir.model.access.csv:141,model_sgi_my_procedure group_sgi_auditor,,
4103,acceso,access_sgi_my_procedure_check_manager,addons/quimibond_sgi/security/ir.model.access.csv:142,model_sgi_my_procedure_check group_sgi_manager,,
4104,acceso,access_sgi_area_auditor,addons/quimibond_sgi/security/ir.model.access.csv:143,model_sgi_area group_sgi_auditor,,
4105,acceso,access_sgi_norm_auditor,addons/quimibond_sgi/security/ir.model.access.csv:144,model_sgi_norm group_sgi_auditor,,
4106,acceso,access_sgi_norm_clause_auditor,addons/quimibond_sgi/security/ir.model.access.csv:145,model_sgi_norm_clause group_sgi_auditor,,
4107,acceso,access_sgi_process_auditor,addons/quimibond_sgi/security/ir.model.access.csv:146,model_sgi_process group_sgi_auditor,,
4108,acceso,access_sgi_process_flow_auditor,addons/quimibond_sgi/security/ir.model.access.csv:147,model_sgi_process_flow group_sgi_auditor,,
4109,acceso,access_sgi_process_responsibility_auditor,addons/quimibond_sgi/security/ir.model.access.csv:148,model_sgi_process_responsibility group_sgi_auditor,,
4110,acceso,access_sgi_process_activity_auditor,addons/quimibond_sgi/security/ir.model.access.csv:149,model_sgi_process_activity group_sgi_auditor,,
4111,acceso,access_sgi_activity_link_auditor,addons/quimibond_sgi/security/ir.model.access.csv:150,model_sgi_activity_link group_sgi_auditor,,
4112,acceso,access_sgi_document_ack_auditor,addons/quimibond_sgi/security/ir.model.access.csv:151,model_sgi_document_ack group_sgi_auditor,,
4113,acceso,access_sgi_action_line_auditor,addons/quimibond_sgi/security/ir.model.access.csv:152,model_sgi_action_line group_sgi_auditor,,
4114,acceso,access_sgi_objective_auditor,addons/quimibond_sgi/security/ir.model.access.csv:153,model_sgi_objective group_sgi_auditor,,
4115,acceso,access_sgi_policy_auditor,addons/quimibond_sgi/security/ir.model.access.csv:154,model_sgi_policy group_sgi_auditor,,
4116,acceso,access_sgi_indicator_auditor,addons/quimibond_sgi/security/ir.model.access.csv:155,model_sgi_indicator group_sgi_auditor,,
4117,acceso,access_sgi_indicator_measure_auditor,addons/quimibond_sgi/security/ir.model.access.csv:156,model_sgi_indicator_measure group_sgi_auditor,,
4118,acceso,access_sgi_risk_category_auditor,addons/quimibond_sgi/security/ir.model.access.csv:157,model_sgi_risk_category group_sgi_auditor,,
4119,acceso,access_sgi_risk_auditor,addons/quimibond_sgi/security/ir.model.access.csv:158,model_sgi_risk group_sgi_auditor,,
4120,acceso,access_sgi_supplier_eval_auditor,addons/quimibond_sgi/security/ir.model.access.csv:159,model_sgi_supplier_eval group_sgi_auditor,,
4121,acceso,access_sgi_management_review_auditor,addons/quimibond_sgi/security/ir.model.access.csv:160,model_sgi_management_review group_sgi_auditor,,
4122,acceso,access_sgi_management_review_agreement_auditor,addons/quimibond_sgi/security/ir.model.access.csv:161,model_sgi_management_review_agreement group_sgi_auditor,,
4123,acceso,access_sgi_control_plan_auditor,addons/quimibond_sgi/security/ir.model.access.csv:162,model_sgi_control_plan group_sgi_auditor,,
4124,acceso,access_sgi_calibration_auditor,addons/quimibond_sgi/security/ir.model.access.csv:163,model_sgi_calibration group_sgi_auditor,,
4125,acceso,access_sgi_fmea_auditor,addons/quimibond_sgi/security/ir.model.access.csv:164,model_sgi_fmea group_sgi_auditor,,
4126,acceso,access_sgi_fmea_line_auditor,addons/quimibond_sgi/security/ir.model.access.csv:165,model_sgi_fmea_line group_sgi_auditor,,
4127,acceso,access_sgi_ppap_auditor,addons/quimibond_sgi/security/ir.model.access.csv:166,model_sgi_ppap group_sgi_auditor,,
4128,acceso,access_sgi_ppap_element_auditor,addons/quimibond_sgi/security/ir.model.access.csv:167,model_sgi_ppap_element group_sgi_auditor,,
4129,acceso,access_sgi_ppap_element_template_auditor,addons/quimibond_sgi/security/ir.model.access.csv:168,model_sgi_ppap_element_template group_sgi_auditor,,
4130,acceso,access_sgi_incident_auditor,addons/quimibond_sgi/security/ir.model.access.csv:169,model_sgi_incident group_sgi_auditor,,
4131,acceso,access_sgi_competence_gap_auditor,addons/quimibond_sgi/security/ir.model.access.csv:170,model_sgi_competence_gap group_sgi_auditor,,
4132,acceso,access_sgi_format_map_auditor,addons/quimibond_sgi/security/ir.model.access.csv:171,model_sgi_format_map group_sgi_auditor,,
4133,acceso,access_sgi_sales_budget_auditor,addons/quimibond_sgi/security/ir.model.access.csv:172,model_sgi_sales_budget group_sgi_auditor,,
4134,acceso,access_sgi_sales_budget_line_auditor,addons/quimibond_sgi/security/ir.model.access.csv:173,model_sgi_sales_budget_line group_sgi_auditor,,
4135,acceso,access_sgi_alert_source_auditor,addons/quimibond_sgi/security/ir.model.access.csv:174,model_sgi_alert_source group_sgi_auditor,,
4136,acceso,access_sgi_emergency_plan_auditor,addons/quimibond_sgi/security/ir.model.access.csv:175,model_sgi_emergency_plan group_sgi_auditor,,
4137,acceso,access_sgi_emergency_drill_auditor,addons/quimibond_sgi/security/ir.model.access.csv:176,model_sgi_emergency_drill group_sgi_auditor,,
4138,acceso,access_sgi_msa_study_auditor,addons/quimibond_sgi/security/ir.model.access.csv:177,model_sgi_msa_study group_sgi_auditor,,
4139,acceso,access_sgi_legal_requirement_auditor,addons/quimibond_sgi/security/ir.model.access.csv:178,model_sgi_legal_requirement group_sgi_auditor,,
4140,acceso,access_sgi_interested_party_auditor,addons/quimibond_sgi/security/ir.model.access.csv:179,model_sgi_interested_party group_sgi_auditor,,
4141,acceso,access_sgi_activity_role_auditor,addons/quimibond_sgi/security/ir.model.access.csv:180,model_sgi_activity_role group_sgi_auditor,,
4142,acceso,access_sgi_document_type_auditor,addons/quimibond_sgi/security/ir.model.access.csv:181,model_sgi_document_type group_sgi_auditor,,
4143,acceso,access_sgi_job_family_auditor,addons/quimibond_sgi/security/ir.model.access.csv:182,model_sgi_job_family group_sgi_auditor,,
4144,acceso,access_sgi_activity_exec_stat_auditor,addons/quimibond_sgi/security/ir.model.access.csv:183,model_sgi_activity_exec_stat group_sgi_auditor,,
4145,acceso,access_sgi_deliverable_auditor,addons/quimibond_sgi/security/ir.model.access.csv:184,model_sgi_deliverable group_sgi_auditor,,
4146,acceso,access_sgi_process_stage_auditor,addons/quimibond_sgi/security/ir.model.access.csv:185,model_sgi_process_stage group_sgi_auditor,,
4147,acceso,access_sgi_activity_input_auditor,addons/quimibond_sgi/security/ir.model.access.csv:186,model_sgi_activity_input group_sgi_auditor,,
4148,acceso,access_sgi_activity_spec_gap_auditor,addons/quimibond_sgi/security/ir.model.access.csv:187,model_sgi_activity_spec_gap group_sgi_auditor,,
4149,acceso,access_sgi_activity_week_stat_auditor,addons/quimibond_sgi/security/ir.model.access.csv:188,model_sgi_activity_week_stat group_sgi_auditor,,
4150,acceso,access_sgi_coa_inbox_auditor,addons/quimibond_sgi/security/ir.model.access.csv:189,model_sgi_coa_inbox group_sgi_auditor,,
4151,acceso,access_sgi_indicator_term_auditor,addons/quimibond_sgi/security/ir.model.access.csv:190,model_sgi_indicator_term group_sgi_auditor,,
4152,acceso,access_sgi_indicator_step_auditor,addons/quimibond_sgi/security/ir.model.access.csv:191,model_sgi_indicator_step group_sgi_auditor,,
4153,acceso,access_quality_alert_sgi_auditor,addons/quimibond_sgi/security/ir.model.access.csv:192,quality.model_quality_alert group_sgi_auditor,,
4154,acceso,access_quality_check_sgi_auditor,addons/quimibond_sgi/security/ir.model.access.csv:193,quality.model_quality_check group_sgi_auditor,,
4155,acceso,access_quality_point_sgi_auditor,addons/quimibond_sgi/security/ir.model.access.csv:194,quality.model_quality_point group_sgi_auditor,,
4156,acceso,access_quality_alert_stage_sgi_auditor,addons/quimibond_sgi/security/ir.model.access.csv:195,quality.model_quality_alert_stage group_sgi_auditor,,
4157,acceso,access_quality_alert_team_sgi_auditor,addons/quimibond_sgi/security/ir.model.access.csv:196,quality.model_quality_alert_team group_sgi_auditor,,
4158,acceso,access_documents_document_sgi_auditor,addons/quimibond_sgi/security/ir.model.access.csv:197,documents.model_documents_document group_sgi_auditor,,
4159,acceso,access_helpdesk_ticket_sgi_auditor,addons/quimibond_sgi/security/ir.model.access.csv:198,helpdesk.model_helpdesk_ticket group_sgi_auditor,,
4160,acceso,access_helpdesk_team_sgi_auditor,addons/quimibond_sgi/security/ir.model.access.csv:199,helpdesk.model_helpdesk_team group_sgi_auditor,,
4161,acceso,access_approval_request_sgi_auditor,addons/quimibond_sgi/security/ir.model.access.csv:200,approvals.model_approval_request group_sgi_auditor,,
4162,acceso,access_project_task_sgi_auditor,addons/quimibond_sgi/security/ir.model.access.csv:201,project.model_project_task group_sgi_auditor,,
4163,acceso,access_project_project_sgi_auditor,addons/quimibond_sgi/security/ir.model.access.csv:202,project.model_project_project group_sgi_auditor,,
4164,acceso,access_maintenance_request_sgi_auditor,addons/quimibond_sgi/security/ir.model.access.csv:203,maintenance.model_maintenance_request group_sgi_auditor,,
4165,acceso,access_maintenance_equipment_sgi_auditor,addons/quimibond_sgi/security/ir.model.access.csv:204,maintenance.model_maintenance_equipment group_sgi_auditor,,
4166,acceso,access_purchase_order_sgi_auditor,addons/quimibond_sgi/security/ir.model.access.csv:205,purchase.model_purchase_order group_sgi_auditor,,
4167,acceso,access_purchase_order_line_sgi_auditor,addons/quimibond_sgi/security/ir.model.access.csv:206,purchase.model_purchase_order_line group_sgi_auditor,,
4168,acceso,access_stock_picking_sgi_auditor,addons/quimibond_sgi/security/ir.model.access.csv:207,stock.model_stock_picking group_sgi_auditor,,
4169,acceso,access_stock_move_sgi_auditor,addons/quimibond_sgi/security/ir.model.access.csv:208,stock.model_stock_move group_sgi_auditor,,
4170,acceso,access_stock_lot_sgi_auditor,addons/quimibond_sgi/security/ir.model.access.csv:209,stock.model_stock_lot group_sgi_auditor,,
4171,acceso,access_mrp_production_sgi_auditor,addons/quimibond_sgi/security/ir.model.access.csv:210,mrp.model_mrp_production group_sgi_auditor,,
4172,acceso,access_mrp_workorder_sgi_auditor,addons/quimibond_sgi/security/ir.model.access.csv:211,mrp.model_mrp_workorder group_sgi_auditor,,
4173,acceso,access_sale_order_sgi_auditor,addons/quimibond_sgi/security/ir.model.access.csv:212,sale.model_sale_order group_sgi_auditor,,
4174,acceso,access_sale_order_line_sgi_auditor,addons/quimibond_sgi/security/ir.model.access.csv:213,sale.model_sale_order_line group_sgi_auditor,,
4175,acceso,access_survey_user_input_sgi_auditor,addons/quimibond_sgi/security/ir.model.access.csv:214,survey.model_survey_user_input group_sgi_auditor,,
4176,acceso,access_sign_request_sgi_auditor,addons/quimibond_sgi/security/ir.model.access.csv:215,sign.model_sign_request group_sgi_auditor,,
4177,acceso,access_sgi_epp_delivery_user,addons/quimibond_sgi/security/ir.model.access.csv:216,model_sgi_epp_delivery group_sgi_user,,
4178,acceso,access_sgi_epp_delivery_hr,addons/quimibond_sgi/security/ir.model.access.csv:217,model_sgi_epp_delivery hr.group_hr_user,,
4179,acceso,access_sgi_epp_delivery_manager,addons/quimibond_sgi/security/ir.model.access.csv:218,model_sgi_epp_delivery group_sgi_manager,,
4180,acceso,access_sgi_epp_delivery_auditor,addons/quimibond_sgi/security/ir.model.access.csv:219,model_sgi_epp_delivery group_sgi_auditor,,
4181,acceso,access_sgi_nc_cancel_user,addons/quimibond_sgi/security/ir.model.access.csv:220,model_sgi_nc_cancel group_sgi_user,,
4182,acceso,access_sgi_audit_checklist_line_user,addons/quimibond_sgi/security/ir.model.access.csv:221,model_sgi_audit_checklist_line group_sgi_user,,
4183,acceso,access_sgi_audit_checklist_line_auditor,addons/quimibond_sgi/security/ir.model.access.csv:222,model_sgi_audit_checklist_line group_sgi_auditor,,
4184,acceso,access_sgi_audit_checklist_line_manager,addons/quimibond_sgi/security/ir.model.access.csv:223,model_sgi_audit_checklist_line group_sgi_manager,,
4185,acceso,access_sgi_legal_evaluation_user,addons/quimibond_sgi/security/ir.model.access.csv:224,model_sgi_legal_evaluation group_sgi_user,,
4186,acceso,access_sgi_legal_evaluation_auditor,addons/quimibond_sgi/security/ir.model.access.csv:225,model_sgi_legal_evaluation group_sgi_auditor,,
4187,acceso,access_sgi_legal_evaluation_manager,addons/quimibond_sgi/security/ir.model.access.csv:226,model_sgi_legal_evaluation group_sgi_manager,,
4188,acceso,access_sgi_legal_evaluate_user,addons/quimibond_sgi/security/ir.model.access.csv:227,model_sgi_legal_evaluate group_sgi_user,,
4189,acceso,access_sgi_direction_board_manager,addons/quimibond_sgi/security/ir.model.access.csv:228,model_sgi_direction_board group_sgi_manager,,
4190,acceso,access_sgi_direction_board_director,addons/quimibond_sgi/security/ir.model.access.csv:229,model_sgi_direction_board group_sgi_director,,
4191,acceso,access_sgi_direction_board_auditor,addons/quimibond_sgi/security/ir.model.access.csv:230,model_sgi_direction_board group_sgi_auditor,,
4192,acceso,access_sgi_instruction_publish_manager,addons/quimibond_sgi/security/ir.model.access.csv:231,model_sgi_instruction_publish group_sgi_manager,,
4193,acceso,access_sgi_sign_request_wizard_user,addons/quimibond_sgi/security/ir.model.access.csv:232,model_sgi_sign_request_wizard base.group_user,,
4194,acceso,access_sgi_lock_date_log_user,addons/quimibond_sgi/security/ir.model.access.csv:233,model_sgi_lock_date_log group_sgi_user,,
4195,acceso,access_sgi_lock_date_log_manager,addons/quimibond_sgi/security/ir.model.access.csv:234,model_sgi_lock_date_log group_sgi_manager,,
4196,acceso,access_sgi_lock_date_log_auditor,addons/quimibond_sgi/security/ir.model.access.csv:235,model_sgi_lock_date_log group_sgi_auditor,,
4197,acceso,access_sgi_inventory_value_user,addons/quimibond_sgi/security/ir.model.access.csv:236,model_sgi_inventory_value group_sgi_user,,
4198,acceso,access_sgi_inventory_value_manager,addons/quimibond_sgi/security/ir.model.access.csv:237,model_sgi_inventory_value group_sgi_manager,,
4199,acceso,access_sgi_inventory_value_auditor,addons/quimibond_sgi/security/ir.model.access.csv:238,model_sgi_inventory_value group_sgi_auditor,,
4200,acceso,access_sgi_dev_characteristic_user,addons/quimibond_sgi/security/ir.model.access.csv:239,model_sgi_dev_characteristic base.group_user,,
4201,acceso,access_sgi_machine_sheet_user,addons/quimibond_sgi/security/ir.model.access.csv:240,model_sgi_machine_sheet base.group_user,,
4202,acceso,access_sgi_machine_sheet_mrp,addons/quimibond_sgi/security/ir.model.access.csv:241,model_sgi_machine_sheet mrp.group_mrp_user,,
4203,acceso,access_sgi_machine_sheet_manager,addons/quimibond_sgi/security/ir.model.access.csv:242,model_sgi_machine_sheet quimibond_sgi.group_sgi_manager,,
4204,acceso,access_sgi_machine_sheet_yarn_user,addons/quimibond_sgi/security/ir.model.access.csv:243,model_sgi_machine_sheet_yarn base.group_user,,
4205,acceso,access_sgi_machine_sheet_yarn_mrp,addons/quimibond_sgi/security/ir.model.access.csv:244,model_sgi_machine_sheet_yarn mrp.group_mrp_user,,
4206,acceso,access_sgi_machine_sheet_yarn_manager,addons/quimibond_sgi/security/ir.model.access.csv:245,model_sgi_machine_sheet_yarn quimibond_sgi.group_sgi_manager,,
4207,acceso,access_sgi_machine_sheet_param_user,addons/quimibond_sgi/security/ir.model.access.csv:246,model_sgi_machine_sheet_param base.group_user,,
4208,acceso,access_sgi_machine_sheet_param_mrp,addons/quimibond_sgi/security/ir.model.access.csv:247,model_sgi_machine_sheet_param mrp.group_mrp_user,,
4209,acceso,access_sgi_machine_sheet_param_manager,addons/quimibond_sgi/security/ir.model.access.csv:248,model_sgi_machine_sheet_param quimibond_sgi.group_sgi_manager,,
4210,acceso,access_sgi_staff_efficiency_hr,addons/quimibond_sgi/security/ir.model.access.csv:249,model_sgi_staff_efficiency hr.group_hr_user,,
4211,acceso,access_sgi_staff_efficiency_sgi,addons/quimibond_sgi/security/ir.model.access.csv:250,model_sgi_staff_efficiency quimibond_sgi.group_sgi_manager,,
4212,acceso,access_sgi_staff_efficiency_line_hr,addons/quimibond_sgi/security/ir.model.access.csv:251,model_sgi_staff_efficiency_line hr.group_hr_user,,
4213,acceso,access_sgi_staff_efficiency_line_sgi,addons/quimibond_sgi/security/ir.model.access.csv:252,model_sgi_staff_efficiency_line quimibond_sgi.group_sgi_manager,,
4214,acceso,access_sgi_staff_efficiency_capture,addons/quimibond_sgi/security/ir.model.access.csv:253,model_sgi_staff_efficiency quimibond_sgi.group_sgi_efficiency_capture,,
4215,acceso,access_sgi_staff_efficiency_line_capture,addons/quimibond_sgi/security/ir.model.access.csv:254,model_sgi_staff_efficiency_line quimibond_sgi.group_sgi_efficiency_capture,,
4216,acceso,access_sgi_epp_delivery_line_user,addons/quimibond_sgi/security/ir.model.access.csv:255,model_sgi_epp_delivery_line base.group_user,,
4217,acceso,access_sgi_epp_delivery_line_hr,addons/quimibond_sgi/security/ir.model.access.csv:256,model_sgi_epp_delivery_line hr.group_hr_user,,
4218,acceso,access_sgi_epp_delivery_line_manager,addons/quimibond_sgi/security/ir.model.access.csv:257,model_sgi_epp_delivery_line quimibond_sgi.group_sgi_manager,,
4219,acceso,access_sgi_my_pending_user,addons/quimibond_sgi/security/ir.model.access.csv:258,model_sgi_my_pending base.group_user,,
4220,acceso,access_sgi_activity_change_user,addons/quimibond_sgi/security/ir.model.access.csv:259,model_sgi_activity_change base.group_user,,
4221,acceso,access_sgi_activity_change_manager,addons/quimibond_sgi/security/ir.model.access.csv:260,model_sgi_activity_change quimibond_sgi.group_sgi_manager,,
4222,acceso,access_sgi_activity_change_role_user,addons/quimibond_sgi/security/ir.model.access.csv:261,model_sgi_activity_change_role base.group_user,,
4223,acceso,access_sgi_measure_split_user,addons/quimibond_sgi/security/ir.model.access.csv:262,model_sgi_indicator_measure_split group_sgi_user,,
4224,acceso,access_sgi_measure_split_auditor,addons/quimibond_sgi/security/ir.model.access.csv:263,model_sgi_indicator_measure_split group_sgi_auditor,,
4225,acceso,access_sgi_measure_split_manager,addons/quimibond_sgi/security/ir.model.access.csv:264,model_sgi_indicator_measure_split group_sgi_manager,,
4226,acceso,access_sgi_health_record_hr,addons/quimibond_sgi/security/ir.model.access.csv:265,model_sgi_health_record hr.group_hr_user,,
4227,acceso,access_sgi_health_record_manager,addons/quimibond_sgi/security/ir.model.access.csv:266,model_sgi_health_record group_sgi_manager,,
4228,acceso,access_sgi_csh_inspection_user,addons/quimibond_sgi/security/ir.model.access.csv:267,model_sgi_csh_inspection group_sgi_user,,
4229,acceso,access_sgi_csh_inspection_auditor,addons/quimibond_sgi/security/ir.model.access.csv:268,model_sgi_csh_inspection group_sgi_auditor,,
4230,acceso,access_sgi_csh_inspection_manager,addons/quimibond_sgi/security/ir.model.access.csv:269,model_sgi_csh_inspection group_sgi_manager,,
4231,acceso,access_sgi_csh_finding_user,addons/quimibond_sgi/security/ir.model.access.csv:270,model_sgi_csh_finding group_sgi_user,,
4232,acceso,access_sgi_csh_finding_auditor,addons/quimibond_sgi/security/ir.model.access.csv:271,model_sgi_csh_finding group_sgi_auditor,,
4233,acceso,access_sgi_csh_finding_manager,addons/quimibond_sgi/security/ir.model.access.csv:272,model_sgi_csh_finding group_sgi_manager,,
4234,acceso,access_sgi_checklist_template_user,addons/quimibond_sgi/security/ir.model.access.csv:273,model_sgi_checklist_template base.group_user,,
4235,acceso,access_sgi_checklist_template_maint,addons/quimibond_sgi/security/ir.model.access.csv:274,model_sgi_checklist_template maintenance.group_equipment_manager,,
4236,acceso,access_sgi_checklist_template_manager,addons/quimibond_sgi/security/ir.model.access.csv:275,model_sgi_checklist_template group_sgi_manager,,
4237,acceso,access_sgi_checklist_template_item_user,addons/quimibond_sgi/security/ir.model.access.csv:276,model_sgi_checklist_template_item base.group_user,,
4238,acceso,access_sgi_checklist_template_item_maint,addons/quimibond_sgi/security/ir.model.access.csv:277,model_sgi_checklist_template_item maintenance.group_equipment_manager,,
4239,acceso,access_sgi_checklist_template_item_manager,addons/quimibond_sgi/security/ir.model.access.csv:278,model_sgi_checklist_template_item group_sgi_manager,,
4240,acceso,access_sgi_checklist_line_user,addons/quimibond_sgi/security/ir.model.access.csv:279,model_sgi_checklist_line base.group_user,,
4241,acceso,access_sgi_checklist_line_manager,addons/quimibond_sgi/security/ir.model.access.csv:280,model_sgi_checklist_line group_sgi_manager,,
4242,acceso,access_sgi_checklist_finish_user,addons/quimibond_sgi/security/ir.model.access.csv:281,model_sgi_checklist_finish base.group_user,,
4243,regla,rule_sgi_process_company,addons/quimibond_sgi/security/sgi_security.xml:77,ref:model_sgi_process,,
4244,regla,rule_sgi_process_activity_company,addons/quimibond_sgi/security/sgi_security.xml:82,ref:model_sgi_process_activity,,
4245,regla,rule_sgi_activity_role_company,addons/quimibond_sgi/security/sgi_security.xml:87,ref:model_sgi_activity_role,,
4246,regla,rule_sgi_activity_link_company,addons/quimibond_sgi/security/sgi_security.xml:92,ref:model_sgi_activity_link,,
4247,regla,rule_sgi_process_flow_company,addons/quimibond_sgi/security/sgi_security.xml:97,ref:model_sgi_process_flow,,
4248,regla,rule_sgi_process_responsibility_company,addons/quimibond_sgi/security/sgi_security.xml:102,ref:model_sgi_process_responsibility,,
4249,regla,rule_sgi_job_family_company,addons/quimibond_sgi/security/sgi_security.xml:107,ref:model_sgi_job_family,,
4250,regla,rule_sgi_activity_exec_stat_company,addons/quimibond_sgi/security/sgi_security.xml:112,ref:model_sgi_activity_exec_stat,,
4251,regla,rule_sgi_deliverable_company,addons/quimibond_sgi/security/sgi_security.xml:117,ref:model_sgi_deliverable,,
4252,regla,rule_sgi_activity_input_company,addons/quimibond_sgi/security/sgi_security.xml:122,ref:model_sgi_activity_input,,
4253,regla,rule_sgi_activity_spec_gap_company,addons/quimibond_sgi/security/sgi_security.xml:127,ref:model_sgi_activity_spec_gap,,
4254,regla,rule_sgi_activity_week_stat_company,addons/quimibond_sgi/security/sgi_security.xml:132,ref:model_sgi_activity_week_stat,,
4255,regla,rule_sgi_process_stage_company,addons/quimibond_sgi/security/sgi_security.xml:137,ref:model_sgi_process_stage,,
4256,regla,rule_sgi_document_type_company,addons/quimibond_sgi/security/sgi_security.xml:142,ref:model_sgi_document_type,,
4257,regla,rule_sgi_measure_user_own,addons/quimibond_sgi/security/sgi_security.xml:152,ref:model_sgi_indicator_measure,,
4258,regla,rule_sgi_measure_manager_all,addons/quimibond_sgi/security/sgi_security.xml:162,ref:model_sgi_indicator_measure,,
4259,regla,rule_sgi_measure_split_user_own,addons/quimibond_sgi/security/sgi_security.xml:170,ref:model_sgi_indicator_measure_split,,
4260,regla,rule_sgi_measure_split_manager_all,addons/quimibond_sgi/security/sgi_security.xml:180,ref:model_sgi_indicator_measure_split,,
4261,regla,rule_sgi_action_line_user_own,addons/quimibond_sgi/security/sgi_security.xml:187,ref:model_sgi_action_line,,
4262,regla,rule_sgi_action_line_manager_all,addons/quimibond_sgi/security/sgi_security.xml:194,ref:model_sgi_action_line,,
4263,regla,rule_sgi_risk_user_own,addons/quimibond_sgi/security/sgi_security.xml:201,ref:model_sgi_risk,,
4264,regla,rule_sgi_risk_manager_all,addons/quimibond_sgi/security/sgi_security.xml:208,ref:model_sgi_risk,,
4265,regla,rule_sgi_legal_user_own,addons/quimibond_sgi/security/sgi_security.xml:215,ref:model_sgi_legal_requirement,,
4266,regla,rule_sgi_legal_manager_all,addons/quimibond_sgi/security/sgi_security.xml:222,ref:model_sgi_legal_requirement,,
4267,regla,rule_sgi_legal_eval_user_own,addons/quimibond_sgi/security/sgi_security.xml:229,ref:model_sgi_legal_evaluation,,
4268,regla,rule_sgi_legal_eval_manager_all,addons/quimibond_sgi/security/sgi_security.xml:236,ref:model_sgi_legal_evaluation,,
4269,regla,rule_sgi_staff_eff_capture_read,addons/quimibond_sgi/security/sgi_security.xml:262,ref:model_sgi_staff_efficiency,,
4270,regla,rule_sgi_staff_eff_capture_edit,addons/quimibond_sgi/security/sgi_security.xml:272,ref:model_sgi_staff_efficiency,,
4271,regla,rule_sgi_staff_eff_hr_all,addons/quimibond_sgi/security/sgi_security.xml:279,ref:model_sgi_staff_efficiency,,
4272,regla,rule_sgi_staff_eff_line_capture_read,addons/quimibond_sgi/security/sgi_security.xml:285,ref:model_sgi_staff_efficiency_line,,
4273,regla,rule_sgi_staff_eff_line_capture_edit,addons/quimibond_sgi/security/sgi_security.xml:295,ref:model_sgi_staff_efficiency_line,,
4274,regla,rule_sgi_staff_eff_line_hr_all,addons/quimibond_sgi/security/sgi_security.xml:302,ref:model_sgi_staff_efficiency_line,,
4275,cron,sgi_cron_sync_approvals,addons/quimibond_sgi/data/sgi_approval_cron.xml:6,SGI: Sincronizar aprobaciones nativas,,
4276,cron,sgi_cron_checklists,addons/quimibond_sgi/data/sgi_checklist_cron.xml:4,SGI: Hojas de checklist de planta y unidades,,
4277,cron,sgi_cron_nonconformities,addons/quimibond_sgi/data/sgi_cron.xml:7,SGI: Seguimiento de No Conformidades,,
4278,cron,sgi_cron_overdue_actions,addons/quimibond_sgi/data/sgi_cron.xml:17,SGI: Escalamiento de acciones vencidas,,
4279,cron,sgi_cron_documents,addons/quimibond_sgi/data/sgi_cron.xml:27,SGI: Vencimientos documentales,,
4280,cron,sgi_cron_news,addons/quimibond_sgi/data/sgi_cron.xml:37,SGI: Boletín NEWS mensual,,
4281,cron,sgi_cron_indicators,addons/quimibond_sgi/data/sgi_cron_fase2.xml:3,SGI: Mediciones de indicadores y NC automáticas,,
4282,cron,sgi_cron_indicators_weekly,addons/quimibond_sgi/data/sgi_cron_fase2.xml:14,SGI: Mediciones semanales de indicadores,,
4283,cron,sgi_cron_audit_program,addons/quimibond_sgi/data/sgi_cron_fase2.xml:25,SGI: Avisos de programa de auditorías,,
4284,cron,sgi_cron_risk_review,addons/quimibond_sgi/data/sgi_cron_fase2.xml:35,SGI: Revisión de riesgos vencidos,,
4285,cron,sgi_cron_supplier_eval,addons/quimibond_sgi/data/sgi_cron_fase2.xml:45,SGI: Evaluación trimestral de proveedores,,
4286,cron,sgi_cron_calibrations,addons/quimibond_sgi/data/sgi_cron_fase3.xml:6,SGI: Vencimientos de calibración y EPP,,
4287,cron,sgi_cron_competences,addons/quimibond_sgi/data/sgi_cron_fase3.xml:16,SGI: Competencias y certificaciones por vencer,,
4288,cron,sgi_cron_budget_revaluation,addons/quimibond_sgi/data/sgi_cron_fase3.xml:29,"SGI: Revaluación del S2 del presupuesto (junio, P-A28 Nota 1)",,
4289,cron,sgi_cron_forecast_coverage,addons/quimibond_sgi/data/sgi_cron_fase3.xml:41,"SGI: Cobertura del pronóstico (semanal, P-A28 4.2.2.7)",,
4290,cron,sgi_cron_legal_requirements,addons/quimibond_sgi/data/sgi_cumplimiento_data.xml:5,SGI: Cumplimiento legal (evaluaciones y permisos),,
4291,cron,sgi_cron_worker_participation,addons/quimibond_sgi/data/sgi_cumplimiento_data.xml:17,SGI: Consulta y participación de trabajadores (45001 5.4),,
4292,cron,sgi_cron_context_review,addons/quimibond_sgi/data/sgi_cumplimiento_data.xml:28,SGI: Revisión del contexto (partes interesadas),,
4293,cron,sgi_cron_emergency_drills,addons/quimibond_sgi/data/sgi_fase7_data.xml:32,SGI: Simulacros de emergencia (8.2),,
4294,cron,sgi_cron_satisfaction,addons/quimibond_sgi/data/sgi_fase7_data.xml:41,SGI: Encuesta de satisfacción del cliente (9.1.2),,
4295,cron,sgi_cron_dnc,addons/quimibond_sgi/data/sgi_fase7_data.xml:50,SGI: DNC y plan de capacitación (P-A01),,
4296,cron,sgi_cron_operational_signals,addons/quimibond_sgi/data/sgi_fase8_data.xml:16,"SGI: Señales operativas (fallas repetitivas, SLA vencido)",,
4297,cron,sgi_cron_measure_activities,addons/quimibond_sgi/data/sgi_measure_cron.xml:6,SGI: Medición de actividades de procedimiento,,
4298,cron,sgi_cron_my_procedure_stale,addons/quimibond_sgi/data/sgi_my_procedure_data.xml:52,SGI: Mi procedimiento por publicar (aviso semanal a MAST),,
4299,cron,sgi_cron_sign_elearning,addons/quimibond_sgi/data/sgi_sign_elearning_data.xml:5,SGI: Sincronizar Firma electrónica y eLearning,,
4300,cron,sgi_cron_weekly_digest,addons/quimibond_sgi/data/sgi_sign_elearning_data.xml:16,SGI: Resumen semanal por correo,,
4301,dato spreadsheet.dashboard.group,sgi_spreadsheet_dashboard_group,addons/quimibond_sgi/views/sgi_catalog_views.xml:410,SGI,,
4302,dato spreadsheet.dashboard,sgi_spreadsheet_dashboard_health,addons/quimibond_sgi/views/sgi_catalog_views.xml:417,Salud del SGI,,
4303,dato report.paperformat,paperformat_sgi_carta_horizontal,addons/quimibond_sgi/report/report_compliance_matrix.xml:5,SGI Carta horizontal (Matriz de cumplimiento),,
4304,dato report.paperformat,paperformat_sgi_doc_change,addons/quimibond_sgi/report/report_doc_change.xml:7,SGI Carta (cambio documental),,
4305,dato report.paperformat,paperformat_sgi_carta,addons/quimibond_sgi/report/report_my_procedure.xml:5,SGI Carta (Mi procedimiento),,
4306,dato sgi.alert.source,sgi_alert_source_indicator_red,addons/quimibond_sgi/data/sgi_alert_source_data.xml:7,Indicador en semáforo rojo,,
4307,dato sgi.alert.source,sgi_alert_source_calibration,addons/quimibond_sgi/data/sgi_alert_source_data.xml:19,Equipo de medición fuera de tolerancia,,
4308,dato sgi.alert.source,sgi_alert_source_incident,addons/quimibond_sgi/data/sgi_alert_source_data.xml:31,Incidente SST grave o fatal,,
4309,dato sgi.alert.source,sgi_alert_source_audit_finding,addons/quimibond_sgi/data/sgi_alert_source_data.xml:42,Hallazgo de auditoría,,
4310,dato sgi.alert.source,sgi_alert_source_complaint,addons/quimibond_sgi/data/sgi_alert_source_data.xml:53,Reclamación de cliente,,
4311,dato sgi.alert.source,sgi_alert_source_chain_stuck,addons/quimibond_sgi/data/sgi_alert_source_data.xml:63,Eslabón de procedimiento atorado,,
4312,dato sgi.alert.source,sgi_alert_source_legal,addons/quimibond_sgi/data/sgi_alert_source_data.xml:75,Incumplimiento de requisito legal,,
4313,dato sgi.alert.source,sgi_alert_source_maintenance,addons/quimibond_sgi/data/sgi_alert_source_data.xml:86,Falla de mantenimiento,,
4314,dato sgi.area,sgi_area_g,addons/quimibond_sgi/data/sgi_areas.xml:7,SGI,,
4315,dato sgi.area,sgi_area_a,addons/quimibond_sgi/data/sgi_areas.xml:11,Administración,,
4316,dato sgi.area,sgi_area_c,addons/quimibond_sgi/data/sgi_areas.xml:15,Calidad,,
4317,dato sgi.area,sgi_area_d,addons/quimibond_sgi/data/sgi_areas.xml:19,Diseño,,
4318,dato sgi.area,sgi_area_e,addons/quimibond_sgi/data/sgi_areas.xml:23,Ambiental,,
4319,dato sgi.area,sgi_area_i,addons/quimibond_sgi/data/sgi_areas.xml:27,Inspección,,
4320,dato sgi.area,sgi_area_m,addons/quimibond_sgi/data/sgi_areas.xml:31,Mantenimiento,,
4321,dato sgi.area,sgi_area_p,addons/quimibond_sgi/data/sgi_areas.xml:35,Producción,,
4322,dato sgi.area,sgi_area_s,addons/quimibond_sgi/data/sgi_areas.xml:39,SST,,
4323,dato sgi.area,sgi_area_v,addons/quimibond_sgi/data/sgi_areas.xml:43,Ventas,,
4324,dato survey.survey,sgi_survey_audit_9001,addons/quimibond_sgi/data/sgi_audit_data.xml:7,,,
4325,dato survey.question,sgi_survey_page_4,addons/quimibond_sgi/data/sgi_audit_data.xml:14,,,
4326,dato survey.question,sgi_survey_q_4,addons/quimibond_sgi/data/sgi_audit_data.xml:20,,,
4327,dato survey.question.answer,sgi_survey_a_4_c,addons/quimibond_sgi/data/sgi_audit_data.xml:26,,,
4328,dato survey.question.answer,sgi_survey_a_4_nc,addons/quimibond_sgi/data/sgi_audit_data.xml:29,,,
4329,dato survey.question.answer,sgi_survey_a_4_o,addons/quimibond_sgi/data/sgi_audit_data.xml:32,,,
4330,dato survey.question,sgi_survey_page_5,addons/quimibond_sgi/data/sgi_audit_data.xml:37,,,
4331,dato survey.question,sgi_survey_q_5,addons/quimibond_sgi/data/sgi_audit_data.xml:43,,,
4332,dato survey.question.answer,sgi_survey_a_5_c,addons/quimibond_sgi/data/sgi_audit_data.xml:49,,,
4333,dato survey.question.answer,sgi_survey_a_5_nc,addons/quimibond_sgi/data/sgi_audit_data.xml:52,,,
4334,dato survey.question.answer,sgi_survey_a_5_o,addons/quimibond_sgi/data/sgi_audit_data.xml:55,,,
4335,dato survey.question,sgi_survey_page_6,addons/quimibond_sgi/data/sgi_audit_data.xml:60,,,
4336,dato survey.question,sgi_survey_q_6,addons/quimibond_sgi/data/sgi_audit_data.xml:66,,,
4337,dato survey.question.answer,sgi_survey_a_6_c,addons/quimibond_sgi/data/sgi_audit_data.xml:72,,,
4338,dato survey.question.answer,sgi_survey_a_6_nc,addons/quimibond_sgi/data/sgi_audit_data.xml:75,,,
4339,dato survey.question.answer,sgi_survey_a_6_o,addons/quimibond_sgi/data/sgi_audit_data.xml:78,,,
4340,dato survey.question,sgi_survey_page_7,addons/quimibond_sgi/data/sgi_audit_data.xml:83,,,
4341,dato survey.question,sgi_survey_q_7,addons/quimibond_sgi/data/sgi_audit_data.xml:89,,,
4342,dato survey.question.answer,sgi_survey_a_7_c,addons/quimibond_sgi/data/sgi_audit_data.xml:95,,,
4343,dato survey.question.answer,sgi_survey_a_7_nc,addons/quimibond_sgi/data/sgi_audit_data.xml:98,,,
4344,dato survey.question.answer,sgi_survey_a_7_o,addons/quimibond_sgi/data/sgi_audit_data.xml:101,,,
4345,dato survey.question,sgi_survey_page_8,addons/quimibond_sgi/data/sgi_audit_data.xml:106,,,
4346,dato survey.question,sgi_survey_q_8,addons/quimibond_sgi/data/sgi_audit_data.xml:112,,,
4347,dato survey.question.answer,sgi_survey_a_8_c,addons/quimibond_sgi/data/sgi_audit_data.xml:118,,,
4348,dato survey.question.answer,sgi_survey_a_8_nc,addons/quimibond_sgi/data/sgi_audit_data.xml:121,,,
4349,dato survey.question.answer,sgi_survey_a_8_o,addons/quimibond_sgi/data/sgi_audit_data.xml:124,,,
4350,dato survey.question,sgi_survey_page_9,addons/quimibond_sgi/data/sgi_audit_data.xml:129,,,
4351,dato survey.question,sgi_survey_q_9,addons/quimibond_sgi/data/sgi_audit_data.xml:135,,,
4352,dato survey.question.answer,sgi_survey_a_9_c,addons/quimibond_sgi/data/sgi_audit_data.xml:141,,,
4353,dato survey.question.answer,sgi_survey_a_9_nc,addons/quimibond_sgi/data/sgi_audit_data.xml:144,,,
4354,dato survey.question.answer,sgi_survey_a_9_o,addons/quimibond_sgi/data/sgi_audit_data.xml:147,,,
4355,dato survey.question,sgi_survey_page_10,addons/quimibond_sgi/data/sgi_audit_data.xml:152,,,
4356,dato survey.question,sgi_survey_q_10,addons/quimibond_sgi/data/sgi_audit_data.xml:158,,,
4357,dato survey.question.answer,sgi_survey_a_10_c,addons/quimibond_sgi/data/sgi_audit_data.xml:164,,,
4358,dato survey.question.answer,sgi_survey_a_10_nc,addons/quimibond_sgi/data/sgi_audit_data.xml:167,,,
4359,dato survey.question.answer,sgi_survey_a_10_o,addons/quimibond_sgi/data/sgi_audit_data.xml:170,,,
4360,dato mail.template,mail_template_sgi_coa,addons/quimibond_sgi/data/sgi_coa_data.xml:6,SGI: COA al cliente,,
4361,dato sgi.control.plan,sgi_control_plan_mp,addons/quimibond_sgi/data/sgi_control_plans_fase4.xml:12,Recepción de Materias Primas (F-P-P03-01),,
4362,dato sgi.control.plan,sgi_control_plan_revisado,addons/quimibond_sgi/data/sgi_control_plans_fase4.xml:21,Tejido Circular — Revisado,,
4363,dato survey.survey,sgi_survey_dnc,addons/quimibond_sgi/data/sgi_dnc_survey.xml:4,,,
4364,dato survey.question,sgi_survey_dnc_page1,addons/quimibond_sgi/data/sgi_dnc_survey.xml:12,,,
4365,dato survey.question,sgi_survey_dnc_q1,addons/quimibond_sgi/data/sgi_dnc_survey.xml:19,,,
4366,dato survey.question,sgi_survey_dnc_q2,addons/quimibond_sgi/data/sgi_dnc_survey.xml:26,,,
4367,dato survey.question,sgi_survey_dnc_q3,addons/quimibond_sgi/data/sgi_dnc_survey.xml:38,,,
4368,dato survey.question,sgi_survey_dnc_page2,addons/quimibond_sgi/data/sgi_dnc_survey.xml:47,,,
4369,dato survey.question,sgi_survey_dnc_q4,addons/quimibond_sgi/data/sgi_dnc_survey.xml:54,,,
4370,dato sign.item.role,sgi_sign_role_elaboro,addons/quimibond_sgi/data/sgi_doc_change_sign_data.xml:4,SGI · Elaboró,,
4371,dato sign.item.role,sgi_sign_role_reviso,addons/quimibond_sgi/data/sgi_doc_change_sign_data.xml:7,SGI · Revisó,,
4372,dato sign.item.role,sgi_sign_role_aprobo,addons/quimibond_sgi/data/sgi_doc_change_sign_data.xml:10,SGI · Aprobó,,
4373,dato sign.item.role,sgi_sign_role_empleado,addons/quimibond_sgi/data/sgi_doc_change_sign_data.xml:14,SGI · Empleado,,
4374,dato sgi.document.type,sgi_doc_type_miid,addons/quimibond_sgi/data/sgi_document_types.xml:8,Manual (MIID),,
4375,dato sgi.document.type,sgi_doc_type_procedimiento,addons/quimibond_sgi/data/sgi_document_types.xml:16,Procedimiento (PR),,
4376,dato sgi.document.type,sgi_doc_type_instructivo,addons/quimibond_sgi/data/sgi_document_types.xml:25,Instructivo (IT),,
4377,dato sgi.document.type,sgi_doc_type_formato,addons/quimibond_sgi/data/sgi_document_types.xml:34,Formato (F),,
4378,dato sgi.document.type,sgi_doc_type_formato_it,addons/quimibond_sgi/data/sgi_document_types.xml:43,Formato de instructivo (F-IT),,
4379,dato sgi.document.type,sgi_doc_type_control_operacional,addons/quimibond_sgi/data/sgi_document_types.xml:51,Control operacional (CO),,
4380,dato sgi.document.type,sgi_doc_type_metodo_anexo,addons/quimibond_sgi/data/sgi_document_types.xml:59,Método / anexo (MA),,
4381,dato sgi.document.type,sgi_doc_type_descripcion_puesto,addons/quimibond_sgi/data/sgi_document_types.xml:67,Descripción de puesto (DP),,
4382,dato sgi.document.type,sgi_doc_type_dat,addons/quimibond_sgi/data/sgi_document_types.xml:75,DAT,,
4383,dato sgi.document.type,sgi_doc_type_protocolo,addons/quimibond_sgi/data/sgi_document_types.xml:83,Protocolo (PROT),,
4384,dato sgi.document.type,sgi_doc_type_diagrama,addons/quimibond_sgi/data/sgi_document_types.xml:91,Diagrama de flujo (DF),,
4385,dato sgi.document.type,sgi_doc_type_reglamento,addons/quimibond_sgi/data/sgi_document_types.xml:99,Reglamento (R),,
4386,dato sgi.document.type,sgi_doc_type_anexo,addons/quimibond_sgi/data/sgi_document_types.xml:107,Anexo,,
4387,dato sgi.document.type,sgi_doc_type_externo,addons/quimibond_sgi/data/sgi_document_types.xml:115,Documento externo,,
4388,dato sgi.document.type,sgi_doc_type_formulario_odoo,addons/quimibond_sgi/data/sgi_document_types.xml:122,Formulario de Odoo (vista),,
4389,dato project.project,sgi_project_dyd,addons/quimibond_sgi/data/sgi_dyd_data.xml:11,Diseño y Desarrollo (P-D01 · 8.3),,
4390,dato project.task.type,sgi_dyd_stage_plan,addons/quimibond_sgi/data/sgi_dyd_data.xml:17,Planificación (8.3.2),,
4391,dato project.task.type,sgi_dyd_stage_inputs,addons/quimibond_sgi/data/sgi_dyd_data.xml:22,Entradas del diseño (8.3.3),,
4392,dato project.task.type,sgi_dyd_stage_review,addons/quimibond_sgi/data/sgi_dyd_data.xml:27,Revisión (8.3.4),,
4393,dato project.task.type,sgi_dyd_stage_verification,addons/quimibond_sgi/data/sgi_dyd_data.xml:32,Verificación (8.3.4),,
4394,dato project.task.type,sgi_dyd_stage_validation,addons/quimibond_sgi/data/sgi_dyd_data.xml:37,Validación con cliente (8.3.4),,
4395,dato project.task.type,sgi_dyd_stage_transfer,addons/quimibond_sgi/data/sgi_dyd_data.xml:42,Transferencia a producción (8.3.6),,
4396,dato ir.sequence,sgi_seq_epp_delivery,addons/quimibond_sgi/data/sgi_epp_data.xml:3,Responsiva de EPP (SGI),,
4397,dato sgi.objective,sgi_objective_expansion,addons/quimibond_sgi/data/sgi_expansion_data.xml:12,Expansión comercial rentable y diversificada,,
4398,dato sgi.indicator,sgi_ind_ex_margen,addons/quimibond_sgi/data/sgi_expansion_data.xml:18,Margen sobre órdenes de venta,,
4399,dato sgi.indicator,sgi_ind_ex_compras_ventas,addons/quimibond_sgi/data/sgi_expansion_data.xml:30,Compras vs ventas facturadas,,
4400,dato sgi.indicator,sgi_ind_ex_clientes_nuevos,addons/quimibond_sgi/data/sgi_expansion_data.xml:41,Clientes nuevos (primera factura),,
4401,dato sgi.indicator,sgi_ind_ex_concentracion,addons/quimibond_sgi/data/sgi_expansion_data.xml:53,Concentración top 3 clientes (12 meses),,
4402,dato sgi.indicator,sgi_ind_ex_facturacion_usd,addons/quimibond_sgi/data/sgi_expansion_data.xml:65,Participación de facturación en USD,,
4403,dato sgi.indicator,sgi_ind_ex_notas_credito,addons/quimibond_sgi/data/sgi_expansion_data.xml:77,Notas de crédito vs facturación,,
4404,dato sgi.indicator,sgi_ind_ex_dso,addons/quimibond_sgi/data/sgi_expansion_data.xml:89,Días de cartera (DSO),,
4405,dato sgi.indicator,sgi_ind_ex_cartera_vencida,addons/quimibond_sgi/data/sgi_expansion_data.xml:105,Cartera vencida,,
4406,dato sgi.indicator,sgi_ind_ex_cartera_vencida_60,addons/quimibond_sgi/data/sgi_expansion_data.xml:116,Cartera vencida a más de 60 días,,
4407,dato sgi.indicator,sgi_ind_ex_retencion,addons/quimibond_sgi/data/sgi_expansion_data.xml:127,Retención de clientes (12 meses),,
4408,dato sgi.indicator,sgi_ind_ex_reactivados,addons/quimibond_sgi/data/sgi_expansion_data.xml:139,Clientes reactivados,,
4409,dato sgi.indicator,sgi_ind_ex_fuera_top10,addons/quimibond_sgi/data/sgi_expansion_data.xml:151,Ventas fuera del top 10 clientes (12 meses),,
4410,dato sgi.indicator,sgi_ind_ex_conc_productos,addons/quimibond_sgi/data/sgi_expansion_data.xml:163,Concentración top 5 productos (12 meses),,
4411,dato sgi.indicator,sgi_ind_ex_cancelados,addons/quimibond_sgi/data/sgi_expansion_data.xml:175,Pedidos de venta cancelados,,
4412,dato sgi.indicator,sgi_ind_ex_entregas,addons/quimibond_sgi/data/sgi_expansion_data.xml:187,Entregas completas a la primera,,
4413,dato sgi.indicator,sgi_ind_ex_dpo,addons/quimibond_sgi/data/sgi_expansion_data.xml:198,Días de pago a proveedores (DPO),,
4414,dato ir.sequence,sgi_seq_emergency_plan,addons/quimibond_sgi/data/sgi_fase7_data.xml:6,Planes de emergencia SGI,,
4415,dato ir.sequence,sgi_seq_emergency_drill,addons/quimibond_sgi/data/sgi_fase7_data.xml:14,Simulacros SGI,,
4416,dato ir.sequence,sgi_seq_msa,addons/quimibond_sgi/data/sgi_fase7_data.xml:22,Estudios MSA SGI,,
4417,dato sgi.indicator,sgi_ind_satisfaccion,addons/quimibond_sgi/data/sgi_fase7_data.xml:63,Satisfacción del cliente,,
4418,dato sgi.alert.source,sgi_alert_source_devolucion,addons/quimibond_sgi/data/sgi_fase8_data.xml:7,Devolución de cliente validada,,
4419,dato sgi.format.map,format_map_sale_order,addons/quimibond_sgi/data/sgi_format_map_data.xml:8,,,
4420,dato sgi.format.map,format_map_purchase_order,addons/quimibond_sgi/data/sgi_format_map_data.xml:18,,,
4421,dato sgi.format.map,format_map_stock_picking,addons/quimibond_sgi/data/sgi_format_map_data.xml:28,,,
4422,dato sgi.format.map,format_map_mrp_production,addons/quimibond_sgi/data/sgi_format_map_data.xml:34,,,
4423,dato sgi.format.map,format_map_maintenance_request,addons/quimibond_sgi/data/sgi_format_map_data.xml:40,,,
4424,dato sgi.format.map,format_map_quality_alert,addons/quimibond_sgi/data/sgi_format_map_data.xml:46,,,
4425,dato sgi.format.map,format_map_stock_lot,addons/quimibond_sgi/data/sgi_format_map_data.xml:52,,,
4426,dato sgi.format.map,format_map_mgmt_review,addons/quimibond_sgi/data/sgi_format_map_data.xml:58,,,
4427,dato sgi.format.map,format_map_sales_budget,addons/quimibond_sgi/data/sgi_format_map_data.xml:64,,,
4428,dato helpdesk.team,sgi_helpdesk_team_voice,addons/quimibond_sgi/data/sgi_helpdesk_interno.xml:6,Quejas y Sugerencias,,
4429,dato helpdesk.stage,sgi_hd_voice_stage_new,addons/quimibond_sgi/data/sgi_helpdesk_interno.xml:11,Recibida,,
4430,dato helpdesk.stage,sgi_hd_voice_stage_progress,addons/quimibond_sgi/data/sgi_helpdesk_interno.xml:15,En atención,,
4431,dato helpdesk.stage,sgi_hd_voice_stage_closed,addons/quimibond_sgi/data/sgi_helpdesk_interno.xml:19,Cerrada,,
4432,dato helpdesk.tag,sgi_hd_tag_queja,addons/quimibond_sgi/data/sgi_helpdesk_interno.xml:24,Queja,,
4433,dato helpdesk.tag,sgi_hd_tag_sugerencia,addons/quimibond_sgi/data/sgi_helpdesk_interno.xml:27,Sugerencia,,
4434,dato helpdesk.tag,sgi_hd_tag_condicion_insegura,addons/quimibond_sgi/data/sgi_helpdesk_interno.xml:30,SST-Condición insegura,,
4435,dato survey.survey,sgi_survey_satisfaction,addons/quimibond_sgi/data/sgi_helpdesk_interno.xml:37,,,
4436,dato survey.question,sgi_sat_q_calidad,addons/quimibond_sgi/data/sgi_helpdesk_interno.xml:43,,,
4437,dato survey.question.answer,sgi_sat_calidad_1,addons/quimibond_sgi/data/sgi_helpdesk_interno.xml:49,,,
4438,dato survey.question.answer,sgi_sat_calidad_2,addons/quimibond_sgi/data/sgi_helpdesk_interno.xml:50,,,
4439,dato survey.question.answer,sgi_sat_calidad_3,addons/quimibond_sgi/data/sgi_helpdesk_interno.xml:51,,,
4440,dato survey.question.answer,sgi_sat_calidad_4,addons/quimibond_sgi/data/sgi_helpdesk_interno.xml:52,,,
4441,dato survey.question.answer,sgi_sat_calidad_5,addons/quimibond_sgi/data/sgi_helpdesk_interno.xml:53,,,
4442,dato survey.question,sgi_sat_q_entregas,addons/quimibond_sgi/data/sgi_helpdesk_interno.xml:55,,,
4443,dato survey.question.answer,sgi_sat_entregas_1,addons/quimibond_sgi/data/sgi_helpdesk_interno.xml:61,,,
4444,dato survey.question.answer,sgi_sat_entregas_2,addons/quimibond_sgi/data/sgi_helpdesk_interno.xml:62,,,
4445,dato survey.question.answer,sgi_sat_entregas_3,addons/quimibond_sgi/data/sgi_helpdesk_interno.xml:63,,,
4446,dato survey.question.answer,sgi_sat_entregas_4,addons/quimibond_sgi/data/sgi_helpdesk_interno.xml:64,,,
4447,dato survey.question.answer,sgi_sat_entregas_5,addons/quimibond_sgi/data/sgi_helpdesk_interno.xml:65,,,
4448,dato survey.question,sgi_sat_q_atencion,addons/quimibond_sgi/data/sgi_helpdesk_interno.xml:67,,,
4449,dato survey.question.answer,sgi_sat_atencion_1,addons/quimibond_sgi/data/sgi_helpdesk_interno.xml:73,,,
4450,dato survey.question.answer,sgi_sat_atencion_2,addons/quimibond_sgi/data/sgi_helpdesk_interno.xml:74,,,
4451,dato survey.question.answer,sgi_sat_atencion_3,addons/quimibond_sgi/data/sgi_helpdesk_interno.xml:75,,,
4452,dato survey.question.answer,sgi_sat_atencion_4,addons/quimibond_sgi/data/sgi_helpdesk_interno.xml:76,,,
4453,dato survey.question.answer,sgi_sat_atencion_5,addons/quimibond_sgi/data/sgi_helpdesk_interno.xml:77,,,
4454,dato survey.question,sgi_sat_q_reclamos,addons/quimibond_sgi/data/sgi_helpdesk_interno.xml:79,,,
4455,dato survey.question.answer,sgi_sat_reclamos_1,addons/quimibond_sgi/data/sgi_helpdesk_interno.xml:85,,,
4456,dato survey.question.answer,sgi_sat_reclamos_2,addons/quimibond_sgi/data/sgi_helpdesk_interno.xml:86,,,
4457,dato survey.question.answer,sgi_sat_reclamos_3,addons/quimibond_sgi/data/sgi_helpdesk_interno.xml:87,,,
4458,dato survey.question.answer,sgi_sat_reclamos_4,addons/quimibond_sgi/data/sgi_helpdesk_interno.xml:88,,,
4459,dato survey.question.answer,sgi_sat_reclamos_5,addons/quimibond_sgi/data/sgi_helpdesk_interno.xml:89,,,
4460,dato survey.question,sgi_sat_q_comentario,addons/quimibond_sgi/data/sgi_helpdesk_interno.xml:91,,,
4461,dato sgi.indicator.term,sgi_term_desperdicio_num,addons/quimibond_sgi/data/sgi_indicator_formula_data.xml:13,,,
4462,dato sgi.indicator.term,sgi_term_desperdicio_den,addons/quimibond_sgi/data/sgi_indicator_formula_data.xml:23,,,
4463,dato sgi.indicator.term,sgi_term_reproceso_num,addons/quimibond_sgi/data/sgi_indicator_formula_data.xml:35,,,
4464,dato sgi.indicator.term,sgi_term_reproceso_den,addons/quimibond_sgi/data/sgi_indicator_formula_data.xml:45,,,
4465,dato sgi.indicator.term,sgi_term_inventario_num,addons/quimibond_sgi/data/sgi_indicator_formula_data.xml:59,,,
4466,dato sgi.indicator.term,sgi_term_inventario_den,addons/quimibond_sgi/data/sgi_indicator_formula_data.xml:69,,,
4467,dato sgi.indicator.term,sgi_term_energia_num,addons/quimibond_sgi/data/sgi_indicator_formula_data.xml:81,,,
4468,dato sgi.indicator.term,sgi_term_energia_den,addons/quimibond_sgi/data/sgi_indicator_formula_data.xml:92,,,
4469,dato sgi.indicator.term,sgi_term_compras_mp_num,addons/quimibond_sgi/data/sgi_indicator_formula_data.xml:105,,,
4470,dato sgi.indicator.term,sgi_term_compras_mp_den,addons/quimibond_sgi/data/sgi_indicator_formula_data.xml:115,,,
4471,dato sgi.indicator,sgi_ind_cierre_nc,addons/quimibond_sgi/data/sgi_indicators_data.xml:11,Cierre de No Conformidades (NCA/NCD),,
4472,dato sgi.indicator,sgi_ind_consumo_papel,addons/quimibond_sgi/data/sgi_indicators_data.xml:21,Consumo de papel 100−(NF/DL×100),,
4473,dato sgi.indicator,sgi_ind_consumo_energia,addons/quimibond_sgi/data/sgi_indicators_data.xml:31,Consumo de energía,,
4474,dato sgi.indicator,sgi_ind_separacion_residuos,addons/quimibond_sgi/data/sgi_indicators_data.xml:39,Separación de residuos,,
4475,dato sgi.indicator,sgi_ind_crecimiento_ventas,addons/quimibond_sgi/data/sgi_indicators_data.xml:52,Crecimiento anual de ventas,,
4476,dato sgi.indicator,sgi_ind_presupuesto_ventas,addons/quimibond_sgi/data/sgi_indicators_data.xml:64,Cumplimiento de presupuesto de ventas,,
4477,dato sgi.indicator,sgi_ind_otd_proveedores,addons/quimibond_sgi/data/sgi_indicators_data.xml:78,Entregas a tiempo de proveedores,,
4478,dato sgi.indicator,sgi_ind_requisiciones,addons/quimibond_sgi/data/sgi_indicators_data.xml:89,Requisiciones atendidas,,
4479,dato sgi.indicator,sgi_ind_errores_oc,addons/quimibond_sgi/data/sgi_indicators_data.xml:100,Errores en órdenes de compra,,
4480,dato sgi.indicator,sgi_ind_diferencia_inventario,addons/quimibond_sgi/data/sgi_indicators_data.xml:113,Diferencia inventario físico vs sistema,,
4481,dato sgi.indicator,sgi_ind_embarques_sin_error,addons/quimibond_sgi/data/sgi_indicators_data.xml:124,Embarques sin error,,
4482,dato sgi.indicator,sgi_ind_otif,addons/quimibond_sgi/data/sgi_indicators_data.xml:137,OTIF (On Time In Full),,
4483,dato sgi.indicator,sgi_ind_doc_exportaciones,addons/quimibond_sgi/data/sgi_indicators_data.xml:148,Documentación de exportaciones,,
4484,dato sgi.indicator,sgi_ind_producido_programado,addons/quimibond_sgi/data/sgi_indicators_data.xml:162,Producido vs programado,,
4485,dato sgi.indicator,sgi_ind_producido_capacidad,addons/quimibond_sgi/data/sgi_indicators_data.xml:173,Producido vs capacidad,,
4486,dato sgi.indicator,sgi_ind_calidad_pq,addons/quimibond_sgi/data/sgi_indicators_data.xml:184,Calidad PQ,,
4487,dato sgi.indicator,sgi_ind_reproceso,addons/quimibond_sgi/data/sgi_indicators_data.xml:195,Reproceso,,
4488,dato sgi.indicator,sgi_ind_desperdicio,addons/quimibond_sgi/data/sgi_indicators_data.xml:206,Desperdicio,,
4489,dato sgi.indicator,sgi_ind_reclamos_cliente,addons/quimibond_sgi/data/sgi_indicators_data.xml:219,Reclamos de cliente,,
4490,dato sgi.indicator,sgi_ind_disponibilidad,addons/quimibond_sgi/data/sgi_indicators_data.xml:232,Disponibilidad de equipos,,
4491,dato sgi.indicator,sgi_ind_preventivo,addons/quimibond_sgi/data/sgi_indicators_data.xml:243,Mantenimiento preventivo cumplido,,
4492,dato sgi.indicator,sgi_ind_ots_atendidas,addons/quimibond_sgi/data/sgi_indicators_data.xml:254,Órdenes de trabajo atendidas,,
4493,dato sgi.indicator,sgi_ind_cobertura_plantilla,addons/quimibond_sgi/data/sgi_indicators_data.xml:267,Cobertura de plantilla,,
4494,dato sgi.indicator,sgi_ind_capacitacion,addons/quimibond_sgi/data/sgi_indicators_data.xml:278,Capacitación,,
4495,dato sgi.indicator,sgi_ind_rotacion,addons/quimibond_sgi/data/sgi_indicators_data.xml:289,Rotación de personal,,
4496,dato sgi.indicator,sgi_ind_disponibilidad_odoo,addons/quimibond_sgi/data/sgi_indicators_data.xml:302,Disponibilidad de Odoo,,
4497,dato mail.template,mail_template_sgi_incident_grave,addons/quimibond_sgi/data/sgi_mail_templates.xml:12,SGI: Incidente grave/fatal,,
4498,dato mail.template,mail_template_sgi_nc_mayor,addons/quimibond_sgi/data/sgi_mail_templates.xml:34,SGI: NC mayor,,
4499,dato mail.template,mail_template_sgi_calibration_blocked,addons/quimibond_sgi/data/sgi_mail_templates.xml:56,SGI: Equipo bloqueado por calibración vencida,,
4500,dato project.project,sgi_project_agreements,addons/quimibond_sgi/data/sgi_mgmt_review_data.xml:4,Acuerdos RxD,,
4501,dato approval.category,sgi_approval_category_purchase,addons/quimibond_sgi/data/sgi_mgmt_review_data.xml:12,Solicitud de compra SGI,,
4502,dato approval.category,sgi_approval_category_moc,addons/quimibond_sgi/data/sgi_moc_data.xml:8,Cambio de proceso / infraestructura (MOC SGI),,
4503,dato sgi.document.type,sgi_doc_type_mi_procedimiento,addons/quimibond_sgi/data/sgi_my_procedure_data.xml:7,Mi procedimiento (MP),,
4504,dato sgi.norm,sgi_norm_9001,addons/quimibond_sgi/data/sgi_norms.xml:8,Sistema de Gestión de la Calidad,,
4505,dato sgi.norm,sgi_norm_14001,addons/quimibond_sgi/data/sgi_norms.xml:12,Sistema de Gestión Ambiental,,
4506,dato sgi.norm,sgi_norm_45001,addons/quimibond_sgi/data/sgi_norms.xml:16,Sistema de Gestión de SST,,
4507,dato sgi.norm.clause,c_9001_41,addons/quimibond_sgi/data/sgi_norms.xml:22,Comprensión de la organización y su contexto,,
4508,dato sgi.norm.clause,c_9001_42,addons/quimibond_sgi/data/sgi_norms.xml:23,Comprensión de las necesidades y expectativas de las partes ,,
4509,dato sgi.norm.clause,c_9001_43,addons/quimibond_sgi/data/sgi_norms.xml:24,Determinación del alcance del sistema de gestión de la calid,,
4510,dato sgi.norm.clause,c_9001_44,addons/quimibond_sgi/data/sgi_norms.xml:25,Sistema de gestión de la calidad y sus procesos,,
4511,dato sgi.norm.clause,c_9001_51,addons/quimibond_sgi/data/sgi_norms.xml:26,Liderazgo y compromiso,,
4512,dato sgi.norm.clause,c_9001_52,addons/quimibond_sgi/data/sgi_norms.xml:27,Política,,
4513,dato sgi.norm.clause,c_9001_53,addons/quimibond_sgi/data/sgi_norms.xml:28,"Roles, responsabilidades y autoridades en la organización",,
4514,dato sgi.norm.clause,c_9001_61,addons/quimibond_sgi/data/sgi_norms.xml:29,Acciones para abordar riesgos y oportunidades,,
4515,dato sgi.norm.clause,c_9001_62,addons/quimibond_sgi/data/sgi_norms.xml:30,Objetivos de la calidad y planificación para lograrlos,,
4516,dato sgi.norm.clause,c_9001_63,addons/quimibond_sgi/data/sgi_norms.xml:31,Planificación de los cambios,,
4517,dato sgi.norm.clause,c_9001_71,addons/quimibond_sgi/data/sgi_norms.xml:32,Recursos,,
4518,dato sgi.norm.clause,c_9001_72,addons/quimibond_sgi/data/sgi_norms.xml:33,Competencia,,
4519,dato sgi.norm.clause,c_9001_73,addons/quimibond_sgi/data/sgi_norms.xml:34,Toma de conciencia,,
4520,dato sgi.norm.clause,c_9001_74,addons/quimibond_sgi/data/sgi_norms.xml:35,Comunicación,,
4521,dato sgi.norm.clause,c_9001_75,addons/quimibond_sgi/data/sgi_norms.xml:36,Información documentada,,
4522,dato sgi.norm.clause,c_9001_81,addons/quimibond_sgi/data/sgi_norms.xml:37,Planificación y control operacional,,
4523,dato sgi.norm.clause,c_9001_82,addons/quimibond_sgi/data/sgi_norms.xml:38,Requisitos para los productos y servicios,,
4524,dato sgi.norm.clause,c_9001_83,addons/quimibond_sgi/data/sgi_norms.xml:39,Diseño y desarrollo de los productos y servicios,,
4525,dato sgi.norm.clause,c_9001_84,addons/quimibond_sgi/data/sgi_norms.xml:40,"Control de los procesos, productos y servicios suministrados",,
4526,dato sgi.norm.clause,c_9001_85,addons/quimibond_sgi/data/sgi_norms.xml:41,Producción y provisión del servicio,,
4527,dato sgi.norm.clause,c_9001_86,addons/quimibond_sgi/data/sgi_norms.xml:42,Liberación de los productos y servicios,,
4528,dato sgi.norm.clause,c_9001_87,addons/quimibond_sgi/data/sgi_norms.xml:43,Control de las salidas no conformes,,
4529,dato sgi.norm.clause,c_9001_91,addons/quimibond_sgi/data/sgi_norms.xml:44,"Seguimiento, medición, análisis y evaluación",,
4530,dato sgi.norm.clause,c_9001_92,addons/quimibond_sgi/data/sgi_norms.xml:45,Auditoría interna,,
4531,dato sgi.norm.clause,c_9001_93,addons/quimibond_sgi/data/sgi_norms.xml:46,Revisión por la dirección,,
4532,dato sgi.norm.clause,c_9001_101,addons/quimibond_sgi/data/sgi_norms.xml:47,Generalidades,,
4533,dato sgi.norm.clause,c_9001_102,addons/quimibond_sgi/data/sgi_norms.xml:48,No conformidad y acción correctiva,,
4534,dato sgi.norm.clause,c_9001_103,addons/quimibond_sgi/data/sgi_norms.xml:49,Mejora continua,,
4535,dato sgi.norm.clause,c_14001_41,addons/quimibond_sgi/data/sgi_norms.xml:52,Comprensión de la organización y su contexto,,
4536,dato sgi.norm.clause,c_14001_42,addons/quimibond_sgi/data/sgi_norms.xml:53,Comprensión de las necesidades y expectativas de las partes ,,
4537,dato sgi.norm.clause,c_14001_43,addons/quimibond_sgi/data/sgi_norms.xml:54,Determinación del alcance del sistema de gestión ambiental,,
4538,dato sgi.norm.clause,c_14001_44,addons/quimibond_sgi/data/sgi_norms.xml:55,Sistema de gestión ambiental,,
4539,dato sgi.norm.clause,c_14001_51,addons/quimibond_sgi/data/sgi_norms.xml:56,Liderazgo y compromiso,,
4540,dato sgi.norm.clause,c_14001_52,addons/quimibond_sgi/data/sgi_norms.xml:57,Política ambiental,,
4541,dato sgi.norm.clause,c_14001_53,addons/quimibond_sgi/data/sgi_norms.xml:58,"Roles, responsabilidades y autoridades en la organización",,
4542,dato sgi.norm.clause,c_14001_61,addons/quimibond_sgi/data/sgi_norms.xml:59,Acciones para abordar riesgos y oportunidades (aspectos ambi,,
4543,dato sgi.norm.clause,c_14001_62,addons/quimibond_sgi/data/sgi_norms.xml:60,Objetivos ambientales y planificación para lograrlos,,
4544,dato sgi.norm.clause,c_14001_71,addons/quimibond_sgi/data/sgi_norms.xml:61,Recursos,,
4545,dato sgi.norm.clause,c_14001_72,addons/quimibond_sgi/data/sgi_norms.xml:62,Competencia,,
4546,dato sgi.norm.clause,c_14001_73,addons/quimibond_sgi/data/sgi_norms.xml:63,Toma de conciencia,,
4547,dato sgi.norm.clause,c_14001_74,addons/quimibond_sgi/data/sgi_norms.xml:64,Comunicación,,
4548,dato sgi.norm.clause,c_14001_75,addons/quimibond_sgi/data/sgi_norms.xml:65,Información documentada,,
4549,dato sgi.norm.clause,c_14001_81,addons/quimibond_sgi/data/sgi_norms.xml:66,Planificación y control operacional,,
4550,dato sgi.norm.clause,c_14001_82,addons/quimibond_sgi/data/sgi_norms.xml:67,Preparación y respuesta ante emergencias,,
4551,dato sgi.norm.clause,c_14001_91,addons/quimibond_sgi/data/sgi_norms.xml:68,"Seguimiento, medición, análisis y evaluación (incluye evalua",,
4552,dato sgi.norm.clause,c_14001_92,addons/quimibond_sgi/data/sgi_norms.xml:69,Auditoría interna,,
4553,dato sgi.norm.clause,c_14001_93,addons/quimibond_sgi/data/sgi_norms.xml:70,Revisión por la dirección,,
4554,dato sgi.norm.clause,c_14001_101,addons/quimibond_sgi/data/sgi_norms.xml:71,Generalidades,,
4555,dato sgi.norm.clause,c_14001_102,addons/quimibond_sgi/data/sgi_norms.xml:72,No conformidad y acción correctiva,,
4556,dato sgi.norm.clause,c_14001_103,addons/quimibond_sgi/data/sgi_norms.xml:73,Mejora continua,,
4557,dato sgi.norm.clause,c_45001_41,addons/quimibond_sgi/data/sgi_norms.xml:76,Comprensión de la organización y su contexto,,
4558,dato sgi.norm.clause,c_45001_42,addons/quimibond_sgi/data/sgi_norms.xml:77,Comprensión de las necesidades y expectativas de los trabaja,,
4559,dato sgi.norm.clause,c_45001_43,addons/quimibond_sgi/data/sgi_norms.xml:78,Determinación del alcance del sistema de gestión de la SST,,
4560,dato sgi.norm.clause,c_45001_44,addons/quimibond_sgi/data/sgi_norms.xml:79,Sistema de gestión de la SST,,
4561,dato sgi.norm.clause,c_45001_51,addons/quimibond_sgi/data/sgi_norms.xml:80,Liderazgo y compromiso,,
4562,dato sgi.norm.clause,c_45001_52,addons/quimibond_sgi/data/sgi_norms.xml:81,Política de la SST,,
4563,dato sgi.norm.clause,c_45001_53,addons/quimibond_sgi/data/sgi_norms.xml:82,"Roles, responsabilidades y autoridades en la organización",,
4564,dato sgi.norm.clause,c_45001_54,addons/quimibond_sgi/data/sgi_norms.xml:83,Consulta y participación de los trabajadores,,
4565,dato sgi.norm.clause,c_45001_61,addons/quimibond_sgi/data/sgi_norms.xml:84,Acciones para abordar riesgos y oportunidades (identificació,,
4566,dato sgi.norm.clause,c_45001_62,addons/quimibond_sgi/data/sgi_norms.xml:85,Objetivos de la SST y planificación para lograrlos,,
4567,dato sgi.norm.clause,c_45001_71,addons/quimibond_sgi/data/sgi_norms.xml:86,Recursos,,
4568,dato sgi.norm.clause,c_45001_72,addons/quimibond_sgi/data/sgi_norms.xml:87,Competencia,,
4569,dato sgi.norm.clause,c_45001_73,addons/quimibond_sgi/data/sgi_norms.xml:88,Toma de conciencia,,
4570,dato sgi.norm.clause,c_45001_74,addons/quimibond_sgi/data/sgi_norms.xml:89,Comunicación,,
4571,dato sgi.norm.clause,c_45001_75,addons/quimibond_sgi/data/sgi_norms.xml:90,Información documentada,,
4572,dato sgi.norm.clause,c_45001_81,addons/quimibond_sgi/data/sgi_norms.xml:91,Planificación y control operacional,,
4573,dato sgi.norm.clause,c_45001_82,addons/quimibond_sgi/data/sgi_norms.xml:92,Preparación y respuesta ante emergencias,,
4574,dato sgi.norm.clause,c_45001_91,addons/quimibond_sgi/data/sgi_norms.xml:93,"Seguimiento, medición, análisis y evaluación del desempeño",,
4575,dato sgi.norm.clause,c_45001_92,addons/quimibond_sgi/data/sgi_norms.xml:94,Auditoría interna,,
4576,dato sgi.norm.clause,c_45001_93,addons/quimibond_sgi/data/sgi_norms.xml:95,Revisión por la dirección,,
4577,dato sgi.norm.clause,c_45001_101,addons/quimibond_sgi/data/sgi_norms.xml:96,Generalidades,,
4578,dato sgi.norm.clause,c_45001_102,addons/quimibond_sgi/data/sgi_norms.xml:97,"Incidentes, no conformidades y acciones correctivas",,
4579,dato sgi.norm.clause,c_45001_103,addons/quimibond_sgi/data/sgi_norms.xml:98,Mejora continua,,
4580,dato sgi.objective,sgi_objective_ingresos,addons/quimibond_sgi/data/sgi_objectives.xml:4,Ingresos MX$360M a 2030,,
4581,dato sgi.objective,sgi_objective_no_automotriz,addons/quimibond_sgi/data/sgi_objectives.xml:9,≥30% de ventas no automotrices,,
4582,dato sgi.objective,sgi_objective_exportaciones,addons/quimibond_sgi/data/sgi_objectives.xml:14,Exportaciones ≥40%,,
4583,dato sgi.objective,sgi_objective_ebitda,addons/quimibond_sgi/data/sgi_objectives.xml:19,EBITDA 15%,,
4584,dato sgi.objective,sgi_objective_cero_residuos,addons/quimibond_sgi/data/sgi_objectives.xml:24,Cero residuos a relleno 2030,,
4585,dato sgi.objective,sgi_objective_certificaciones,addons/quimibond_sgi/data/sgi_objectives.xml:29,Mantener ISO 9001/14001/45001,,
4586,dato sgi.objective,sgi_objective_innovacion,addons/quimibond_sgi/data/sgi_objectives.xml:34,1-2 productos innovadores por año,,
4587,dato sgi.objective,sgi_objective_seguridad,addons/quimibond_sgi/data/sgi_objectives.xml:39,Cultura de seguridad ISO 45001,,
4588,dato sgi.objective,sgi_objective_gobierno,addons/quimibond_sgi/data/sgi_objectives.xml:44,Profesionalización y gobierno corporativo,,
4589,dato sgi.ppap.element.template,sgi_ppap_el_01,addons/quimibond_sgi/data/sgi_ppap_elements.xml:4,Registros de diseño,,
4590,dato sgi.ppap.element.template,sgi_ppap_el_02,addons/quimibond_sgi/data/sgi_ppap_elements.xml:8,Documentos de cambio de ingeniería,,
4591,dato sgi.ppap.element.template,sgi_ppap_el_03,addons/quimibond_sgi/data/sgi_ppap_elements.xml:12,Aprobación de ingeniería del cliente,,
4592,dato sgi.ppap.element.template,sgi_ppap_el_04,addons/quimibond_sgi/data/sgi_ppap_elements.xml:16,AMEF de diseño (DFMEA),,
4593,dato sgi.ppap.element.template,sgi_ppap_el_05,addons/quimibond_sgi/data/sgi_ppap_elements.xml:20,Diagrama de flujo del proceso,,
4594,dato sgi.ppap.element.template,sgi_ppap_el_06,addons/quimibond_sgi/data/sgi_ppap_elements.xml:24,AMEF de proceso (PFMEA),,
4595,dato sgi.ppap.element.template,sgi_ppap_el_07,addons/quimibond_sgi/data/sgi_ppap_elements.xml:28,Plan de control,,
4596,dato sgi.ppap.element.template,sgi_ppap_el_08,addons/quimibond_sgi/data/sgi_ppap_elements.xml:32,Estudios de análisis de sistemas de medición (MSA),,
4597,dato sgi.ppap.element.template,sgi_ppap_el_09,addons/quimibond_sgi/data/sgi_ppap_elements.xml:36,Resultados dimensionales,,
4598,dato sgi.ppap.element.template,sgi_ppap_el_10,addons/quimibond_sgi/data/sgi_ppap_elements.xml:40,Resultados de pruebas de material y desempeño,,
4599,dato sgi.ppap.element.template,sgi_ppap_el_11,addons/quimibond_sgi/data/sgi_ppap_elements.xml:44,Estudios iniciales del proceso (SPC / Cpk),,
4600,dato sgi.ppap.element.template,sgi_ppap_el_12,addons/quimibond_sgi/data/sgi_ppap_elements.xml:48,Documentación del laboratorio calificado,,
4601,dato sgi.ppap.element.template,sgi_ppap_el_13,addons/quimibond_sgi/data/sgi_ppap_elements.xml:52,Reporte de aprobación de apariencia (AAR),,
4602,dato sgi.ppap.element.template,sgi_ppap_el_14,addons/quimibond_sgi/data/sgi_ppap_elements.xml:56,Muestras de producto / partes de producción,,
4603,dato sgi.ppap.element.template,sgi_ppap_el_15,addons/quimibond_sgi/data/sgi_ppap_elements.xml:60,Muestra maestra,,
4604,dato sgi.ppap.element.template,sgi_ppap_el_16,addons/quimibond_sgi/data/sgi_ppap_elements.xml:64,Ayudas de verificación (check aids),,
4605,dato sgi.ppap.element.template,sgi_ppap_el_17,addons/quimibond_sgi/data/sgi_ppap_elements.xml:68,Requisitos específicos del cliente,,
4606,dato sgi.ppap.element.template,sgi_ppap_el_18,addons/quimibond_sgi/data/sgi_ppap_elements.xml:72,Garantía de presentación de la parte (PSW),,
4607,dato mail.template,mail_template_sgi_nc_supplier,addons/quimibond_sgi/data/sgi_pr6_data.xml:4,SGI: No conformidad a proveedor (portal),,
4608,dato sgi.process,proc_adm,addons/quimibond_sgi/data/sgi_process_data.xml:8,ADMINISTRACIÓN,,
4609,dato sgi.process,proc_cal,addons/quimibond_sgi/data/sgi_process_data.xml:13,CALIDAD,,
4610,dato sgi.process,proc_mto,addons/quimibond_sgi/data/sgi_process_data.xml:18,MANTENIMIENTO,,
4611,dato sgi.process,proc_dis,addons/quimibond_sgi/data/sgi_process_data.xml:23,DISEÑO Y DESARROLLO,,
4612,dato sgi.process,proc_mfg,addons/quimibond_sgi/data/sgi_process_data.xml:28,MANUFACTURA,,
4613,dato sgi.process,proc_ventas,addons/quimibond_sgi/data/sgi_process_data.xml:35,Ventas,,
4614,dato sgi.process,proc_planeacion,addons/quimibond_sgi/data/sgi_process_data.xml:39,Planeación,,
4615,dato sgi.process,proc_compras,addons/quimibond_sgi/data/sgi_process_data.xml:43,Compras,,
4616,dato sgi.process,proc_almacen_mp,addons/quimibond_sgi/data/sgi_process_data.xml:47,Almacén de Materia Prima,,
4617,dato sgi.process,proc_almacen_pt,addons/quimibond_sgi/data/sgi_process_data.xml:51,Almacén de Producto Terminado,,
4618,dato sgi.process,proc_prod_tac,addons/quimibond_sgi/data/sgi_process_data.xml:55,Producción TAC,,
4619,dato sgi.process,proc_prod_ent,addons/quimibond_sgi/data/sgi_process_data.xml:59,Producción Entretelas,,
4620,dato sgi.process,proc_tintoreria,addons/quimibond_sgi/data/sgi_process_data.xml:63,Tintorería,,
4621,dato sgi.process,proc_inspeccion,addons/quimibond_sgi/data/sgi_process_data.xml:67,Inspección y Empaque,,
4622,dato sgi.process,proc_laboratorio,addons/quimibond_sgi/data/sgi_process_data.xml:71,Laboratorio,,
4623,dato sgi.process,proc_logistica,addons/quimibond_sgi/data/sgi_process_data.xml:75,Logística,,
4624,dato sgi.process,proc_facturacion,addons/quimibond_sgi/data/sgi_process_data.xml:79,Facturación,,
4625,dato sgi.process,proc_cxc,addons/quimibond_sgi/data/sgi_process_data.xml:83,Crédito y Cobranza,,
4626,dato sgi.process,proc_rh,addons/quimibond_sgi/data/sgi_process_data.xml:87,Recursos Humanos,,
4627,dato sgi.process,proc_sgi,addons/quimibond_sgi/data/sgi_process_data.xml:91,MAST y SGI,,
4628,dato sgi.process,proc_direccion,addons/quimibond_sgi/data/sgi_process_data.xml:95,Dirección de Operaciones,,
4629,dato sgi.process.flow,flow_cxc_ventas,addons/quimibond_sgi/data/sgi_process_data.xml:101,Condiciones de crédito,,
4630,dato sgi.process.flow,flow_ventas_plan_pronostico,addons/quimibond_sgi/data/sgi_process_data.xml:106,Pronóstico de ventas (F-P-A28-13),,
4631,dato sgi.process.flow,flow_ventas_plan_presupuesto,addons/quimibond_sgi/data/sgi_process_data.xml:110,Presupuesto anual (F-P-A28-14),,
4632,dato sgi.process.flow,flow_ventas_plan_pedido,addons/quimibond_sgi/data/sgi_process_data.xml:114,Pedido confirmado,,
4633,dato sgi.process.flow,flow_plan_prod,addons/quimibond_sgi/data/sgi_process_data.xml:119,Programa semanal de producción (F-P-A12-01),,
4634,dato sgi.process.flow,flow_plan_almacen,addons/quimibond_sgi/data/sgi_process_data.xml:124,Solicitud de existencias (F-P-A12-02),,
4635,dato sgi.process.flow,flow_plan_ventas,addons/quimibond_sgi/data/sgi_process_data.xml:129,Resumen de fechas de entrega (F-P-A12-03),,
4636,dato sgi.process.flow,flow_compras_almacen,addons/quimibond_sgi/data/sgi_process_data.xml:133,Orden de compra / insumos,,
4637,dato sgi.process.flow,flow_almacen_prod,addons/quimibond_sgi/data/sgi_process_data.xml:138,Materia prima liberada,,
4638,dato sgi.process.flow,flow_prod_inspeccion,addons/quimibond_sgi/data/sgi_process_data.xml:143,Lote a liberar,,
4639,dato sgi.process.flow,flow_inspeccion_almacenpt,addons/quimibond_sgi/data/sgi_process_data.xml:148,Rollo clasificado,,
4640,dato sgi.process.flow,flow_almacenpt_logistica,addons/quimibond_sgi/data/sgi_process_data.xml:153,Lista de embarque,,
4641,dato sgi.process.flow,flow_logistica_facturacion,addons/quimibond_sgi/data/sgi_process_data.xml:158,Remisión / entrega,,
4642,dato sgi.process.flow,flow_facturacion_cxc,addons/quimibond_sgi/data/sgi_process_data.xml:163,Factura,,
4643,dato sgi.process.flow,flow_mto_prodtac,addons/quimibond_sgi/data/sgi_process_data.xml:170,Máquina disponible / OT atendida,,
4644,dato sgi.process.flow,flow_mto_prodent,addons/quimibond_sgi/data/sgi_process_data.xml:175,Máquina disponible / OT atendida,,
4645,dato sgi.process.flow,flow_lab_inspeccion,addons/quimibond_sgi/data/sgi_process_data.xml:180,Resultados de prueba,,
4646,dato sgi.process.flow,flow_rh_direccion,addons/quimibond_sgi/data/sgi_process_data.xml:185,Personal competente (F-P-A01-01),,
4647,dato sgi.process.flow,flow_sgi_direccion,addons/quimibond_sgi/data/sgi_process_data.xml:189,Estado del SGI,,
4648,dato sgi.process.flow,flow_almacenmp_compras_req,addons/quimibond_sgi/data/sgi_process_flows_extra.xml:14,Requisición de compra / alerta de stock,,
4649,dato sgi.process.flow,flow_plan_prodent,addons/quimibond_sgi/data/sgi_process_flows_extra.xml:22,Programa semanal de producción (F-P-A12-01),,
4650,dato sgi.process.flow,flow_almacenmp_prodent,addons/quimibond_sgi/data/sgi_process_flows_extra.xml:27,Materia prima liberada (entretelas),,
4651,dato sgi.process.flow,flow_direccion_plan_te,addons/quimibond_sgi/data/sgi_process_flows_extra.xml:32,Autorización de tiempo extra,,
4652,dato sgi.process.flow,flow_prodtac_tintoreria,addons/quimibond_sgi/data/sgi_process_flows_extra.xml:39,Tela cruda tejida para teñido,,
4653,dato sgi.process.flow,flow_tintoreria_prodtac,addons/quimibond_sgi/data/sgi_process_flows_extra.xml:44,Tela teñida para acabado (rama),,
4654,dato sgi.process.flow,flow_prodent_inspeccion,addons/quimibond_sgi/data/sgi_process_flows_extra.xml:49,Entretela a liberar,,
4655,dato sgi.process.flow,flow_almacenmp_lab,addons/quimibond_sgi/data/sgi_process_flows_extra.xml:56,Muestra de MP para liberación (P-C04),,
4656,dato sgi.process.flow,flow_lab_almacenmp,addons/quimibond_sgi/data/sgi_process_flows_extra.xml:61,Liberación de materia prima,,
4657,dato sgi.process.flow,flow_prodtac_mto,addons/quimibond_sgi/data/sgi_process_flows_extra.xml:69,Solicitud de mantenimiento (F-P-M01-01),,
4658,dato sgi.process.flow,flow_prodent_mto,addons/quimibond_sgi/data/sgi_process_flows_extra.xml:74,Solicitud de mantenimiento (F-P-M01-01),,
4659,dato sgi.process.flow,flow_inspeccion_sgi_nc,addons/quimibond_sgi/data/sgi_process_flows_extra.xml:81,No Conformidad levantada (F-P-G05-01),,
4660,dato sgi.process.flow,flow_ventas_cal_reclamo,addons/quimibond_sgi/data/sgi_process_flows_extra.xml:86,Reclamación del cliente (P-C01),,
4661,dato sgi.process.flow,flow_sgi_compras_prov,addons/quimibond_sgi/data/sgi_process_flows_extra.xml:92,Evaluación trimestral de proveedores,,
4662,dato sgi.process.flow,flow_direccion_sgi_acuerdos,addons/quimibond_sgi/data/sgi_process_flows_extra.xml:98,Acuerdos y recursos de la Revisión por la Dirección,,
4663,dato sgi.process.flow,flow_mfg_sgi_incidente,addons/quimibond_sgi/data/sgi_process_flows_extra.xml:103,Reporte de incidente SST (INC-),,
4664,dato sgi.process.flow,flow_ventas_diseno,addons/quimibond_sgi/data/sgi_process_flows_extra.xml:110,Solicitud de desarrollo / muestra (P-D01),,
4665,dato sgi.process.flow,flow_diseno_mfg,addons/quimibond_sgi/data/sgi_process_flows_extra.xml:114,Especificación / ficha técnica aprobada,,
4666,dato sgi.risk.category,sgi_risk_cat_operativo,addons/quimibond_sgi/data/sgi_risk_data.xml:7,Operativo,,
4667,dato sgi.risk.category,sgi_risk_cat_financiero,addons/quimibond_sgi/data/sgi_risk_data.xml:10,Financiero,,
4668,dato sgi.risk.category,sgi_risk_cat_legal,addons/quimibond_sgi/data/sgi_risk_data.xml:13,Legal,,
4669,dato sgi.risk.category,sgi_risk_cat_ambiental,addons/quimibond_sgi/data/sgi_risk_data.xml:16,Ambiental,,
4670,dato sgi.risk.category,sgi_risk_cat_sst,addons/quimibond_sgi/data/sgi_risk_data.xml:19,SST (Seguridad y Salud),,
4671,dato sgi.risk.category,sgi_risk_cat_tecnologico,addons/quimibond_sgi/data/sgi_risk_data.xml:22,Tecnológico,,
4672,dato sgi.risk.category,sgi_risk_cat_patrimonial,addons/quimibond_sgi/data/sgi_risk_data.xml:25,Patrimonial,,
4673,dato sgi.risk.category,sgi_risk_cat_imagen,addons/quimibond_sgi/data/sgi_risk_data.xml:28,Imagen / Reputación,,
4674,dato sgi.risk.category,sgi_risk_cat_proveedores,addons/quimibond_sgi/data/sgi_risk_data.xml:31,Proveedores,,
4675,dato sgi.risk.category,sgi_risk_cat_rh,addons/quimibond_sgi/data/sgi_risk_data.xml:34,Recursos Humanos,,
4676,dato ir.sequence,sgi_seq_nc_internal,addons/quimibond_sgi/data/sgi_sequences.xml:3,NC Internas SGI,,
4677,dato ir.sequence,sgi_seq_nc_external,addons/quimibond_sgi/data/sgi_sequences.xml:12,NC Externas SGI,,
4678,dato ir.sequence,sgi_seq_machine_sheet,addons/quimibond_sgi/data/sgi_sequences.xml:20,Ficha de proceso por máquina (SGI),,
4679,dato ir.sequence,sgi_seq_audit,addons/quimibond_sgi/data/sgi_sequences_fase2.xml:3,Auditorías SGI,,
4680,dato ir.sequence,sgi_seq_risk,addons/quimibond_sgi/data/sgi_sequences_fase2.xml:12,Riesgos y oportunidades SGI,,
4681,dato ir.sequence,sgi_seq_mgmt_review,addons/quimibond_sgi/data/sgi_sequences_fase2.xml:21,Revisión por la Dirección SGI,,
4682,dato ir.sequence,sgi_seq_control_plan,addons/quimibond_sgi/data/sgi_sequences_fase3.xml:3,Planes de control SGI,,
4683,dato ir.sequence,sgi_seq_fmea,addons/quimibond_sgi/data/sgi_sequences_fase3.xml:12,AMEF SGI,,
4684,dato ir.sequence,sgi_seq_ppap,addons/quimibond_sgi/data/sgi_sequences_fase3.xml:21,PPAP SGI,,
4685,dato ir.sequence,sgi_seq_incident,addons/quimibond_sgi/data/sgi_sequences_fase3.xml:30,Incidentes SST SGI,,
4686,dato ir.sequence,sgi_seq_policy,addons/quimibond_sgi/data/sgi_sequences_fase6.xml:3,Política integral SGI,,
4687,dato ir.sequence,sgi_seq_sales_budget,addons/quimibond_sgi/data/sgi_sequences_fase6.xml:11,Presupuesto de ventas SGI,,
4688,dato quality.alert.team,sgi_quality_team_internal,addons/quimibond_sgi/data/sgi_stages.xml:4,NC Internas,,
4689,dato quality.alert.team,sgi_quality_team_external,addons/quimibond_sgi/data/sgi_stages.xml:8,NC Externas,,
4690,dato quality.alert.stage,sgi_nc_int_stage_open,addons/quimibond_sgi/data/sgi_stages.xml:17,Abierta,,
4691,dato quality.alert.stage,sgi_nc_int_stage_followup,addons/quimibond_sgi/data/sgi_stages.xml:21,Seguimiento,,
4692,dato quality.alert.stage,sgi_nc_int_stage_closed,addons/quimibond_sgi/data/sgi_stages.xml:25,Cerrada,,
4693,dato quality.alert.stage,sgi_nc_int_stage_cancel,addons/quimibond_sgi/data/sgi_stages.xml:30,Cancelada,,
4694,dato helpdesk.team,sgi_helpdesk_team_complaints,addons/quimibond_sgi/data/sgi_stages.xml:37,Reclamaciones de clientes,,
4695,dato helpdesk.stage,sgi_hd_stage_new,addons/quimibond_sgi/data/sgi_stages.xml:41,Nueva,,
4696,dato helpdesk.stage,sgi_hd_stage_containment,addons/quimibond_sgi/data/sgi_stages.xml:45,Contención,,
4697,dato helpdesk.stage,sgi_hd_stage_analysis,addons/quimibond_sgi/data/sgi_stages.xml:49,Análisis,,
4698,dato helpdesk.stage,sgi_hd_stage_response,addons/quimibond_sgi/data/sgi_stages.xml:53,Respuesta al cliente,,
4699,dato helpdesk.stage,sgi_hd_stage_closed,addons/quimibond_sgi/data/sgi_stages.xml:57,Cerrada,,
4700,dato helpdesk.sla,sgi_hd_sla_first_response,addons/quimibond_sgi/data/sgi_stages.xml:61,Primera respuesta ≤ 3 días,,
4701,dato project.project,sgi_project_improvement,addons/quimibond_sgi/data/sgi_stages.xml:70,Mejora Continua SGI,,
4702,dato project.task.type,sgi_task_stage_proposal,addons/quimibond_sgi/data/sgi_stages.xml:74,Propuesta,,
4703,dato project.task.type,sgi_task_stage_progress,addons/quimibond_sgi/data/sgi_stages.xml:78,En ejecución,,
4704,dato project.task.type,sgi_task_stage_done,addons/quimibond_sgi/data/sgi_stages.xml:82,Terminada,,
4705,dato approval.category,sgi_approval_category_doc_change,addons/quimibond_sgi/data/sgi_stages.xml:89,Modificación de documento SGI,,
4706,dato res.partner,sgi_demo_partner,addons/quimibond_sgi/demo/sgi_demo_fase3.xml:8,Continental Demo Automotive,,
4707,dato product.product,sgi_demo_product,addons/quimibond_sgi/demo/sgi_demo_fase3.xml:14,Fieltro técnico automotriz SGI-DEMO,,
4708,dato sgi.control.plan,sgi_demo_control_plan,addons/quimibond_sgi/demo/sgi_demo_fase3.xml:21,Plan de control — Fieltro técnico (Continental),,
4709,dato quality.point,sgi_demo_point_gramaje,addons/quimibond_sgi/demo/sgi_demo_fase3.xml:32,,,
4710,dato quality.point,sgi_demo_point_espesor,addons/quimibond_sgi/demo/sgi_demo_fase3.xml:49,,,
4711,dato stock.lot,sgi_demo_lot,addons/quimibond_sgi/demo/sgi_demo_fase3.xml:66,LOTE-DEMO-0001,,
4712,dato quality.check,sgi_demo_check_gramaje,addons/quimibond_sgi/demo/sgi_demo_fase3.xml:71,,,
4713,dato quality.check,sgi_demo_check_espesor,addons/quimibond_sgi/demo/sgi_demo_fase3.xml:79,,,
4714,dato maintenance.equipment,sgi_demo_equipment_ok,addons/quimibond_sgi/demo/sgi_demo_fase3.xml:88,Báscula analítica BA-01,,
4715,dato sgi.calibration,sgi_demo_cal_ok,addons/quimibond_sgi/demo/sgi_demo_fase3.xml:97,,,
4716,dato maintenance.equipment,sgi_demo_equipment_bad,addons/quimibond_sgi/demo/sgi_demo_fase3.xml:107,Micrómetro digital MI-07,,
4717,dato sgi.calibration,sgi_demo_cal_bad,addons/quimibond_sgi/demo/sgi_demo_fase3.xml:116,,,
4718,dato maintenance.equipment,sgi_demo_ppe,addons/quimibond_sgi/demo/sgi_demo_fase3.xml:127,Arnés de seguridad AS-03,,
4719,dato sgi.fmea,sgi_demo_fmea,addons/quimibond_sgi/demo/sgi_demo_fase3.xml:134,PFMEA — Línea de termofusión,,
4720,dato sgi.fmea.line,sgi_demo_fmea_line_high,addons/quimibond_sgi/demo/sgi_demo_fase3.xml:142,,,
4721,dato sgi.fmea.line,sgi_demo_fmea_line_low,addons/quimibond_sgi/demo/sgi_demo_fase3.xml:155,,,
4722,dato sgi.action.line,sgi_demo_fmea_action,addons/quimibond_sgi/demo/sgi_demo_fase3.xml:168,Poka-yoke: bloqueo de arranque si T < set point,,
4723,dato sgi.ppap,sgi_demo_ppap,addons/quimibond_sgi/demo/sgi_demo_fase3.xml:177,,,
4724,dato sgi.incident,sgi_demo_incident,addons/quimibond_sgi/demo/sgi_demo_fase3.xml:186,Casi accidente: montacargas en pasillo peatonal,,
4725,dato sgi.action.line,sgi_demo_incident_action,addons/quimibond_sgi/demo/sgi_demo_fase3.xml:199,Delimitar y señalizar pasillo peatonal,,
4726,dato hr.skill.type,sgi_demo_skilltype,addons/quimibond_sgi/demo/sgi_demo_fase3.xml:208,Competencias técnicas SGI-DEMO,,
4727,dato hr.skill.level,sgi_demo_level_basic,addons/quimibond_sgi/demo/sgi_demo_fase3.xml:212,Básico,,
4728,dato hr.skill.level,sgi_demo_level_expert,addons/quimibond_sgi/demo/sgi_demo_fase3.xml:218,Experto,,
4729,dato hr.skill,sgi_demo_skill,addons/quimibond_sgi/demo/sgi_demo_fase3.xml:224,Operación de línea de termofusión,,
4730,dato hr.job,sgi_demo_job,addons/quimibond_sgi/demo/sgi_demo_fase3.xml:229,Operador de termofusión SGI-DEMO,,
4731,dato hr.job.skill,sgi_demo_job_skill,addons/quimibond_sgi/demo/sgi_demo_fase3.xml:233,,,
4732,dato hr.employee,sgi_demo_employee,addons/quimibond_sgi/demo/sgi_demo_fase3.xml:240,Operador Demo (brecha de competencia),,
4733,dato hr.employee.skill,sgi_demo_employee_skill,addons/quimibond_sgi/demo/sgi_demo_fase3.xml:245,,,
4734,dato ir.module.category,module_category_sgi,addons/quimibond_sgi/security/sgi_security.xml:3,SGI,,
4735,dato res.groups.privilege,res_groups_privilege_sgi,addons/quimibond_sgi/security/sgi_security.xml:9,SGI,,
4736,dato res.groups.privilege,res_groups_privilege_sgi_efficiency,addons/quimibond_sgi/security/sgi_security.xml:251,Eficiencias de personal,,
4737,asset js,quimibond_sgi.Diagram,static/src/diagram/diagram.js,owl_template,,
4738,asset js,sgi_diagram,static/src/diagram/diagram_view.js,views,,
4739,asset js,sgi_diagram,static/src/diagram/diagram_view.js,actions,,
4740,asset js,quimibond_sgi.DiagramView,static/src/diagram/diagram_view.js,owl_template,,
4741,asset js,quimibond_sgi.DiagramAction,static/src/diagram/diagram_view.js,owl_template,,
4742,asset js,sgi_my_activities_list,static/src/my_procedure/new_activity_list.js,views,,
4743,archivo,.gitignore,addons/quimibond_sgi/.gitignore,NO está en el manifest ni se importa,,
4744,archivo,README.md,addons/quimibond_sgi/README.md,NO está en el manifest ni se importa,,
4745,archivo,__init__.py,addons/quimibond_sgi/__init__.py,arranque,,
4746,archivo,__manifest__.py,addons/quimibond_sgi/__manifest__.py,arranque,,
4747,archivo,controllers/__init__.py,addons/quimibond_sgi/controllers/__init__.py,arranque,,
4748,archivo,controllers/portal_nc.py,addons/quimibond_sgi/controllers/portal_nc.py,importado,,
4749,archivo,views/sgi_action_line_views.xml,addons/quimibond_sgi/views/sgi_action_line_views.xml,manifest (data),,
4750,archivo,views/sgi_activity_spec_views.xml,addons/quimibond_sgi/views/sgi_activity_spec_views.xml,manifest (data),,
4751,archivo,views/sgi_alert_source_views.xml,addons/quimibond_sgi/views/sgi_alert_source_views.xml,manifest (data),,
4752,archivo,views/sgi_approval_native_views.xml,addons/quimibond_sgi/views/sgi_approval_native_views.xml,manifest (data),,
4753,archivo,views/sgi_area_views.xml,addons/quimibond_sgi/views/sgi_area_views.xml,manifest (data),,
4754,archivo,views/sgi_audit_views.xml,addons/quimibond_sgi/views/sgi_audit_views.xml,manifest (data),,
4755,archivo,views/sgi_budget_analytic_views.xml,addons/quimibond_sgi/views/sgi_budget_analytic_views.xml,manifest (data),,
4756,archivo,views/sgi_business_line_views.xml,addons/quimibond_sgi/views/sgi_business_line_views.xml,manifest (data),,
4757,archivo,views/sgi_calibration_views.xml,addons/quimibond_sgi/views/sgi_calibration_views.xml,manifest (data),,
4758,archivo,views/sgi_catalog_views.xml,addons/quimibond_sgi/views/sgi_catalog_views.xml,manifest (data),,
4759,archivo,views/sgi_coa_views.xml,addons/quimibond_sgi/views/sgi_coa_views.xml,manifest (data),,
4760,archivo,views/sgi_competence_views.xml,addons/quimibond_sgi/views/sgi_competence_views.xml,manifest (data),,
4761,archivo,views/sgi_complaint_views.xml,addons/quimibond_sgi/views/sgi_complaint_views.xml,manifest (data),,
4762,archivo,views/sgi_context_views.xml,addons/quimibond_sgi/views/sgi_context_views.xml,manifest (data),,
4763,archivo,views/sgi_control_plan_views.xml,addons/quimibond_sgi/views/sgi_control_plan_views.xml,manifest (data),,
4764,archivo,views/sgi_dashboard_views.xml,addons/quimibond_sgi/views/sgi_dashboard_views.xml,manifest (data),,
4765,archivo,views/sgi_dev_request_views.xml,addons/quimibond_sgi/views/sgi_dev_request_views.xml,manifest (data),,
4766,archivo,views/sgi_diagnostic_views.xml,addons/quimibond_sgi/views/sgi_diagnostic_views.xml,manifest (data),,
4767,archivo,views/sgi_diagram_views.xml,addons/quimibond_sgi/views/sgi_diagram_views.xml,manifest (data),,
4768,archivo,views/sgi_direction_board_views.xml,addons/quimibond_sgi/views/sgi_direction_board_views.xml,manifest (data),,
4769,archivo,views/sgi_doc_change_views.xml,addons/quimibond_sgi/views/sgi_doc_change_views.xml,manifest (data),,
4770,archivo,views/sgi_document_views.xml,addons/quimibond_sgi/views/sgi_document_views.xml,manifest (data),,
4771,archivo,views/sgi_emergency_views.xml,addons/quimibond_sgi/views/sgi_emergency_views.xml,manifest (data),,
4772,archivo,views/sgi_epp_views.xml,addons/quimibond_sgi/views/sgi_epp_views.xml,manifest (data),,
4773,archivo,views/sgi_external_doc_views.xml,addons/quimibond_sgi/views/sgi_external_doc_views.xml,manifest (data),,
4774,archivo,views/sgi_fmea_views.xml,addons/quimibond_sgi/views/sgi_fmea_views.xml,manifest (data),,
4775,archivo,views/sgi_format_map_views.xml,addons/quimibond_sgi/views/sgi_format_map_views.xml,manifest (data),,
4776,archivo,views/sgi_hierarchy_views.xml,addons/quimibond_sgi/views/sgi_hierarchy_views.xml,manifest (data),,
4777,archivo,views/sgi_hse_views.xml,addons/quimibond_sgi/views/sgi_hse_views.xml,manifest (data),,
4778,archivo,views/sgi_improvement_views.xml,addons/quimibond_sgi/views/sgi_improvement_views.xml,manifest (data),,
4779,archivo,views/sgi_incident_views.xml,addons/quimibond_sgi/views/sgi_incident_views.xml,manifest (data),,
4780,archivo,views/sgi_indicator_formula_views.xml,addons/quimibond_sgi/views/sgi_indicator_formula_views.xml,manifest (data),,
4781,archivo,views/sgi_indicator_plan_views.xml,addons/quimibond_sgi/views/sgi_indicator_plan_views.xml,manifest (data),,
4782,archivo,views/sgi_indicator_trajectory_views.xml,addons/quimibond_sgi/views/sgi_indicator_trajectory_views.xml,manifest (data),,
4783,archivo,views/sgi_indicator_views.xml,addons/quimibond_sgi/views/sgi_indicator_views.xml,manifest (data),,
4784,archivo,views/sgi_integration_views.xml,addons/quimibond_sgi/views/sgi_integration_views.xml,manifest (data),,
4785,archivo,views/sgi_kpi_fields_views.xml,addons/quimibond_sgi/views/sgi_kpi_fields_views.xml,manifest (data),,
4786,archivo,views/sgi_legal_views.xml,addons/quimibond_sgi/views/sgi_legal_views.xml,manifest (data),,
4787,archivo,views/sgi_links_views.xml,addons/quimibond_sgi/views/sgi_links_views.xml,manifest (data),,
4788,archivo,views/sgi_machine_sheet_views.xml,addons/quimibond_sgi/views/sgi_machine_sheet_views.xml,manifest (data),,
4789,archivo,views/sgi_management_review_views.xml,addons/quimibond_sgi/views/sgi_management_review_views.xml,manifest (data),,
4790,archivo,views/sgi_map_hooks_views.xml,addons/quimibond_sgi/views/sgi_map_hooks_views.xml,manifest (data),,
4791,archivo,views/sgi_menus.xml,addons/quimibond_sgi/views/sgi_menus.xml,manifest (data),,
4792,archivo,views/sgi_mp_change_views.xml,addons/quimibond_sgi/views/sgi_mp_change_views.xml,manifest (data),,
4793,archivo,views/sgi_msa_views.xml,addons/quimibond_sgi/views/sgi_msa_views.xml,manifest (data),,
4794,archivo,views/sgi_my_pending_views.xml,addons/quimibond_sgi/views/sgi_my_pending_views.xml,manifest (data),,
4795,archivo,views/sgi_my_procedure_tab_views.xml,addons/quimibond_sgi/views/sgi_my_procedure_tab_views.xml,manifest (data),,
4796,archivo,views/sgi_my_procedure_views.xml,addons/quimibond_sgi/views/sgi_my_procedure_views.xml,manifest (data),,
4797,archivo,views/sgi_nonconformity_views.xml,addons/quimibond_sgi/views/sgi_nonconformity_views.xml,manifest (data),,
4798,archivo,views/sgi_norm_views.xml,addons/quimibond_sgi/views/sgi_norm_views.xml,manifest (data),,
4799,archivo,views/sgi_objective_views.xml,addons/quimibond_sgi/views/sgi_objective_views.xml,manifest (data),,
4800,archivo,views/sgi_policy_views.xml,addons/quimibond_sgi/views/sgi_policy_views.xml,manifest (data),,
4801,archivo,views/sgi_portal_templates.xml,addons/quimibond_sgi/views/sgi_portal_templates.xml,manifest (data),,
4802,archivo,views/sgi_ppap_views.xml,addons/quimibond_sgi/views/sgi_ppap_views.xml,manifest (data),,
4803,archivo,views/sgi_pr6_views.xml,addons/quimibond_sgi/views/sgi_pr6_views.xml,manifest (data),,
4804,archivo,views/sgi_process_procedure_views.xml,addons/quimibond_sgi/views/sgi_process_procedure_views.xml,manifest (data),,
4805,archivo,views/sgi_process_views.xml,addons/quimibond_sgi/views/sgi_process_views.xml,manifest (data),,
4806,archivo,views/sgi_res_partner_views.xml,addons/quimibond_sgi/views/sgi_res_partner_views.xml,manifest (data),,
4807,archivo,views/sgi_risk_views.xml,addons/quimibond_sgi/views/sgi_risk_views.xml,manifest (data),,
4808,archivo,views/sgi_sales_budget_views.xml,addons/quimibond_sgi/views/sgi_sales_budget_views.xml,manifest (data),,
4809,archivo,views/sgi_settings_views.xml,addons/quimibond_sgi/views/sgi_settings_views.xml,manifest (data),,
4810,archivo,views/sgi_sign_elearning_views.xml,addons/quimibond_sgi/views/sgi_sign_elearning_views.xml,manifest (data),,
4811,archivo,views/sgi_staff_efficiency_views.xml,addons/quimibond_sgi/views/sgi_staff_efficiency_views.xml,manifest (data),,
4812,archivo,views/sgi_structure_views.xml,addons/quimibond_sgi/views/sgi_structure_views.xml,manifest (data),,
4813,archivo,views/sgi_supplier_eval_views.xml,addons/quimibond_sgi/views/sgi_supplier_eval_views.xml,manifest (data),,
4814,archivo,static/description/icon.png,addons/quimibond_sgi/static/description/icon.png,ícono/descr. de la app,,
4815,archivo,static/src/diagram/diagram.js,addons/quimibond_sgi/static/src/diagram/diagram.js,asset web.assets_backend,,
4816,archivo,static/src/diagram/diagram.scss,addons/quimibond_sgi/static/src/diagram/diagram.scss,asset web.assets_backend,,
4817,archivo,static/src/diagram/diagram.xml,addons/quimibond_sgi/static/src/diagram/diagram.xml,asset web.assets_backend,,
4818,archivo,static/src/diagram/diagram_view.js,addons/quimibond_sgi/static/src/diagram/diagram_view.js,asset web.assets_backend,,
4819,archivo,static/src/my_procedure/new_activity_list.js,addons/quimibond_sgi/static/src/my_procedure/new_activity_list.js,asset web.assets_backend,,
4820,archivo,report/report_8d.xml,addons/quimibond_sgi/report/report_8d.xml,manifest (data),,
4821,archivo,report/report_audit.xml,addons/quimibond_sgi/report/report_audit.xml,manifest (data),,
4822,archivo,report/report_calibration_label.xml,addons/quimibond_sgi/report/report_calibration_label.xml,manifest (data),,
4823,archivo,report/report_coa.xml,addons/quimibond_sgi/report/report_coa.xml,manifest (data),,
4824,archivo,report/report_compliance_matrix.xml,addons/quimibond_sgi/report/report_compliance_matrix.xml,manifest (data),,
4825,archivo,report/report_dev_request.xml,addons/quimibond_sgi/report/report_dev_request.xml,manifest (data),,
4826,archivo,report/report_direction.xml,addons/quimibond_sgi/report/report_direction.xml,manifest (data),,
4827,archivo,report/report_doc_change.xml,addons/quimibond_sgi/report/report_doc_change.xml,manifest (data),,
4828,archivo,report/report_epp_delivery.xml,addons/quimibond_sgi/report/report_epp_delivery.xml,manifest (data),,
4829,archivo,report/report_fmea.xml,addons/quimibond_sgi/report/report_fmea.xml,manifest (data),,
4830,archivo,report/report_incident.xml,addons/quimibond_sgi/report/report_incident.xml,manifest (data),,
4831,archivo,report/report_knowledge_instruction.xml,addons/quimibond_sgi/report/report_knowledge_instruction.xml,manifest (data),,
4832,archivo,report/report_machine_sheet.xml,addons/quimibond_sgi/report/report_machine_sheet.xml,manifest (data),,
4833,archivo,report/report_master_list.xml,addons/quimibond_sgi/report/report_master_list.xml,manifest (data),,
4834,archivo,report/report_master_list_all.xml,addons/quimibond_sgi/report/report_master_list_all.xml,manifest (data),,
4835,archivo,report/report_mgmt_review.xml,addons/quimibond_sgi/report/report_mgmt_review.xml,manifest (data),,
4836,archivo,report/report_my_procedure.xml,addons/quimibond_sgi/report/report_my_procedure.xml,manifest (data),,
4837,archivo,report/report_nc.xml,addons/quimibond_sgi/report/report_nc.xml,manifest (data),,
4838,archivo,report/report_news.xml,addons/quimibond_sgi/report/report_news.xml,manifest (data),,
4839,archivo,report/report_procedure.xml,addons/quimibond_sgi/report/report_procedure.xml,manifest (data),,
4840,archivo,report/report_retention.xml,addons/quimibond_sgi/report/report_retention.xml,manifest (data),,
4841,archivo,report/report_sales_budget.xml,addons/quimibond_sgi/report/report_sales_budget.xml,manifest (data),,
4842,archivo,report/report_sign_sheet.xml,addons/quimibond_sgi/report/report_sign_sheet.xml,manifest (data),,
4843,archivo,report/report_staff_efficiency.xml,addons/quimibond_sgi/report/report_staff_efficiency.xml,manifest (data),,
4844,archivo,report/sgi_format_footer.xml,addons/quimibond_sgi/report/sgi_format_footer.xml,manifest (data),,
4845,archivo,migrations/19.0.30.0.0/post-migrate.py,addons/quimibond_sgi/migrations/19.0.30.0.0/post-migrate.py,migración (Odoo la corre por versión),,
4846,archivo,migrations/19.0.14.1.0/pre-migration.py,addons/quimibond_sgi/migrations/19.0.14.1.0/pre-migration.py,migración (Odoo la corre por versión),,
4847,archivo,migrations/19.0.38.0.0/post-migrate.py,addons/quimibond_sgi/migrations/19.0.38.0.0/post-migrate.py,migración (Odoo la corre por versión),,
4848,archivo,migrations/19.0.56.12.0/post-migrate.py,addons/quimibond_sgi/migrations/19.0.56.12.0/post-migrate.py,migración (Odoo la corre por versión),,
4849,archivo,migrations/19.0.35.0.0/post-migrate.py,addons/quimibond_sgi/migrations/19.0.35.0.0/post-migrate.py,migración (Odoo la corre por versión),,
4850,archivo,migrations/19.0.34.0.0/post-migrate.py,addons/quimibond_sgi/migrations/19.0.34.0.0/post-migrate.py,migración (Odoo la corre por versión),,
4851,archivo,migrations/19.0.54.2.0/pre-migrate.py,addons/quimibond_sgi/migrations/19.0.54.2.0/pre-migrate.py,migración (Odoo la corre por versión),,
4852,archivo,migrations/19.0.54.0.0/pre-migrate.py,addons/quimibond_sgi/migrations/19.0.54.0.0/pre-migrate.py,migración (Odoo la corre por versión),,
4853,archivo,migrations/19.0.52.0.0/post-migrate.py,addons/quimibond_sgi/migrations/19.0.52.0.0/post-migrate.py,migración (Odoo la corre por versión),,
4854,archivo,migrations/19.0.23.2.0/pre-migrate.py,addons/quimibond_sgi/migrations/19.0.23.2.0/pre-migrate.py,migración (Odoo la corre por versión),,
4855,archivo,migrations/19.0.56.14.0/post-migrate.py,addons/quimibond_sgi/migrations/19.0.56.14.0/post-migrate.py,migración (Odoo la corre por versión),,
4856,archivo,migrations/19.0.56.17.0/post-migrate.py,addons/quimibond_sgi/migrations/19.0.56.17.0/post-migrate.py,migración (Odoo la corre por versión),,
4857,archivo,migrations/19.0.56.2.0/post-migrate.py,addons/quimibond_sgi/migrations/19.0.56.2.0/post-migrate.py,migración (Odoo la corre por versión),,
4858,archivo,migrations/19.0.46.0.1/post-migrate.py,addons/quimibond_sgi/migrations/19.0.46.0.1/post-migrate.py,migración (Odoo la corre por versión),,
4859,archivo,migrations/19.0.56.1.1/post-migrate.py,addons/quimibond_sgi/migrations/19.0.56.1.1/post-migrate.py,migración (Odoo la corre por versión),,
4860,archivo,migrations/19.0.30.1.0/post-migrate.py,addons/quimibond_sgi/migrations/19.0.30.1.0/post-migrate.py,migración (Odoo la corre por versión),,
4861,archivo,migrations/19.0.56.15.0/pre-migrate.py,addons/quimibond_sgi/migrations/19.0.56.15.0/pre-migrate.py,migración (Odoo la corre por versión),,
4862,archivo,migrations/19.0.29.0.0/post-migrate.py,addons/quimibond_sgi/migrations/19.0.29.0.0/post-migrate.py,migración (Odoo la corre por versión),,
4863,archivo,migrations/19.0.29.0.0/pre-migrate.py,addons/quimibond_sgi/migrations/19.0.29.0.0/pre-migrate.py,migración (Odoo la corre por versión),,
4864,archivo,migrations/19.0.56.8.0/post-migrate.py,addons/quimibond_sgi/migrations/19.0.56.8.0/post-migrate.py,migración (Odoo la corre por versión),,
4865,archivo,migrations/19.0.56.11.0/post-migrate.py,addons/quimibond_sgi/migrations/19.0.56.11.0/post-migrate.py,migración (Odoo la corre por versión),,
4866,archivo,migrations/19.0.32.0.0/post-migrate.py,addons/quimibond_sgi/migrations/19.0.32.0.0/post-migrate.py,migración (Odoo la corre por versión),,
4867,archivo,migrations/19.0.41.0.0/post-migrate.py,addons/quimibond_sgi/migrations/19.0.41.0.0/post-migrate.py,migración (Odoo la corre por versión),,
4868,archivo,migrations/19.0.56.16.0/post-migrate.py,addons/quimibond_sgi/migrations/19.0.56.16.0/post-migrate.py,migración (Odoo la corre por versión),,
4869,archivo,migrations/19.0.56.22.0/post-migrate.py,addons/quimibond_sgi/migrations/19.0.56.22.0/post-migrate.py,migración (Odoo la corre por versión),,
4870,archivo,migrations/19.0.56.19.0/post-migrate.py,addons/quimibond_sgi/migrations/19.0.56.19.0/post-migrate.py,migración (Odoo la corre por versión),,
4871,archivo,migrations/19.0.29.2.0/post-migrate.py,addons/quimibond_sgi/migrations/19.0.29.2.0/post-migrate.py,migración (Odoo la corre por versión),,
4872,archivo,migrations/19.0.29.2.0/pre-migrate.py,addons/quimibond_sgi/migrations/19.0.29.2.0/pre-migrate.py,migración (Odoo la corre por versión),,
4873,archivo,migrations/19.0.47.1.0/post-migrate.py,addons/quimibond_sgi/migrations/19.0.47.1.0/post-migrate.py,migración (Odoo la corre por versión),,
4874,archivo,migrations/19.0.51.0.0/post-migrate.py,addons/quimibond_sgi/migrations/19.0.51.0.0/post-migrate.py,migración (Odoo la corre por versión),,
4875,archivo,migrations/19.0.32.0.2/post-migrate.py,addons/quimibond_sgi/migrations/19.0.32.0.2/post-migrate.py,migración (Odoo la corre por versión),,
4876,archivo,migrations/19.0.13.7.0/post-migration.py,addons/quimibond_sgi/migrations/19.0.13.7.0/post-migration.py,migración (Odoo la corre por versión),,
4877,archivo,migrations/19.0.56.7.0/post-migrate.py,addons/quimibond_sgi/migrations/19.0.56.7.0/post-migrate.py,migración (Odoo la corre por versión),,
4878,archivo,migrations/19.0.56.9.0/post-migrate.py,addons/quimibond_sgi/migrations/19.0.56.9.0/post-migrate.py,migración (Odoo la corre por versión),,
4879,archivo,migrations/19.0.53.5.0/post-migrate.py,addons/quimibond_sgi/migrations/19.0.53.5.0/post-migrate.py,migración (Odoo la corre por versión),,
4880,archivo,migrations/19.0.56.20.0/post-migrate.py,addons/quimibond_sgi/migrations/19.0.56.20.0/post-migrate.py,migración (Odoo la corre por versión),,
4881,archivo,migrations/19.0.49.0.0/post-migrate.py,addons/quimibond_sgi/migrations/19.0.49.0.0/post-migrate.py,migración (Odoo la corre por versión),,
4882,archivo,migrations/19.0.56.24.0/post-migrate.py,addons/quimibond_sgi/migrations/19.0.56.24.0/post-migrate.py,migración (Odoo la corre por versión),,
4883,archivo,migrations/19.0.54.1.0/pre-migrate.py,addons/quimibond_sgi/migrations/19.0.54.1.0/pre-migrate.py,migración (Odoo la corre por versión),,
4884,archivo,migrations/19.0.55.0.0/pre-migrate.py,addons/quimibond_sgi/migrations/19.0.55.0.0/pre-migrate.py,migración (Odoo la corre por versión),,
4885,archivo,migrations/19.0.45.0.2/post-migrate.py,addons/quimibond_sgi/migrations/19.0.45.0.2/post-migrate.py,migración (Odoo la corre por versión),,
4886,archivo,models/__init__.py,addons/quimibond_sgi/models/__init__.py,arranque,,
4887,archivo,models/sgi_activity_spec.py,addons/quimibond_sgi/models/sgi_activity_spec.py,importado,,
4888,archivo,models/sgi_alert_source.py,addons/quimibond_sgi/models/sgi_alert_source.py,importado,,
4889,archivo,models/sgi_approval_native.py,addons/quimibond_sgi/models/sgi_approval_native.py,importado,,
4890,archivo,models/sgi_archived_filters.py,addons/quimibond_sgi/models/sgi_archived_filters.py,importado,,
4891,archivo,models/sgi_area.py,addons/quimibond_sgi/models/sgi_area.py,importado,,
4892,archivo,models/sgi_audit.py,addons/quimibond_sgi/models/sgi_audit.py,importado,,
4893,archivo,models/sgi_base.py,addons/quimibond_sgi/models/sgi_base.py,importado,,
4894,archivo,models/sgi_budget_analytic.py,addons/quimibond_sgi/models/sgi_budget_analytic.py,importado,,
4895,archivo,models/sgi_business_line.py,addons/quimibond_sgi/models/sgi_business_line.py,importado,,
4896,archivo,models/sgi_calendar.py,addons/quimibond_sgi/models/sgi_calendar.py,importado,,
4897,archivo,models/sgi_calibration.py,addons/quimibond_sgi/models/sgi_calibration.py,importado,,
4898,archivo,models/sgi_catalog.py,addons/quimibond_sgi/models/sgi_catalog.py,importado,,
4899,archivo,models/sgi_checklist.py,addons/quimibond_sgi/models/sgi_checklist.py,importado,,
4900,archivo,models/sgi_cleanup.py,addons/quimibond_sgi/models/sgi_cleanup.py,importado,,
4901,archivo,models/sgi_coa.py,addons/quimibond_sgi/models/sgi_coa.py,importado,,
4902,archivo,models/sgi_competence.py,addons/quimibond_sgi/models/sgi_competence.py,importado,,
4903,archivo,models/sgi_complaint.py,addons/quimibond_sgi/models/sgi_complaint.py,importado,,
4904,archivo,models/sgi_context.py,addons/quimibond_sgi/models/sgi_context.py,importado,,
4905,archivo,models/sgi_control_plan.py,addons/quimibond_sgi/models/sgi_control_plan.py,importado,,
4906,archivo,models/sgi_cron.py,addons/quimibond_sgi/models/sgi_cron.py,importado,,
4907,archivo,models/sgi_customer_reply.py,addons/quimibond_sgi/models/sgi_customer_reply.py,importado,,
4908,archivo,models/sgi_deliverable.py,addons/quimibond_sgi/models/sgi_deliverable.py,importado,,
4909,archivo,models/sgi_dev_request.py,addons/quimibond_sgi/models/sgi_dev_request.py,importado,,
4910,archivo,models/sgi_diagnostic.py,addons/quimibond_sgi/models/sgi_diagnostic.py,importado,,
4911,archivo,models/sgi_diagram.py,addons/quimibond_sgi/models/sgi_diagram.py,importado,,
4912,archivo,models/sgi_diagram_iso.py,addons/quimibond_sgi/models/sgi_diagram_iso.py,importado,,
4913,archivo,models/sgi_diagram_view.py,addons/quimibond_sgi/models/sgi_diagram_view.py,importado,,
4914,archivo,models/sgi_direction_board.py,addons/quimibond_sgi/models/sgi_direction_board.py,importado,,
4915,archivo,models/sgi_doc_change.py,addons/quimibond_sgi/models/sgi_doc_change.py,importado,,
4916,archivo,models/sgi_doc_change_sign.py,addons/quimibond_sgi/models/sgi_doc_change_sign.py,importado,,
4917,archivo,models/sgi_document.py,addons/quimibond_sgi/models/sgi_document.py,importado,,
4918,archivo,models/sgi_emergency.py,addons/quimibond_sgi/models/sgi_emergency.py,importado,,
4919,archivo,models/sgi_epp.py,addons/quimibond_sgi/models/sgi_epp.py,importado,,
4920,archivo,models/sgi_epp_sign.py,addons/quimibond_sgi/models/sgi_epp_sign.py,importado,,
4921,archivo,models/sgi_exec_stat.py,addons/quimibond_sgi/models/sgi_exec_stat.py,importado,,
4922,archivo,models/sgi_external_doc.py,addons/quimibond_sgi/models/sgi_external_doc.py,importado,,
4923,archivo,models/sgi_fmea.py,addons/quimibond_sgi/models/sgi_fmea.py,importado,,
4924,archivo,models/sgi_format_map.py,addons/quimibond_sgi/models/sgi_format_map.py,importado,,
4925,archivo,models/sgi_groups_cleanup.py,addons/quimibond_sgi/models/sgi_groups_cleanup.py,importado,,
4926,archivo,models/sgi_hierarchy.py,addons/quimibond_sgi/models/sgi_hierarchy.py,importado,,
4927,archivo,models/sgi_hse_records.py,addons/quimibond_sgi/models/sgi_hse_records.py,importado,,
4928,archivo,models/sgi_improvement.py,addons/quimibond_sgi/models/sgi_improvement.py,importado,,
4929,archivo,models/sgi_incident.py,addons/quimibond_sgi/models/sgi_incident.py,importado,,
4930,archivo,models/sgi_indicator.py,addons/quimibond_sgi/models/sgi_indicator.py,importado,,
4931,archivo,models/sgi_indicator_detail.py,addons/quimibond_sgi/models/sgi_indicator_detail.py,importado,,
4932,archivo,models/sgi_indicator_formula.py,addons/quimibond_sgi/models/sgi_indicator_formula.py,importado,,
4933,archivo,models/sgi_indicator_i3.py,addons/quimibond_sgi/models/sgi_indicator_i3.py,importado,,
4934,archivo,models/sgi_indicator_p21.py,addons/quimibond_sgi/models/sgi_indicator_p21.py,importado,,
4935,archivo,models/sgi_indicator_plan.py,addons/quimibond_sgi/models/sgi_indicator_plan.py,importado,,
4936,archivo,models/sgi_indicator_trajectory.py,addons/quimibond_sgi/models/sgi_indicator_trajectory.py,importado,,
4937,archivo,models/sgi_instruction_knowledge.py,addons/quimibond_sgi/models/sgi_instruction_knowledge.py,importado,,
4938,archivo,models/sgi_integration.py,addons/quimibond_sgi/models/sgi_integration.py,importado,,
4939,archivo,models/sgi_kpi_fields.py,addons/quimibond_sgi/models/sgi_kpi_fields.py,importado,,
4940,archivo,models/sgi_legal.py,addons/quimibond_sgi/models/sgi_legal.py,importado,,
4941,archivo,models/sgi_links.py,addons/quimibond_sgi/models/sgi_links.py,importado,,
4942,archivo,models/sgi_load.py,addons/quimibond_sgi/models/sgi_load.py,importado,,
4943,archivo,models/sgi_load_wizard.py,addons/quimibond_sgi/models/sgi_load_wizard.py,importado,,
4944,archivo,models/sgi_machine_sheet.py,addons/quimibond_sgi/models/sgi_machine_sheet.py,importado,,
4945,archivo,models/sgi_management_review.py,addons/quimibond_sgi/models/sgi_management_review.py,importado,,
4946,archivo,models/sgi_mp_change.py,addons/quimibond_sgi/models/sgi_mp_change.py,importado,,
4947,archivo,models/sgi_msa.py,addons/quimibond_sgi/models/sgi_msa.py,importado,,
4948,archivo,models/sgi_my_pending.py,addons/quimibond_sgi/models/sgi_my_pending.py,importado,,
4949,archivo,models/sgi_my_procedure.py,addons/quimibond_sgi/models/sgi_my_procedure.py,importado,,
4950,archivo,models/sgi_my_procedure_screen.py,addons/quimibond_sgi/models/sgi_my_procedure_screen.py,importado,,
4951,archivo,models/sgi_my_procedure_sign.py,addons/quimibond_sgi/models/sgi_my_procedure_sign.py,importado,,
4952,archivo,models/sgi_nonconformity.py,addons/quimibond_sgi/models/sgi_nonconformity.py,importado,,
4953,archivo,models/sgi_norm.py,addons/quimibond_sgi/models/sgi_norm.py,importado,,
4954,archivo,models/sgi_norm_compliance.py,addons/quimibond_sgi/models/sgi_norm_compliance.py,importado,,
4955,archivo,models/sgi_objective.py,addons/quimibond_sgi/models/sgi_objective.py,importado,,
4956,archivo,models/sgi_policy.py,addons/quimibond_sgi/models/sgi_policy.py,importado,,
4957,archivo,models/sgi_ppap.py,addons/quimibond_sgi/models/sgi_ppap.py,importado,,
4958,archivo,models/sgi_process.py,addons/quimibond_sgi/models/sgi_process.py,importado,,
4959,archivo,models/sgi_process_procedure.py,addons/quimibond_sgi/models/sgi_process_procedure.py,importado,,
4960,archivo,models/sgi_release.py,addons/quimibond_sgi/models/sgi_release.py,importado,,
4961,archivo,models/sgi_risk.py,addons/quimibond_sgi/models/sgi_risk.py,importado,,
4962,archivo,models/sgi_sale_commitment.py,addons/quimibond_sgi/models/sgi_sale_commitment.py,importado,,
4963,archivo,models/sgi_sales_budget.py,addons/quimibond_sgi/models/sgi_sales_budget.py,importado,,
4964,archivo,models/sgi_sales_budget_import.py,addons/quimibond_sgi/models/sgi_sales_budget_import.py,importado,,
4965,archivo,models/sgi_sales_budget_line.py,addons/quimibond_sgi/models/sgi_sales_budget_line.py,importado,,
4966,archivo,models/sgi_settings.py,addons/quimibond_sgi/models/sgi_settings.py,importado,,
4967,archivo,models/sgi_sign_builder.py,addons/quimibond_sgi/models/sgi_sign_builder.py,importado,,
4968,archivo,models/sgi_sign_elearning.py,addons/quimibond_sgi/models/sgi_sign_elearning.py,importado,,
4969,archivo,models/sgi_sign_record.py,addons/quimibond_sgi/models/sgi_sign_record.py,importado,,
4970,archivo,models/sgi_staff_efficiency.py,addons/quimibond_sgi/models/sgi_staff_efficiency.py,importado,,
4971,archivo,models/sgi_structure.py,addons/quimibond_sgi/models/sgi_structure.py,importado,,
4972,archivo,models/sgi_supplier_eval.py,addons/quimibond_sgi/models/sgi_supplier_eval.py,importado,,
4973,archivo,models/sgi_supplier_nc.py,addons/quimibond_sgi/models/sgi_supplier_nc.py,importado,,
4974,archivo,tests/__init__.py,addons/quimibond_sgi/tests/__init__.py,arranque,,
4975,archivo,tests/common_accounts.py,addons/quimibond_sgi/tests/common_accounts.py,helper de tests,,
4976,archivo,tests/common_calendar.py,addons/quimibond_sgi/tests/common_calendar.py,helper de tests,,
4977,archivo,tests/common_documents.py,addons/quimibond_sgi/tests/common_documents.py,helper de tests,,
4978,archivo,tests/common_users.py,addons/quimibond_sgi/tests/common_users.py,helper de tests,,
4979,archivo,tests/test_acks.py,addons/quimibond_sgi/tests/test_acks.py,test registrado,,
4980,archivo,tests/test_alert_source.py,addons/quimibond_sgi/tests/test_alert_source.py,test registrado,,
4981,archivo,tests/test_approval_native.py,addons/quimibond_sgi/tests/test_approval_native.py,test registrado,,
4982,archivo,tests/test_archived_filters.py,addons/quimibond_sgi/tests/test_archived_filters.py,test registrado,,
4983,archivo,tests/test_audit.py,addons/quimibond_sgi/tests/test_audit.py,test registrado,,
4984,archivo,tests/test_audit_hardening.py,addons/quimibond_sgi/tests/test_audit_hardening.py,test registrado,,
4985,archivo,tests/test_audit_pr3.py,addons/quimibond_sgi/tests/test_audit_pr3.py,test registrado,,
4986,archivo,tests/test_business_line.py,addons/quimibond_sgi/tests/test_business_line.py,test registrado,,
4987,archivo,tests/test_calibration.py,addons/quimibond_sgi/tests/test_calibration.py,test registrado,,
4988,archivo,tests/test_capture_reply.py,addons/quimibond_sgi/tests/test_capture_reply.py,test registrado,,
4989,archivo,tests/test_catalog_fase1.py,addons/quimibond_sgi/tests/test_catalog_fase1.py,test registrado,,
4990,archivo,tests/test_cleanup_45.py,addons/quimibond_sgi/tests/test_cleanup_45.py,test registrado,,
4991,archivo,tests/test_cleanup_b10.py,addons/quimibond_sgi/tests/test_cleanup_b10.py,test registrado,,
4992,archivo,tests/test_coa.py,addons/quimibond_sgi/tests/test_coa.py,test registrado,,
4993,archivo,tests/test_competence.py,addons/quimibond_sgi/tests/test_competence.py,test registrado,,
4994,archivo,tests/test_diagnostic_otd.py,addons/quimibond_sgi/tests/test_diagnostic_otd.py,test registrado,,
4995,archivo,tests/test_diagram_iso.py,addons/quimibond_sgi/tests/test_diagram_iso.py,test registrado,,
4996,archivo,tests/test_diagram_view.py,addons/quimibond_sgi/tests/test_diagram_view.py,test registrado,,
4997,archivo,tests/test_doc_change.py,addons/quimibond_sgi/tests/test_doc_change.py,test registrado,,
4998,archivo,tests/test_doc_change_sign.py,addons/quimibond_sgi/tests/test_doc_change_sign.py,test registrado,,
4999,archivo,tests/test_due_long.py,addons/quimibond_sgi/tests/test_due_long.py,test registrado,,
5000,archivo,tests/test_epp.py,addons/quimibond_sgi/tests/test_epp.py,test registrado,,
5001,archivo,tests/test_escalate_nc.py,addons/quimibond_sgi/tests/test_escalate_nc.py,test registrado,,
5002,archivo,tests/test_excel_migration.py,addons/quimibond_sgi/tests/test_excel_migration.py,test registrado,,
5003,archivo,tests/test_expansion_kpis.py,addons/quimibond_sgi/tests/test_expansion_kpis.py,test registrado,,
5004,archivo,tests/test_external_doc.py,addons/quimibond_sgi/tests/test_external_doc.py,test registrado,,
5005,archivo,tests/test_fase10.py,addons/quimibond_sgi/tests/test_fase10.py,test registrado,,
5006,archivo,tests/test_fase7.py,addons/quimibond_sgi/tests/test_fase7.py,test registrado,,
5007,archivo,tests/test_fase8.py,addons/quimibond_sgi/tests/test_fase8.py,test registrado,,
5008,archivo,tests/test_fase9.py,addons/quimibond_sgi/tests/test_fase9.py,test registrado,,
5009,archivo,tests/test_flows_48.py,addons/quimibond_sgi/tests/test_flows_48.py,test registrado,,
5010,archivo,tests/test_fmea.py,addons/quimibond_sgi/tests/test_fmea.py,test registrado,,
5011,archivo,tests/test_hierarchy.py,addons/quimibond_sgi/tests/test_hierarchy.py,test registrado,,
5012,archivo,tests/test_hse_records.py,addons/quimibond_sgi/tests/test_hse_records.py,test registrado,,
5013,archivo,tests/test_incident.py,addons/quimibond_sgi/tests/test_incident.py,test registrado,,
5014,archivo,tests/test_indicator_detail.py,addons/quimibond_sgi/tests/test_indicator_detail.py,test registrado,,
5015,archivo,tests/test_indicator_formula.py,addons/quimibond_sgi/tests/test_indicator_formula.py,test registrado,,
5016,archivo,tests/test_indicator_i3.py,addons/quimibond_sgi/tests/test_indicator_i3.py,test registrado,,
5017,archivo,tests/test_indicator_p21.py,addons/quimibond_sgi/tests/test_indicator_p21.py,test registrado,,
5018,archivo,tests/test_indicator_plan.py,addons/quimibond_sgi/tests/test_indicator_plan.py,test registrado,,
5019,archivo,tests/test_indicator_trajectory.py,addons/quimibond_sgi/tests/test_indicator_trajectory.py,test registrado,,
5020,archivo,tests/test_indicators.py,addons/quimibond_sgi/tests/test_indicators.py,test registrado,,
5021,archivo,tests/test_kpi20.py,addons/quimibond_sgi/tests/test_kpi20.py,test registrado,,
5022,archivo,tests/test_kpi_fase4.py,addons/quimibond_sgi/tests/test_kpi_fase4.py,test registrado,,
5023,archivo,tests/test_kpi_fields.py,addons/quimibond_sgi/tests/test_kpi_fields.py,test registrado,,
5024,archivo,tests/test_links.py,addons/quimibond_sgi/tests/test_links.py,test registrado,,
5025,archivo,tests/test_mgmt_review.py,addons/quimibond_sgi/tests/test_mgmt_review.py,test registrado,,
5026,archivo,tests/test_mp_change.py,addons/quimibond_sgi/tests/test_mp_change.py,test registrado,,
5027,archivo,tests/test_my_pending.py,addons/quimibond_sgi/tests/test_my_pending.py,test registrado,,
5028,archivo,tests/test_my_procedure.py,addons/quimibond_sgi/tests/test_my_procedure.py,test registrado,,
5029,archivo,tests/test_my_procedure_sign.py,addons/quimibond_sgi/tests/test_my_procedure_sign.py,test registrado,,
5030,archivo,tests/test_my_procedure_ui.py,addons/quimibond_sgi/tests/test_my_procedure_ui.py,test registrado,,
5031,archivo,tests/test_mywork.py,addons/quimibond_sgi/tests/test_mywork.py,test registrado,,
5032,archivo,tests/test_nc_deadlines.py,addons/quimibond_sgi/tests/test_nc_deadlines.py,test registrado,,
5033,archivo,tests/test_nc_flow.py,addons/quimibond_sgi/tests/test_nc_flow.py,test registrado,,
5034,archivo,tests/test_nc_origins.py,addons/quimibond_sgi/tests/test_nc_origins.py,test registrado,,
5035,archivo,tests/test_norm_compliance.py,addons/quimibond_sgi/tests/test_norm_compliance.py,test registrado,,
5036,archivo,tests/test_ola0.py,addons/quimibond_sgi/tests/test_ola0.py,test registrado,,
5037,archivo,tests/test_ola1.py,addons/quimibond_sgi/tests/test_ola1.py,test registrado,,
5038,archivo,tests/test_ola2.py,addons/quimibond_sgi/tests/test_ola2.py,test registrado,,
5039,archivo,tests/test_ola_a_procedure.py,addons/quimibond_sgi/tests/test_ola_a_procedure.py,test registrado,,
5040,archivo,tests/test_ola_a_security.py,addons/quimibond_sgi/tests/test_ola_a_security.py,test registrado,,
5041,archivo,tests/test_ola_b.py,addons/quimibond_sgi/tests/test_ola_b.py,test registrado,,
5042,archivo,tests/test_ola_certificable.py,addons/quimibond_sgi/tests/test_ola_certificable.py,test registrado,,
5043,archivo,tests/test_pegamento.py,addons/quimibond_sgi/tests/test_pegamento.py,test registrado,,
5044,archivo,tests/test_perm_auditor.py,addons/quimibond_sgi/tests/test_perm_auditor.py,test registrado,,
5045,archivo,tests/test_perm_groups.py,addons/quimibond_sgi/tests/test_perm_groups.py,test registrado,,
5046,archivo,tests/test_ppap.py,addons/quimibond_sgi/tests/test_ppap.py,test registrado,,
5047,archivo,tests/test_pr4_docs_legal.py,addons/quimibond_sgi/tests/test_pr4_docs_legal.py,test registrado,,
5048,archivo,tests/test_pr5_direction.py,addons/quimibond_sgi/tests/test_pr5_direction.py,test registrado,,
5049,archivo,tests/test_pr6_external.py,addons/quimibond_sgi/tests/test_pr6_external.py,test registrado,,
5050,archivo,tests/test_pr7_replaces.py,addons/quimibond_sgi/tests/test_pr7_replaces.py,test registrado,,
5051,archivo,tests/test_procedure.py,addons/quimibond_sgi/tests/test_procedure.py,test registrado,,
5052,archivo,tests/test_process_map.py,addons/quimibond_sgi/tests/test_process_map.py,test registrado,,
5053,archivo,tests/test_process_map_46.py,addons/quimibond_sgi/tests/test_process_map_46.py,test registrado,,
5054,archivo,tests/test_release.py,addons/quimibond_sgi/tests/test_release.py,test registrado,,
5055,archivo,tests/test_retro_vinculacion.py,addons/quimibond_sgi/tests/test_retro_vinculacion.py,test registrado,,
5056,archivo,tests/test_risk.py,addons/quimibond_sgi/tests/test_risk.py,test registrado,,
5057,archivo,tests/test_role_audit.py,addons/quimibond_sgi/tests/test_role_audit.py,test registrado,,
5058,archivo,tests/test_sales_budget.py,addons/quimibond_sgi/tests/test_sales_budget.py,test registrado,,
5059,archivo,tests/test_sgi_format_map.py,addons/quimibond_sgi/tests/test_sgi_format_map.py,test registrado,,
5060,archivo,tests/test_sign_builder.py,addons/quimibond_sgi/tests/test_sign_builder.py,test registrado,,
5061,archivo,tests/test_sign_elearning.py,addons/quimibond_sgi/tests/test_sign_elearning.py,test registrado,,
5062,archivo,tests/test_spec.py,addons/quimibond_sgi/tests/test_spec.py,test registrado,,
5063,archivo,tests/test_structure.py,addons/quimibond_sgi/tests/test_structure.py,test registrado,,
5064,archivo,tests/test_structure_sgi.py,addons/quimibond_sgi/tests/test_structure_sgi.py,test registrado,,
5065,archivo,tests/test_view_file.py,addons/quimibond_sgi/tests/test_view_file.py,test registrado,,
5066,archivo,data/sgi_alert_source_data.xml,addons/quimibond_sgi/data/sgi_alert_source_data.xml,manifest (data),,
5067,archivo,data/sgi_approval_cron.xml,addons/quimibond_sgi/data/sgi_approval_cron.xml,manifest (data),,
5068,archivo,data/sgi_areas.xml,addons/quimibond_sgi/data/sgi_areas.xml,manifest (data),,
5069,archivo,data/sgi_audit_data.xml,addons/quimibond_sgi/data/sgi_audit_data.xml,manifest (data),,
5070,archivo,data/sgi_checklist_cron.xml,addons/quimibond_sgi/data/sgi_checklist_cron.xml,manifest (data),,
5071,archivo,data/sgi_coa_data.xml,addons/quimibond_sgi/data/sgi_coa_data.xml,manifest (data),,
5072,archivo,data/sgi_control_plans_fase4.xml,addons/quimibond_sgi/data/sgi_control_plans_fase4.xml,manifest (data),,
5073,archivo,data/sgi_cron.xml,addons/quimibond_sgi/data/sgi_cron.xml,manifest (data),,
5074,archivo,data/sgi_cron_fase2.xml,addons/quimibond_sgi/data/sgi_cron_fase2.xml,manifest (data),,
5075,archivo,data/sgi_cron_fase3.xml,addons/quimibond_sgi/data/sgi_cron_fase3.xml,manifest (data),,
5076,archivo,data/sgi_cumplimiento_data.xml,addons/quimibond_sgi/data/sgi_cumplimiento_data.xml,manifest (data),,
5077,archivo,data/sgi_dnc_survey.xml,addons/quimibond_sgi/data/sgi_dnc_survey.xml,manifest (data),,
5078,archivo,data/sgi_doc_change_sign_data.xml,addons/quimibond_sgi/data/sgi_doc_change_sign_data.xml,manifest (data),,
5079,archivo,data/sgi_document_types.xml,addons/quimibond_sgi/data/sgi_document_types.xml,manifest (data),,
5080,archivo,data/sgi_dyd_data.xml,addons/quimibond_sgi/data/sgi_dyd_data.xml,manifest (data),,
5081,archivo,data/sgi_epp_data.xml,addons/quimibond_sgi/data/sgi_epp_data.xml,manifest (data),,
5082,archivo,data/sgi_expansion_data.xml,addons/quimibond_sgi/data/sgi_expansion_data.xml,manifest (data),,
5083,archivo,data/sgi_fase7_data.xml,addons/quimibond_sgi/data/sgi_fase7_data.xml,manifest (data),,
5084,archivo,data/sgi_fase8_data.xml,addons/quimibond_sgi/data/sgi_fase8_data.xml,manifest (data),,
5085,archivo,data/sgi_format_map_data.xml,addons/quimibond_sgi/data/sgi_format_map_data.xml,manifest (data),,
5086,archivo,data/sgi_helpdesk_interno.xml,addons/quimibond_sgi/data/sgi_helpdesk_interno.xml,manifest (data),,
5087,archivo,data/sgi_indicator_formula_data.xml,addons/quimibond_sgi/data/sgi_indicator_formula_data.xml,manifest (data),,
5088,archivo,data/sgi_indicators_data.xml,addons/quimibond_sgi/data/sgi_indicators_data.xml,manifest (data),,
5089,archivo,data/sgi_mail_templates.xml,addons/quimibond_sgi/data/sgi_mail_templates.xml,manifest (data),,
5090,archivo,data/sgi_measure_cron.xml,addons/quimibond_sgi/data/sgi_measure_cron.xml,manifest (data),,
5091,archivo,data/sgi_mgmt_review_data.xml,addons/quimibond_sgi/data/sgi_mgmt_review_data.xml,manifest (data),,
5092,archivo,data/sgi_moc_data.xml,addons/quimibond_sgi/data/sgi_moc_data.xml,manifest (data),,
5093,archivo,data/sgi_my_procedure_data.xml,addons/quimibond_sgi/data/sgi_my_procedure_data.xml,manifest (data),,
5094,archivo,data/sgi_norms.xml,addons/quimibond_sgi/data/sgi_norms.xml,manifest (data),,
5095,archivo,data/sgi_objectives.xml,addons/quimibond_sgi/data/sgi_objectives.xml,manifest (data),,
5096,archivo,data/sgi_parameters.xml,addons/quimibond_sgi/data/sgi_parameters.xml,manifest (data),,
5097,archivo,data/sgi_ppap_elements.xml,addons/quimibond_sgi/data/sgi_ppap_elements.xml,manifest (data),,
5098,archivo,data/sgi_pr6_data.xml,addons/quimibond_sgi/data/sgi_pr6_data.xml,manifest (data),,
5099,archivo,data/sgi_process_data.xml,addons/quimibond_sgi/data/sgi_process_data.xml,manifest (data),,
5100,archivo,data/sgi_process_flows_extra.xml,addons/quimibond_sgi/data/sgi_process_flows_extra.xml,manifest (data),,
5101,archivo,data/sgi_risk_data.xml,addons/quimibond_sgi/data/sgi_risk_data.xml,manifest (data),,
5102,archivo,data/sgi_sequences.xml,addons/quimibond_sgi/data/sgi_sequences.xml,manifest (data),,
5103,archivo,data/sgi_sequences_fase2.xml,addons/quimibond_sgi/data/sgi_sequences_fase2.xml,manifest (data),,
5104,archivo,data/sgi_sequences_fase3.xml,addons/quimibond_sgi/data/sgi_sequences_fase3.xml,manifest (data),,
5105,archivo,data/sgi_sequences_fase6.xml,addons/quimibond_sgi/data/sgi_sequences_fase6.xml,manifest (data),,
5106,archivo,data/sgi_sign_elearning_data.xml,addons/quimibond_sgi/data/sgi_sign_elearning_data.xml,manifest (data),,
5107,archivo,data/sgi_stages.xml,addons/quimibond_sgi/data/sgi_stages.xml,manifest (data),,
5108,archivo,tools/carga_documental.py,addons/quimibond_sgi/tools/carga_documental.py,script suelto (shell de Odoo.sh; fuera del manifest),,
5109,archivo,tools/post_carga_documental.py,addons/quimibond_sgi/tools/post_carga_documental.py,script suelto (shell de Odoo.sh; fuera del manifest),,
5110,archivo,tools/reporte_telas_rollout.py,addons/quimibond_sgi/tools/reporte_telas_rollout.py,script suelto (shell de Odoo.sh; fuera del manifest),,
5111,archivo,demo/sgi_demo_fase3.xml,addons/quimibond_sgi/demo/sgi_demo_fase3.xml,manifest (demo),,
5112,archivo,security/ir.model.access.csv,addons/quimibond_sgi/security/ir.model.access.csv,manifest (data),,
5113,archivo,security/sgi_security.xml,addons/quimibond_sgi/security/sgi_security.xml,manifest (data),,
