archivo,linea,codigo,check,mensaje
addons/quimibond_sgi/__manifest__.py,20,C8101,manifest-required-author,One of the following authors must be present in manifest: 'Odoo Community Association (OCA)'
addons/quimibond_sgi/__manifest__.py,5,C8103,manifest-deprecated-key,"Deprecated key ""description"" in manifest file"
addons/quimibond_sgi/__manifest__.py,210,C8116,manifest-superfluous-key,"Manifest superfluous key ""installable"". It is the same as the default value: True. Better remove it"
addons/quimibond_sgi/models/sgi_diagnostic.py,23,C8113,no-wizard-in-models,No wizard class for model directory. See the complete structure https://github.com/OCA/odoo-community.org/blob/master/website/Contribution/CONTRIBUTING.rst#complete-structure
addons/quimibond_sgi/models/sgi_diagnostic.py,37,C8113,no-wizard-in-models,No wizard class for model directory. See the complete structure https://github.com/OCA/odoo-community.org/blob/master/website/Contribution/CONTRIBUTING.rst#complete-structure
addons/quimibond_sgi/models/sgi_legal.py,146,C8107,translation-required,"String parameter on ""message_post"" requires translation. Use body=self.env._('Evaluación de cumplimiento registrada: <b>%s</b>.')"
addons/quimibond_sgi/models/sgi_legal.py,213,C8107,translation-required,"String parameter on ""message_post"" requires translation. Use body=self.env._('Se levantó la NC <b>%s</b> por el incumplimiento.')"
addons/quimibond_sgi/models/sgi_legal.py,221,C8107,translation-required,"String parameter on ""UserError"" requires translation. Use self.env._('Este requisito no tiene NC de incumplimiento ligada.')"
addons/quimibond_sgi/models/sgi_legal.py,280,C8107,translation-required,"String parameter on ""UserError"" requires translation. Use self.env._('Indica la fecha de la próxima evaluación.')"
addons/quimibond_sgi/models/sgi_legal.py,252,C8113,no-wizard-in-models,No wizard class for model directory. See the complete structure https://github.com/OCA/odoo-community.org/blob/master/website/Contribution/CONTRIBUTING.rst#complete-structure
addons/quimibond_sgi/models/sgi_structure.py,69,C8107,translation-required,"String parameter on ""UserError"" requires translation. Use self.env._('No está configurada la categoría de cambio documental del SGI.')"
addons/quimibond_sgi/models/sgi_structure.py,126,C8107,translation-required,"String parameter on ""UserError"" requires translation. Use self.env._('Esta actividad no tiene instructivo ligado.')"
addons/quimibond_sgi/models/sgi_indicator_detail.py,320,W8110,missing-return,Missing `return` (`super` is used) in method _compute_semaphore.
addons/quimibond_sgi/models/sgi_indicator_detail.py,330,C8107,translation-required,"String parameter on ""UserError"" requires translation. Use self.env._('Esta medición no guardó registros. Recalcúlala con el modo actual o usa «Ver evidencia».')"
addons/quimibond_sgi/models/sgi_indicator_detail.py,333,C8107,translation-required,"String parameter on ""UserError"" requires translation. Use self.env._('El modelo %s ya no existe.')"
addons/quimibond_sgi/models/sgi_indicator_detail.py,350,C8107,translation-required,"String parameter on ""UserError"" requires translation. Use self.env._('La medición de %s ya está validada (es evidencia): pide al Jefe MAST regresarla a pendiente antes de recalcular.')"
addons/quimibond_sgi/models/sgi_indicator_detail.py,355,C8107,translation-required,"String parameter on ""UserError"" requires translation. Use self.env._('El indicador %s es de captura manual: no hay nada que recalcular.')"
addons/quimibond_sgi/models/sgi_indicator_detail.py,363,C8107,translation-required,"String parameter on ""message_post"" requires translation. Use body=self.env._('Medición de %s recalculada con el modo «%s» — %s.')"
addons/quimibond_sgi/models/sgi_load_wizard.py,55,C8107,translation-required,"String parameter on ""UserError"" requires translation. Use self.env._('Pega el JSON o sube el archivo.')"
addons/quimibond_sgi/models/sgi_load_wizard.py,59,C8107,translation-required,"String parameter on ""UserError"" requires translation. Use self.env._('El JSON no es válido: %s')"
addons/quimibond_sgi/models/sgi_load_wizard.py,22,C8113,no-wizard-in-models,No wizard class for model directory. See the complete structure https://github.com/OCA/odoo-community.org/blob/master/website/Contribution/CONTRIBUTING.rst#complete-structure
addons/quimibond_sgi/models/sgi_load_wizard.py,103,C8113,no-wizard-in-models,No wizard class for model directory. See the complete structure https://github.com/OCA/odoo-community.org/blob/master/website/Contribution/CONTRIBUTING.rst#complete-structure
addons/quimibond_sgi/models/sgi_business_line.py,308,C8107,translation-required,"String parameter on ""ValidationError"" requires translation. Use self.env._('No se puede desglosar %s: %s')"
addons/quimibond_sgi/models/sgi_business_line.py,473,C8107,translation-required,"String parameter on ""UserError"" requires translation. Use self.env._('Este renglón no tiene registros de detalle.')"
addons/quimibond_sgi/models/sgi_direction_board.py,98,W8163,no-search-all,"Using an empty domain `search([])` without a `limit` will load all records, may impact performance."
addons/quimibond_sgi/models/sgi_direction_board.py,54,C8113,no-wizard-in-models,No wizard class for model directory. See the complete structure https://github.com/OCA/odoo-community.org/blob/master/website/Contribution/CONTRIBUTING.rst#complete-structure
addons/quimibond_sgi/models/sgi_doc_change_sign.py,117,C8107,translation-required,"String parameter on ""UserError"" requires translation. Use self.env._('No se puede mandar a firmar «%s»:\n%s')"
addons/quimibond_sgi/models/sgi_doc_change_sign.py,136,C8107,translation-required,"String parameter on ""UserError"" requires translation. Use self.env._('No se puede enviar el cambio «%s»:\n%s')"
addons/quimibond_sgi/models/sgi_doc_change_sign.py,190,W8164,super-method-mismatch,`super()._sgi_change_attachment` mismatch but defined method is `_sgi_send_to_sign`
addons/quimibond_sgi/models/sgi_doc_change_sign.py,228,C8107,translation-required,"String parameter on ""UserError"" requires translation. Use self.env._('Solo se manda a firmar una solicitud enviada y sin resolver.')"
addons/quimibond_sgi/models/sgi_doc_change_sign.py,230,C8107,translation-required,"String parameter on ""UserError"" requires translation. Use self.env._('La solicitud %s ya tiene una firma en curso.')"
addons/quimibond_sgi/models/sgi_doc_change_sign.py,242,C8107,translation-required,"String parameter on ""UserError"" requires translation. Use self.env._('El cambio documental %s se aprueba firmando en Sign (elaboró → revisó → aprobó), no con el botón Aprobar. Revisa tu correo o la ap"
addons/quimibond_sgi/models/sgi_doc_change_sign.py,290,C8107,translation-required,"String parameter on ""message_post"" requires translation. Use body=self.env._('Cambio documental %s firmado en Sign (elaboró, revisó y aprobó).')"
addons/quimibond_sgi/models/sgi_checklist.py,96,W8163,no-search-all,"Using an empty domain `search([])` without a `limit` will load all records, may impact performance."
addons/quimibond_sgi/models/sgi_checklist.py,170,C8107,translation-required,"String parameter on ""UserError"" requires translation. Use self.env._('No hay fallas sin correctivo en esta hoja.')"
addons/quimibond_sgi/models/sgi_checklist.py,202,C8107,translation-required,"String parameter on ""UserError"" requires translation. Use self.env._('Esta hoja ya la firmó %s.')"
addons/quimibond_sgi/models/sgi_checklist.py,205,C8107,translation-required,"String parameter on ""UserError"" requires translation. Use self.env._('Faltan %d punto(s) por marcar: %s.')"
addons/quimibond_sgi/models/sgi_checklist.py,209,C8107,translation-required,"String parameter on ""UserError"" requires translation. Use self.env._('%s no está en la lista de quién llena este checklist.')"
addons/quimibond_sgi/models/sgi_checklist.py,213,C8107,translation-required,"String parameter on ""UserError"" requires translation. Use self.env._('PIN incorrecto para %s.')"
addons/quimibond_sgi/models/sgi_checklist.py,216,C8107,translation-required,"String parameter on ""message_post"" requires translation. Use body=self.env._('Checklist llenado por %s%s.')"
addons/quimibond_sgi/models/sgi_checklist.py,183,C8113,no-wizard-in-models,No wizard class for model directory. See the complete structure https://github.com/OCA/odoo-community.org/blob/master/website/Contribution/CONTRIBUTING.rst#complete-structure
addons/quimibond_sgi/models/sgi_my_procedure.py,443,C8107,translation-required,"String parameter on ""UserError"" requires translation. Use self.env._('Solo el Jefe MAST publica «Mi procedimiento».')"
addons/quimibond_sgi/models/sgi_my_procedure.py,539,W8163,no-search-all,"Using an empty domain `search([])` without a `limit` will load all records, may impact performance."
addons/quimibond_sgi/models/sgi_my_procedure.py,552,C8107,translation-required,"String parameter on ""UserError"" requires translation. Use self.env._('Solo el Jefe MAST publica «Mi procedimiento».')"
addons/quimibond_sgi/models/sgi_my_procedure.py,589,W8163,no-search-all,"Using an empty domain `search([])` without a `limit` will load all records, may impact performance."
addons/quimibond_sgi/models/sgi_my_procedure.py,617,C8107,translation-required,"String parameter on ""UserError"" requires translation. Use self.env._('Este puesto aún no tiene publicado «Mi procedimiento».')"
addons/quimibond_sgi/models/sgi_my_procedure.py,670,C8107,translation-required,"String parameter on ""UserError"" requires translation. Use self.env._('%s no tiene puesto asignado. Pide a RH que lo capture en la ficha del empleado.')"
addons/quimibond_sgi/models/sgi_incident.py,182,C8107,translation-required,"String parameter on ""UserError"" requires translation. Use self.env._('No se puede cerrar el incidente %s:\n%s')"
addons/quimibond_sgi/models/sgi_sales_budget_import.py,74,C8107,translation-required,"String parameter on ""UserError"" requires translation. Use self.env._('openpyxl no está disponible en este servidor.')"
addons/quimibond_sgi/models/sgi_sales_budget_import.py,80,C8107,translation-required,"String parameter on ""UserError"" requires translation. Use self.env._('No se pudo abrir el Excel: %s')"
addons/quimibond_sgi/models/sgi_sales_budget_import.py,96,C8107,translation-required,"String parameter on ""UserError"" requires translation. Use self.env._(""No se encontró la fila de encabezados (debe haber una celda 'PRODUCTO'). Revisa la hoja seleccionada."")"
addons/quimibond_sgi/models/sgi_sales_budget_import.py,122,C8107,translation-required,"String parameter on ""UserError"" requires translation. Use self.env._(""No se reconoció ninguna columna de mes (pares '<mes> m' / '<mes> $'). Revisa los encabezados."")"
addons/quimibond_sgi/models/sgi_sales_budget_import.py,222,C8107,translation-required,"String parameter on ""UserError"" requires translation. Use self.env._(""No se encontró la fila de semanas (debe haber una celda 'SEMANA'). ¿Es la hoja del forecast (F-P-A28-13)?"")"
addons/quimibond_sgi/models/sgi_sales_budget_import.py,231,C8107,translation-required,"String parameter on ""UserError"" requires translation. Use self.env._(""No se reconocieron columnas de semana (números 1–52 en la fila 'SEMANA')."")"
addons/quimibond_sgi/models/sgi_sales_budget_import.py,258,C8107,translation-required,"String parameter on ""UserError"" requires translation. Use self.env._('Solo se importa sobre un presupuesto en borrador.')"
addons/quimibond_sgi/models/sgi_sales_budget_import.py,263,C8107,translation-required,"String parameter on ""UserError"" requires translation. Use self.env._(""La hoja '%s' no existe en el archivo."")"
addons/quimibond_sgi/models/sgi_sales_budget_import.py,37,C8113,no-wizard-in-models,No wizard class for model directory. See the complete structure https://github.com/OCA/odoo-community.org/blob/master/website/Contribution/CONTRIBUTING.rst#complete-structure
addons/quimibond_sgi/models/sgi_base.py,34,W8113,attribute-string-redundant,The attribute string is redundant. String parameter equal to name of variable
addons/quimibond_sgi/models/sgi_base.py,102,C8107,translation-required,"String parameter on ""UserError"" requires translation. Use self.env._('Este registro del SGI está cerrado y es evidencia: no puede modificarse ni reabrirse. Pide al Jefe de MAST reabrirlo (cambiar su e"
addons/quimibond_sgi/models/sgi_base.py,121,E8140,no-raise-unlink,No exceptions should be raised inside unlink() functions
addons/quimibond_sgi/models/sgi_base.py,121,C8107,translation-required,"String parameter on ""UserError"" requires translation. Use self.env._('Este registro del SGI está cerrado y es evidencia: no puede borrarse. Pide al Jefe de MAST reabrirlo si hay un error real.\n\nRegi"
addons/quimibond_sgi/models/sgi_indicator.py,664,W8163,no-search-all,"Using an empty domain `search([])` without a `limit` will load all records, may impact performance."
addons/quimibond_sgi/models/sgi_indicator.py,1154,C8107,translation-required,"String parameter on ""UserError"" requires translation. Use self.env._('Este indicador es de captura manual: la evidencia la aporta el responsable (%s). Cuando se automatice, aquí verás los registros.')"
addons/quimibond_sgi/models/sgi_indicator.py,1291,W8163,no-search-all,"Using an empty domain `search([])` without a `limit` will load all records, may impact performance."
addons/quimibond_sgi/models/sgi_indicator.py,1339,C8107,translation-required,"String parameter on ""UserError"" requires translation. Use self.env._('Este modo de cálculo aún no tiene vista de evidencia.')"
addons/quimibond_sgi/models/sgi_indicator.py,1369,C8107,translation-required,"String parameter on ""UserError"" requires translation. Use self.env._('La medición validada de %s es evidencia del SGI y no puede modificarse ni regresarse a borrador. Pide al Jefe de MAST reabrirla si"
addons/quimibond_sgi/models/sgi_indicator.py,1395,C8107,translation-required,"String parameter on ""UserError"" requires translation. Use self.env._('Solo el responsable del indicador %s o el Jefe MAST y SGI puede validar su medición.')"
addons/quimibond_sgi/models/sgi_indicator_trajectory.py,57,C8107,translation-required,"String parameter on ""ValidationError"" requires translation. Use self.env._('El escalón empieza el primer día de un trimestre.')"
addons/quimibond_sgi/models/sgi_indicator_trajectory.py,65,C8107,translation-required,"String parameter on ""UserError"" requires translation. Use self.env._('Para corregir el escalón %s hay que escribir el motivo.')"
addons/quimibond_sgi/models/sgi_indicator_trajectory.py,100,C8107,translation-required,"String parameter on ""ValidationError"" requires translation. Use self.env._('%s: el mínimo del rango debe ser menor que el máximo.')"
addons/quimibond_sgi/models/sgi_indicator_trajectory.py,102,C8107,translation-required,"String parameter on ""ValidationError"" requires translation. Use self.env._('%s: la tolerancia no puede ser negativa.')"
addons/quimibond_sgi/models/sgi_indicator_trajectory.py,167,C8107,translation-required,"String parameter on ""UserError"" requires translation. Use self.env._('La trayectoria no aplica al sentido «dentro de un rango».')"
addons/quimibond_sgi/models/sgi_indicator_trajectory.py,169,C8107,translation-required,"String parameter on ""UserError"" requires translation. Use self.env._('%s: capture «Arranque desde» y «Llegar a la meta el».')"
addons/quimibond_sgi/models/sgi_indicator_trajectory.py,171,C8107,translation-required,"String parameter on ""UserError"" requires translation. Use self.env._('%s: la fecha de la meta debe ser posterior al arranque.')"
addons/quimibond_sgi/models/sgi_indicator_trajectory.py,194,C8107,translation-required,"String parameter on ""message_post"" requires translation. Use body=self.env._('Trayectoria generada: %d escalones trimestrales de %s (%s) a %s (%s); %d corregidos a mano se conservan.')"
addons/quimibond_sgi/models/sgi_control_plan.py,116,C8107,translation-required,"String parameter on ""UserError"" requires translation. Use self.env._('El plan de control %s no puede pasar a Vigente sin al menos un punto de control.')"
addons/quimibond_sgi/models/sgi_control_plan.py,185,C8107,translation-required,"String parameter on ""UserError"" requires translation. Use self.env._('El lote %s no tiene inspecciones de calidad ligadas a puntos marcados para el Certificado de Calidad. Capture los quality.check co"
addons/quimibond_sgi/models/sgi_control_plan.py,205,C8107,translation-required,"String parameter on ""UserError"" requires translation. Use self.env._('El lote %s no tiene inspecciones para el Certificado de Calidad.')"
addons/quimibond_sgi/models/sgi_control_plan.py,209,C8107,translation-required,"String parameter on ""UserError"" requires translation. Use self.env._('El lote %s no está en ninguna entrega; no hay dónde publicar el CoA.')"
addons/quimibond_sgi/models/sgi_control_plan.py,223,C8107,translation-required,"String parameter on ""message_post"" requires translation. Use body=self.env._('Certificado de Calidad (CoA) del lote %s publicado para el cliente.')"
addons/quimibond_sgi/models/sgi_norm_compliance.py,79,W8163,no-search-all,"Using an empty domain `search([])` without a `limit` will load all records, may impact performance."
addons/quimibond_sgi/models/sgi_norm_compliance.py,141,W8163,no-search-all,"Using an empty domain `search([])` without a `limit` will load all records, may impact performance."
addons/quimibond_sgi/models/sgi_norm_compliance.py,185,W8110,missing-return,Missing `return` (`super` is used) in method _compute_question.
addons/quimibond_sgi/models/sgi_risk.py,179,C8107,translation-required,"String parameter on ""ValidationError"" requires translation. Use self.env._('En IPER la probabilidad y la consecuencia van de 1 a 3.')"
addons/quimibond_sgi/models/sgi_risk.py,186,C8107,translation-required,"String parameter on ""ValidationError"" requires translation. Use self.env._('Un registro FODA requiere su tipo (F/O/D/A).')"
addons/quimibond_sgi/models/sgi_risk.py,240,C8107,translation-required,"String parameter on ""UserError"" requires translation. Use self.env._('Captura probabilidad e impacto antes de registrar la evaluación.')"
addons/quimibond_sgi/models/sgi_risk.py,243,C8107,translation-required,"String parameter on ""message_post"" requires translation. Use body=self.env._('Evaluación registrada: %s × %s = %d (%s). Siguiente: %s.')"
addons/quimibond_sgi/models/sgi_risk.py,302,C8107,translation-required,"String parameter on ""UserError"" requires translation. Use self.env._('No se puede controlar/cerrar el riesgo de atención %s %s:\n%s')"
addons/quimibond_sgi/models/sgi_approval_native.py,148,C8107,translation-required,"String parameter on ""ValidationError"" requires translation. Use self.env._('El valor de la condición de «%s» debe ser un número (ej. 50000).')"
addons/quimibond_sgi/models/sgi_approval_native.py,161,C8107,translation-required,"String parameter on ""ValidationError"" requires translation. Use self.env._('El campo de la condición debe ser del documento que se aprueba.')"
addons/quimibond_sgi/models/sgi_approval_native.py,170,W8163,no-search-all,"Using an empty domain `search([])` without a `limit` will load all records, may impact performance."
addons/quimibond_sgi/models/sgi_approval_native.py,173,W8163,no-search-all,"Using an empty domain `search([])` without a `limit` will load all records, may impact performance."
addons/quimibond_sgi/models/sgi_approval_native.py,321,C8107,translation-required,"String parameter on ""UserError"" requires translation. Use self.env._('El botón «%s» de «%s» ya tiene otra regla de aprobación (%s): el documento pediría dos aprobaciones. Usa «Adoptar regla» para que "
addons/quimibond_sgi/models/sgi_approval_native.py,328,C8107,translation-required,"String parameter on ""UserError"" requires translation. Use self.env._('«%s» no tiene el botón «%s»: revisa el documento y el botón que se aprueba (%s).')"
addons/quimibond_sgi/models/sgi_approval_native.py,354,C8107,translation-required,"String parameter on ""UserError"" requires translation. Use self.env._('No hay otra regla en este botón.')"
addons/quimibond_sgi/models/sgi_approval_native.py,364,C8107,translation-required,"String parameter on ""UserError"" requires translation. Use self.env._('Aún no hay regla: pulsa «Sincronizar».')"
addons/quimibond_sgi/models/sgi_load.py,221,C8107,translation-required,"String parameter on ""AccessError"" requires translation. Use self.env._('Solo un Administrador SGI puede cargar el catálogo.')"
addons/quimibond_sgi/models/sgi_load.py,226,C8107,translation-required,"String parameter on ""UserError"" requires translation. Use self.env._('El payload no es JSON válido: %s')"
addons/quimibond_sgi/models/sgi_load.py,228,C8107,translation-required,"String parameter on ""UserError"" requires translation. Use self.env._('El payload debe ser un objeto JSON.')"
addons/quimibond_sgi/models/sgi_load.py,235,C8107,translation-required,"String parameter on ""UserError"" requires translation. Use self.env._('Empresa %s no válida para este usuario.')"
addons/quimibond_sgi/models/sgi_load.py,251,W8138,except-pass,pass into block except. If you really need to use the pass consider logging that exception
addons/quimibond_sgi/models/sgi_load.py,383,C8107,translation-required,"String parameter on ""ValidationError"" requires translation. Use self.env._('El empleado %s no existe.')"
addons/quimibond_sgi/models/sgi_load.py,390,C8107,translation-required,"String parameter on ""ValidationError"" requires translation. Use self.env._('Dueño: %s')"
addons/quimibond_sgi/models/sgi_load.py,408,C8107,translation-required,"String parameter on ""ValidationError"" requires translation. Use self.env._('Hay actividades del proceso %s pero el proceso no existe ni viene en «processes».')"
addons/quimibond_sgi/models/sgi_load.py,415,C8107,translation-required,"String parameter on ""ValidationError"" requires translation. Use self.env._('«%s» del proceso ya no es texto: sale de lo que reciben y entregan sus actividades.')"
addons/quimibond_sgi/models/sgi_load.py,427,C8107,translation-required,"String parameter on ""ValidationError"" requires translation. Use self.env._('Tipo de proceso «%s» desconocido (estratégico, cadena de valor, soporte).')"
addons/quimibond_sgi/models/sgi_load.py,438,C8107,translation-required,"String parameter on ""ValidationError"" requires translation. Use self.env._('Macroproceso %s no existe.')"
addons/quimibond_sgi/models/sgi_load.py,444,C8107,translation-required,"String parameter on ""ValidationError"" requires translation. Use self.env._('«state» va en borrador o piloto; para vigente usa «publish»: true.')"
addons/quimibond_sgi/models/sgi_load.py,468,C8107,translation-required,"String parameter on ""ValidationError"" requires translation. Use self.env._('El proceso nuevo %s necesita «name».')"
addons/quimibond_sgi/models/sgi_load.py,506,C8107,translation-required,"String parameter on ""ValidationError"" requires translation. Use self.env._('%s: el entregable «%s» no existe (decláralo en «deliverables»).')"
addons/quimibond_sgi/models/sgi_load.py,525,C8107,translation-required,"String parameter on ""ValidationError"" requires translation. Use self.env._('Recibe %s: «days» debe ser un entero de días hábiles (0 = sin plazo).')"
addons/quimibond_sgi/models/sgi_load.py,529,C8107,translation-required,"String parameter on ""ValidationError"" requires translation. Use self.env._('Recibe %s: «offset_days» debe ser un entero de días hábiles (negativo = antes).')"
addons/quimibond_sgi/models/sgi_load.py,533,C8107,translation-required,"String parameter on ""ValidationError"" requires translation. Use self.env._('Recibe %s dos veces.')"
addons/quimibond_sgi/models/sgi_load.py,566,C8107,translation-required,"String parameter on ""ValidationError"" requires translation. Use self.env._('«%s» inválido: %s (válidos: %s).')"
addons/quimibond_sgi/models/sgi_load.py,572,C8107,translation-required,"String parameter on ""ValidationError"" requires translation. Use self.env._('Cadencia «%s» inválida (válidas: %s).')"
addons/quimibond_sgi/models/sgi_load.py,582,C8107,translation-required,"String parameter on ""ValidationError"" requires translation. Use self.env._('Automatización «%s» inválida: %s (válidos: %s).')"
addons/quimibond_sgi/models/sgi_load.py,619,C8107,translation-required,"String parameter on ""ValidationError"" requires translation. Use self.env._('Método de medición «%s» inválido (%s).')"
addons/quimibond_sgi/models/sgi_load.py,625,C8107,translation-required,"String parameter on ""ValidationError"" requires translation. Use self.env._('Muestreo sin «sample_cadence» (semanal o mensual).')"
addons/quimibond_sgi/models/sgi_load.py,636,C8107,translation-required,"String parameter on ""ValidationError"" requires translation. Use self.env._('«Por su entregable» no lleva «evidence»: el modelo, el filtro y la fecha son los del entregable.')"
addons/quimibond_sgi/models/sgi_load.py,658,C8107,translation-required,"String parameter on ""ValidationError"" requires translation. Use self.env._('Evidencia: el modelo «%s» no existe.')"
addons/quimibond_sgi/models/sgi_load.py,667,C8107,translation-required,"String parameter on ""ValidationError"" requires translation. Use self.env._('Evidencia: dominio inválido para %s: %s')"
addons/quimibond_sgi/models/sgi_load.py,672,C8107,translation-required,"String parameter on ""ValidationError"" requires translation. Use self.env._('Evidencia: %s no tiene el campo «%s».')"
addons/quimibond_sgi/models/sgi_load.py,676,C8107,translation-required,"String parameter on ""ValidationError"" requires translation. Use self.env._('Evidencia: «%s» de %s no es un campo de usuario (res.users) almacenado.')"
addons/quimibond_sgi/models/sgi_load.py,696,C8107,translation-required,"String parameter on ""ValidationError"" requires translation. Use self.env._('Entregable sin «code».')"
addons/quimibond_sgi/models/sgi_load.py,713,C8107,translation-required,"String parameter on ""ValidationError"" requires translation. Use self.env._('Modelo %s no existe.')"
addons/quimibond_sgi/models/sgi_load.py,733,C8107,translation-required,"String parameter on ""ValidationError"" requires translation. Use self.env._('El entregable nuevo %s necesita «name».')"
addons/quimibond_sgi/models/sgi_load.py,749,C8107,translation-required,"String parameter on ""ValidationError"" requires translation. Use self.env._('Familia sin «code».')"
addons/quimibond_sgi/models/sgi_load.py,758,C8107,translation-required,"String parameter on ""ValidationError"" requires translation. Use self.env._('Puestos inexistentes: %s.')"
addons/quimibond_sgi/models/sgi_load.py,761,C8107,translation-required,"String parameter on ""ValidationError"" requires translation. Use self.env._('Puestos de otra empresa: %s.')"
addons/quimibond_sgi/models/sgi_load.py,774,C8107,translation-required,"String parameter on ""ValidationError"" requires translation. Use self.env._('La familia nueva %s necesita «name».')"
addons/quimibond_sgi/models/sgi_load.py,788,C8107,translation-required,"String parameter on ""ValidationError"" requires translation. Use self.env._('No existe la familia de puestos «%s» en %s.')"
addons/quimibond_sgi/models/sgi_load.py,800,C8107,translation-required,"String parameter on ""ValidationError"" requires translation. Use self.env._('%s no tiene empleados activos ni vacante aprobada vigente.')"
addons/quimibond_sgi/models/sgi_load.py,807,C8107,translation-required,"String parameter on ""ValidationError"" requires translation. Use self.env._('Rol %s: indica exactamente uno de «job», «family» o «relative».')"
addons/quimibond_sgi/models/sgi_load.py,814,C8107,translation-required,"String parameter on ""ValidationError"" requires translation. Use self.env._('Rol %s: %s')"
addons/quimibond_sgi/models/sgi_load.py,824,C8107,translation-required,"String parameter on ""ValidationError"" requires translation. Use self.env._('Rol relativo «%s» inválido (%s).')"
addons/quimibond_sgi/models/sgi_load.py,833,C8107,translation-required,"String parameter on ""ValidationError"" requires translation. Use self.env._('Rol «%s» inválido (ejecuta, aprueba, participa, informa, escala).')"
addons/quimibond_sgi/models/sgi_load.py,893,C8107,translation-required,"String parameter on ""ValidationError"" requires translation. Use self.env._('«Por consecuencia» necesita «proxy» (la actividad que la prueba).')"
addons/quimibond_sgi/models/sgi_load.py,905,C8107,translation-required,"String parameter on ""ValidationError"" requires translation. Use self.env._('«where.channel» es obligatorio y va entre: %s.')"
addons/quimibond_sgi/models/sgi_load.py,912,C8107,translation-required,"String parameter on ""ValidationError"" requires translation. Use self.env._('«where.menu»: el menú %s no existe.')"
addons/quimibond_sgi/models/sgi_load.py,921,C8107,translation-required,"String parameter on ""ValidationError"" requires translation. Use self.env._('«where.location»: la ubicación %s no existe.')"
addons/quimibond_sgi/models/sgi_load.py,929,C8107,translation-required,"String parameter on ""ValidationError"" requires translation. Use self.env._('«where.workcenter»: el centro de trabajo %s no existe.')"
addons/quimibond_sgi/models/sgi_load.py,943,C8107,translation-required,"String parameter on ""ValidationError"" requires translation. Use self.env._('«due.weekday» va de 0 (lunes) a 6 (domingo).')"
addons/quimibond_sgi/models/sgi_load.py,948,C8107,translation-required,"String parameter on ""ValidationError"" requires translation. Use self.env._('«due.business_day» va de 1 a 23.')"
addons/quimibond_sgi/models/sgi_load.py,954,C8107,translation-required,"String parameter on ""ValidationError"" requires translation. Use self.env._('«due.%s» va de %d a %d (y se dan los dos: mes y día).')"
addons/quimibond_sgi/models/sgi_load.py,1007,C8107,translation-required,"String parameter on ""ValidationError"" requires translation. Use self.env._('Actividad «%s» %s.')"
addons/quimibond_sgi/models/sgi_load.py,1040,C8107,translation-required,"String parameter on ""ValidationError"" requires translation. Use self.env._('Proceso %s no existe.')"
addons/quimibond_sgi/models/sgi_load.py,1061,C8107,translation-required,"String parameter on ""ValidationError"" requires translation. Use self.env._('%s no puede sustituirse a sí mismo.')"
addons/quimibond_sgi/models/sgi_load.py,1065,C8107,translation-required,"String parameter on ""ValidationError"" requires translation. Use self.env._('«replaces»: el proceso %s no existe.')"
addons/quimibond_sgi/models/sgi_load.py,1103,C8107,translation-required,"String parameter on ""message_post"" requires translation. Use body=self.env._('Sustituido por %s — %s.')"
addons/quimibond_sgi/models/sgi_load.py,1202,C8107,translation-required,"String parameter on ""ValidationError"" requires translation. Use self.env._('Indicador sin «code».')"
addons/quimibond_sgi/models/sgi_load.py,1213,C8107,translation-required,"String parameter on ""ValidationError"" requires translation. Use self.env._('«direction» va en up o down.')"
addons/quimibond_sgi/models/sgi_load.py,1229,C8107,translation-required,"String parameter on ""ValidationError"" requires translation. Use self.env._('Entregable «%s» no existe.')"
addons/quimibond_sgi/models/sgi_load.py,1232,C8107,translation-required,"String parameter on ""ValidationError"" requires translation. Use self.env._('Indica «responsible» o «responsible_employee_id», no los dos.')"
addons/quimibond_sgi/models/sgi_load.py,1239,C8107,translation-required,"String parameter on ""ValidationError"" requires translation. Use self.env._('El empleado %s no existe.')"
addons/quimibond_sgi/models/sgi_load.py,1241,C8107,translation-required,"String parameter on ""ValidationError"" requires translation. Use self.env._('El empleado %s (%s) no tiene usuario: no puede ser responsable del indicador.')"
addons/quimibond_sgi/models/sgi_load.py,1250,C8107,translation-required,"String parameter on ""ValidationError"" requires translation. Use self.env._('Responsable «%s» no existe (id o login).')"
addons/quimibond_sgi/models/sgi_load.py,1262,C8107,translation-required,"String parameter on ""ValidationError"" requires translation. Use self.env._('El indicador nuevo %s necesita «name».')"
addons/quimibond_sgi/models/sgi_context.py,78,C8107,translation-required,"String parameter on ""message_post"" requires translation. Use body=self.env._('Revisión del contexto registrada: las necesidades y expectativas siguen vigentes (o se actualizaron en esta misma edición)"
addons/quimibond_sgi/models/sgi_diagram.py,154,W8163,no-search-all,"Using an empty domain `search([])` without a `limit` will load all records, may impact performance."
addons/quimibond_sgi/models/sgi_cleanup.py,166,C8107,translation-required,"String parameter on ""message_post"" requires translation. Use body=self.env._('Obsoleto: lo sustituye el proceso %s, que entró en vigor.')"
addons/quimibond_sgi/models/sgi_cleanup.py,322,C8107,translation-required,"String parameter on ""message_post"" requires translation. Use body=self.env._('Limpieza 19.0.45.0.0: se religaron %d documento(s) de los procesos anteriores a este proceso.')"
addons/quimibond_sgi/models/sgi_ppap.py,93,W8163,no-search-all,"Using an empty domain `search([])` without a `limit` will load all records, may impact performance."
addons/quimibond_sgi/models/sgi_ppap.py,123,C8107,translation-required,"String parameter on ""UserError"" requires translation. Use self.env._('No se puede marcar como Enviado el PPAP %s: hay %d elemento(s) A PRESENTAR (S) en estado Pendiente para el nivel %s.\n\nLos elemen"
addons/quimibond_sgi/models/sgi_ppap.py,139,C8107,translation-required,"String parameter on ""UserError"" requires translation. Use self.env._('No se puede aprobar el PPAP %s: el elemento 18 (PSW / Garantía de presentación de la parte) debe estar en Listo o Aprobado.')"
addons/quimibond_sgi/models/sgi_ppap.py,269,E8140,no-raise-unlink,No exceptions should be raised inside unlink() functions
addons/quimibond_sgi/models/sgi_ppap.py,269,C8107,translation-required,"String parameter on ""UserError"" requires translation. Use self.env._('No se puede borrar un elemento de un PPAP aprobado (es evidencia presentada al cliente). Pide al Jefe de MAST reabrirlo.\n\nPPAP: "
addons/quimibond_sgi/models/sgi_management_review.py,99,C8107,translation-required,"String parameter on ""UserError"" requires translation. Use self.env._('Solo se pueden recargar las entradas en borrador.')"
addons/quimibond_sgi/models/sgi_management_review.py,123,W8163,no-search-all,"Using an empty domain `search([])` without a `limit` will load all records, may impact performance."
addons/quimibond_sgi/models/sgi_management_review.py,360,C8107,translation-required,"String parameter on ""UserError"" requires translation. Use self.env._('No se puede marcar como Realizada sin al menos un acuerdo con responsable y fecha límite.')"
addons/quimibond_sgi/models/sgi_management_review.py,366,C8107,translation-required,"String parameter on ""UserError"" requires translation. Use self.env._('Todo acuerdo de la Revisión por la Dirección debe tener responsable y fecha límite (ISO 9.3.3: las salidas son accionables). Compl"
addons/quimibond_sgi/models/sgi_management_review.py,434,W8110,missing-return,Missing `return` (`super` is used) in method _compute_origin_display.
addons/quimibond_sgi/models/sgi_management_review.py,454,C8107,translation-required,"String parameter on ""ValidationError"" requires translation. Use self.env._('Un acuerdo de la Revisión por la Dirección no puede tener otro origen.')"
addons/quimibond_sgi/models/sgi_sign_record.py,122,C8107,translation-required,"String parameter on ""UserError"" requires translation. Use self.env._('El registro ya no existe.')"
addons/quimibond_sgi/models/sgi_sign_record.py,126,C8107,translation-required,"String parameter on ""UserError"" requires translation. Use self.env._('La plantilla debe tener campos de UN solo firmante; esta tiene %d.')"
addons/quimibond_sgi/models/sgi_sign_record.py,135,C8107,translation-required,"String parameter on ""message_post"" requires translation. Use body=self.env._('Solicitud de firma creada: %s (firmante %s).')"
addons/quimibond_sgi/models/sgi_sign_record.py,108,C8113,no-wizard-in-models,No wizard class for model directory. See the complete structure https://github.com/OCA/odoo-community.org/blob/master/website/Contribution/CONTRIBUTING.rst#complete-structure
addons/quimibond_sgi/models/sgi_mp_change.py,135,C8113,no-wizard-in-models,No wizard class for model directory. See the complete structure https://github.com/OCA/odoo-community.org/blob/master/website/Contribution/CONTRIBUTING.rst#complete-structure
addons/quimibond_sgi/models/sgi_mp_change.py,180,C8107,translation-required,"String parameter on ""UserError"" requires translation. Use self.env._('La propuesta «%s» ya se envió y no se puede cambiar; si hace falta, haz otra.')"
addons/quimibond_sgi/models/sgi_mp_change.py,183,C8107,translation-required,"String parameter on ""UserError"" requires translation. Use self.env._('Solo quien hizo la propuesta puede cambiarla.')"
addons/quimibond_sgi/models/sgi_mp_change.py,384,C8107,translation-required,"String parameter on ""UserError"" requires translation. Use self.env._('Esta propuesta ya se envió.')"
addons/quimibond_sgi/models/sgi_mp_change.py,386,C8107,translation-required,"String parameter on ""UserError"" requires translation. Use self.env._('Escribe por qué propones el cambio.')"
addons/quimibond_sgi/models/sgi_mp_change.py,388,C8107,translation-required,"String parameter on ""UserError"" requires translation. Use self.env._('Para cambiar o quitar, abre la propuesta desde la tarjeta de la actividad.')"
addons/quimibond_sgi/models/sgi_mp_change.py,391,C8107,translation-required,"String parameter on ""UserError"" requires translation. Use self.env._('Elige el proceso donde va la actividad nueva.')"
addons/quimibond_sgi/models/sgi_mp_change.py,393,C8107,translation-required,"String parameter on ""UserError"" requires translation. Use self.env._('Escribe el resumen de la actividad nueva.')"
addons/quimibond_sgi/models/sgi_mp_change.py,395,C8107,translation-required,"String parameter on ""UserError"" requires translation. Use self.env._('No cambiaste ningún campo de la actividad.')"
addons/quimibond_sgi/models/sgi_mp_change.py,398,C8107,translation-required,"String parameter on ""UserError"" requires translation. Use self.env._('No existe la categoría de Aprobaciones «Proponer cambio a mi procedimiento (SGI)». Pide al Jefe MAST y SGI que la cree.')"
addons/quimibond_sgi/models/sgi_mp_change.py,424,C8107,translation-required,"String parameter on ""message_post"" requires translation. Use body=self.env._('La propuesta quedó en borrador: %s')"
addons/quimibond_sgi/models/sgi_calibration.py,44,C8107,translation-required,"String parameter on ""ValidationError"" requires translation. Use self.env._('El equipo de medición «%s» %s: no puede usarse para dictaminar esta inspección. Calíbrelo o seleccione otro instrumento vige"
addons/quimibond_sgi/models/sgi_calibration.py,157,C8107,translation-required,"String parameter on ""ValidationError"" requires translation. Use self.env._('Una calibración externa requiere el certificado del laboratorio: captura el N° de certificado o adjunta el PDF (equipo %s).'"
addons/quimibond_sgi/models/sgi_document.py,179,C8107,translation-required,"String parameter on ""UserError"" requires translation. Use self.env._('Este formato no tiene ligado su worksheet destino. Selecciónalo en la pestaña de migración (campo «Worksheet destino»).')"
addons/quimibond_sgi/models/sgi_document.py,229,C8107,translation-required,"String parameter on ""UserError"" requires translation. Use self.env._('Este documento no tiene ligado su formulario de Odoo. Selecciona el «Menú de Odoo» (o el worksheet destino) en la ficha.')"
addons/quimibond_sgi/models/sgi_document.py,376,W8164,super-method-mismatch,`super().write` mismatch but defined method is `_sgi_share_controlled`
addons/quimibond_sgi/models/sgi_document.py,404,C8107,translation-required,"String parameter on ""ValidationError"" requires translation. Use self.env._(""La clave SGI '%s' no corresponde a ningún tipo de documento. Elige el tipo o corrige la clave."")"
addons/quimibond_sgi/models/sgi_document.py,408,C8107,translation-required,"String parameter on ""ValidationError"" requires translation. Use self.env._(""La clave SGI '%s' no cumple la nomenclatura del tipo «%s» (%s%s)."")"
addons/quimibond_sgi/models/sgi_document.py,418,C8107,translation-required,"String parameter on ""ValidationError"" requires translation. Use self.env._('Un documento de tipo «%s» debe estar ligado a su proceso (%s).')"
addons/quimibond_sgi/models/sgi_document.py,441,C8107,translation-required,"String parameter on ""ValidationError"" requires translation. Use self.env._('Ya existe el documento %s con la clave %s y la revisión %s. Cada revisión de una clave es única.')"
addons/quimibond_sgi/models/sgi_document.py,457,C8107,translation-required,"String parameter on ""ValidationError"" requires translation. Use self.env._('La clave %s ya la usó %s (%s, %s). Una clave, aunque esté dada de baja, no se reutiliza en otro tipo de documento ni en otro"
addons/quimibond_sgi/models/sgi_document.py,475,C8107,translation-required,"String parameter on ""ValidationError"" requires translation. Use self.env._('La revisión de %s no puede bajar de %02d a %02d.')"
addons/quimibond_sgi/models/sgi_document.py,483,C8107,translation-required,"String parameter on ""ValidationError"" requires translation. Use self.env._('La revisión %02d de %s debe ser mayor que la última registrada para esa clave (%02d).')"
addons/quimibond_sgi/models/sgi_document.py,505,C8107,translation-required,"String parameter on ""UserError"" requires translation. Use self.env._('El procedimiento %s no puede pasar a %s: estas actividades de %s no tienen cómo medirse.\n%s')"
addons/quimibond_sgi/models/sgi_document.py,543,C8107,translation-required,"String parameter on ""ValidationError"" requires translation. Use self.env._(""Ya existe un documento vigente con la clave '%s'."")"
addons/quimibond_sgi/models/sgi_document.py,562,C8107,translation-required,"String parameter on ""message_post"" requires translation. Use body=self.env._('Obsoletado automáticamente: entró en vigor una nueva revisión del documento %s.')"
addons/quimibond_sgi/models/sgi_document.py,612,C8107,translation-required,"String parameter on ""message_post"" requires translation. Use body=self.env._('Documento creado desde la solicitud de alta aprobada <b>%s</b>.')"
addons/quimibond_sgi/models/sgi_document.py,615,C8107,translation-required,"String parameter on ""message_post"" requires translation. Use body=self.env._('Documento del alta creado: <b>%s</b>.')"
addons/quimibond_sgi/models/sgi_document.py,637,C8107,translation-required,"String parameter on ""UserError"" requires translation. Use self.env._(""No se puede poner en vigor más de un documento controlado con la clave '%s' a la vez (%s y %s): solo puede haber un vigente por cl"
addons/quimibond_sgi/models/sgi_document.py,736,C8107,translation-required,"String parameter on ""UserError"" requires translation. Use self.env._('Este documento no tiene archivo ni enlace para abrir. Sube el PDF en «Archivo adjunto» o captura la URL.')"
addons/quimibond_sgi/models/sgi_document.py,747,C8107,translation-required,"String parameter on ""UserError"" requires translation. Use self.env._('La app de Documentos no está disponible.')"
addons/quimibond_sgi/models/sgi_document.py,787,C8107,translation-required,"String parameter on ""UserError"" requires translation. Use self.env._('Solo el propio empleado (o el Jefe de MAST) puede firmar o modificar el acuse de lectura de %s.')"
addons/quimibond_sgi/models/sgi_document.py,806,C8107,translation-required,"String parameter on ""UserError"" requires translation. Use self.env._('Un acuse firmado no se puede pasar a otro empleado ni a otro documento.')"
addons/quimibond_sgi/models/sgi_process_procedure.py,365,C8107,translation-required,"String parameter on ""message_post"" requires translation. Use body=self.env._('⚠ El procedimiento vivo se modificó después de la revisión vigente %s. Queda <b>pendiente de revisión documental</b>: el P"
addons/quimibond_sgi/models/sgi_process_procedure.py,670,C8107,translation-required,"String parameter on ""ValidationError"" requires translation. Use self.env._('La actividad %s es automática: no lleva rol «Ejecuta» (tiene %s).')"
addons/quimibond_sgi/models/sgi_process_procedure.py,675,C8107,translation-required,"String parameter on ""ValidationError"" requires translation. Use self.env._('La actividad %s debe tener exactamente un puesto que la ejecuta (tiene %d). Si nadie la ejecuta porque es automática, márcal"
addons/quimibond_sgi/models/sgi_process_procedure.py,683,C8107,translation-required,"String parameter on ""ValidationError"" requires translation. Use self.env._('La actividad %s tiene %d puestos que aprueban sin condición; solo puede haber uno (los demás deben decir cuándo aplican).')"
addons/quimibond_sgi/models/sgi_process_procedure.py,726,C8107,translation-required,"String parameter on ""ValidationError"" requires translation. Use self.env._('El procedimiento de %s está en piloto o vigente: la actividad %s no puede quedar así (%s).')"
addons/quimibond_sgi/models/sgi_process_procedure.py,746,C8107,translation-required,"String parameter on ""ValidationError"" requires translation. Use self.env._('Ciclo de «se prueba con»: %s termina probándose con ella misma.')"
addons/quimibond_sgi/models/sgi_process_procedure.py,781,C8107,translation-required,"String parameter on ""ValidationError"" requires translation. Use self.env._('La etapa «%s» es de otro proceso.')"
addons/quimibond_sgi/models/sgi_process_procedure.py,834,C8107,translation-required,"String parameter on ""UserError"" requires translation. Use self.env._('Esta actividad no tiene un siguiente paso ligado.')"
addons/quimibond_sgi/models/sgi_process_procedure.py,1084,W8138,except-pass,pass into block except. If you really need to use the pass consider logging that exception
addons/quimibond_sgi/models/sgi_process_procedure.py,1308,C8107,translation-required,"String parameter on ""UserError"" requires translation. Use self.env._('El «Filtro de evidencia» de la actividad %s es inválido para el modelo %s:\n%s\n\nCorrige el dominio en la pestaña de medición (so"
addons/quimibond_sgi/models/sgi_process_procedure.py,1319,C8107,translation-required,"String parameter on ""UserError"" requires translation. Use self.env._('Esta actividad no tiene modelo de medición ligado.')"
addons/quimibond_sgi/models/sgi_process_procedure.py,1357,C8107,translation-required,"String parameter on ""UserError"" requires translation. Use self.env._('Esta actividad no tiene menú de Odoo ni medición ligada.')"
addons/quimibond_sgi/models/sgi_process_procedure.py,1384,C8107,translation-required,"String parameter on ""UserError"" requires translation. Use self.env._('Cambia el numeral o la sección de una actividad a la vez.')"
addons/quimibond_sgi/models/sgi_process_procedure.py,1576,C8107,translation-required,"String parameter on ""ValidationError"" requires translation. Use self.env._('Una actividad no puede encadenarse consigo misma.')"
addons/quimibond_sgi/models/sgi_indicator_formula.py,103,W8113,attribute-string-redundant,The attribute string is redundant. String parameter equal to name of variable
addons/quimibond_sgi/models/sgi_indicator_formula.py,157,C8107,translation-required,"String parameter on ""ValidationError"" requires translation. Use self.env._('El modelo %s no está instalado.')"
addons/quimibond_sgi/models/sgi_indicator_formula.py,162,C8107,translation-required,"String parameter on ""ValidationError"" requires translation. Use self.env._('%s: filtro inválido para %s: %s')"
addons/quimibond_sgi/models/sgi_indicator_formula.py,165,C8107,translation-required,"String parameter on ""ValidationError"" requires translation. Use self.env._('%s: sin campo de fecha la ventana tiene que ser «Acumulado al cierre».')"
addons/quimibond_sgi/models/sgi_indicator_formula.py,169,C8107,translation-required,"String parameter on ""ValidationError"" requires translation. Use self.env._('%s: «%s» no es un campo de fecha de %s.')"
addons/quimibond_sgi/models/sgi_indicator_formula.py,174,C8107,translation-required,"String parameter on ""ValidationError"" requires translation. Use self.env._('%s: «%s» no es un campo numérico de %s.')"
addons/quimibond_sgi/models/sgi_indicator_formula.py,180,C8107,translation-required,"String parameter on ""ValidationError"" requires translation. Use self.env._('%s: «%s» no es un campo de fecha de %s (fechas A y B).')"
addons/quimibond_sgi/models/sgi_indicator_formula.py,183,C8107,translation-required,"String parameter on ""ValidationError"" requires translation. Use self.env._('%s: el promedio de B − A va en días, horas o días hábiles.')"
addons/quimibond_sgi/models/sgi_indicator_formula.py,186,C8107,translation-required,"String parameter on ""ValidationError"" requires translation. Use self.env._('%s: «día N del mes siguiente» necesita N entre 1 y 28.')"
addons/quimibond_sgi/models/sgi_indicator_formula.py,189,C8107,translation-required,"String parameter on ""ValidationError"" requires translation. Use self.env._('%s: el factor no puede ser cero.')"
addons/quimibond_sgi/models/sgi_indicator_formula.py,461,C8107,translation-required,"String parameter on ""message_post"" requires translation. Use body=self.env._('Recalculado bajo demanda el periodo %s con el modo «%s»: %s.')"
addons/quimibond_sgi/models/sgi_activity_spec.py,224,C8107,translation-required,"String parameter on ""ValidationError"" requires translation. Use self.env._('El día hábil de vencimiento va de 1 a 23.')"
addons/quimibond_sgi/models/sgi_activity_spec.py,230,C8107,translation-required,"String parameter on ""ValidationError"" requires translation. Use self.env._('El día de vencimiento va de 1 a 31.')"
addons/quimibond_sgi/models/sgi_activity_spec.py,498,C8107,translation-required,"String parameter on ""ValidationError"" requires translation. Use self.env._('«Vence según el campo» de %s necesita que el entregable «%s» tenga modelo de Odoo.')"
addons/quimibond_sgi/models/sgi_activity_spec.py,504,C8107,translation-required,"String parameter on ""ValidationError"" requires translation. Use self.env._('«Vence según el campo» de %s: «%s» no es un campo de fecha de %s.')"
addons/quimibond_sgi/models/sgi_activity_spec.py,538,C8107,translation-required,"String parameter on ""ValidationError"" requires translation. Use self.env._('«Aplica cuando» de %s es inválido: %s')"
addons/quimibond_sgi/models/sgi_activity_spec.py,586,C8107,translation-required,"String parameter on ""ValidationError"" requires translation. Use self.env._('«Está completo» de %s es inválido: %s')"
addons/quimibond_sgi/models/sgi_activity_spec.py,668,C8107,translation-required,"String parameter on ""UserError"" requires translation. Use self.env._('No se puede publicar %s: faltan %d cosa(s).\n\n%s')"
addons/quimibond_sgi/models/sgi_activity_spec.py,827,W8163,no-search-all,"Using an empty domain `search([])` without a `limit` will load all records, may impact performance."
addons/quimibond_sgi/models/sgi_diagram_iso.py,248,W8163,no-search-all,"Using an empty domain `search([])` without a `limit` will load all records, may impact performance."
addons/quimibond_sgi/models/sgi_diagram_iso.py,354,W8163,no-search-all,"Using an empty domain `search([])` without a `limit` will load all records, may impact performance."
addons/quimibond_sgi/models/sgi_diagram_iso.py,459,W8163,no-search-all,"Using an empty domain `search([])` without a `limit` will load all records, may impact performance."
addons/quimibond_sgi/models/sgi_diagram_iso.py,481,W8163,no-search-all,"Using an empty domain `search([])` without a `limit` will load all records, may impact performance."
addons/quimibond_sgi/models/sgi_improvement.py,45,C8107,translation-required,"String parameter on ""UserError"" requires translation. Use self.env._(""No se puede cerrar la mejora '%s':\n%s"")"
addons/quimibond_sgi/models/sgi_emergency.py,85,C8107,translation-required,"String parameter on ""UserError"" requires translation. Use self.env._('El plan de emergencia %s no puede pasar a Vigente sin responsable de brigada.')"
addons/quimibond_sgi/models/sgi_emergency.py,171,C8107,translation-required,"String parameter on ""UserError"" requires translation. Use self.env._('No se puede marcar realizado el simulacro %s:\n%s')"
addons/quimibond_sgi/models/sgi_epp.py,68,C8107,translation-required,"String parameter on ""UserError"" requires translation. Use self.env._('Solo el propio empleado (o el Jefe de MAST) puede firmar la responsiva de EPP de %s.')"
addons/quimibond_sgi/models/sgi_epp.py,91,C8107,translation-required,"String parameter on ""UserError"" requires translation. Use self.env._('Una responsiva firmada no se modifica: haz una entrega nueva.')"
addons/quimibond_sgi/models/sgi_epp.py,100,C8107,translation-required,"String parameter on ""message_post"" requires translation. Use body=self.env._('Responsiva firmada por %s: recibí el EPP y me comprometo a usarlo.')"
addons/quimibond_sgi/models/sgi_coa.py,72,C8107,translation-required,"String parameter on ""UserError"" requires translation. Use self.env._('Solo SGI o Calidad pueden cambiar el requisito de COA de un cliente.')"
addons/quimibond_sgi/models/sgi_coa.py,204,C8107,translation-required,"String parameter on ""UserError"" requires translation. Use self.env._('Estas salidas requieren COA y no lo tienen adjunto: %s.\nAdjunta el certificado (botón «Adjuntar COA») o pide al Jefe de Calidad q"
addons/quimibond_sgi/models/sgi_coa.py,266,C8107,translation-required,"String parameter on ""UserError"" requires translation. Use self.env._('Adjunta al menos un PDF del COA.')"
addons/quimibond_sgi/models/sgi_coa.py,268,C8107,translation-required,"String parameter on ""UserError"" requires translation. Use self.env._('Para enviarlo al cliente, indica al menos un destinatario.')"
addons/quimibond_sgi/models/sgi_coa.py,276,C8107,translation-required,"String parameter on ""UserError"" requires translation. Use self.env._('Adjunta los PDF del COA desde este asistente (%s no se puede usar).')"
addons/quimibond_sgi/models/sgi_coa.py,283,C8107,translation-required,"String parameter on ""message_post"" requires translation. Use body=self.env._('COA adjunto (no enviado al cliente).')"
addons/quimibond_sgi/models/sgi_coa.py,242,C8113,no-wizard-in-models,No wizard class for model directory. See the complete structure https://github.com/OCA/odoo-community.org/blob/master/website/Contribution/CONTRIBUTING.rst#complete-structure
addons/quimibond_sgi/models/sgi_coa.py,299,C8107,translation-required,"String parameter on ""UserError"" requires translation. Use self.env._('Escribe el motivo de la excepción.')"
addons/quimibond_sgi/models/sgi_coa.py,301,C8107,translation-required,"String parameter on ""UserError"" requires translation. Use self.env._('Solo el Jefe de Calidad puede validar una salida sin COA.')"
addons/quimibond_sgi/models/sgi_coa.py,303,C8107,translation-required,"String parameter on ""message_post"" requires translation. Use body=self.env._('Validada sin COA por %s. Motivo: %s')"
addons/quimibond_sgi/models/sgi_coa.py,289,C8113,no-wizard-in-models,No wizard class for model directory. See the complete structure https://github.com/OCA/odoo-community.org/blob/master/website/Contribution/CONTRIBUTING.rst#complete-structure
addons/quimibond_sgi/models/sgi_coa.py,390,C8107,translation-required,"String parameter on ""message_post"" requires translation. Use body=self.env._('COA recibido por correo: %s')"
addons/quimibond_sgi/models/sgi_coa.py,402,C8107,translation-required,"String parameter on ""UserError"" requires translation. Use self.env._('Elige la salida a la que pertenece el COA.')"
addons/quimibond_sgi/models/sgi_coa.py,407,C8107,translation-required,"String parameter on ""UserError"" requires translation. Use self.env._('El correo no trae PDF que ligar.')"
addons/quimibond_sgi/models/sgi_coa.py,413,C8107,translation-required,"String parameter on ""message_post"" requires translation. Use body=self.env._('COA ligado a mano desde el buzón por %s.')"
addons/quimibond_sgi/models/sgi_catalog.py,108,C8107,translation-required,"String parameter on ""ValidationError"" requires translation. Use self.env._('El puesto %s ya pertenece a la familia %s; un puesto solo puede estar en una familia por empresa.')"
addons/quimibond_sgi/models/sgi_catalog.py,177,C8107,translation-required,"String parameter on ""ValidationError"" requires translation. Use self.env._('Cada rol se asigna a exactamente una cosa: un puesto, una familia o un rol relativo, según «Asignado a» (%s).')"
addons/quimibond_sgi/models/sgi_catalog.py,188,C8107,translation-required,"String parameter on ""ValidationError"" requires translation. Use self.env._('«%s» tiene condición («%s»). La condición solo va en quien aprueba o se entera; si según el caso lo hace otro puesto, parte "
addons/quimibond_sgi/models/sgi_catalog.py,197,C8107,translation-required,"String parameter on ""ValidationError"" requires translation. Use self.env._('«%s» escala: indica a los cuántos días hábiles (after_days).')"
addons/quimibond_sgi/models/sgi_catalog.py,201,C8107,translation-required,"String parameter on ""ValidationError"" requires translation. Use self.env._('«%s»: los días de escalamiento solo van en el rol «Escala».')"
addons/quimibond_sgi/models/sgi_catalog.py,490,C8107,translation-required,"String parameter on ""UserError"" requires translation. Use self.env._('Solo un Administrador SGI puede fusionar puestos.')"
addons/quimibond_sgi/models/sgi_catalog.py,544,C8107,translation-required,"String parameter on ""message_post"" requires translation. Use body=self.env._('Puesto duplicado fusionado en «%s» (id %d) por el SGI; sus referencias se movieron allá.')"
addons/quimibond_sgi/models/sgi_catalog.py,612,C8107,translation-required,"String parameter on ""ValidationError"" requires translation. Use self.env._('La expresión de claves heredadas de «%s» no es válida: %s')"
addons/quimibond_sgi/models/sgi_catalog.py,623,C8107,translation-required,"String parameter on ""ValidationError"" requires translation. Use self.env._('El patrón de clave «%s» no es válido (%s). Usa solo {process} y {seq} / {seq:02d}.')"
addons/quimibond_sgi/models/sgi_catalog.py,690,C8107,translation-required,"String parameter on ""UserError"" requires translation. Use self.env._('El tipo «%s» no tiene patrón de clave.')"
addons/quimibond_sgi/models/sgi_catalog.py,692,C8107,translation-required,"String parameter on ""UserError"" requires translation. Use self.env._('El tipo «%s» necesita el proceso para armar la clave.')"
addons/quimibond_sgi/models/sgi_catalog.py,728,C8107,translation-required,"String parameter on ""UserError"" requires translation. Use self.env._('Solo un Administrador SGI puede borrar modelos de Studio.')"
addons/quimibond_sgi/models/sgi_fmea.py,76,C8107,translation-required,"String parameter on ""UserError"" requires translation. Use self.env._('El AMEF %s no puede pasar a Vigente: hay %d modo(s) de falla con NPR alto sin acción registrada.')"
addons/quimibond_sgi/models/sgi_fmea.py,85,C8107,translation-required,"String parameter on ""UserError"" requires translation. Use self.env._('El AMEF %s no puede pasar a Vigente: hay %d modo(s) de falla con NPR alto cuya acción no está TERMINADA (fecha de terminación).')"
addons/quimibond_sgi/models/sgi_fmea.py,95,C8107,translation-required,"String parameter on ""UserError"" requires translation. Use self.env._('El AMEF %s no puede pasar a Vigente: hay %d modo(s) de falla con NPR alto sin la re-evaluación post-acción (S/O/D post).')"
addons/quimibond_sgi/models/sgi_fmea.py,105,C8107,translation-required,"String parameter on ""UserError"" requires translation. Use self.env._('El AMEF %s no puede pasar a Vigente: hay %d modo(s) de falla cuyo NPR post NO bajó respecto al inicial y no tienen justificación e"
addons/quimibond_sgi/models/sgi_fmea.py,209,E8140,no-raise-unlink,No exceptions should be raised inside unlink() functions
addons/quimibond_sgi/models/sgi_fmea.py,209,C8107,translation-required,"String parameter on ""UserError"" requires translation. Use self.env._('No se puede borrar una línea de un AMEF vigente u obsoleto (es evidencia). Pide al Jefe de MAST regresarlo a borrador.\n\nAMEF: %s"
addons/quimibond_sgi/models/sgi_nonconformity.py,350,C8107,translation-required,"String parameter on ""message_post"" requires translation. Use body=self.env._('Verificación de eficacia programada para el <b>%s</b>.')"
addons/quimibond_sgi/models/sgi_nonconformity.py,368,C8107,translation-required,"String parameter on ""UserError"" requires translation. Use self.env._('La NC %s no se cancela arrastrándola: usa el botón «Cancelar NC», captura el motivo y el Jefe de MAST la aprueba.')"
addons/quimibond_sgi/models/sgi_nonconformity.py,374,C8107,translation-required,"String parameter on ""UserError"" requires translation. Use self.env._('La NC %s viene de una reclamación de cliente: no avanza de «%s» sin al menos una acción de CONTENCIÓN registrada (pestaña Correcci"
addons/quimibond_sgi/models/sgi_nonconformity.py,380,C8107,translation-required,"String parameter on ""UserError"" requires translation. Use self.env._('La etapa «%s» no es del flujo del SGI; las NC con folio solo viven en Abierta, Seguimiento, Cerrada y Cancelada.')"
addons/quimibond_sgi/models/sgi_nonconformity.py,483,C8107,translation-required,"String parameter on ""UserError"" requires translation. Use self.env._('La generación de No Conformidades desde «%s» está desactivada.\n\nSi debe volver a generarse, actívela en SGI → Configuración → Fu"
addons/quimibond_sgi/models/sgi_nonconformity.py,529,C8107,translation-required,"String parameter on ""UserError"" requires translation. Use self.env._('No se puede cerrar la NC %s:\n%s')"
addons/quimibond_sgi/models/sgi_nonconformity.py,629,C8107,translation-required,"String parameter on ""UserError"" requires translation. Use self.env._('No está configurado el equipo de No Conformidades Internas del SGI.')"
addons/quimibond_sgi/models/sgi_nonconformity.py,637,C8107,translation-required,"String parameter on ""UserError"" requires translation. Use self.env._('La alerta «%s» ya es una NC del SGI (%s).')"
addons/quimibond_sgi/models/sgi_nonconformity.py,648,C8107,translation-required,"String parameter on ""message_post"" requires translation. Use body=self.env._('Alerta escalada a No Conformidad del SGI: <b>%s</b>.')"
addons/quimibond_sgi/models/sgi_nonconformity.py,714,C8107,translation-required,"String parameter on ""UserError"" requires translation. Use self.env._('Esta acción no tiene un registro origen ligado.')"
addons/quimibond_sgi/models/sgi_nonconformity.py,729,C8107,translation-required,"String parameter on ""ValidationError"" requires translation. Use self.env._('Una acción debe pertenecer exactamente a un origen: una No Conformidad, un Riesgo, un modo de falla de AMEF, un incidente SS"
addons/quimibond_sgi/models/sgi_nonconformity.py,743,C8107,translation-required,"String parameter on ""ValidationError"" requires translation. Use self.env._('La acción «%s» no puede terminar en el futuro (%s). Captura la fecha en que realmente se terminó.')"
addons/quimibond_sgi/models/sgi_nonconformity.py,747,C8107,translation-required,"String parameter on ""ValidationError"" requires translation. Use self.env._('La acción «%s» está al %s%%: para terminarla, el avance debe ser 100%%.')"
addons/quimibond_sgi/models/sgi_nonconformity.py,772,C8107,translation-required,"String parameter on ""ValidationError"" requires translation. Use self.env._('No se puede registrar una acción %s en la NC %s sin la causa raíz. Primero investiga y captura la causa raíz; la corrección "
addons/quimibond_sgi/models/sgi_nonconformity.py,911,C8107,translation-required,"String parameter on ""UserError"" requires translation. Use self.env._('Solo el Jefe de MAST y SGI puede realizar un cierre forzado.')"
addons/quimibond_sgi/models/sgi_nonconformity.py,918,C8107,translation-required,"String parameter on ""UserError"" requires translation. Use self.env._('No hay una etapa de cierre configurada para este equipo.')"
addons/quimibond_sgi/models/sgi_nonconformity.py,919,C8107,translation-required,"String parameter on ""message_post"" requires translation. Use body=self.env._('<b>Cierre forzado</b> por %s.<br/>Motivo: %s')"
addons/quimibond_sgi/models/sgi_nonconformity.py,901,C8113,no-wizard-in-models,No wizard class for model directory. See the complete structure https://github.com/OCA/odoo-community.org/blob/master/website/Contribution/CONTRIBUTING.rst#complete-structure
addons/quimibond_sgi/models/sgi_nonconformity.py,948,C8107,translation-required,"String parameter on ""UserError"" requires translation. Use self.env._('La NC %s ya está cancelada.')"
addons/quimibond_sgi/models/sgi_nonconformity.py,951,C8107,translation-required,"String parameter on ""UserError"" requires translation. Use self.env._('Captura el motivo de la cancelación.')"
addons/quimibond_sgi/models/sgi_nonconformity.py,956,C8107,translation-required,"String parameter on ""message_post"" requires translation. Use body=self.env._('<b>Solicitud de cancelación</b> de %s.<br/>Motivo: %s')"
addons/quimibond_sgi/models/sgi_nonconformity.py,971,C8107,translation-required,"String parameter on ""UserError"" requires translation. Use self.env._('No hay una etapa de cancelación configurada para este equipo.')"
addons/quimibond_sgi/models/sgi_nonconformity.py,973,C8107,translation-required,"String parameter on ""message_post"" requires translation. Use body=self.env._('<b>NC cancelada</b> por %s (Jefe MAST).<br/>Motivo: %s%s')"
addons/quimibond_sgi/models/sgi_nonconformity.py,926,C8113,no-wizard-in-models,No wizard class for model directory. See the complete structure https://github.com/OCA/odoo-community.org/blob/master/website/Contribution/CONTRIBUTING.rst#complete-structure
addons/quimibond_sgi/models/sgi_customer_reply.py,141,W8110,missing-return,Missing `return` (`super` is used) in method _sgi_check_can_close.
addons/quimibond_sgi/models/sgi_customer_reply.py,152,C8107,translation-required,"String parameter on ""UserError"" requires translation. Use self.env._('No se puede cerrar la NC %s:\n%s')"
addons/quimibond_sgi/models/sgi_staff_efficiency.py,136,C8107,translation-required,"String parameter on ""UserError"" requires translation. Use self.env._('La hoja %s no tiene empleados: carga los del área antes de cerrarla.')"
addons/quimibond_sgi/models/sgi_staff_efficiency.py,150,C8107,translation-required,"String parameter on ""UserError"" requires translation. Use self.env._('Solo se recibe una hoja cerrada por el jefe de área (%s).')"
addons/quimibond_sgi/models/sgi_staff_efficiency.py,239,C8107,translation-required,"String parameter on ""ValidationError"" requires translation. Use self.env._('%s de %s: el porcentaje va de 0 a %s.')"
addons/quimibond_sgi/models/sgi_sign_elearning.py,64,C8107,translation-required,"String parameter on ""UserError"" requires translation. Use self.env._('Solo el Jefe de MAST envía acuses a firma.')"
addons/quimibond_sgi/models/sgi_sign_elearning.py,77,C8107,translation-required,"String parameter on ""UserError"" requires translation. Use self.env._('La plantilla de firma debe tener campos de UN solo firmante (el empleado que acusa). Esta tiene %d roles.')"
addons/quimibond_sgi/models/sgi_process.py,153,C8107,translation-required,"String parameter on ""ValidationError"" requires translation. Use self.env._('No puede crear una recursión de macroprocesos.')"
addons/quimibond_sgi/models/sgi_process.py,429,C8107,translation-required,"String parameter on ""ValidationError"" requires translation. Use self.env._('El proceso origen y destino de un flujo no pueden ser el mismo.')"
addons/quimibond_sgi/models/sgi_process.py,445,C8107,translation-required,"String parameter on ""UserError"" requires translation. Use self.env._('El flujo «%s» no tiene un modelo de Odoo ligado (es un entregable documental).')"
addons/quimibond_sgi/models/sgi_hse_records.py,84,W8163,no-search-all,"Using an empty domain `search([])` without a `limit` will load all records, may impact performance."
addons/quimibond_sgi/models/sgi_hse_records.py,159,C8107,translation-required,"String parameter on ""UserError"" requires translation. Use self.env._('No se puede cerrar el recorrido %s: cada hallazgo necesita qué se hizo (corregido en el momento, NC generada o sin acción con moti"
addons/quimibond_sgi/models/sgi_hse_records.py,202,C8107,translation-required,"String parameter on ""UserError"" requires translation. Use self.env._('Este hallazgo ya tiene su no conformidad.')"
addons/quimibond_sgi/models/sgi_hse_records.py,218,C8107,translation-required,"String parameter on ""message_post"" requires translation. Use body=self.env._('Hallazgo del recorrido de la Comisión de Seguridad e Higiene %s (%s).')"
addons/quimibond_sgi/models/sgi_links.py,247,C8107,translation-required,"String parameter on ""message_post"" requires translation. Use body=self.env._('Acuse firmado adjuntado: %s')"
addons/quimibond_sgi/models/sgi_links.py,230,C8113,no-wizard-in-models,No wizard class for model directory. See the complete structure https://github.com/OCA/odoo-community.org/blob/master/website/Contribution/CONTRIBUTING.rst#complete-structure
addons/quimibond_sgi/models/sgi_deliverable.py,182,C8107,translation-required,"String parameter on ""ValidationError"" requires translation. Use self.env._('Entregable %s: filtro inválido para %s: %s')"
addons/quimibond_sgi/models/sgi_deliverable.py,186,C8107,translation-required,"String parameter on ""ValidationError"" requires translation. Use self.env._('Entregable %s: %s no tiene el campo «%s».')"
addons/quimibond_sgi/models/sgi_deliverable.py,192,C8107,translation-required,"String parameter on ""ValidationError"" requires translation. Use self.env._('Entregable %s: «%s» no es un campo de usuario (res.users) almacenado.')"
addons/quimibond_sgi/models/sgi_deliverable.py,355,C8107,translation-required,"String parameter on ""ValidationError"" requires translation. Use self.env._('La actividad %s no puede recibir y entregar el mismo entregable «%s».')"
addons/quimibond_sgi/models/sgi_deliverable.py,461,C8107,translation-required,"String parameter on ""ValidationError"" requires translation. Use self.env._('«%s» es una conexión calculada: para desactivarla escribe el motivo.')"
addons/quimibond_sgi/models/sgi_deliverable.py,471,C8107,translation-required,"String parameter on ""UserError"" requires translation. Use self.env._('Las conexiones calculadas no se editan a mano: sale de lo que entrega y recibe cada actividad. Cambia el entregable o las activida"
addons/quimibond_sgi/models/sgi_deliverable.py,505,E8140,no-raise-unlink,No exceptions should be raised inside unlink() functions
addons/quimibond_sgi/models/sgi_deliverable.py,505,C8107,translation-required,"String parameter on ""UserError"" requires translation. Use self.env._('Un flujo calculado se quita quitando el entregable de las actividades, no a mano.')"
addons/quimibond_sgi/models/sgi_deliverable.py,539,E8140,no-raise-unlink,No exceptions should be raised inside unlink() functions
addons/quimibond_sgi/models/sgi_deliverable.py,539,C8107,translation-required,"String parameter on ""UserError"" requires translation. Use self.env._('Una liga calculada no se borra: desactívala con su motivo o quita el entregable de las actividades.')"
addons/quimibond_sgi/models/sgi_deliverable.py,600,C8107,translation-required,"String parameter on ""ValidationError"" requires translation. Use self.env._('La actividad %s no puede recibir y entregar el mismo entregable «%s».')"
addons/quimibond_sgi/models/sgi_deliverable.py,608,C8107,translation-required,"String parameter on ""ValidationError"" requires translation. Use self.env._('La actividad %s se mide con «%s», pero no lo entrega.')"
addons/quimibond_sgi/models/sgi_doc_change.py,71,C8107,translation-required,"String parameter on ""ValidationError"" requires translation. Use self.env._('Una modificación o baja requiere seleccionar el documento afectado.')"
addons/quimibond_sgi/models/sgi_doc_change.py,81,C8107,translation-required,"String parameter on ""ValidationError"" requires translation. Use self.env._('El fin del piloto no puede ser anterior al inicio.')"
addons/quimibond_sgi/models/sgi_doc_change.py,83,C8107,translation-required,"String parameter on ""ValidationError"" requires translation. Use self.env._('La prueba piloto no puede exceder 90 días naturales.')"
addons/quimibond_sgi/models/sgi_doc_change.py,88,C8107,translation-required,"String parameter on ""ValidationError"" requires translation. Use self.env._('El inicio del piloto no puede ser anterior a 15 días hábiles.')"
addons/quimibond_sgi/models/sgi_doc_change.py,155,C8107,translation-required,"String parameter on ""message_post"" requires translation. Use body=self.env._('Puestos que aplican tomados del proceso %s: %s.')"
addons/quimibond_sgi/models/sgi_doc_change.py,196,C8107,translation-required,"String parameter on ""message_post"" requires translation. Use body=self.env._('Cambio documental aprobado (%s): revisión %02d, estado %s.')"
addons/quimibond_sgi/models/sgi_doc_change.py,207,C8107,translation-required,"String parameter on ""message_post"" requires translation. Use body=self.env._('Documento dado de baja por solicitud aprobada %s.')"
addons/quimibond_sgi/models/sgi_doc_change.py,234,C8107,translation-required,"String parameter on ""UserError"" requires translation. Use self.env._('No se puede aprobar el cambio «%s» (gestión del cambio SGI):\n%s')"
addons/quimibond_sgi/models/sgi_sales_budget_line.py,357,C8107,translation-required,"String parameter on ""ValidationError"" requires translation. Use self.env._('La fecha %s no cae dentro del año del presupuesto (%s).')"
addons/quimibond_sgi/models/sgi_sales_budget_line.py,362,C8107,translation-required,"String parameter on ""ValidationError"" requires translation. Use self.env._('En un pronóstico semanal, la fecha de la línea debe ser lunes de la semana (%s).')"
addons/quimibond_sgi/models/sgi_sales_budget_line.py,366,C8107,translation-required,"String parameter on ""ValidationError"" requires translation. Use self.env._('La fecha de la línea debe ser el primer día del mes (%s).')"
addons/quimibond_sgi/models/sgi_sales_budget_line.py,374,C8107,translation-required,"String parameter on ""ValidationError"" requires translation. Use self.env._('En un pronóstico, el cliente de la línea es el del pronóstico (%s).')"
addons/quimibond_sgi/models/sgi_sales_budget_line.py,400,C8107,translation-required,"String parameter on ""ValidationError"" requires translation. Use self.env._(""El producto '%s' ya está presupuestado por cliente en este presupuesto; captura el resto como otro cliente o cambia el esque"
addons/quimibond_sgi/models/sgi_sales_budget_line.py,411,C8107,translation-required,"String parameter on ""ValidationError"" requires translation. Use self.env._(""La unidad '%s' no es de la misma categoría que la unidad de venta del producto '%s' ('%s'): no se puede convertir entre ella"
addons/quimibond_sgi/models/sgi_sales_budget_line.py,672,C8107,translation-required,"String parameter on ""UserError"" requires translation. Use self.env._('La cotización se crea desde una línea de pronóstico.')"
addons/quimibond_sgi/models/sgi_sales_budget_line.py,675,C8107,translation-required,"String parameter on ""UserError"" requires translation. Use self.env._('El pronóstico no tiene cliente.')"
addons/quimibond_sgi/models/sgi_sales_budget_line.py,678,C8107,translation-required,"String parameter on ""UserError"" requires translation. Use self.env._('No hay faltante en %s: los pedidos ya cubren el pronóstico.')"
addons/quimibond_sgi/models/sgi_sales_budget_line.py,887,C8107,translation-required,"String parameter on ""UserError"" requires translation. Use self.env._('No se puede editar la línea de un presupuesto aprobado (es evidencia). Pide al Jefe de MAST regresarlo a borrador o crear una nuev"
addons/quimibond_sgi/models/sgi_sales_budget_line.py,907,E8140,no-raise-unlink,No exceptions should be raised inside unlink() functions
addons/quimibond_sgi/models/sgi_sales_budget_line.py,907,C8107,translation-required,"String parameter on ""UserError"" requires translation. Use self.env._('No se puede borrar la línea de un presupuesto aprobado (es evidencia). Pide al Jefe de MAST regresarlo a borrador.\n\nPresupuesto("
addons/quimibond_sgi/models/sgi_sales_budget_line.py,955,C8107,translation-required,"String parameter on ""UserError"" requires translation. Use self.env._('No se pudo ubicar la celda (producto/mes/presupuesto). Captura la línea desde la lista o la ficha.')"
addons/quimibond_sgi/models/sgi_integration.py,77,C8107,translation-required,"String parameter on ""message_post"" requires translation. Use body=self.env._('Devolución de cliente: se levantó la NC <b>%s</b>.')"
addons/quimibond_sgi/models/sgi_integration.py,139,C8107,translation-required,"String parameter on ""UserError"" requires translation. Use self.env._('El proveedor %s está BLOQUEADO por el SGI (8.4.1): no se pueden confirmar órdenes de compra. Pida al Jefe de MAST revisar su aprob"
addons/quimibond_sgi/models/sgi_integration.py,174,C8107,translation-required,"String parameter on ""message_post"" requires translation. Use body=self.env._('Se levantó la NC <b>%s</b> por esta falla.')"
addons/quimibond_sgi/models/sgi_integration.py,224,C8107,translation-required,"String parameter on ""UserError"" requires translation. Use self.env._('El producto no tiene ligada su especificación (C04-06). Selecciónala en la pestaña SGI.')"
addons/quimibond_sgi/models/sgi_sales_budget.py,441,C8107,translation-required,"String parameter on ""UserError"" requires translation. Use self.env._('La conciliación de facturado aplica al presupuesto (el pronóstico mide compromiso, no facturación).')"
addons/quimibond_sgi/models/sgi_sales_budget.py,506,C8107,translation-required,"String parameter on ""ValidationError"" requires translation. Use self.env._('Ya existe un %s no obsoleto de %s para %s (%s). Revísalo (crea una nueva Rev.) en vez de duplicarlo.')"
addons/quimibond_sgi/models/sgi_sales_budget.py,517,C8107,translation-required,"String parameter on ""ValidationError"" requires translation. Use self.env._('Un pronóstico semanal necesita un cliente (cada hoja del forecast es un cliente-año).')"
addons/quimibond_sgi/models/sgi_sales_budget.py,560,C8107,translation-required,"String parameter on ""UserError"" requires translation. Use self.env._('Solo el Administrador de ventas (o el Jefe de MAST/SGI) puede enviar a revisión.')"
addons/quimibond_sgi/models/sgi_sales_budget.py,565,C8107,translation-required,"String parameter on ""UserError"" requires translation. Use self.env._(""Solo se envía a revisión desde borrador. El %s está en '%s'."")"
addons/quimibond_sgi/models/sgi_sales_budget.py,570,C8107,translation-required,"String parameter on ""UserError"" requires translation. Use self.env._('El %s no tiene líneas: captura la matriz antes de enviarlo a revisión.')"
addons/quimibond_sgi/models/sgi_sales_budget.py,576,C8107,translation-required,"String parameter on ""message_post"" requires translation. Use body=self.env._('AVISO de cobertura de precios al enviar a revisión: %d producto(s) sin precio en la lista. Corrígelos ANTES de aprobar (ah"
addons/quimibond_sgi/models/sgi_sales_budget.py,595,C8107,translation-required,"String parameter on ""UserError"" requires translation. Use self.env._('El pronóstico es un documento vivo: no se aprueba (P-A28 4.2.2.7). Solo se marca revisado.')"
addons/quimibond_sgi/models/sgi_sales_budget.py,599,C8107,translation-required,"String parameter on ""UserError"" requires translation. Use self.env._('Solo la alta dirección (grupo Dirección) o el Jefe de MAST/SGI puede aprobar un presupuesto de ventas.')"
addons/quimibond_sgi/models/sgi_sales_budget.py,603,C8107,translation-required,"String parameter on ""UserError"" requires translation. Use self.env._(""Un presupuesto debe estar REVISADO antes de aprobarse (P-A28 4.2.2.3 → 4.2.2.4). El %s está en '%s'."")"
addons/quimibond_sgi/models/sgi_sales_budget.py,609,C8107,translation-required,"String parameter on ""UserError"" requires translation. Use self.env._('El presupuesto %s no tiene líneas: captura la matriz antes de aprobarlo.')"
addons/quimibond_sgi/models/sgi_sales_budget.py,616,C8107,translation-required,"String parameter on ""UserError"" requires translation. Use self.env._('No se puede aprobar %s: %d producto(s) sin precio en la lista.\n\n- %s%s\n\nDa de alta el precio en la lista del cliente o aprueba"
addons/quimibond_sgi/models/sgi_sales_budget.py,621,C8107,translation-required,"String parameter on ""message_post"" requires translation. Use body=self.env._('Aprobado con EXCEPCIÓN de cobertura de precios: %d producto(s) sin precio en la lista.<br/>- %s')"
addons/quimibond_sgi/models/sgi_sales_budget.py,642,C8107,translation-required,"String parameter on ""UserError"" requires translation. Use self.env._('El pronóstico es un documento vivo (P-A28 4.2.2.7): no se generan revisiones congeladas. Edita sus líneas directamente; un pronóst"
addons/quimibond_sgi/models/sgi_sales_budget.py,647,C8107,translation-required,"String parameter on ""UserError"" requires translation. Use self.env._('Solo el Jefe de MAST y SGI puede revisar un presupuesto.')"
addons/quimibond_sgi/models/sgi_sales_budget.py,649,C8107,translation-required,"String parameter on ""UserError"" requires translation. Use self.env._(""Solo se revisa un presupuesto aprobado. El %s está en '%s'."")"
addons/quimibond_sgi/models/sgi_sales_budget.py,902,C8107,translation-required,"String parameter on ""UserError"" requires translation. Use self.env._('La plantilla se descarga sobre un presupuesto en borrador.')"
addons/quimibond_sgi/models/sgi_sales_budget.py,1008,C8107,translation-required,"String parameter on ""UserError"" requires translation. Use self.env._('Solo se precarga un %s en borrador.')"
addons/quimibond_sgi/models/sgi_sales_budget.py,1030,C8107,translation-required,"String parameter on ""message_post"" requires translation. Use body=self.env._('Precarga desde pedidos: %d celda(s) creada(s) con lo comprometido (el vendedor solo captura el futuro).')"
addons/quimibond_sgi/models/sgi_sales_budget.py,1155,C8107,translation-required,"String parameter on ""UserError"" requires translation. Use self.env._('No hay almacén configurado para la compañía.')"
addons/quimibond_sgi/models/sgi_sales_budget.py,1195,C8107,translation-required,"String parameter on ""UserError"" requires translation. Use self.env._('El módulo Programa Maestro (mrp_mps) no está instalado.')"
addons/quimibond_sgi/models/sgi_sales_budget.py,1203,C8107,translation-required,"String parameter on ""UserError"" requires translation. Use self.env._('Solo se envía la demanda de un pronóstico revisado (P-A28 4.2.2.3): el pronóstico no se aprueba, se marca revisado.')"
addons/quimibond_sgi/models/sgi_sales_budget.py,1216,C8107,translation-required,"String parameter on ""message_post"" requires translation. Use body=self.env._('Demanda neta enviada al Programa Maestro (%d celdas):<br/>%s')"
addons/quimibond_sgi/models/sgi_sales_budget.py,1224,C8107,translation-required,"String parameter on ""UserError"" requires translation. Use self.env._('Solo se envía la demanda de un presupuesto aprobado.')"
addons/quimibond_sgi/models/sgi_sales_budget.py,1242,C8107,translation-required,"String parameter on ""message_post"" requires translation. Use body=self.env._('Presupuesto → Programa Maestro: enviados %d celda(s); omitidos %d producto(s) por pronóstico vigente (los manda el pronóst"
addons/quimibond_sgi/models/sgi_sales_budget.py,1254,C8107,translation-required,"String parameter on ""UserError"" requires translation. Use self.env._('Solo se importa sobre un presupuesto en borrador.')"
addons/quimibond_sgi/models/sgi_diagram_view.py,35,W8161,prefer-env-translation,Better using self.env._ More info at https://github.com/odoo/odoo/pull/174844
addons/quimibond_sgi/models/sgi_diagram_view.py,39,W8161,prefer-env-translation,Better using self.env._ More info at https://github.com/odoo/odoo/pull/174844
addons/quimibond_sgi/models/sgi_diagram_view.py,42,W8161,prefer-env-translation,Better using self.env._ More info at https://github.com/odoo/odoo/pull/174844
addons/quimibond_sgi/models/sgi_diagram_view.py,45,W8161,prefer-env-translation,Better using self.env._ More info at https://github.com/odoo/odoo/pull/174844
addons/quimibond_sgi/models/sgi_format_map.py,49,C8107,translation-required,"String parameter on ""ValidationError"" requires translation. Use self.env._(""La clave '%s' no cumple la nomenclatura del SGI (ej. F-P-A28-04, F-IT-P-P01-08-01)."")"
addons/quimibond_sgi/models/sgi_format_map.py,570,C8107,translation-required,"String parameter on ""UserError"" requires translation. Use self.env._('La semilla del piloto P-A28 no se aplica: el proceso Ventas ya tiene %d actividad(es) que no salieron de ella (p. ej. «%s»). Recon"
addons/quimibond_sgi/models/sgi_epp_sign.py,57,C8107,translation-required,"String parameter on ""UserError"" requires translation. Use self.env._('Una responsiva firmada no se modifica: haz una entrega nueva.')"
addons/quimibond_sgi/models/sgi_epp_sign.py,80,C8107,translation-required,"String parameter on ""UserError"" requires translation. Use self.env._('La plantilla de firma debe tener campos de UN solo firmante (el empleado). Tiene %d roles.')"
addons/quimibond_sgi/models/sgi_epp_sign.py,86,C8107,translation-required,"String parameter on ""UserError"" requires translation. Use self.env._('La responsiva %s ya tiene una solicitud de firma en curso.')"
addons/quimibond_sgi/models/sgi_epp_sign.py,90,C8107,translation-required,"String parameter on ""UserError"" requires translation. Use self.env._('%s no tiene contacto con correo: Sign no puede mandarle la solicitud.')"
addons/quimibond_sgi/models/sgi_epp_sign.py,101,C8107,translation-required,"String parameter on ""message_post"" requires translation. Use body=self.env._('Solicitud de firma enviada por Sign a %s.')"
addons/quimibond_sgi/models/sgi_epp_sign.py,120,C8107,translation-required,"String parameter on ""message_post"" requires translation. Use body=self.env._('Responsiva firmada electrónicamente en Sign.')"
addons/quimibond_sgi/models/sgi_settings.py,216,W8110,missing-return,Missing `return` (`super` is used) in method set_values.
addons/quimibond_sgi/models/sgi_release.py,122,C8107,translation-required,"String parameter on ""UserError"" requires translation. Use self.env._('%s: no se puede surtir con lotes que Calidad no ha liberado:\n%s\n\nAvisa a Control de producción y a Calidad; surte solo lotes li"
addons/quimibond_sgi/models/sgi_my_procedure_screen.py,207,C8107,translation-required,"String parameter on ""UserError"" requires translation. Use self.env._('Un puesto no firma; firma cada empleado desde su ficha.')"
addons/quimibond_sgi/models/sgi_my_procedure_screen.py,490,W8163,no-search-all,"Using an empty domain `search([])` without a `limit` will load all records, may impact performance."
addons/quimibond_sgi/models/sgi_my_procedure_screen.py,491,W8163,no-search-all,"Using an empty domain `search([])` without a `limit` will load all records, may impact performance."
addons/quimibond_sgi/models/sgi_my_procedure_screen.py,783,C8107,translation-required,"String parameter on ""UserError"" requires translation. Use self.env._('Esa persona no está en tu equipo; solo ves a tu gente, tus departamentos y los puestos de tus procesos.')"
addons/quimibond_sgi/models/sgi_my_procedure_screen.py,786,C8107,translation-required,"String parameter on ""UserError"" requires translation. Use self.env._('Ese puesto no está en tu equipo.')"
addons/quimibond_sgi/models/sgi_my_procedure_screen.py,802,C8107,translation-required,"String parameter on ""UserError"" requires translation. Use self.env._('Solo puedes firmar tu propio «Mi procedimiento».')"
addons/quimibond_sgi/models/sgi_my_procedure_screen.py,805,C8107,translation-required,"String parameter on ""UserError"" requires translation. Use self.env._('Aún no hay una revisión publicada de este puesto para firmar.')"
addons/quimibond_sgi/models/sgi_my_procedure_screen.py,807,C8107,translation-required,"String parameter on ""UserError"" requires translation. Use self.env._('Tu puesto ya no es %s: no hay acuse que firmar.')"
addons/quimibond_sgi/models/sgi_my_procedure_screen.py,818,C8107,translation-required,"String parameter on ""UserError"" requires translation. Use self.env._('Elige un puesto.')"
addons/quimibond_sgi/models/sgi_my_procedure_screen.py,825,C8107,translation-required,"String parameter on ""UserError"" requires translation. Use self.env._('Elige un puesto.')"
addons/quimibond_sgi/models/sgi_my_procedure_screen.py,850,C8107,translation-required,"String parameter on ""UserError"" requires translation. Use self.env._('El módulo de obligaciones no está instalado.')"
addons/quimibond_sgi/models/sgi_my_procedure_screen.py,356,C8113,no-wizard-in-models,No wizard class for model directory. See the complete structure https://github.com/OCA/odoo-community.org/blob/master/website/Contribution/CONTRIBUTING.rst#complete-structure
addons/quimibond_sgi/models/sgi_my_procedure_screen.py,883,C8113,no-wizard-in-models,No wizard class for model directory. See the complete structure https://github.com/OCA/odoo-community.org/blob/master/website/Contribution/CONTRIBUTING.rst#complete-structure
addons/quimibond_sgi/models/sgi_my_procedure_screen.py,1003,W8163,no-search-all,"Using an empty domain `search([])` without a `limit` will load all records, may impact performance."
addons/quimibond_sgi/models/sgi_my_procedure_screen.py,1018,C8107,translation-required,"String parameter on ""UserError"" requires translation. Use self.env._('Filtro no soportado sobre «Atrasadas».')"
addons/quimibond_sgi/models/sgi_my_procedure_screen.py,1025,C8107,translation-required,"String parameter on ""UserError"" requires translation. Use self.env._('Filtro no soportado sobre «Firmas pendientes».')"
addons/quimibond_sgi/models/sgi_my_procedure_screen.py,1036,C8107,translation-required,"String parameter on ""UserError"" requires translation. Use self.env._('Filtro no soportado sobre «Mi procedimiento».')"
addons/quimibond_sgi/models/sgi_my_pending.py,46,C8113,no-wizard-in-models,No wizard class for model directory. See the complete structure https://github.com/OCA/odoo-community.org/blob/master/website/Contribution/CONTRIBUTING.rst#complete-structure
addons/quimibond_sgi/models/sgi_my_pending.py,262,C8113,no-wizard-in-models,No wizard class for model directory. See the complete structure https://github.com/OCA/odoo-community.org/blob/master/website/Contribution/CONTRIBUTING.rst#complete-structure
addons/quimibond_sgi/models/sgi_machine_sheet.py,74,C8107,translation-required,"String parameter on ""ValidationError"" requires translation. Use self.env._('Ya hay una ficha vigente de %s en %s (%s). Márcala obsoleta antes de poner esta en vigor.')"
addons/quimibond_sgi/models/sgi_instruction_knowledge.py,42,C8107,translation-required,"String parameter on ""UserError"" requires translation. Use self.env._('Liga primero el artículo de Knowledge del instructivo.')"
addons/quimibond_sgi/models/sgi_instruction_knowledge.py,79,C8107,translation-required,"String parameter on ""UserError"" requires translation. Use self.env._('Solo el Jefe MAST publica instructivos.')"
addons/quimibond_sgi/models/sgi_instruction_knowledge.py,83,C8107,translation-required,"String parameter on ""UserError"" requires translation. Use self.env._('La actividad no tiene artículo de Knowledge ligado.')"
addons/quimibond_sgi/models/sgi_instruction_knowledge.py,90,C8107,translation-required,"String parameter on ""UserError"" requires translation. Use self.env._('El artículo no cambió desde la revisión vigente %s.')"
addons/quimibond_sgi/models/sgi_instruction_knowledge.py,115,C8107,translation-required,"String parameter on ""message_post"" requires translation. Use body=self.env._('Instructivo publicado desde el artículo de Knowledge «%s», revisión %02d.')"
addons/quimibond_sgi/models/sgi_instruction_knowledge.py,59,C8113,no-wizard-in-models,No wizard class for model directory. See the complete structure https://github.com/OCA/odoo-community.org/blob/master/website/Contribution/CONTRIBUTING.rst#complete-structure
addons/quimibond_sgi/models/sgi_my_procedure_sign.py,55,C8107,translation-required,"String parameter on ""UserError"" requires translation. Use self.env._('No hay Jefe MAST (Ajustes → SGI) que firme «Elaboró».')"
addons/quimibond_sgi/models/sgi_my_procedure_sign.py,61,C8107,translation-required,"String parameter on ""UserError"" requires translation. Use self.env._('sin correo: %s')"
addons/quimibond_sgi/models/sgi_my_procedure_sign.py,105,C8107,translation-required,"String parameter on ""message_post"" requires translation. Use body=self.env._('Firmado en Sign: la revisión %02d entra en vigor. Acuse pendiente para %d persona(s).')"
addons/quimibond_sgi/models/sgi_indicator_plan.py,78,W8110,missing-return,Missing `return` (`super` is used) in method _compute_origin_display.
addons/quimibond_sgi/models/sgi_indicator_plan.py,98,C8107,translation-required,"String parameter on ""ValidationError"" requires translation. Use self.env._('Una acción de medición roja no puede tener otro origen.')"
addons/quimibond_sgi/models/sgi_indicator_plan.py,273,C8107,translation-required,"String parameter on ""UserError"" requires translation. Use self.env._('Solo el Jefe MAST y SGI valida las mediciones desde la revisión.')"
addons/quimibond_sgi/models/sgi_supplier_eval.py,59,C8107,translation-required,"String parameter on ""message_post"" requires translation. Use body=self.env._('Proveedor <b>aprobado</b> para el SGI (8.4.1) por %s.')"
addons/quimibond_sgi/models/sgi_supplier_eval.py,67,C8107,translation-required,"String parameter on ""message_post"" requires translation. Use body=self.env._('Proveedor <b>BLOQUEADO</b> por el SGI (8.4.1) por %s: no se podrán confirmar órdenes de compra.')"
addons/quimibond_sgi/models/sgi_audit.py,62,C8107,translation-required,"String parameter on ""UserError"" requires translation. Use self.env._('Solo el Jefe MAST aprueba el programa de auditorías.')"
addons/quimibond_sgi/models/sgi_audit.py,67,C8107,translation-required,"String parameter on ""UserError"" requires translation. Use self.env._('El programa %s tiene %d auditoría(s) interna(s) sin auditor líder: %s. Asigna el auditor líder de cada una antes de aprobar.')"
addons/quimibond_sgi/models/sgi_audit.py,102,C8107,translation-required,"String parameter on ""UserError"" requires translation. Use self.env._('El programa sugerido solo se arma en borrador.')"
addons/quimibond_sgi/models/sgi_audit.py,115,C8107,translation-required,"String parameter on ""message_post"" requires translation. Use body=self.env._('Programa sugerido: %d línea(s) agregadas (procesos con NC abiertas o indicadores en rojo, dos veces al año).')"
addons/quimibond_sgi/models/sgi_audit.py,259,C8107,translation-required,"String parameter on ""ValidationError"" requires translation. Use self.env._('Una auditoría %s requiere el %s.')"
addons/quimibond_sgi/models/sgi_audit.py,277,C8107,translation-required,"String parameter on ""ValidationError"" requires translation. Use self.env._('El auditor no puede auditar su propio trabajo: %s es dueño de un proceso auditado.')"
addons/quimibond_sgi/models/sgi_audit.py,298,C8107,translation-required,"String parameter on ""ValidationError"" requires translation. Use self.env._('Independencia del auditor: nadie del equipo auditor puede ejecutar ni aprobar actividades del proceso auditado por su puesto"
addons/quimibond_sgi/models/sgi_audit.py,373,C8107,translation-required,"String parameter on ""message_post"" requires translation. Use body=self.env._('No se pudo generar el informe en PDF; imprímelo desde el menú Imprimir.')"
addons/quimibond_sgi/models/sgi_audit.py,395,C8107,translation-required,"String parameter on ""UserError"" requires translation. Use self.env._('Esta auditoría aún no tiene informe archivado (se genera al cerrar).')"
addons/quimibond_sgi/models/sgi_audit.py,424,C8107,translation-required,"String parameter on ""UserError"" requires translation. Use self.env._('No se puede cerrar la auditoría %s:\n%s')"
addons/quimibond_sgi/models/sgi_audit.py,435,C8107,translation-required,"String parameter on ""UserError"" requires translation. Use self.env._('La auditoría no tiene checklist (encuesta) asignado. Seleccione uno en el grupo «Checklist» — la plantilla ISO 9001 viene incluida"
addons/quimibond_sgi/models/sgi_audit.py,462,C8107,translation-required,"String parameter on ""UserError"" requires translation. Use self.env._('No existe la encuesta de evaluación del auditor. Cree en Encuestas una con la clave F-IT-P-G03-01-01 en el título.')"
addons/quimibond_sgi/models/sgi_audit.py,481,C8107,translation-required,"String parameter on ""UserError"" requires translation. Use self.env._('La auditoría no tiene respuestas de checklist ligadas. Conteste la encuesta y ligue la respuesta en la pestaña «Checklist» (campo "
addons/quimibond_sgi/models/sgi_audit.py,511,C8107,translation-required,"String parameter on ""message_post"" requires translation. Use body=self.env._('Checklist procesado: <b>%d</b> hallazgo(s) nuevo(s) generado(s) de las respuestas.')"
addons/quimibond_sgi/models/sgi_audit.py,566,E8140,no-raise-unlink,No exceptions should be raised inside unlink() functions
addons/quimibond_sgi/models/sgi_audit.py,566,C8107,translation-required,"String parameter on ""UserError"" requires translation. Use self.env._('No se puede borrar un hallazgo de una auditoría cerrada (es evidencia). Pide al Jefe de MAST reabrir la auditoría.\n\nAuditoría: %"
addons/quimibond_sgi/models/sgi_audit.py,575,C8107,translation-required,"String parameter on ""UserError"" requires translation. Use self.env._('Este hallazgo ya tiene una NC ligada.')"
addons/quimibond_sgi/models/sgi_audit.py,671,C8107,translation-required,"String parameter on ""UserError"" requires translation. Use self.env._('La actividad no tiene entregable ligado a un modelo de Odoo.')"
addons/quimibond_sgi/models/sgi_policy.py,13,W8150,odoo-addons-relative-import,"Same Odoo module absolute import. You should use relative import with ""."" instead of ""odoo.addons.quimibond_sgi"""
addons/quimibond_sgi/models/sgi_policy.py,94,C8107,translation-required,"String parameter on ""message_post"" requires translation. Use body=self.env._('Obsoletada automáticamente: entró en vigor una nueva política integral.')"
addons/quimibond_sgi/models/sgi_policy.py,118,C8107,translation-required,"String parameter on ""UserError"" requires translation. Use self.env._('Liga primero el documento controlado donde se publica la política (campo «Documento publicado (MIID)») y vuelve a generar los acus"
addons/quimibond_sgi/models/sgi_policy.py,123,C8107,translation-required,"String parameter on ""UserError"" requires translation. Use self.env._('El documento %s no tiene puestos asignados: asígnalos en su pestaña «Puestos que aplican» (define quién debe firmar el acuse) y vu"
addons/quimibond_sgi/models/sgi_supplier_nc.py,50,W8110,missing-return,Missing `return` (`super` is used) in method _compute_access_url.
addons/quimibond_sgi/models/sgi_supplier_nc.py,59,C8107,translation-required,"String parameter on ""UserError"" requires translation. Use self.env._('Solo una NC del SGI (con folio) se envía al proveedor.')"
addons/quimibond_sgi/models/sgi_supplier_nc.py,62,C8107,translation-required,"String parameter on ""UserError"" requires translation. Use self.env._('Captura el proveedor en la NC antes de enviarla.')"
addons/quimibond_sgi/models/sgi_supplier_nc.py,64,C8107,translation-required,"String parameter on ""UserError"" requires translation. Use self.env._('El proveedor %s no tiene correo.')"
addons/quimibond_sgi/models/sgi_supplier_nc.py,83,C8107,translation-required,"String parameter on ""message_post"" requires translation. Use body=self.env._('NC enviada al proveedor %s por el portal; respuesta antes del %s.')"
addons/quimibond_sgi/models/sgi_supplier_nc.py,93,C8107,translation-required,"String parameter on ""UserError"" requires translation. Use self.env._('Causa y acción son obligatorias.')"
addons/quimibond_sgi/models/sgi_supplier_nc.py,99,C8107,translation-required,"String parameter on ""message_post"" requires translation. Use body=self.env._('<b>Respuesta del proveedor</b> por el portal.<br/><b>Causa:</b> %s<br/><b>Acción:</b> %s')"
addons/quimibond_sgi/models/sgi_archived_filters.py,48,C8113,no-wizard-in-models,No wizard class for model directory. See the complete structure https://github.com/OCA/odoo-community.org/blob/master/website/Contribution/CONTRIBUTING.rst#complete-structure
addons/quimibond_sgi/tests/test_epp.py,33,W8121,context-overridden,Context overridden using dict. Better using kwargs `with_context(**action['context'])` or `with_context(key=value)`
addons/quimibond_sgi/models/sgi_sale_commitment.py,15,R8180,consider-merging-classes-inherited,"Consider merging classes inherited to ""sale.order"" from quimibond_sgi/models/sgi_coa.py:212:4, quimibond_sgi/models/sgi_kpi_fields.py:67:4."
addons/quimibond_sgi/models/sgi_structure.py,19,R8180,consider-merging-classes-inherited,"Consider merging classes inherited to ""sgi.process"" from quimibond_sgi/models/sgi_activity_spec.py:597:4, quimibond_sgi/models/sgi_archived_filters.py:36:4, quimibond_sgi/models/sgi_business_line.py:1"
addons/quimibond_sgi/models/sgi_structure.py,120,R8180,consider-merging-classes-inherited,"Consider merging classes inherited to ""sgi.process.activity"" from quimibond_sgi/models/sgi_activity_spec.py:138:4, quimibond_sgi/models/sgi_activity_spec.py:915:4, quimibond_sgi/models/sgi_approval_na"
addons/quimibond_sgi/models/sgi_indicator_trajectory.py,77,R8180,consider-merging-classes-inherited,"Consider merging classes inherited to ""sgi.indicator"" from quimibond_sgi/models/sgi_activity_spec.py:698:4, quimibond_sgi/models/sgi_business_line.py:259:4, quimibond_sgi/models/sgi_direction_board.py"
addons/quimibond_sgi/models/sgi_indicator_trajectory.py,219,R8180,consider-merging-classes-inherited,"Consider merging classes inherited to ""sgi.indicator.measure"" from quimibond_sgi/models/sgi_business_line.py:411:4, quimibond_sgi/models/sgi_indicator_detail.py:282:4, quimibond_sgi/models/sgi_indicat"
addons/quimibond_sgi/models/sgi_my_procedure_screen.py,876,R8180,consider-merging-classes-inherited,"Consider merging classes inherited to ""hr.job"" from quimibond_sgi/models/sgi_archived_filters.py:29:4, quimibond_sgi/models/sgi_business_line.py:143:4, quimibond_sgi/models/sgi_catalog.py:308:4, quimi"
addons/quimibond_sgi/models/sgi_my_procedure_screen.py,868,R8180,consider-merging-classes-inherited,"Consider merging classes inherited to ""hr.employee"" from quimibond_sgi/models/sgi_business_line.py:188:4, quimibond_sgi/models/sgi_competence.py:6:4, quimibond_sgi/models/sgi_epp.py:105:4, quimibond_s"
addons/quimibond_sgi/models/sgi_customer_reply.py,27,R8180,consider-merging-classes-inherited,"Consider merging classes inherited to ""crm.team"" from quimibond_sgi/models/sgi_business_line.py:229:4."
addons/quimibond_sgi/models/sgi_improvement.py,7,R8180,consider-merging-classes-inherited,"Consider merging classes inherited to ""project.project"" from quimibond_sgi/models/sgi_dev_request.py:62:4."
addons/quimibond_sgi/models/sgi_mp_change.py,49,R8180,consider-merging-classes-inherited,"Consider merging classes inherited to ""approval.category"" from quimibond_sgi/models/sgi_approval_native.py:67:4, quimibond_sgi/models/sgi_doc_change.py:11:4, quimibond_sgi/models/sgi_doc_change_sign.p"
addons/quimibond_sgi/models/sgi_mp_change.py,65,R8180,consider-merging-classes-inherited,"Consider merging classes inherited to ""approval.request"" from quimibond_sgi/models/sgi_doc_change.py:22:4, quimibond_sgi/models/sgi_doc_change_sign.py:52:4, quimibond_sgi/models/sgi_links.py:120:4."
addons/quimibond_sgi/models/sgi_my_procedure_sign.py,123,R8180,consider-merging-classes-inherited,"Consider merging classes inherited to ""sign.request"" from quimibond_sgi/models/sgi_doc_change_sign.py:330:4."
addons/quimibond_sgi/models/sgi_integration.py,147,R8180,consider-merging-classes-inherited,"Consider merging classes inherited to ""maintenance.request"" from quimibond_sgi/models/sgi_checklist.py:127:4."
addons/quimibond_sgi/models/sgi_sign_elearning.py,22,R8180,consider-merging-classes-inherited,"Consider merging classes inherited to ""documents.document"" from quimibond_sgi/models/sgi_document.py:29:4, quimibond_sgi/models/sgi_external_doc.py:17:4, quimibond_sgi/models/sgi_instruction_knowledge"
addons/quimibond_sgi/models/sgi_my_procedure_screen.py,286,R8180,consider-merging-classes-inherited,"Consider merging classes inherited to ""sgi.activity.role"" from quimibond_sgi/models/sgi_activity_spec.py:446:4, quimibond_sgi/models/sgi_approval_native.py:75:4, quimibond_sgi/models/sgi_mp_change.py:"
addons/quimibond_sgi/models/sgi_my_procedure.py,684,R8180,consider-merging-classes-inherited,"Consider merging classes inherited to ""sgi.cron"" from quimibond_sgi/models/sgi_customer_reply.py:174:4, quimibond_sgi/models/sgi_external_doc.py:64:4, quimibond_sgi/models/sgi_hse_records.py:106:4, qu"
addons/quimibond_sgi/models/sgi_nonconformity.py,60,R8180,consider-merging-classes-inherited,"Consider merging classes inherited to ""quality.alert"" from quimibond_sgi/models/sgi_customer_reply.py:36:4, quimibond_sgi/models/sgi_incident.py:7:4, quimibond_sgi/models/sgi_indicator.py:1452:4, quim"
addons/quimibond_sgi/models/sgi_integration.py,348,R8180,consider-merging-classes-inherited,"Consider merging classes inherited to ""ir.ui.menu"" from quimibond_sgi/models/sgi_cleanup.py:108:4."
addons/quimibond_sgi/models/sgi_supplier_eval.py,18,R8180,consider-merging-classes-inherited,"Consider merging classes inherited to ""res.partner"" from quimibond_sgi/models/sgi_coa.py:53:4, quimibond_sgi/models/sgi_integration.py:301:4, quimibond_sgi/models/sgi_ppap.py:171:4."
addons/quimibond_sgi/models/sgi_ppap.py,195,R8180,consider-merging-classes-inherited,"Consider merging classes inherited to ""product.template"" from quimibond_sgi/models/sgi_integration.py:204:4, quimibond_sgi/models/sgi_kpi_fields.py:59:4, quimibond_sgi/models/sgi_links.py:82:4."
addons/quimibond_sgi/models/sgi_sign_record.py,95,R8180,consider-merging-classes-inherited,"Consider merging classes inherited to ""product.product"" from quimibond_sgi/models/sgi_integration.py:234:4, quimibond_sgi/models/sgi_ppap.py:222:4."
addons/quimibond_sgi/models/sgi_msa.py,15,R8180,consider-merging-classes-inherited,"Consider merging classes inherited to ""maintenance.equipment"" from quimibond_sgi/models/sgi_calibration.py:51:4."
addons/quimibond_sgi/models/sgi_management_review.py,428,R8180,consider-merging-classes-inherited,"Consider merging classes inherited to ""sgi.action.line"" from quimibond_sgi/models/sgi_indicator_plan.py:71:4."
addons/quimibond_sgi/models/sgi_sign_record.py,145,R8180,consider-merging-classes-inherited,"Consider merging classes inherited to ""sgi.deliverable"" from quimibond_sgi/models/sgi_activity_spec.py:566:4."
addons/quimibond_sgi/models/sgi_my_pending.py,263,R8180,consider-merging-classes-inherited,"Consider merging classes inherited to ""sgi.my.procedure"" from quimibond_sgi/models/sgi_mp_change.py:136:4."
addons/quimibond_sgi/models/sgi_links.py,64,R8180,consider-merging-classes-inherited,"Consider merging classes inherited to ""project.task"" from quimibond_sgi/models/sgi_improvement.py:19:4."
addons/quimibond_sgi/models/sgi_release.py,43,R8180,consider-merging-classes-inherited,"Consider merging classes inherited to ""stock.picking"" from quimibond_sgi/models/sgi_coa.py:93:4, quimibond_sgi/models/sgi_integration.py:7:4, quimibond_sgi/models/sgi_kpi_fields.py:82:4, quimibond_sgi"
addons/quimibond_sgi/models/sgi_links.py,143,R8180,consider-merging-classes-inherited,"Consider merging classes inherited to ""account.move"" from quimibond_sgi/models/sgi_kpi_fields.py:142:4."
addons/quimibond_sgi/models/sgi_links.py,110,R8180,consider-merging-classes-inherited,"Consider merging classes inherited to ""purchase.order"" from quimibond_sgi/models/sgi_integration.py:110:4."
addons/quimibond_sgi/models/sgi_settings.py,12,R8180,consider-merging-classes-inherited,"Consider merging classes inherited to ""res.config.settings"" from quimibond_sgi/models/sgi_epp_sign.py:131:4, quimibond_sgi/models/sgi_my_procedure_sign.py:137:4."
addons/quimibond_sgi/models/sgi_my_procedure_screen.py,933,R8180,consider-merging-classes-inherited,"Consider merging classes inherited to ""hr.employee.public"" from quimibond_sgi/models/sgi_my_pending.py:288:4."
