n,tipo,elemento,ubicacion,detalle,clasificacion,hallazgo,fuente,nota
1,modelo propio,sgi.activity.spec.gap,addons/quimibond_sgi/models/sgi_activity_spec.py:117,Model,Se corrige,H-011,coincidencia de nombre en hallazgo,
2,modelo heredado,sgi.process.activity,addons/quimibond_sgi/models/sgi_activity_spec.py:137,Model,Se corrige,B-008 B-009 B-011 B-012 E-002 E-010 G-002 H-001 H-003 H-012 H-016 H-017 J-023 L-018,coincidencia de nombre en hallazgo,
3,modelo heredado,sgi.activity.role,addons/quimibond_sgi/models/sgi_activity_spec.py:445,Model,Se corrige,B-011 H-001 H-018,coincidencia de nombre en hallazgo,
4,modelo heredado,sgi.activity.input,addons/quimibond_sgi/models/sgi_activity_spec.py:466,Model,Se queda,,defecto,
5,modelo heredado,sgi.deliverable,addons/quimibond_sgi/models/sgi_activity_spec.py:565,Model,Se corrige,H-004 H-006 H-007 H-008 H-009 H-010 H-013,coincidencia de nombre en hallazgo,
6,modelo heredado,sgi.process,addons/quimibond_sgi/models/sgi_activity_spec.py:596,Model,Se corrige,A-002 B-002 B-008 B-009 B-011 B-012 C-001 C-013 E-002 E-010 G-002 H-001 H-002 H-003 H-012 H-016 H-017 H-022 J-023 L-001 L-018,coincidencia de nombre en hallazgo,
7,modelo heredado,sgi.indicator,addons/quimibond_sgi/models/sgi_activity_spec.py:697,Model,Se corrige,A-004 B-010 B-011 B-012 G-004,coincidencia de nombre en hallazgo,
8,modelo heredado,ir.config_parameter,addons/quimibond_sgi/models/sgi_activity_spec.py:822,Model,Se corrige,A-004 F-001 I-003,coincidencia de nombre en hallazgo,
9,modelo propio,sgi.activity.week.stat,addons/quimibond_sgi/models/sgi_activity_spec.py:842,Model,Se queda,,defecto,
10,modelo heredado,sgi.process.activity,addons/quimibond_sgi/models/sgi_activity_spec.py:914,Model,Se corrige,B-008 B-009 B-011 B-012 E-002 E-010 G-002 H-001 H-003 H-012 H-016 H-017 J-023 L-018,coincidencia de nombre en hallazgo,
11,modelo propio,sgi.alert.source,addons/quimibond_sgi/models/sgi_alert_source.py:20,Model,Se corrige,A-021 D-014,coincidencia de nombre en hallazgo,
12,modelo heredado,studio.approval.rule,addons/quimibond_sgi/models/sgi_approval_native.py:58,Model,Se queda,A-010,coincidencia de nombre en hallazgo,
13,modelo heredado,approval.category,addons/quimibond_sgi/models/sgi_approval_native.py:66,Model,Se corrige,B-022 H-014,coincidencia de nombre en hallazgo,
14,modelo heredado,sgi.activity.role,addons/quimibond_sgi/models/sgi_approval_native.py:74,Model,Se corrige,B-011 H-001 H-018,coincidencia de nombre en hallazgo,
15,modelo heredado,sgi.process.activity,addons/quimibond_sgi/models/sgi_approval_native.py:401,Model,Se corrige,B-008 B-009 B-011 B-012 E-002 E-010 G-002 H-001 H-003 H-012 H-016 H-017 J-023 L-018,coincidencia de nombre en hallazgo,
16,modelo heredado,hr.job,addons/quimibond_sgi/models/sgi_archived_filters.py:28,Model,Se corrige,A-008 D-019 G-015 H-001,coincidencia de nombre en hallazgo,
17,modelo heredado,sgi.process,addons/quimibond_sgi/models/sgi_archived_filters.py:35,Model,Se corrige,A-002 B-002 B-008 B-009 B-011 B-012 C-001 C-013 E-002 E-010 G-002 H-001 H-002 H-003 H-012 H-016 H-017 H-022 J-023 L-001 L-018,coincidencia de nombre en hallazgo,
18,modelo heredado,sgi.my.pending,addons/quimibond_sgi/models/sgi_archived_filters.py:48,TransientModel,Se corrige,A-024 I-001 I-002 I-022,coincidencia de nombre en hallazgo,
19,modelo propio,sgi.area,addons/quimibond_sgi/models/sgi_area.py:5,Model,Se corrige,C-013 C-020 D-014,coincidencia de nombre en hallazgo,
20,modelo propio,sgi.audit.program,addons/quimibond_sgi/models/sgi_audit.py:32,Model,Se corrige,D-014,coincidencia de nombre en hallazgo,
21,modelo propio,sgi.audit.program.line,addons/quimibond_sgi/models/sgi_audit.py:120,Model,Se queda,,defecto,
22,modelo propio,sgi.audit,addons/quimibond_sgi/models/sgi_audit.py:165,Model,Se queda,,defecto,
23,modelo propio,sgi.audit.finding,addons/quimibond_sgi/models/sgi_audit.py:528,Model,Se queda,,defecto,
24,modelo propio,sgi.audit.checklist.line,addons/quimibond_sgi/models/sgi_audit.py:610,Model,Se queda,,defecto,
25,modelo propio,sgi.base.mixin,addons/quimibond_sgi/models/sgi_base.py:23,AbstractModel,Se corrige,B-012,coincidencia de nombre en hallazgo,
26,modelo heredado,budget.analytic,addons/quimibond_sgi/models/sgi_budget_analytic.py:10,Model,Sale a otro módulo,A-016 D-018,decisión (módulo que sale / modelo que se retira),
27,modelo heredado,sgi.process.activity,addons/quimibond_sgi/models/sgi_business_line.py:66,Model,Se corrige,B-008 B-009 B-011 B-012 E-002 E-010 G-002 H-001 H-003 H-012 H-016 H-017 J-023 L-018,coincidencia de nombre en hallazgo,
28,modelo heredado,sgi.process,addons/quimibond_sgi/models/sgi_business_line.py:122,Model,Se corrige,A-002 B-002 B-008 B-009 B-011 B-012 C-001 C-013 E-002 E-010 G-002 H-001 H-002 H-003 H-012 H-016 H-017 H-022 J-023 L-001 L-018,coincidencia de nombre en hallazgo,
29,modelo heredado,hr.job,addons/quimibond_sgi/models/sgi_business_line.py:142,Model,Se corrige,A-008 D-019 G-015 H-001,coincidencia de nombre en hallazgo,
30,modelo heredado,hr.employee,addons/quimibond_sgi/models/sgi_business_line.py:187,Model,Se corrige,A-008 B-011 D-001 D-019 F-004 F-007 H-001 I-005 J-017,coincidencia de nombre en hallazgo,
31,modelo heredado,crm.team.member,addons/quimibond_sgi/models/sgi_business_line.py:201,Model,Se queda,,defecto,
32,modelo heredado,crm.team,addons/quimibond_sgi/models/sgi_business_line.py:228,Model,Se queda,,defecto,
33,modelo heredado,sgi.activity.exec.stat,addons/quimibond_sgi/models/sgi_business_line.py:241,Model,Se queda,,defecto,
34,modelo heredado,sgi.indicator,addons/quimibond_sgi/models/sgi_business_line.py:258,Model,Se corrige,A-004 B-010 B-011 B-012 G-004,coincidencia de nombre en hallazgo,
35,modelo heredado,sgi.indicator.term,addons/quimibond_sgi/models/sgi_business_line.py:359,Model,Se corrige,A-004,coincidencia de nombre en hallazgo,
36,modelo heredado,sgi.indicator.measure,addons/quimibond_sgi/models/sgi_business_line.py:410,Model,Se corrige,B-011 G-004,coincidencia de nombre en hallazgo,
37,modelo propio,sgi.indicator.measure.split,addons/quimibond_sgi/models/sgi_business_line.py:417,Model,Se queda,,defecto,
38,modelo heredado,quality.check,addons/quimibond_sgi/models/sgi_calibration.py:8,Model,Se queda,,defecto,
39,modelo heredado,maintenance.equipment,addons/quimibond_sgi/models/sgi_calibration.py:50,Model,Se queda,,defecto,
40,modelo propio,sgi.calibration,addons/quimibond_sgi/models/sgi_calibration.py:121,Model,Se queda,F-010,coincidencia de nombre en hallazgo,
41,modelo propio,sgi.job.family,addons/quimibond_sgi/models/sgi_catalog.py:57,Model,Se corrige,D-014 H-001 H-014,coincidencia de nombre en hallazgo,
42,modelo propio,sgi.activity.role,addons/quimibond_sgi/models/sgi_catalog.py:114,Model,Se corrige,B-011 H-001 H-018,coincidencia de nombre en hallazgo,
43,modelo heredado,hr.job,addons/quimibond_sgi/models/sgi_catalog.py:307,Model,Se corrige,A-008 D-019 G-015 H-001,coincidencia de nombre en hallazgo,
44,modelo propio,sgi.document.type,addons/quimibond_sgi/models/sgi_catalog.py:566,Model,Se corrige,B-012 C-007 D-014,coincidencia de nombre en hallazgo,
45,modelo heredado,sgi.config,addons/quimibond_sgi/models/sgi_catalog.py:712,AbstractModel,Se corrige,A-022 A-024 B-001 B-002 B-007 F-008,coincidencia de nombre en hallazgo,
46,modelo propio,sgi.checklist.template,addons/quimibond_sgi/models/sgi_checklist.py:25,Model,Se corrige,D-014 F-014 H-013 I-005,coincidencia de nombre en hallazgo,
47,modelo propio,sgi.checklist.template.item,addons/quimibond_sgi/models/sgi_checklist.py:100,Model,Se queda,,defecto,
48,modelo propio,sgi.checklist.line,addons/quimibond_sgi/models/sgi_checklist.py:111,Model,Se queda,,defecto,
49,modelo heredado,maintenance.request,addons/quimibond_sgi/models/sgi_checklist.py:126,Model,Se queda,,defecto,
50,modelo propio,sgi.checklist.finish,addons/quimibond_sgi/models/sgi_checklist.py:183,TransientModel,Se corrige,F-018 I-005,coincidencia de nombre en hallazgo,
51,modelo heredado,ir.ui.menu,addons/quimibond_sgi/models/sgi_cleanup.py:107,Model,Se corrige,E-010 I-009,coincidencia de nombre en hallazgo,
52,modelo heredado,sgi.process,addons/quimibond_sgi/models/sgi_cleanup.py:145,Model,Se corrige,A-002 B-002 B-008 B-009 B-011 B-012 C-001 C-013 E-002 E-010 G-002 H-001 H-002 H-003 H-012 H-016 H-017 H-022 J-023 L-001 L-018,coincidencia de nombre en hallazgo,
53,modelo heredado,res.partner,addons/quimibond_sgi/models/sgi_coa.py:52,Model,Se corrige,D-001,coincidencia de nombre en hallazgo,
54,modelo heredado,stock.picking,addons/quimibond_sgi/models/sgi_coa.py:92,Model,Se corrige,A-008 D-001 D-019,coincidencia de nombre en hallazgo,
55,modelo heredado,sale.order,addons/quimibond_sgi/models/sgi_coa.py:211,Model,Se queda,,defecto,
56,modelo propio,sgi.coa.attach.wizard,addons/quimibond_sgi/models/sgi_coa.py:242,TransientModel,Se queda,,defecto,
57,modelo propio,sgi.coa.exception.wizard,addons/quimibond_sgi/models/sgi_coa.py:289,TransientModel,Se queda,,defecto,
58,modelo propio,sgi.coa.inbox,addons/quimibond_sgi/models/sgi_coa.py:309,Model,Se corrige,A-018 F-010 F-014,coincidencia de nombre en hallazgo,
59,modelo heredado,hr.employee,addons/quimibond_sgi/models/sgi_competence.py:5,Model,Se corrige,A-008 B-011 D-001 D-019 F-004 F-007 H-001 I-005 J-017,coincidencia de nombre en hallazgo,
60,modelo propio,sgi.competence.gap,addons/quimibond_sgi/models/sgi_competence.py:30,Model,Se queda,,defecto,
61,modelo heredado,hr.department,addons/quimibond_sgi/models/sgi_competence.py:80,Model,Se queda,H-001,coincidencia de nombre en hallazgo,
62,modelo heredado,helpdesk.ticket,addons/quimibond_sgi/models/sgi_complaint.py:5,Model,Se corrige,J-017,coincidencia de nombre en hallazgo,
63,modelo propio,sgi.interested.party,addons/quimibond_sgi/models/sgi_context.py:15,Model,Se corrige,D-014,coincidencia de nombre en hallazgo,
64,modelo heredado,quality.point,addons/quimibond_sgi/models/sgi_control_plan.py:8,Model,Se queda,,defecto,
65,modelo propio,sgi.control.plan,addons/quimibond_sgi/models/sgi_control_plan.py:56,Model,Se corrige,A-021 C-013 F-010,coincidencia de nombre en hallazgo,
66,modelo heredado,stock.lot,addons/quimibond_sgi/models/sgi_control_plan.py:171,Model,Se queda,,defecto,
67,modelo propio,sgi.cron,addons/quimibond_sgi/models/sgi_cron.py:12,AbstractModel,Se corrige,F-008,coincidencia de nombre en hallazgo,
68,modelo heredado,crm.team,addons/quimibond_sgi/models/sgi_customer_reply.py:26,Model,Se queda,,defecto,
69,modelo heredado,quality.alert,addons/quimibond_sgi/models/sgi_customer_reply.py:35,Model,Se corrige,A-021 C-013 F-006 G-026 J-017,coincidencia de nombre en hallazgo,
70,modelo heredado,sgi.cron,addons/quimibond_sgi/models/sgi_customer_reply.py:173,AbstractModel,Se corrige,F-008,coincidencia de nombre en hallazgo,
71,modelo propio,sgi.process.stage,addons/quimibond_sgi/models/sgi_deliverable.py:29,Model,Se corrige,J-023,coincidencia de nombre en hallazgo,
72,modelo propio,sgi.deliverable,addons/quimibond_sgi/models/sgi_deliverable.py:82,Model,Se corrige,H-004 H-006 H-007 H-008 H-009 H-010 H-013,coincidencia de nombre en hallazgo,
73,modelo propio,sgi.activity.input,addons/quimibond_sgi/models/sgi_deliverable.py:321,Model,Se queda,,defecto,
74,modelo heredado,sgi.process,addons/quimibond_sgi/models/sgi_deliverable.py:383,Model,Se corrige,A-002 B-002 B-008 B-009 B-011 B-012 C-001 C-013 E-002 E-010 G-002 H-001 H-002 H-003 H-012 H-016 H-017 H-022 J-023 L-001 L-018,coincidencia de nombre en hallazgo,
75,modelo propio,sgi.calculated.connection.mixin,addons/quimibond_sgi/models/sgi_deliverable.py:426,AbstractModel,Se queda,,defecto,
76,modelo heredado,sgi.process.flow,addons/quimibond_sgi/models/sgi_deliverable.py:486,Model,Se corrige,A-002,coincidencia de nombre en hallazgo,
77,modelo heredado,sgi.activity.link,addons/quimibond_sgi/models/sgi_deliverable.py:510,Model,Se queda,,defecto,
78,modelo heredado,sgi.process.activity,addons/quimibond_sgi/models/sgi_deliverable.py:561,Model,Se corrige,B-008 B-009 B-011 B-012 E-002 E-010 G-002 H-001 H-003 H-012 H-016 H-017 J-023 L-018,coincidencia de nombre en hallazgo,
79,modelo heredado,project.project,addons/quimibond_sgi/models/sgi_dev_request.py:61,Model,Se queda,,defecto,
80,modelo propio,sgi.dev.characteristic,addons/quimibond_sgi/models/sgi_dev_request.py:127,Model,Se queda,,defecto,
81,modelo propio,sgi.diagnostic.line,addons/quimibond_sgi/models/sgi_diagnostic.py:23,TransientModel,Se queda,,defecto,
82,modelo propio,sgi.diagnostic,addons/quimibond_sgi/models/sgi_diagnostic.py:37,TransientModel,Se queda,,defecto,
83,modelo propio,sgi.diagram,addons/quimibond_sgi/models/sgi_diagram.py:72,AbstractModel,Se queda,,defecto,
84,modelo heredado,sgi.diagram,addons/quimibond_sgi/models/sgi_diagram_iso.py:47,AbstractModel,Se queda,,defecto,
85,modelo heredado,ir.ui.view,addons/quimibond_sgi/models/sgi_diagram_view.py:21,Model,Se queda,,defecto,
86,modelo heredado,ir.actions.act_window.view,addons/quimibond_sgi/models/sgi_diagram_view.py:48,Model,Se queda,,defecto,
87,modelo heredado,sgi.indicator,addons/quimibond_sgi/models/sgi_direction_board.py:17,Model,Se corrige,A-004 B-010 B-011 B-012 G-004,coincidencia de nombre en hallazgo,
88,modelo propio,sgi.direction.board,addons/quimibond_sgi/models/sgi_direction_board.py:54,TransientModel,Se queda,,defecto,
89,modelo heredado,approval.category,addons/quimibond_sgi/models/sgi_doc_change.py:10,Model,Se corrige,B-022 H-014,coincidencia de nombre en hallazgo,
90,modelo heredado,approval.request,addons/quimibond_sgi/models/sgi_doc_change.py:21,Model,Se corrige,B-011 B-022 F-005 I-007,coincidencia de nombre en hallazgo,
91,modelo heredado,approval.category,addons/quimibond_sgi/models/sgi_doc_change_sign.py:41,Model,Se corrige,B-022 H-014,coincidencia de nombre en hallazgo,
92,modelo heredado,approval.request,addons/quimibond_sgi/models/sgi_doc_change_sign.py:51,Model,Se corrige,B-011 B-022 F-005 I-007,coincidencia de nombre en hallazgo,
93,modelo heredado,sign.request.item,addons/quimibond_sgi/models/sgi_doc_change_sign.py:319,Model,Se queda,,defecto,
94,modelo heredado,sign.request,addons/quimibond_sgi/models/sgi_doc_change_sign.py:329,Model,Se corrige,F-003,coincidencia de nombre en hallazgo,
95,modelo heredado,documents.document,addons/quimibond_sgi/models/sgi_document.py:28,Model,Se corrige,B-009 C-001 C-004 C-006 C-008 C-009 C-010 C-013 E-001 E-002 E-011 H-013 H-015 H-016 I-018 L-001 L-005 L-010 L-017,coincidencia de nombre en hallazgo,
96,modelo propio,sgi.document.ack,addons/quimibond_sgi/models/sgi_document.py:754,Model,Se queda,,defecto,
97,modelo propio,sgi.emergency.plan,addons/quimibond_sgi/models/sgi_emergency.py:15,Model,Se corrige,C-013 F-010,coincidencia de nombre en hallazgo,
98,modelo propio,sgi.emergency.drill,addons/quimibond_sgi/models/sgi_emergency.py:111,Model,Se queda,F-010,coincidencia de nombre en hallazgo,
99,modelo propio,sgi.epp.delivery,addons/quimibond_sgi/models/sgi_epp.py:15,Model,Se queda,F-010 F-021,coincidencia de nombre en hallazgo,
100,modelo heredado,hr.employee,addons/quimibond_sgi/models/sgi_epp.py:104,Model,Se corrige,A-008 B-011 D-001 D-019 F-004 F-007 H-001 I-005 J-017,coincidencia de nombre en hallazgo,
101,modelo propio,sgi.epp.delivery.line,addons/quimibond_sgi/models/sgi_epp_sign.py:20,Model,Se queda,F-021,coincidencia de nombre en hallazgo,
102,modelo heredado,sgi.epp.delivery,addons/quimibond_sgi/models/sgi_epp_sign.py:34,Model,Se queda,F-010 F-021,coincidencia de nombre en hallazgo,
103,modelo heredado,res.config.settings,addons/quimibond_sgi/models/sgi_epp_sign.py:130,TransientModel,Se queda,,defecto,
104,modelo propio,sgi.activity.exec.stat,addons/quimibond_sgi/models/sgi_exec_stat.py:21,Model,Se queda,,defecto,
105,modelo heredado,documents.document,addons/quimibond_sgi/models/sgi_external_doc.py:16,Model,Se corrige,B-009 C-001 C-004 C-006 C-008 C-009 C-010 C-013 E-001 E-002 E-011 H-013 H-015 H-016 I-018 L-001 L-005 L-010 L-017,coincidencia de nombre en hallazgo,
106,modelo heredado,sgi.cron,addons/quimibond_sgi/models/sgi_external_doc.py:63,AbstractModel,Se corrige,F-008,coincidencia de nombre en hallazgo,
107,modelo propio,sgi.fmea,addons/quimibond_sgi/models/sgi_fmea.py:8,Model,Sale a otro módulo,A-018 A-021 F-010,decisión (módulo que sale / modelo que se retira),
108,modelo propio,sgi.fmea.line,addons/quimibond_sgi/models/sgi_fmea.py:146,Model,Sale a otro módulo,A-018,decisión (módulo que sale / modelo que se retira),
109,modelo propio,sgi.format.map,addons/quimibond_sgi/models/sgi_format_map.py:13,Model,Se corrige,A-022 C-006 D-014,coincidencia de nombre en hallazgo,
110,modelo propio,sgi.config,addons/quimibond_sgi/models/sgi_format_map.py:67,AbstractModel,Se corrige,A-022 A-024 B-001 B-002 B-007 F-008,coincidencia de nombre en hallazgo,
111,modelo propio,sgi.format.mixin,addons/quimibond_sgi/models/sgi_format_map.py:649,AbstractModel,Se corrige,A-022,coincidencia de nombre en hallazgo,
112,modelo heredado,sale.order,addons/quimibond_sgi/models/sgi_format_map.py:684,Model,Se queda,,defecto,
113,modelo heredado,purchase.order,addons/quimibond_sgi/models/sgi_format_map.py:695,Model,Se corrige,B-022 D-001,coincidencia de nombre en hallazgo,
114,modelo heredado,stock.picking,addons/quimibond_sgi/models/sgi_format_map.py:700,Model,Se corrige,A-008 D-001 D-019,coincidencia de nombre en hallazgo,
115,modelo heredado,mrp.production,addons/quimibond_sgi/models/sgi_format_map.py:709,Model,Se corrige,D-001,coincidencia de nombre en hallazgo,
116,modelo heredado,maintenance.request,addons/quimibond_sgi/models/sgi_format_map.py:714,Model,Se queda,,defecto,
117,modelo heredado,quality.alert,addons/quimibond_sgi/models/sgi_format_map.py:719,Model,Se corrige,A-021 C-013 F-006 G-026 J-017,coincidencia de nombre en hallazgo,
118,modelo heredado,stock.lot,addons/quimibond_sgi/models/sgi_format_map.py:724,Model,Se queda,,defecto,
119,modelo heredado,sgi.management.review,addons/quimibond_sgi/models/sgi_format_map.py:729,Model,Se corrige,B-009 D-014,coincidencia de nombre en hallazgo,
120,modelo heredado,res.groups,addons/quimibond_sgi/models/sgi_groups_cleanup.py:26,Model,Se elimina,B-005 H-001,decisión (archivo),
121,modelo heredado,sgi.process.activity,addons/quimibond_sgi/models/sgi_hierarchy.py:16,Model,Se corrige,B-008 B-009 B-011 B-012 E-002 E-010 G-002 H-001 H-003 H-012 H-016 H-017 J-023 L-018,coincidencia de nombre en hallazgo,
122,modelo heredado,sgi.process,addons/quimibond_sgi/models/sgi_hierarchy.py:52,Model,Se corrige,A-002 B-002 B-008 B-009 B-011 B-012 C-001 C-013 E-002 E-010 G-002 H-001 H-002 H-003 H-012 H-016 H-017 H-022 J-023 L-001 L-018,coincidencia de nombre en hallazgo,
123,modelo propio,sgi.health.record,addons/quimibond_sgi/models/sgi_hse_records.py:29,Model,Se corrige,F-004 F-014 F-019,coincidencia de nombre en hallazgo,
124,modelo heredado,hr.employee,addons/quimibond_sgi/models/sgi_hse_records.py:97,Model,Se corrige,A-008 B-011 D-001 D-019 F-004 F-007 H-001 I-005 J-017,coincidencia de nombre en hallazgo,
125,modelo heredado,sgi.cron,addons/quimibond_sgi/models/sgi_hse_records.py:105,AbstractModel,Se corrige,F-008,coincidencia de nombre en hallazgo,
126,modelo propio,sgi.csh.inspection,addons/quimibond_sgi/models/sgi_hse_records.py:116,Model,Se corrige,D-014 F-010 F-014,coincidencia de nombre en hallazgo,
127,modelo propio,sgi.csh.finding,addons/quimibond_sgi/models/sgi_hse_records.py:175,Model,Se queda,,defecto,
128,modelo heredado,project.project,addons/quimibond_sgi/models/sgi_improvement.py:6,Model,Se queda,,defecto,
129,modelo heredado,project.task.type,addons/quimibond_sgi/models/sgi_improvement.py:12,Model,Se queda,,defecto,
130,modelo heredado,project.task,addons/quimibond_sgi/models/sgi_improvement.py:18,Model,Se queda,,defecto,
131,modelo heredado,quality.alert,addons/quimibond_sgi/models/sgi_incident.py:6,Model,Se corrige,A-021 C-013 F-006 G-026 J-017,coincidencia de nombre en hallazgo,
132,modelo propio,sgi.incident,addons/quimibond_sgi/models/sgi_incident.py:13,Model,Se queda,F-009,coincidencia de nombre en hallazgo,
133,modelo propio,sgi.indicator,addons/quimibond_sgi/models/sgi_indicator.py:63,Model,Se corrige,A-004 B-010 B-011 B-012 G-004,coincidencia de nombre en hallazgo,
134,modelo propio,sgi.indicator.measure,addons/quimibond_sgi/models/sgi_indicator.py:1038,Model,Se corrige,B-011 G-004,coincidencia de nombre en hallazgo,
135,modelo heredado,quality.alert,addons/quimibond_sgi/models/sgi_indicator.py:1451,Model,Se corrige,A-021 C-013 F-006 G-026 J-017,coincidencia de nombre en hallazgo,
136,modelo heredado,sgi.indicator,addons/quimibond_sgi/models/sgi_indicator_detail.py:35,Model,Se corrige,A-004 B-010 B-011 B-012 G-004,coincidencia de nombre en hallazgo,
137,modelo heredado,sgi.indicator.measure,addons/quimibond_sgi/models/sgi_indicator_detail.py:281,Model,Se corrige,B-011 G-004,coincidencia de nombre en hallazgo,
138,modelo propio,sgi.indicator.term,addons/quimibond_sgi/models/sgi_indicator_formula.py:77,Model,Se corrige,A-004,coincidencia de nombre en hallazgo,
139,modelo heredado,sgi.indicator,addons/quimibond_sgi/models/sgi_indicator_formula.py:338,Model,Se corrige,A-004 B-010 B-011 B-012 G-004,coincidencia de nombre en hallazgo,
140,modelo heredado,sgi.indicator.measure,addons/quimibond_sgi/models/sgi_indicator_formula.py:495,Model,Se corrige,B-011 G-004,coincidencia de nombre en hallazgo,
141,modelo heredado,sgi.indicator,addons/quimibond_sgi/models/sgi_indicator_i3.py:39,Model,Se corrige,A-004 B-010 B-011 B-012 G-004,coincidencia de nombre en hallazgo,
142,modelo heredado,sgi.indicator,addons/quimibond_sgi/models/sgi_indicator_p21.py:33,Model,Se corrige,A-004 B-010 B-011 B-012 G-004,coincidencia de nombre en hallazgo,
143,modelo heredado,sgi.indicator,addons/quimibond_sgi/models/sgi_indicator_plan.py:47,Model,Se corrige,A-004 B-010 B-011 B-012 G-004,coincidencia de nombre en hallazgo,
144,modelo heredado,sgi.action.line,addons/quimibond_sgi/models/sgi_indicator_plan.py:70,Model,Se corrige,D-007,coincidencia de nombre en hallazgo,
145,modelo heredado,sgi.indicator.measure,addons/quimibond_sgi/models/sgi_indicator_plan.py:108,Model,Se corrige,B-011 G-004,coincidencia de nombre en hallazgo,
146,modelo heredado,sgi.cron,addons/quimibond_sgi/models/sgi_indicator_plan.py:218,AbstractModel,Se corrige,F-008,coincidencia de nombre en hallazgo,
147,modelo heredado,sgi.management.review,addons/quimibond_sgi/models/sgi_indicator_plan.py:265,Model,Se corrige,B-009 D-014,coincidencia de nombre en hallazgo,
148,modelo propio,sgi.indicator.step,addons/quimibond_sgi/models/sgi_indicator_trajectory.py:31,Model,Se queda,,defecto,
149,modelo heredado,sgi.indicator,addons/quimibond_sgi/models/sgi_indicator_trajectory.py:76,Model,Se corrige,A-004 B-010 B-011 B-012 G-004,coincidencia de nombre en hallazgo,
150,modelo heredado,sgi.indicator.measure,addons/quimibond_sgi/models/sgi_indicator_trajectory.py:218,Model,Se corrige,B-011 G-004,coincidencia de nombre en hallazgo,
151,modelo heredado,sgi.process.activity,addons/quimibond_sgi/models/sgi_instruction_knowledge.py:15,Model,Se corrige,B-008 B-009 B-011 B-012 E-002 E-010 G-002 H-001 H-003 H-012 H-016 H-017 J-023 L-018,coincidencia de nombre en hallazgo,
152,modelo heredado,documents.document,addons/quimibond_sgi/models/sgi_instruction_knowledge.py:51,Model,Se corrige,B-009 C-001 C-004 C-006 C-008 C-009 C-010 C-013 E-001 E-002 E-011 H-013 H-015 H-016 I-018 L-001 L-005 L-010 L-017,coincidencia de nombre en hallazgo,
153,modelo propio,sgi.instruction.publish,addons/quimibond_sgi/models/sgi_instruction_knowledge.py:59,TransientModel,Se queda,,defecto,
154,modelo heredado,stock.picking,addons/quimibond_sgi/models/sgi_integration.py:6,Model,Se corrige,A-008 D-001 D-019,coincidencia de nombre en hallazgo,
155,modelo heredado,mrp.production,addons/quimibond_sgi/models/sgi_integration.py:87,Model,Se corrige,D-001,coincidencia de nombre en hallazgo,
156,modelo heredado,purchase.order,addons/quimibond_sgi/models/sgi_integration.py:109,Model,Se corrige,B-022 D-001,coincidencia de nombre en hallazgo,
157,modelo heredado,maintenance.request,addons/quimibond_sgi/models/sgi_integration.py:146,Model,Se queda,,defecto,
158,modelo heredado,hr.job,addons/quimibond_sgi/models/sgi_integration.py:189,Model,Se corrige,A-008 D-019 G-015 H-001,coincidencia de nombre en hallazgo,
159,modelo heredado,product.template,addons/quimibond_sgi/models/sgi_integration.py:203,Model,Se corrige,D-019,coincidencia de nombre en hallazgo,
160,modelo heredado,product.product,addons/quimibond_sgi/models/sgi_integration.py:230,Model,Se queda,,defecto,
161,modelo heredado,hr.employee,addons/quimibond_sgi/models/sgi_integration.py:241,Model,Se corrige,A-008 B-011 D-001 D-019 F-004 F-007 H-001 I-005 J-017,coincidencia de nombre en hallazgo,
162,modelo heredado,res.partner,addons/quimibond_sgi/models/sgi_integration.py:300,Model,Se corrige,D-001,coincidencia de nombre en hallazgo,
163,modelo heredado,ir.ui.menu,addons/quimibond_sgi/models/sgi_integration.py:347,Model,Se corrige,E-010 I-009,coincidencia de nombre en hallazgo,
164,modelo heredado,product.template,addons/quimibond_sgi/models/sgi_kpi_fields.py:58,Model,Se corrige,D-019,coincidencia de nombre en hallazgo,
165,modelo heredado,sale.order,addons/quimibond_sgi/models/sgi_kpi_fields.py:66,Model,Se queda,,defecto,
166,modelo heredado,stock.picking,addons/quimibond_sgi/models/sgi_kpi_fields.py:81,Model,Se corrige,A-008 D-001 D-019,coincidencia de nombre en hallazgo,
167,modelo heredado,quality.alert,addons/quimibond_sgi/models/sgi_kpi_fields.py:113,Model,Se corrige,A-021 C-013 F-006 G-026 J-017,coincidencia de nombre en hallazgo,
168,modelo heredado,account.move.line,addons/quimibond_sgi/models/sgi_kpi_fields.py:122,Model,Se queda,,defecto,
169,modelo heredado,account.move,addons/quimibond_sgi/models/sgi_kpi_fields.py:141,Model,Se corrige,D-013,coincidencia de nombre en hallazgo,
170,modelo heredado,sgi.management.review.agreement,addons/quimibond_sgi/models/sgi_kpi_fields.py:164,Model,Se corrige,B-009,coincidencia de nombre en hallazgo,
171,modelo propio,sgi.lock.date.log,addons/quimibond_sgi/models/sgi_kpi_fields.py:182,Model,Sale a otro módulo,A-017 B-012 F-014,decisión (módulo que sale / modelo que se retira),
172,modelo heredado,res.company,addons/quimibond_sgi/models/sgi_kpi_fields.py:213,Model,Se corrige,A-017,coincidencia de nombre en hallazgo,
173,modelo propio,sgi.inventory.value,addons/quimibond_sgi/models/sgi_kpi_fields.py:232,Model,Sale a otro módulo,A-017 F-014 F-015,decisión (módulo que sale / modelo que se retira),
174,modelo heredado,hr.version,addons/quimibond_sgi/models/sgi_kpi_fields.py:272,Model,Se queda,,defecto,
175,modelo heredado,hr.employee,addons/quimibond_sgi/models/sgi_kpi_fields.py:294,Model,Se corrige,A-008 B-011 D-001 D-019 F-004 F-007 H-001 I-005 J-017,coincidencia de nombre en hallazgo,
176,modelo heredado,res.users,addons/quimibond_sgi/models/sgi_kpi_fields.py:303,Model,Se corrige,C-013 G-007 I-017 I-018,coincidencia de nombre en hallazgo,
177,modelo propio,sgi.legal.requirement,addons/quimibond_sgi/models/sgi_legal.py:21,Model,Se corrige,D-014,coincidencia de nombre en hallazgo,
178,modelo propio,sgi.legal.evaluation,addons/quimibond_sgi/models/sgi_legal.py:230,Model,Se queda,,defecto,
179,modelo propio,sgi.legal.evaluate,addons/quimibond_sgi/models/sgi_legal.py:252,TransientModel,Se queda,,defecto,
180,modelo propio,sgi.dyd.task.mixin,addons/quimibond_sgi/models/sgi_links.py:22,AbstractModel,Se queda,A-024,coincidencia de nombre en hallazgo,
181,modelo heredado,sgi.fmea,addons/quimibond_sgi/models/sgi_links.py:34,Model,Sale a otro módulo,A-018 A-021 F-010,decisión (módulo que sale / modelo que se retira),
182,modelo heredado,mrp.bom,addons/quimibond_sgi/models/sgi_links.py:39,Model,Se queda,,defecto,
183,modelo heredado,sgi.control.plan,addons/quimibond_sgi/models/sgi_links.py:44,Model,Se corrige,A-021 C-013 F-010,coincidencia de nombre en hallazgo,
184,modelo heredado,sgi.ppap,addons/quimibond_sgi/models/sgi_links.py:49,Model,Sale a otro módulo,A-018 A-021 F-010,decisión (módulo que sale / modelo que se retira),
185,modelo heredado,mrp.production,addons/quimibond_sgi/models/sgi_links.py:54,Model,Se corrige,D-001,coincidencia de nombre en hallazgo,
186,modelo heredado,project.task,addons/quimibond_sgi/models/sgi_links.py:63,Model,Se queda,,defecto,
187,modelo heredado,product.template,addons/quimibond_sgi/models/sgi_links.py:81,Model,Se corrige,D-019,coincidencia de nombre en hallazgo,
188,modelo heredado,quality.alert,addons/quimibond_sgi/models/sgi_links.py:100,Model,Se corrige,A-021 C-013 F-006 G-026 J-017,coincidencia de nombre en hallazgo,
189,modelo heredado,purchase.order,addons/quimibond_sgi/models/sgi_links.py:109,Model,Se corrige,B-022 D-001,coincidencia de nombre en hallazgo,
190,modelo heredado,approval.request,addons/quimibond_sgi/models/sgi_links.py:119,Model,Se corrige,B-011 B-022 F-005 I-007,coincidencia de nombre en hallazgo,
191,modelo heredado,account.move,addons/quimibond_sgi/models/sgi_links.py:142,Model,Se corrige,D-013,coincidencia de nombre en hallazgo,
192,modelo heredado,ir.attachment,addons/quimibond_sgi/models/sgi_links.py:166,Model,Se corrige,B-002 F-019,coincidencia de nombre en hallazgo,
193,modelo heredado,stock.picking,addons/quimibond_sgi/models/sgi_links.py:185,Model,Se corrige,A-008 D-001 D-019,coincidencia de nombre en hallazgo,
194,modelo propio,sgi.acuse.attach.wizard,addons/quimibond_sgi/models/sgi_links.py:230,TransientModel,Se corrige,A-024 B-012,coincidencia de nombre en hallazgo,
195,modelo heredado,sgi.process,addons/quimibond_sgi/models/sgi_load.py:211,Model,Se corrige,A-002 B-002 B-008 B-009 B-011 B-012 C-001 C-013 E-002 E-010 G-002 H-001 H-002 H-003 H-012 H-016 H-017 H-022 J-023 L-001 L-018,coincidencia de nombre en hallazgo,
196,modelo propio,sgi.catalog.load.wizard,addons/quimibond_sgi/models/sgi_load_wizard.py:22,TransientModel,Se queda,,defecto,
197,modelo propio,sgi.catalog.load.wizard.line,addons/quimibond_sgi/models/sgi_load_wizard.py:103,TransientModel,Se queda,,defecto,
198,modelo propio,sgi.machine.sheet,addons/quimibond_sgi/models/sgi_machine_sheet.py:26,Model,Se corrige,D-014 F-014,coincidencia de nombre en hallazgo,
199,modelo propio,sgi.machine.sheet.yarn,addons/quimibond_sgi/models/sgi_machine_sheet.py:111,Model,Se queda,,defecto,
200,modelo propio,sgi.machine.sheet.param,addons/quimibond_sgi/models/sgi_machine_sheet.py:128,Model,Se queda,,defecto,
201,modelo propio,sgi.management.review,addons/quimibond_sgi/models/sgi_management_review.py:10,Model,Se corrige,B-009 D-014,coincidencia de nombre en hallazgo,
202,modelo propio,sgi.management.review.agreement,addons/quimibond_sgi/models/sgi_management_review.py:395,Model,Se corrige,B-009,coincidencia de nombre en hallazgo,
203,modelo heredado,sgi.action.line,addons/quimibond_sgi/models/sgi_management_review.py:426,Model,Se corrige,D-007,coincidencia de nombre en hallazgo,
204,modelo heredado,approval.category,addons/quimibond_sgi/models/sgi_mp_change.py:48,Model,Se corrige,B-022 H-014,coincidencia de nombre en hallazgo,
205,modelo heredado,approval.request,addons/quimibond_sgi/models/sgi_mp_change.py:64,Model,Se corrige,B-011 B-022 F-005 I-007,coincidencia de nombre en hallazgo,
206,modelo heredado,sgi.process.activity,addons/quimibond_sgi/models/sgi_mp_change.py:113,Model,Se corrige,B-008 B-009 B-011 B-012 E-002 E-010 G-002 H-001 H-003 H-012 H-016 H-017 J-023 L-018,coincidencia de nombre en hallazgo,
207,modelo heredado,sgi.activity.role,addons/quimibond_sgi/models/sgi_mp_change.py:127,Model,Se corrige,B-011 H-001 H-018,coincidencia de nombre en hallazgo,
208,modelo heredado,sgi.my.procedure,addons/quimibond_sgi/models/sgi_mp_change.py:135,TransientModel,Se corrige,B-011 F-007 I-022,coincidencia de nombre en hallazgo,
209,modelo propio,sgi.activity.change,addons/quimibond_sgi/models/sgi_mp_change.py:156,Model,Se corrige,F-005,coincidencia de nombre en hallazgo,
210,modelo propio,sgi.activity.change.role,addons/quimibond_sgi/models/sgi_mp_change.py:511,Model,Se queda,,defecto,
211,modelo heredado,maintenance.equipment,addons/quimibond_sgi/models/sgi_msa.py:14,Model,Sale a otro módulo,A-018,decisión (archivo),
212,modelo propio,sgi.msa.study,addons/quimibond_sgi/models/sgi_msa.py:40,Model,Sale a otro módulo,A-018 F-010,decisión (módulo que sale / modelo que se retira),
213,modelo propio,sgi.my.pending,addons/quimibond_sgi/models/sgi_my_pending.py:46,TransientModel,Se corrige,A-024 I-001 I-002 I-022,coincidencia de nombre en hallazgo,
214,modelo heredado,sgi.my.procedure,addons/quimibond_sgi/models/sgi_my_pending.py:262,TransientModel,Se corrige,B-011 F-007 I-022,coincidencia de nombre en hallazgo,
215,modelo heredado,hr.employee.public,addons/quimibond_sgi/models/sgi_my_pending.py:286,Model,Se corrige,F-007,coincidencia de nombre en hallazgo,
216,modelo heredado,documents.document,addons/quimibond_sgi/models/sgi_my_procedure.py:57,Model,Se corrige,B-009 C-001 C-004 C-006 C-008 C-009 C-010 C-013 E-001 E-002 E-011 H-013 H-015 H-016 I-018 L-001 L-005 L-010 L-017,coincidencia de nombre en hallazgo,
217,modelo heredado,sgi.activity.role,addons/quimibond_sgi/models/sgi_my_procedure.py:69,Model,Se corrige,B-011 H-001 H-018,coincidencia de nombre en hallazgo,
218,modelo heredado,hr.job,addons/quimibond_sgi/models/sgi_my_procedure.py:97,Model,Se corrige,A-008 D-019 G-015 H-001,coincidencia de nombre en hallazgo,
219,modelo heredado,hr.employee,addons/quimibond_sgi/models/sgi_my_procedure.py:644,Model,Se corrige,A-008 B-011 D-001 D-019 F-004 F-007 H-001 I-005 J-017,coincidencia de nombre en hallazgo,
220,modelo heredado,sgi.cron,addons/quimibond_sgi/models/sgi_my_procedure.py:683,AbstractModel,Se corrige,F-008,coincidencia de nombre en hallazgo,
221,modelo heredado,hr.employee,addons/quimibond_sgi/models/sgi_my_procedure_screen.py:52,Model,Se corrige,A-008 B-011 D-001 D-019 F-004 F-007 H-001 I-005 J-017,coincidencia de nombre en hallazgo,
222,modelo heredado,hr.job,addons/quimibond_sgi/models/sgi_my_procedure_screen.py:79,Model,Se corrige,A-008 D-019 G-015 H-001,coincidencia de nombre en hallazgo,
223,modelo propio,sgi.my.procedure.mixin,addons/quimibond_sgi/models/sgi_my_procedure_screen.py:118,AbstractModel,Se queda,,defecto,
224,modelo heredado,hr.employee,addons/quimibond_sgi/models/sgi_my_procedure_screen.py:213,Model,Se corrige,A-008 B-011 D-001 D-019 F-004 F-007 H-001 I-005 J-017,coincidencia de nombre en hallazgo,
225,modelo heredado,hr.employee.public,addons/quimibond_sgi/models/sgi_my_procedure_screen.py:271,Model,Se corrige,F-007,coincidencia de nombre en hallazgo,
226,modelo heredado,hr.job,addons/quimibond_sgi/models/sgi_my_procedure_screen.py:276,Model,Se corrige,A-008 D-019 G-015 H-001,coincidencia de nombre en hallazgo,
227,modelo heredado,sgi.activity.role,addons/quimibond_sgi/models/sgi_my_procedure_screen.py:284,Model,Se corrige,B-011 H-001 H-018,coincidencia de nombre en hallazgo,
228,modelo propio,sgi.my.procedure,addons/quimibond_sgi/models/sgi_my_procedure_screen.py:356,TransientModel,Se corrige,B-011 F-007 I-022,coincidencia de nombre en hallazgo,
229,modelo heredado,hr.employee,addons/quimibond_sgi/models/sgi_my_procedure_screen.py:867,Model,Se corrige,A-008 B-011 D-001 D-019 F-004 F-007 H-001 I-005 J-017,coincidencia de nombre en hallazgo,
230,modelo heredado,hr.job,addons/quimibond_sgi/models/sgi_my_procedure_screen.py:875,Model,Se corrige,A-008 D-019 G-015 H-001,coincidencia de nombre en hallazgo,
231,modelo propio,sgi.my.procedure.check,addons/quimibond_sgi/models/sgi_my_procedure_screen.py:883,TransientModel,Se corrige,B-011,coincidencia de nombre en hallazgo,
232,modelo heredado,hr.employee.public,addons/quimibond_sgi/models/sgi_my_procedure_screen.py:928,Model,Se corrige,F-007,coincidencia de nombre en hallazgo,
233,modelo heredado,documents.document,addons/quimibond_sgi/models/sgi_my_procedure_sign.py:21,Model,Se corrige,B-009 C-001 C-004 C-006 C-008 C-009 C-010 C-013 E-001 E-002 E-011 H-013 H-015 H-016 I-018 L-001 L-005 L-010 L-017,coincidencia de nombre en hallazgo,
234,modelo heredado,sign.request,addons/quimibond_sgi/models/sgi_my_procedure_sign.py:122,Model,Se corrige,F-003,coincidencia de nombre en hallazgo,
235,modelo heredado,res.config.settings,addons/quimibond_sgi/models/sgi_my_procedure_sign.py:136,TransientModel,Se queda,,defecto,
236,modelo heredado,mail.activity,addons/quimibond_sgi/models/sgi_nonconformity.py:15,Model,Se corrige,D-007 G-004 I-002,coincidencia de nombre en hallazgo,
237,modelo heredado,quality.alert.stage,addons/quimibond_sgi/models/sgi_nonconformity.py:38,Model,Se queda,,defecto,
238,modelo heredado,quality.alert.team,addons/quimibond_sgi/models/sgi_nonconformity.py:45,Model,Se queda,,defecto,
239,modelo heredado,quality.alert,addons/quimibond_sgi/models/sgi_nonconformity.py:59,Model,Se corrige,A-021 C-013 F-006 G-026 J-017,coincidencia de nombre en hallazgo,
240,modelo propio,sgi.action.line,addons/quimibond_sgi/models/sgi_nonconformity.py:653,Model,Se corrige,D-007,coincidencia de nombre en hallazgo,
241,modelo propio,sgi.nc.force.close,addons/quimibond_sgi/models/sgi_nonconformity.py:901,TransientModel,Se queda,A-024,coincidencia de nombre en hallazgo,
242,modelo propio,sgi.nc.cancel,addons/quimibond_sgi/models/sgi_nonconformity.py:926,TransientModel,Se queda,,defecto,
243,modelo propio,sgi.norm,addons/quimibond_sgi/models/sgi_norm.py:5,Model,Se corrige,D-014,coincidencia de nombre en hallazgo,
244,modelo propio,sgi.norm.clause,addons/quimibond_sgi/models/sgi_norm.py:21,Model,Se corrige,C-013,coincidencia de nombre en hallazgo,
245,modelo heredado,sgi.process.activity,addons/quimibond_sgi/models/sgi_norm_compliance.py:21,Model,Se corrige,B-008 B-009 B-011 B-012 E-002 E-010 G-002 H-001 H-003 H-012 H-016 H-017 J-023 L-018,coincidencia de nombre en hallazgo,
246,modelo heredado,sgi.norm.clause,addons/quimibond_sgi/models/sgi_norm_compliance.py:41,Model,Se corrige,C-013,coincidencia de nombre en hallazgo,
247,modelo heredado,sgi.norm,addons/quimibond_sgi/models/sgi_norm_compliance.py:119,Model,Se corrige,D-014,coincidencia de nombre en hallazgo,
248,modelo heredado,sgi.audit.checklist.line,addons/quimibond_sgi/models/sgi_norm_compliance.py:164,Model,Se queda,,defecto,
249,modelo heredado,sgi.audit,addons/quimibond_sgi/models/sgi_norm_compliance.py:207,Model,Se queda,,defecto,
250,modelo propio,sgi.objective,addons/quimibond_sgi/models/sgi_objective.py:17,Model,Se corrige,C-013 D-014,coincidencia de nombre en hallazgo,
251,modelo propio,sgi.policy,addons/quimibond_sgi/models/sgi_policy.py:18,Model,Se corrige,C-013 D-014,coincidencia de nombre en hallazgo,
252,modelo propio,sgi.ppap.element.template,addons/quimibond_sgi/models/sgi_ppap.py:17,Model,Sale a otro módulo,A-018 D-014,decisión (módulo que sale / modelo que se retira),
253,modelo propio,sgi.ppap,addons/quimibond_sgi/models/sgi_ppap.py:28,Model,Sale a otro módulo,A-018 A-021 F-010,decisión (módulo que sale / modelo que se retira),
254,modelo heredado,res.partner,addons/quimibond_sgi/models/sgi_ppap.py:170,Model,Sale a otro módulo,A-018 D-001,decisión (archivo),
255,modelo heredado,product.template,addons/quimibond_sgi/models/sgi_ppap.py:194,Model,Sale a otro módulo,A-018 D-019,decisión (archivo),
256,modelo heredado,product.product,addons/quimibond_sgi/models/sgi_ppap.py:218,Model,Sale a otro módulo,A-018,decisión (archivo),
257,modelo propio,sgi.ppap.element,addons/quimibond_sgi/models/sgi_ppap.py:235,Model,Sale a otro módulo,A-018 D-014,decisión (módulo que sale / modelo que se retira),
258,modelo propio,sgi.process,addons/quimibond_sgi/models/sgi_process.py:8,Model,Se corrige,A-002 B-002 B-008 B-009 B-011 B-012 C-001 C-013 E-002 E-010 G-002 H-001 H-002 H-003 H-012 H-016 H-017 H-022 J-023 L-001 L-018,coincidencia de nombre en hallazgo,
259,modelo propio,sgi.process.flow,addons/quimibond_sgi/models/sgi_process.py:409,Model,Se corrige,A-002,coincidencia de nombre en hallazgo,
260,modelo heredado,sgi.process,addons/quimibond_sgi/models/sgi_process_procedure.py:36,Model,Se corrige,A-002 B-002 B-008 B-009 B-011 B-012 C-001 C-013 E-002 E-010 G-002 H-001 H-002 H-003 H-012 H-016 H-017 H-022 J-023 L-001 L-018,coincidencia de nombre en hallazgo,
261,modelo propio,sgi.process.responsibility,addons/quimibond_sgi/models/sgi_process_procedure.py:434,Model,Se elimina,B-002,decisión (módulo que sale / modelo que se retira),
262,modelo propio,sgi.process.activity,addons/quimibond_sgi/models/sgi_process_procedure.py:479,Model,Se corrige,B-008 B-009 B-011 B-012 E-002 E-010 G-002 H-001 H-003 H-012 H-016 H-017 J-023 L-018,coincidencia de nombre en hallazgo,
263,modelo propio,sgi.activity.link,addons/quimibond_sgi/models/sgi_process_procedure.py:1409,Model,Se queda,,defecto,
264,modelo heredado,stock.picking,addons/quimibond_sgi/models/sgi_release.py:42,Model,Se corrige,A-008 D-001 D-019,coincidencia de nombre en hallazgo,
265,modelo propio,sgi.risk.category,addons/quimibond_sgi/models/sgi_risk.py:26,Model,Se corrige,D-014,coincidencia de nombre en hallazgo,
266,modelo propio,sgi.risk,addons/quimibond_sgi/models/sgi_risk.py:35,Model,Se queda,,defecto,
267,modelo heredado,sale.order,addons/quimibond_sgi/models/sgi_sale_commitment.py:14,Model,Se queda,,defecto,
268,modelo propio,sgi.sales.budget,addons/quimibond_sgi/models/sgi_sales_budget.py:40,Model,Sale a otro módulo,A-016 B-011 F-014,decisión (módulo que sale / modelo que se retira),
269,modelo propio,sgi.sales.budget.import,addons/quimibond_sgi/models/sgi_sales_budget_import.py:37,TransientModel,Sale a otro módulo,A-016,decisión (módulo que sale / modelo que se retira),
270,modelo propio,sgi.sales.budget.line,addons/quimibond_sgi/models/sgi_sales_budget_line.py:19,Model,Sale a otro módulo,A-016,decisión (módulo que sale / modelo que se retira),
271,modelo heredado,res.config.settings,addons/quimibond_sgi/models/sgi_settings.py:5,TransientModel,Se queda,,defecto,
272,modelo propio,sgi.sign.builder,addons/quimibond_sgi/models/sgi_sign_builder.py:25,AbstractModel,Se queda,,defecto,
273,modelo heredado,documents.document,addons/quimibond_sgi/models/sgi_sign_elearning.py:21,Model,Se corrige,B-009 C-001 C-004 C-006 C-008 C-009 C-010 C-013 E-001 E-002 E-011 H-013 H-015 H-016 I-018 L-001 L-005 L-010 L-017,coincidencia de nombre en hallazgo,
274,modelo heredado,sgi.document.ack,addons/quimibond_sgi/models/sgi_sign_elearning.py:117,Model,Se queda,,defecto,
275,modelo heredado,slide.channel,addons/quimibond_sgi/models/sgi_sign_elearning.py:148,Model,Se queda,,defecto,
276,modelo propio,sgi.sign.record.mixin,addons/quimibond_sgi/models/sgi_sign_record.py:15,AbstractModel,Se corrige,F-003,coincidencia de nombre en hallazgo,
277,modelo heredado,purchase.order,addons/quimibond_sgi/models/sgi_sign_record.py:71,Model,Se corrige,B-022 D-001,coincidencia de nombre en hallazgo,
278,modelo heredado,stock.picking,addons/quimibond_sgi/models/sgi_sign_record.py:76,Model,Se corrige,A-008 D-001 D-019,coincidencia de nombre en hallazgo,
279,modelo heredado,stock.lot,addons/quimibond_sgi/models/sgi_sign_record.py:81,Model,Se queda,,defecto,
280,modelo heredado,product.template,addons/quimibond_sgi/models/sgi_sign_record.py:86,Model,Se corrige,D-019,coincidencia de nombre en hallazgo,
281,modelo heredado,product.product,addons/quimibond_sgi/models/sgi_sign_record.py:91,Model,Se queda,,defecto,
282,modelo propio,sgi.sign.request.wizard,addons/quimibond_sgi/models/sgi_sign_record.py:108,TransientModel,Se corrige,F-003 I-014,coincidencia de nombre en hallazgo,
283,modelo heredado,sgi.deliverable,addons/quimibond_sgi/models/sgi_sign_record.py:141,Model,Se corrige,H-004 H-006 H-007 H-008 H-009 H-010 H-013,coincidencia de nombre en hallazgo,
284,modelo propio,sgi.staff.efficiency,addons/quimibond_sgi/models/sgi_staff_efficiency.py:30,Model,Se corrige,F-004 F-014,coincidencia de nombre en hallazgo,
285,modelo propio,sgi.staff.efficiency.line,addons/quimibond_sgi/models/sgi_staff_efficiency.py:173,Model,Se queda,,defecto,
286,modelo heredado,sgi.process,addons/quimibond_sgi/models/sgi_structure.py:18,Model,Se corrige,A-002 B-002 B-008 B-009 B-011 B-012 C-001 C-013 E-002 E-010 G-002 H-001 H-002 H-003 H-012 H-016 H-017 H-022 J-023 L-001 L-018,coincidencia de nombre en hallazgo,
287,modelo heredado,sgi.process.activity,addons/quimibond_sgi/models/sgi_structure.py:119,Model,Se corrige,B-008 B-009 B-011 B-012 E-002 E-010 G-002 H-001 H-003 H-012 H-016 H-017 J-023 L-018,coincidencia de nombre en hallazgo,
288,modelo heredado,res.partner,addons/quimibond_sgi/models/sgi_supplier_eval.py:17,Model,Se corrige,D-001,coincidencia de nombre en hallazgo,
289,modelo propio,sgi.supplier.eval,addons/quimibond_sgi/models/sgi_supplier_eval.py:84,Model,Se queda,F-010,coincidencia de nombre en hallazgo,
290,modelo heredado,quality.alert,addons/quimibond_sgi/models/sgi_supplier_nc.py:17,Model,Se corrige,A-021 C-013 F-006 G-026 J-017,coincidencia de nombre en hallazgo,
291,campo,sgi.activity.spec.gap.activity_id,addons/quimibond_sgi/models/sgi_activity_spec.py:122,Many2one,Se corrige,C-018,03-modelo/campos_sin_help (alta),
292,campo,sgi.activity.spec.gap.process_id,addons/quimibond_sgi/models/sgi_activity_spec.py:125,Many2one,Se corrige,C-018,03-modelo/campos_sin_help (alta),
293,campo,sgi.activity.spec.gap.code,addons/quimibond_sgi/models/sgi_activity_spec.py:127,Selection,Se corrige,C-018,03-modelo/campos_sin_help (alta),
294,campo,sgi.activity.spec.gap.severity,addons/quimibond_sgi/models/sgi_activity_spec.py:128,Selection,Se corrige,C-018,03-modelo/campos_sin_help (alta),
295,campo,sgi.activity.spec.gap.message,addons/quimibond_sgi/models/sgi_activity_spec.py:132,Char,Se corrige,C-018,03-modelo/campos_sin_help (media),
296,campo,sgi.activity.spec.gap.company_id,addons/quimibond_sgi/models/sgi_activity_spec.py:133,Many2one,Se corrige,C-018,03-modelo/campos_sin_help (baja),
297,campo,sgi.process.activity.check_against,addons/quimibond_sgi/models/sgi_activity_spec.py:141,Char,Se queda,,defecto,
298,campo,sgi.process.activity.done_criteria,addons/quimibond_sgi/models/sgi_activity_spec.py:146,Text,Se queda,,defecto,
299,campo,sgi.process.activity.on_fail,addons/quimibond_sgi/models/sgi_activity_spec.py:151,Text,Se queda,,defecto,
300,campo,sgi.process.activity.due_weekday,addons/quimibond_sgi/models/sgi_activity_spec.py:156,Selection,Se queda,,defecto,
301,campo,sgi.process.activity.due_business_day,addons/quimibond_sgi/models/sgi_activity_spec.py:159,Integer,Se queda,,defecto,
302,campo,sgi.process.activity.due_month,addons/quimibond_sgi/models/sgi_activity_spec.py:165,Selection,Se corrige,H-003,coincidencia de nombre en hallazgo,
303,campo,sgi.process.activity.due_day,addons/quimibond_sgi/models/sgi_activity_spec.py:169,Integer,Se queda,,defecto,
304,campo,sgi.process.activity.exec_channel,addons/quimibond_sgi/models/sgi_activity_spec.py:173,Selection,Se queda,,defecto,
305,campo,sgi.process.activity.odoo_action_id,addons/quimibond_sgi/models/sgi_activity_spec.py:176,Many2one,Se queda,,defecto,
306,campo,sgi.process.activity.external_system,addons/quimibond_sgi/models/sgi_activity_spec.py:180,Char,Se queda,,defecto,
307,campo,sgi.process.activity.location_id,addons/quimibond_sgi/models/sgi_activity_spec.py:183,Many2one,Se queda,,defecto,
308,campo,sgi.process.activity.workcenter_id,addons/quimibond_sgi/models/sgi_activity_spec.py:186,Many2one,Se corrige,C-018,03-modelo/campos_sin_help (alta),
309,campo,sgi.process.activity.place_note,addons/quimibond_sgi/models/sgi_activity_spec.py:188,Char,Se queda,,defecto,
310,campo,sgi.process.activity.how_steps,addons/quimibond_sgi/models/sgi_activity_spec.py:191,Text,Se queda,,defecto,
311,campo,sgi.process.activity.spec_gap_ids,addons/quimibond_sgi/models/sgi_activity_spec.py:196,One2many,Se corrige,C-018,03-modelo/campos_sin_help (media),
312,campo,sgi.process.activity.spec_complete,addons/quimibond_sgi/models/sgi_activity_spec.py:198,Boolean,Se queda,,defecto,
313,campo,sgi.process.activity.spec_gap_summary,addons/quimibond_sgi/models/sgi_activity_spec.py:201,Text,Se corrige,C-018,03-modelo/campos_sin_help (media),
314,campo,sgi.activity.input.applies_domain,addons/quimibond_sgi/models/sgi_activity_spec.py:469,Char,Se corrige,D-016,coincidencia de nombre en hallazgo,
315,campo,sgi.activity.input.applies_note,addons/quimibond_sgi/models/sgi_activity_spec.py:474,Char,Se queda,,defecto,
316,campo,sgi.activity.input.match_path,addons/quimibond_sgi/models/sgi_activity_spec.py:476,Char,Se queda,,defecto,
317,campo,sgi.activity.input.due_field,addons/quimibond_sgi/models/sgi_activity_spec.py:483,Char,Se queda,,defecto,
318,campo,sgi.activity.input.offset_days,addons/quimibond_sgi/models/sgi_activity_spec.py:488,Integer,Se queda,,defecto,
319,campo,sgi.deliverable.complete_domain,addons/quimibond_sgi/models/sgi_activity_spec.py:568,Char,Se corrige,D-016 H-007 H-009,coincidencia de nombre en hallazgo,
320,campo,sgi.deliverable.complete_criteria,addons/quimibond_sgi/models/sgi_activity_spec.py:573,Text,Se queda,,defecto,
321,campo,sgi.process.state,addons/quimibond_sgi/models/sgi_activity_spec.py:599,Selection,Se queda,,defecto,
322,campo,sgi.process.spec_error_count,addons/quimibond_sgi/models/sgi_activity_spec.py:606,Integer,Se corrige,C-018,03-modelo/campos_sin_help (baja),
323,campo,sgi.process.spec_warning_count,addons/quimibond_sgi/models/sgi_activity_spec.py:608,Integer,Se corrige,C-018,03-modelo/campos_sin_help (baja),
324,campo,sgi.process.channel_odoo_pct,addons/quimibond_sgi/models/sgi_activity_spec.py:610,Integer,Se queda,,defecto,
325,campo,sgi.process.channel_manual_pct,addons/quimibond_sgi/models/sgi_activity_spec.py:613,Integer,Se queda,,defecto,
326,campo,sgi.process.odoo_measured_pct,addons/quimibond_sgi/models/sgi_activity_spec.py:616,Integer,Se queda,,defecto,
327,campo,sgi.indicator.baseline_value,addons/quimibond_sgi/models/sgi_activity_spec.py:700,Float,Se queda,,defecto,
328,campo,sgi.indicator.target_date,addons/quimibond_sgi/models/sgi_activity_spec.py:702,Date,Se queda,,defecto,
329,campo,sgi.indicator.spec_missing,addons/quimibond_sgi/models/sgi_activity_spec.py:705,Char,Se corrige,C-018,03-modelo/campos_sin_help (media),
330,campo,sgi.indicator.activity_id,addons/quimibond_sgi/models/sgi_activity_spec.py:709,Many2one,Se queda,,defecto,
331,campo,sgi.indicator.deliverable_id,addons/quimibond_sgi/models/sgi_activity_spec.py:712,Many2one,Se queda,,defecto,
332,campo,sgi.activity.week.stat.activity_id,addons/quimibond_sgi/models/sgi_activity_spec.py:851,Many2one,Se corrige,C-018,03-modelo/campos_sin_help (alta),
333,campo,sgi.activity.week.stat.process_id,addons/quimibond_sgi/models/sgi_activity_spec.py:854,Many2one,Se corrige,C-018,03-modelo/campos_sin_help (alta),
334,campo,sgi.activity.week.stat.exec_channel,addons/quimibond_sgi/models/sgi_activity_spec.py:856,Selection,Se corrige,C-018,03-modelo/campos_sin_help (alta),
335,campo,sgi.activity.week.stat.period_start,addons/quimibond_sgi/models/sgi_activity_spec.py:858,Date,Se corrige,C-018,03-modelo/campos_sin_help (alta),
336,campo,sgi.activity.week.stat.applicable_count,addons/quimibond_sgi/models/sgi_activity_spec.py:859,Integer,Se corrige,C-018,03-modelo/campos_sin_help (baja),
337,campo,sgi.activity.week.stat.done_count,addons/quimibond_sgi/models/sgi_activity_spec.py:860,Integer,Se corrige,C-018,03-modelo/campos_sin_help (baja),
338,campo,sgi.activity.week.stat.complete_count,addons/quimibond_sgi/models/sgi_activity_spec.py:861,Integer,Se corrige,C-018,03-modelo/campos_sin_help (baja),
339,campo,sgi.activity.week.stat.timed_count,addons/quimibond_sgi/models/sgi_activity_spec.py:862,Integer,Se queda,,defecto,
340,campo,sgi.activity.week.stat.on_time_count,addons/quimibond_sgi/models/sgi_activity_spec.py:865,Integer,Se corrige,C-018,03-modelo/campos_sin_help (baja),
341,campo,sgi.activity.week.stat.late_open_count,addons/quimibond_sgi/models/sgi_activity_spec.py:866,Integer,Se queda,,defecto,
342,campo,sgi.activity.week.stat.completeness_rate,addons/quimibond_sgi/models/sgi_activity_spec.py:869,Float,Se corrige,C-018,03-modelo/campos_sin_help (alta),
343,campo,sgi.activity.week.stat.on_time_rate,addons/quimibond_sgi/models/sgi_activity_spec.py:872,Float,Se corrige,C-018,03-modelo/campos_sin_help (alta),
344,campo,sgi.activity.week.stat.company_id,addons/quimibond_sgi/models/sgi_activity_spec.py:875,Many2one,Se corrige,C-018,03-modelo/campos_sin_help (baja),
345,campo,sgi.alert.source.code,addons/quimibond_sgi/models/sgi_alert_source.py:26,Char,Se queda,,defecto,
346,campo,sgi.alert.source.name,addons/quimibond_sgi/models/sgi_alert_source.py:30,Char,Se corrige,C-018,03-modelo/campos_sin_help (baja),
347,campo,sgi.alert.source.sequence,addons/quimibond_sgi/models/sgi_alert_source.py:31,Integer,Se corrige,C-018,03-modelo/campos_sin_help (baja),
348,campo,sgi.alert.source.enabled,addons/quimibond_sgi/models/sgi_alert_source.py:32,Boolean,Se queda,,defecto,
349,campo,sgi.alert.source.trigger_type,addons/quimibond_sgi/models/sgi_alert_source.py:37,Selection,Se queda,,defecto,
350,campo,sgi.alert.source.trigger_note,addons/quimibond_sgi/models/sgi_alert_source.py:45,Text,Se queda,,defecto,
351,campo,sgi.alert.source.origin_module,addons/quimibond_sgi/models/sgi_alert_source.py:48,Char,Se corrige,C-018,03-modelo/campos_sin_help (media),
352,campo,sgi.alert.source.alert_count,addons/quimibond_sgi/models/sgi_alert_source.py:50,Integer,Se corrige,C-018,03-modelo/campos_sin_help (baja),
353,campo,sgi.alert.source.suppressed_count,addons/quimibond_sgi/models/sgi_alert_source.py:51,Integer,Se queda,,defecto,
354,campo,sgi.alert.source.last_suppressed_on,addons/quimibond_sgi/models/sgi_alert_source.py:55,Datetime,Se corrige,C-018,03-modelo/campos_sin_help (alta),
355,campo,studio.approval.rule.sgi_role_id,addons/quimibond_sgi/models/sgi_approval_native.py:61,Many2one,Se queda,,defecto,
356,campo,approval.category.sgi_role_id,addons/quimibond_sgi/models/sgi_approval_native.py:69,Many2one,Se queda,,defecto,
357,campo,sgi.activity.role.approval_kind,addons/quimibond_sgi/models/sgi_approval_native.py:77,Selection,Se queda,,defecto,
358,campo,sgi.activity.role.approval_category_id,addons/quimibond_sgi/models/sgi_approval_native.py:81,Many2one,Se queda,,defecto,
359,campo,sgi.activity.role.approval_sign_template_id,addons/quimibond_sgi/models/sgi_approval_native.py:84,Many2one,Se corrige,C-018,03-modelo/campos_sin_help (alta),
360,campo,sgi.activity.role.approval_conflict_rule_ids,addons/quimibond_sgi/models/sgi_approval_native.py:86,Many2many,Se queda,,defecto,
361,campo,sgi.activity.role.approval_model_id,addons/quimibond_sgi/models/sgi_approval_native.py:91,Many2one,Se queda,,defecto,
362,campo,sgi.activity.role.approval_model_name,addons/quimibond_sgi/models/sgi_approval_native.py:96,Char,Se corrige,C-018,03-modelo/campos_sin_help (baja),
363,campo,sgi.activity.role.approval_method,addons/quimibond_sgi/models/sgi_approval_native.py:97,Char,Se queda,,defecto,
364,campo,sgi.activity.role.condition_field_id,addons/quimibond_sgi/models/sgi_approval_native.py:100,Many2one,Se queda,,defecto,
365,campo,sgi.activity.role.condition_operator,addons/quimibond_sgi/models/sgi_approval_native.py:105,Selection,Se corrige,C-018,03-modelo/campos_sin_help (alta),
366,campo,sgi.activity.role.condition_value,addons/quimibond_sgi/models/sgi_approval_native.py:106,Char,Se queda,,defecto,
367,campo,sgi.activity.role.approval_domain,addons/quimibond_sgi/models/sgi_approval_native.py:107,Char,Se corrige,C-018,03-modelo/campos_sin_help (baja),
368,campo,sgi.activity.role.approval_rule_id,addons/quimibond_sgi/models/sgi_approval_native.py:108,Many2one,Se corrige,C-018,03-modelo/campos_sin_help (alta),
369,campo,sgi.activity.role.approval_user_ids,addons/quimibond_sgi/models/sgi_approval_native.py:110,Many2many,Se corrige,C-018,03-modelo/campos_sin_help (alta),
370,campo,sgi.activity.role.approval_state,addons/quimibond_sgi/models/sgi_approval_native.py:112,Selection,Se corrige,C-018,03-modelo/campos_sin_help (alta),
371,campo,sgi.activity.role.approval_entry_count,addons/quimibond_sgi/models/sgi_approval_native.py:114,Integer,Se corrige,C-018,03-modelo/campos_sin_help (baja),
372,campo,sgi.activity.role.approval_last_date,addons/quimibond_sgi/models/sgi_approval_native.py:115,Datetime,Se corrige,C-018,03-modelo/campos_sin_help (alta),
373,campo,sgi.area.code,addons/quimibond_sgi/models/sgi_area.py:10,Char,Se corrige,C-018,03-modelo/campos_sin_help (media),
374,campo,sgi.area.name,addons/quimibond_sgi/models/sgi_area.py:11,Char,Se corrige,C-018,03-modelo/campos_sin_help (baja),
375,campo,sgi.area.department_id,addons/quimibond_sgi/models/sgi_area.py:12,Many2one,Se corrige,C-018,03-modelo/campos_sin_help (alta),
376,campo,sgi.area.active,addons/quimibond_sgi/models/sgi_area.py:13,Boolean,Se corrige,C-018,03-modelo/campos_sin_help (baja),
377,campo,sgi.audit.program.name,addons/quimibond_sgi/models/sgi_audit.py:38,Char,Se corrige,C-018,03-modelo/campos_sin_help (baja),
378,campo,sgi.audit.program.year,addons/quimibond_sgi/models/sgi_audit.py:39,Integer,Se corrige,C-018,03-modelo/campos_sin_help (alta),
379,campo,sgi.audit.program.state,addons/quimibond_sgi/models/sgi_audit.py:41,Selection,Se corrige,C-018,03-modelo/campos_sin_help (alta),
380,campo,sgi.audit.program.line_ids,addons/quimibond_sgi/models/sgi_audit.py:46,One2many,Se corrige,C-018,03-modelo/campos_sin_help (media),
381,campo,sgi.audit.program.line.program_id,addons/quimibond_sgi/models/sgi_audit.py:125,Many2one,Se corrige,C-018,03-modelo/campos_sin_help (baja),
382,campo,sgi.audit.program.line.process_id,addons/quimibond_sgi/models/sgi_audit.py:127,Many2one,Se corrige,C-018,03-modelo/campos_sin_help (baja),
383,campo,sgi.audit.program.line.planned_month,addons/quimibond_sgi/models/sgi_audit.py:128,Selection,Se corrige,C-018,03-modelo/campos_sin_help (baja),
384,campo,sgi.audit.program.line.audit_type,addons/quimibond_sgi/models/sgi_audit.py:129,Selection,Se corrige,C-018,03-modelo/campos_sin_help (baja),
385,campo,sgi.audit.program.line.partner_id,addons/quimibond_sgi/models/sgi_audit.py:135,Many2one,Se corrige,C-018,03-modelo/campos_sin_help (baja),
386,campo,sgi.audit.program.line.norm_ids,addons/quimibond_sgi/models/sgi_audit.py:136,Many2many,Se corrige,C-018,03-modelo/campos_sin_help (baja),
387,campo,sgi.audit.program.line.lead_auditor_id,addons/quimibond_sgi/models/sgi_audit.py:137,Many2one,Se corrige,C-018,03-modelo/campos_sin_help (baja),
388,campo,sgi.audit.program.line.state,addons/quimibond_sgi/models/sgi_audit.py:138,Selection,Se corrige,C-018,03-modelo/campos_sin_help (baja),
389,campo,sgi.audit.program.line.audit_id,addons/quimibond_sgi/models/sgi_audit.py:143,Many2one,Se corrige,C-018,03-modelo/campos_sin_help (baja),
390,campo,sgi.audit.name,addons/quimibond_sgi/models/sgi_audit.py:178,Char,Se corrige,C-018,03-modelo/campos_sin_help (baja),
391,campo,sgi.audit.program_line_id,addons/quimibond_sgi/models/sgi_audit.py:179,Many2one,Se corrige,C-018,03-modelo/campos_sin_help (alta),
392,campo,sgi.audit.audit_type,addons/quimibond_sgi/models/sgi_audit.py:180,Selection,Se corrige,C-018,03-modelo/campos_sin_help (alta),
393,campo,sgi.audit.partner_id,addons/quimibond_sgi/models/sgi_audit.py:189,Many2one,Se corrige,C-018,03-modelo/campos_sin_help (alta),
394,campo,sgi.audit.external_report_ref,addons/quimibond_sgi/models/sgi_audit.py:190,Char,Se queda,,defecto,
395,campo,sgi.audit.norm_ids,addons/quimibond_sgi/models/sgi_audit.py:192,Many2many,Se corrige,C-018,03-modelo/campos_sin_help (alta),
396,campo,sgi.audit.process_ids,addons/quimibond_sgi/models/sgi_audit.py:193,Many2many,Se corrige,C-018,03-modelo/campos_sin_help (alta),
397,campo,sgi.audit.lead_auditor_id,addons/quimibond_sgi/models/sgi_audit.py:194,Many2one,Se corrige,C-018,03-modelo/campos_sin_help (alta),
398,campo,sgi.audit.auditor_ids,addons/quimibond_sgi/models/sgi_audit.py:195,Many2many,Se corrige,C-018,03-modelo/campos_sin_help (alta),
399,campo,sgi.audit.auditee_ids,addons/quimibond_sgi/models/sgi_audit.py:197,Many2many,Se corrige,C-018,03-modelo/campos_sin_help (alta),
400,campo,sgi.audit.date_planned,addons/quimibond_sgi/models/sgi_audit.py:199,Date,Se corrige,C-018,03-modelo/campos_sin_help (alta),
401,campo,sgi.audit.date_start,addons/quimibond_sgi/models/sgi_audit.py:200,Date,Se corrige,C-018,03-modelo/campos_sin_help (alta),
402,campo,sgi.audit.date_end,addons/quimibond_sgi/models/sgi_audit.py:201,Date,Se corrige,C-018,03-modelo/campos_sin_help (alta),
403,campo,sgi.audit.survey_id,addons/quimibond_sgi/models/sgi_audit.py:202,Many2one,Se corrige,B-009 C-018,03-modelo/campos_sin_help (alta),
404,campo,sgi.audit.survey_input_ids,addons/quimibond_sgi/models/sgi_audit.py:203,Many2many,Se corrige,B-009 C-018,03-modelo/campos_sin_help (alta),
405,campo,sgi.audit.conclusion,addons/quimibond_sgi/models/sgi_audit.py:205,Text,Se corrige,C-018,03-modelo/campos_sin_help (media),
406,campo,sgi.audit.opening_minutes,addons/quimibond_sgi/models/sgi_audit.py:208,Text,Se queda,,defecto,
407,campo,sgi.audit.closing_minutes,addons/quimibond_sgi/models/sgi_audit.py:212,Text,Se queda,,defecto,
408,campo,sgi.audit.state,addons/quimibond_sgi/models/sgi_audit.py:216,Selection,Se corrige,C-018,03-modelo/campos_sin_help (alta),
409,campo,sgi.audit.finding_ids,addons/quimibond_sgi/models/sgi_audit.py:223,One2many,Se corrige,C-018,03-modelo/campos_sin_help (media),
410,campo,sgi.audit.finding_count,addons/quimibond_sgi/models/sgi_audit.py:224,Integer,Se corrige,C-018,03-modelo/campos_sin_help (baja),
411,campo,sgi.audit.checklist_line_ids,addons/quimibond_sgi/models/sgi_audit.py:226,One2many,Se corrige,C-018,03-modelo/campos_sin_help (media),
412,campo,sgi.audit.checklist_count,addons/quimibond_sgi/models/sgi_audit.py:228,Integer,Se corrige,C-018,03-modelo/campos_sin_help (baja),
413,campo,sgi.audit.checklist_answered_count,addons/quimibond_sgi/models/sgi_audit.py:229,Integer,Se corrige,C-018,03-modelo/campos_sin_help (baja),
414,campo,sgi.audit.checklist_nonconforming_count,addons/quimibond_sgi/models/sgi_audit.py:230,Integer,Se corrige,C-018,03-modelo/campos_sin_help (baja),
415,campo,sgi.audit.report_document_id,addons/quimibond_sgi/models/sgi_audit.py:232,Many2one,Se corrige,C-013 C-018,03-modelo/campos_sin_help (alta),
416,campo,sgi.audit.finding.audit_id,addons/quimibond_sgi/models/sgi_audit.py:533,Many2one,Se corrige,C-018,03-modelo/campos_sin_help (alta),
417,campo,sgi.audit.finding.finding_type,addons/quimibond_sgi/models/sgi_audit.py:535,Selection,Se corrige,C-018,03-modelo/campos_sin_help (alta),
418,campo,sgi.audit.finding.norm_clause_id,addons/quimibond_sgi/models/sgi_audit.py:542,Many2one,Se corrige,C-018,03-modelo/campos_sin_help (alta),
419,campo,sgi.audit.finding.checklist_line_id,addons/quimibond_sgi/models/sgi_audit.py:543,Many2one,Se corrige,C-018,03-modelo/campos_sin_help (baja),
420,campo,sgi.audit.finding.survey_line_id,addons/quimibond_sgi/models/sgi_audit.py:545,Many2one,Se corrige,C-018,03-modelo/campos_sin_help (baja),
421,campo,sgi.audit.finding.process_id,addons/quimibond_sgi/models/sgi_audit.py:548,Many2one,Se corrige,C-018,03-modelo/campos_sin_help (alta),
422,campo,sgi.audit.finding.description,addons/quimibond_sgi/models/sgi_audit.py:549,Text,Se corrige,C-018,03-modelo/campos_sin_help (media),
423,campo,sgi.audit.finding.evidence,addons/quimibond_sgi/models/sgi_audit.py:550,Text,Se corrige,C-018,03-modelo/campos_sin_help (baja),
424,campo,sgi.audit.finding.disposition,addons/quimibond_sgi/models/sgi_audit.py:551,Selection,Se corrige,C-018,03-modelo/campos_sin_help (alta),
425,campo,sgi.audit.finding.alert_id,addons/quimibond_sgi/models/sgi_audit.py:556,Many2one,Se corrige,C-018,03-modelo/campos_sin_help (alta),
426,campo,sgi.audit.finding.reason_no_action,addons/quimibond_sgi/models/sgi_audit.py:557,Text,Se corrige,C-018,03-modelo/campos_sin_help (baja),
427,campo,sgi.audit.checklist.line.audit_id,addons/quimibond_sgi/models/sgi_audit.py:620,Many2one,Se corrige,C-018,03-modelo/campos_sin_help (baja),
428,campo,sgi.audit.checklist.line.sequence,addons/quimibond_sgi/models/sgi_audit.py:622,Integer,Se corrige,C-018,03-modelo/campos_sin_help (baja),
429,campo,sgi.audit.checklist.line.activity_id,addons/quimibond_sgi/models/sgi_audit.py:623,Many2one,Se corrige,C-018,03-modelo/campos_sin_help (baja),
430,campo,sgi.audit.checklist.line.process_id,addons/quimibond_sgi/models/sgi_audit.py:625,Many2one,Se corrige,C-018,03-modelo/campos_sin_help (baja),
431,campo,sgi.audit.checklist.line.question,addons/quimibond_sgi/models/sgi_audit.py:626,Char,Se corrige,C-018,03-modelo/campos_sin_help (baja),
432,campo,sgi.audit.checklist.line.executor,addons/quimibond_sgi/models/sgi_audit.py:627,Char,Se corrige,C-018,03-modelo/campos_sin_help (baja),
433,campo,sgi.audit.checklist.line.deliverables,addons/quimibond_sgi/models/sgi_audit.py:628,Char,Se corrige,C-018,03-modelo/campos_sin_help (baja),
434,campo,sgi.audit.checklist.line.can_open_records,addons/quimibond_sgi/models/sgi_audit.py:629,Boolean,Se corrige,C-018,03-modelo/campos_sin_help (baja),
435,campo,sgi.audit.checklist.line.answer,addons/quimibond_sgi/models/sgi_audit.py:630,Selection,Se corrige,C-018,03-modelo/campos_sin_help (baja),
436,campo,sgi.audit.checklist.line.evidence,addons/quimibond_sgi/models/sgi_audit.py:636,Text,Se queda,,defecto,
437,campo,sgi.audit.checklist.line.finding_id,addons/quimibond_sgi/models/sgi_audit.py:637,Many2one,Se corrige,C-018,03-modelo/campos_sin_help (baja),
438,campo,sgi.audit.checklist.line.audit_state,addons/quimibond_sgi/models/sgi_audit.py:638,Selection,Se corrige,C-018,03-modelo/campos_sin_help (baja),
439,campo,sgi.base.mixin.folio,addons/quimibond_sgi/models/sgi_base.py:34,Char,Se corrige,C-018,03-modelo/campos_sin_help (baja),
440,campo,budget.analytic.sgi_sales_budget_id,addons/quimibond_sgi/models/sgi_budget_analytic.py:13,Many2one,Sale a otro módulo,A-016,decisión (módulo que sale / modelo que se retira),
441,campo,sgi.process.activity.sale_team_ids,addons/quimibond_sgi/models/sgi_business_line.py:69,Many2many,Se queda,,defecto,
442,campo,sgi.process.activity.fiscal_position_ids,addons/quimibond_sgi/models/sgi_business_line.py:74,Many2many,Se queda,,defecto,
443,campo,sgi.process.activity.department_ids,addons/quimibond_sgi/models/sgi_business_line.py:78,Many2many,Se queda,,defecto,
444,campo,sgi.process.activity.team_filter_id,addons/quimibond_sgi/models/sgi_business_line.py:82,Many2one,Se corrige,C-018,03-modelo/campos_sin_help (alta),
445,campo,sgi.process.activity.market_filter_id,addons/quimibond_sgi/models/sgi_business_line.py:85,Many2one,Se corrige,C-018,03-modelo/campos_sin_help (alta),
446,campo,sgi.process.activity_team_ids,addons/quimibond_sgi/models/sgi_business_line.py:125,Many2many,Se queda,,defecto,
447,campo,hr.job.sgi_team_ids,addons/quimibond_sgi/models/sgi_business_line.py:145,Many2many,Se queda,,defecto,
448,campo,hr.employee.sgi_team_ids,addons/quimibond_sgi/models/sgi_business_line.py:190,Many2many,Se queda,,defecto,
449,campo,sgi.activity.exec.stat.department_id,addons/quimibond_sgi/models/sgi_business_line.py:244,Many2one,Se corrige,C-018,03-modelo/campos_sin_help (alta),
450,campo,sgi.activity.exec.stat.sale_team_ids,addons/quimibond_sgi/models/sgi_business_line.py:246,Many2many,Se corrige,C-018,03-modelo/campos_sin_help (alta),
451,campo,sgi.activity.exec.stat.team_filter_id,addons/quimibond_sgi/models/sgi_business_line.py:249,Many2one,Se corrige,C-018,03-modelo/campos_sin_help (alta),
452,campo,sgi.indicator.measure_split,addons/quimibond_sgi/models/sgi_business_line.py:261,Selection,Se queda,,defecto,
453,campo,sgi.indicator.measure_team_ids,addons/quimibond_sgi/models/sgi_business_line.py:270,Many2many,Se queda,,defecto,
454,campo,sgi.indicator.split_support,addons/quimibond_sgi/models/sgi_business_line.py:274,Char,Se corrige,C-018,03-modelo/campos_sin_help (media),
455,campo,sgi.indicator.measure.split_ids,addons/quimibond_sgi/models/sgi_business_line.py:413,One2many,Se corrige,C-018,03-modelo/campos_sin_help (media),
456,campo,sgi.indicator.measure.split.measure_id,addons/quimibond_sgi/models/sgi_business_line.py:425,Many2one,Se corrige,C-018,03-modelo/campos_sin_help (baja),
457,campo,sgi.indicator.measure.split.indicator_id,addons/quimibond_sgi/models/sgi_business_line.py:427,Many2one,Se corrige,C-018,03-modelo/campos_sin_help (alta),
458,campo,sgi.indicator.measure.split.period_date,addons/quimibond_sgi/models/sgi_business_line.py:429,Date,Se corrige,C-018,03-modelo/campos_sin_help (alta),
459,campo,sgi.indicator.measure.split.team_id,addons/quimibond_sgi/models/sgi_business_line.py:430,Many2one,Se corrige,C-018,03-modelo/campos_sin_help (alta),
460,campo,sgi.indicator.measure.split.market,addons/quimibond_sgi/models/sgi_business_line.py:431,Selection,Se corrige,C-018,03-modelo/campos_sin_help (alta),
461,campo,sgi.indicator.measure.split.label,addons/quimibond_sgi/models/sgi_business_line.py:432,Char,Se corrige,C-018,03-modelo/campos_sin_help (media),
462,campo,sgi.indicator.measure.split.value,addons/quimibond_sgi/models/sgi_business_line.py:433,Float,Se corrige,C-018,03-modelo/campos_sin_help (alta),
463,campo,sgi.indicator.measure.split.numerator,addons/quimibond_sgi/models/sgi_business_line.py:434,Float,Se corrige,C-018,03-modelo/campos_sin_help (alta),
464,campo,sgi.indicator.measure.split.denominator,addons/quimibond_sgi/models/sgi_business_line.py:435,Float,Se corrige,C-018,03-modelo/campos_sin_help (alta),
465,campo,sgi.indicator.measure.split.sample_size,addons/quimibond_sgi/models/sgi_business_line.py:436,Integer,Se corrige,C-018,03-modelo/campos_sin_help (alta),
466,campo,sgi.indicator.measure.split.state,addons/quimibond_sgi/models/sgi_business_line.py:437,Selection,Se corrige,C-018,03-modelo/campos_sin_help (alta),
467,campo,sgi.indicator.measure.split.uom,addons/quimibond_sgi/models/sgi_business_line.py:441,Char,Se corrige,C-018,03-modelo/campos_sin_help (media),
468,campo,sgi.indicator.measure.split.semaphore,addons/quimibond_sgi/models/sgi_business_line.py:442,Selection,Se corrige,C-018,03-modelo/campos_sin_help (alta),
469,campo,sgi.indicator.measure.split.detail_model,addons/quimibond_sgi/models/sgi_business_line.py:447,Char,Se corrige,C-018,03-modelo/campos_sin_help (baja),
470,campo,sgi.indicator.measure.split.detail_ids,addons/quimibond_sgi/models/sgi_business_line.py:448,Text,Se corrige,C-018,03-modelo/campos_sin_help (media),
471,campo,quality.check.sgi_equipment_id,addons/quimibond_sgi/models/sgi_calibration.py:11,Many2one,Se queda,,defecto,
472,campo,maintenance.equipment.sgi_is_measuring,addons/quimibond_sgi/models/sgi_calibration.py:54,Boolean,Se corrige,C-018,03-modelo/campos_sin_help (alta),
473,campo,maintenance.equipment.sgi_magnitude,addons/quimibond_sgi/models/sgi_calibration.py:55,Char,Se corrige,C-018,03-modelo/campos_sin_help (media),
474,campo,maintenance.equipment.sgi_range,addons/quimibond_sgi/models/sgi_calibration.py:56,Char,Se corrige,C-018,03-modelo/campos_sin_help (media),
475,campo,maintenance.equipment.sgi_resolution,addons/quimibond_sgi/models/sgi_calibration.py:57,Char,Se corrige,C-018,03-modelo/campos_sin_help (media),
476,campo,maintenance.equipment.sgi_calibration_interval_months,addons/quimibond_sgi/models/sgi_calibration.py:58,Integer,Se corrige,C-018,03-modelo/campos_sin_help (alta),
477,campo,maintenance.equipment.sgi_last_calibration_date,addons/quimibond_sgi/models/sgi_calibration.py:60,Date,Se corrige,C-018,03-modelo/campos_sin_help (alta),
478,campo,maintenance.equipment.sgi_next_calibration_date,addons/quimibond_sgi/models/sgi_calibration.py:61,Date,Se queda,,defecto,
479,campo,maintenance.equipment.sgi_calibration_state,addons/quimibond_sgi/models/sgi_calibration.py:66,Selection,Se corrige,C-018,03-modelo/campos_sin_help (alta),
480,campo,maintenance.equipment.sgi_do_not_use,addons/quimibond_sgi/models/sgi_calibration.py:71,Boolean,Se queda,,defecto,
481,campo,maintenance.equipment.sgi_calibration_ids,addons/quimibond_sgi/models/sgi_calibration.py:73,One2many,Se corrige,C-018,03-modelo/campos_sin_help (baja),
482,campo,maintenance.equipment.sgi_calibration_count,addons/quimibond_sgi/models/sgi_calibration.py:75,Integer,Se corrige,C-018,03-modelo/campos_sin_help (baja),
483,campo,maintenance.equipment.sgi_is_ppe,addons/quimibond_sgi/models/sgi_calibration.py:79,Boolean,Se corrige,C-018,03-modelo/campos_sin_help (alta),
484,campo,maintenance.equipment.sgi_ppe_expiry_date,addons/quimibond_sgi/models/sgi_calibration.py:80,Date,Se corrige,C-018,03-modelo/campos_sin_help (alta),
485,campo,sgi.calibration.equipment_id,addons/quimibond_sgi/models/sgi_calibration.py:127,Many2one,Se corrige,C-018,03-modelo/campos_sin_help (alta),
486,campo,sgi.calibration.date,addons/quimibond_sgi/models/sgi_calibration.py:129,Date,Se corrige,C-018,03-modelo/campos_sin_help (alta),
487,campo,sgi.calibration.calibration_type,addons/quimibond_sgi/models/sgi_calibration.py:131,Selection,Se corrige,C-018,03-modelo/campos_sin_help (alta),
488,campo,sgi.calibration.provider_id,addons/quimibond_sgi/models/sgi_calibration.py:135,Many2one,Se corrige,C-018,03-modelo/campos_sin_help (alta),
489,campo,sgi.calibration.certificate_ref,addons/quimibond_sgi/models/sgi_calibration.py:136,Char,Se corrige,C-018,03-modelo/campos_sin_help (media),
490,campo,sgi.calibration.certificate_file,addons/quimibond_sgi/models/sgi_calibration.py:139,Binary,Se corrige,C-018,03-modelo/campos_sin_help (media),
491,campo,sgi.calibration.certificate_filename,addons/quimibond_sgi/models/sgi_calibration.py:140,Char,Se corrige,C-018,03-modelo/campos_sin_help (media),
492,campo,sgi.calibration.result,addons/quimibond_sgi/models/sgi_calibration.py:141,Selection,Se corrige,C-018,03-modelo/campos_sin_help (alta),
493,campo,sgi.calibration.notes,addons/quimibond_sgi/models/sgi_calibration.py:145,Text,Se corrige,C-018,03-modelo/campos_sin_help (media),
494,campo,sgi.calibration.next_date,addons/quimibond_sgi/models/sgi_calibration.py:146,Date,Se corrige,C-018,03-modelo/campos_sin_help (alta),
495,campo,sgi.calibration.sgi_alert_id,addons/quimibond_sgi/models/sgi_calibration.py:148,Many2one,Se corrige,C-018,03-modelo/campos_sin_help (alta),
496,campo,sgi.job.family.code,addons/quimibond_sgi/models/sgi_catalog.py:65,Char,Se corrige,C-018,03-modelo/campos_sin_help (media),
497,campo,sgi.job.family.name,addons/quimibond_sgi/models/sgi_catalog.py:66,Char,Se corrige,C-018,03-modelo/campos_sin_help (baja),
498,campo,sgi.job.family.job_ids,addons/quimibond_sgi/models/sgi_catalog.py:67,Many2many,Se corrige,C-018,03-modelo/campos_sin_help (alta),
499,campo,sgi.job.family.company_id,addons/quimibond_sgi/models/sgi_catalog.py:70,Many2one,Se corrige,C-018,03-modelo/campos_sin_help (baja),
500,campo,sgi.job.family.active,addons/quimibond_sgi/models/sgi_catalog.py:73,Boolean,Se corrige,C-018,03-modelo/campos_sin_help (baja),
501,campo,sgi.job.family.employee_count,addons/quimibond_sgi/models/sgi_catalog.py:74,Integer,Se corrige,C-018,03-modelo/campos_sin_help (baja),
502,campo,sgi.activity.role.activity_id,addons/quimibond_sgi/models/sgi_catalog.py:119,Many2one,Se corrige,C-018,03-modelo/campos_sin_help (alta),
503,campo,sgi.activity.role.role,addons/quimibond_sgi/models/sgi_catalog.py:122,Selection,Se corrige,C-018,03-modelo/campos_sin_help (alta),
504,campo,sgi.activity.role.target_type,addons/quimibond_sgi/models/sgi_catalog.py:126,Selection,Se corrige,C-018,03-modelo/campos_sin_help (alta),
505,campo,sgi.activity.role.job_id,addons/quimibond_sgi/models/sgi_catalog.py:128,Many2one,Se corrige,C-018,03-modelo/campos_sin_help (alta),
506,campo,sgi.activity.role.family_id,addons/quimibond_sgi/models/sgi_catalog.py:130,Many2one,Se corrige,C-018,03-modelo/campos_sin_help (alta),
507,campo,sgi.activity.role.relative_role,addons/quimibond_sgi/models/sgi_catalog.py:133,Selection,Se queda,,defecto,
508,campo,sgi.activity.role.after_days,addons/quimibond_sgi/models/sgi_catalog.py:138,Integer,Se queda,,defecto,
509,campo,sgi.activity.role.condition,addons/quimibond_sgi/models/sgi_catalog.py:142,Char,Se queda,,defecto,
510,campo,sgi.activity.role.sequence,addons/quimibond_sgi/models/sgi_catalog.py:147,Integer,Se corrige,C-018,03-modelo/campos_sin_help (baja),
511,campo,sgi.activity.role.process_id,addons/quimibond_sgi/models/sgi_catalog.py:148,Many2one,Se corrige,C-018,03-modelo/campos_sin_help (alta),
512,campo,sgi.activity.role.company_id,addons/quimibond_sgi/models/sgi_catalog.py:151,Many2one,Se corrige,C-018,03-modelo/campos_sin_help (baja),
513,campo,hr.job.sgi_role_ids,addons/quimibond_sgi/models/sgi_catalog.py:310,One2many,Se corrige,C-018,03-modelo/campos_sin_help (baja),
514,campo,hr.job.sgi_family_ids,addons/quimibond_sgi/models/sgi_catalog.py:312,Many2many,Se corrige,C-018,03-modelo/campos_sin_help (baja),
515,campo,hr.job.sgi_family_id,addons/quimibond_sgi/models/sgi_catalog.py:315,Many2one,Se queda,,defecto,
516,campo,hr.job.sgi_vacancy_approved,addons/quimibond_sgi/models/sgi_catalog.py:322,Boolean,Se queda,,defecto,
517,campo,hr.job.sgi_vacancy_until,addons/quimibond_sgi/models/sgi_catalog.py:326,Date,Se queda,,defecto,
518,campo,hr.job.sgi_execute_count,addons/quimibond_sgi/models/sgi_catalog.py:370,Integer,Se corrige,C-018,03-modelo/campos_sin_help (baja),
519,campo,hr.job.sgi_approve_count,addons/quimibond_sgi/models/sgi_catalog.py:372,Integer,Se corrige,C-018,03-modelo/campos_sin_help (baja),
520,campo,hr.job.sgi_participate_count,addons/quimibond_sgi/models/sgi_catalog.py:374,Integer,Se corrige,C-018,03-modelo/campos_sin_help (baja),
521,campo,hr.job.sgi_inform_count,addons/quimibond_sgi/models/sgi_catalog.py:376,Integer,Se corrige,C-018,03-modelo/campos_sin_help (baja),
522,campo,hr.job.sgi_role_count,addons/quimibond_sgi/models/sgi_catalog.py:378,Integer,Se corrige,C-018,03-modelo/campos_sin_help (baja),
523,campo,hr.job.sgi_all_role_ids,addons/quimibond_sgi/models/sgi_catalog.py:380,Many2many,Se corrige,C-018,03-modelo/campos_sin_help (alta),
524,campo,sgi.document.type.code,addons/quimibond_sgi/models/sgi_catalog.py:573,Char,Se queda,,defecto,
525,campo,sgi.document.type.name,addons/quimibond_sgi/models/sgi_catalog.py:577,Char,Se corrige,C-018,03-modelo/campos_sin_help (baja),
526,campo,sgi.document.type.sequence,addons/quimibond_sgi/models/sgi_catalog.py:578,Integer,Se corrige,C-018,03-modelo/campos_sin_help (baja),
527,campo,sgi.document.type.active,addons/quimibond_sgi/models/sgi_catalog.py:579,Boolean,Se corrige,C-018,03-modelo/campos_sin_help (baja),
528,campo,sgi.document.type.prefix_pattern,addons/quimibond_sgi/models/sgi_catalog.py:580,Char,Se queda,C-007,coincidencia de nombre en hallazgo,
529,campo,sgi.document.type.requires_process,addons/quimibond_sgi/models/sgi_catalog.py:585,Boolean,Se queda,C-007,coincidencia de nombre en hallazgo,
530,campo,sgi.document.type.code_required,addons/quimibond_sgi/models/sgi_catalog.py:589,Boolean,Se queda,C-007,coincidencia de nombre en hallazgo,
531,campo,sgi.document.type.legacy_code_regex,addons/quimibond_sgi/models/sgi_catalog.py:593,Char,Se queda,C-007,coincidencia de nombre en hallazgo,
532,campo,sgi.document.type.company_id,addons/quimibond_sgi/models/sgi_catalog.py:597,Many2one,Se queda,,defecto,
533,campo,sgi.checklist.template.name,addons/quimibond_sgi/models/sgi_checklist.py:30,Char,Se corrige,C-018,03-modelo/campos_sin_help (baja),
534,campo,sgi.checklist.template.code,addons/quimibond_sgi/models/sgi_checklist.py:31,Char,Se queda,,defecto,
535,campo,sgi.checklist.template.frequency,addons/quimibond_sgi/models/sgi_checklist.py:32,Selection,Se corrige,C-018,03-modelo/campos_sin_help (alta),
536,campo,sgi.checklist.template.equipment_ids,addons/quimibond_sgi/models/sgi_checklist.py:36,Many2many,Se corrige,C-018,03-modelo/campos_sin_help (alta),
537,campo,sgi.checklist.template.maintenance_team_id,addons/quimibond_sgi/models/sgi_checklist.py:37,Many2one,Se corrige,C-018,03-modelo/campos_sin_help (alta),
538,campo,sgi.checklist.template.user_id,addons/quimibond_sgi/models/sgi_checklist.py:38,Many2one,Se queda,,defecto,
539,campo,sgi.checklist.template.employee_ids,addons/quimibond_sgi/models/sgi_checklist.py:40,Many2many,Se queda,,defecto,
540,campo,sgi.checklist.template.item_ids,addons/quimibond_sgi/models/sgi_checklist.py:43,One2many,Se corrige,C-018,03-modelo/campos_sin_help (media),
541,campo,sgi.checklist.template.active,addons/quimibond_sgi/models/sgi_checklist.py:44,Boolean,Se corrige,C-018,03-modelo/campos_sin_help (baja),
542,campo,sgi.checklist.template.last_run,addons/quimibond_sgi/models/sgi_checklist.py:45,Date,Se corrige,C-018,03-modelo/campos_sin_help (alta),
543,campo,sgi.checklist.template.company_id,addons/quimibond_sgi/models/sgi_checklist.py:46,Many2one,Se corrige,C-018,03-modelo/campos_sin_help (baja),
544,campo,sgi.checklist.template.item.template_id,addons/quimibond_sgi/models/sgi_checklist.py:105,Many2one,Se corrige,C-018,03-modelo/campos_sin_help (baja),
545,campo,sgi.checklist.template.item.sequence,addons/quimibond_sgi/models/sgi_checklist.py:106,Integer,Se corrige,C-018,03-modelo/campos_sin_help (baja),
546,campo,sgi.checklist.template.item.name,addons/quimibond_sgi/models/sgi_checklist.py:107,Char,Se corrige,C-018,03-modelo/campos_sin_help (baja),
547,campo,sgi.checklist.template.item.hint,addons/quimibond_sgi/models/sgi_checklist.py:108,Char,Se queda,,defecto,
548,campo,sgi.checklist.line.request_id,addons/quimibond_sgi/models/sgi_checklist.py:116,Many2one,Se corrige,C-018,03-modelo/campos_sin_help (baja),
549,campo,sgi.checklist.line.sequence,addons/quimibond_sgi/models/sgi_checklist.py:117,Integer,Se corrige,C-018,03-modelo/campos_sin_help (baja),
550,campo,sgi.checklist.line.name,addons/quimibond_sgi/models/sgi_checklist.py:118,Char,Se corrige,C-018,03-modelo/campos_sin_help (baja),
551,campo,sgi.checklist.line.hint,addons/quimibond_sgi/models/sgi_checklist.py:119,Char,Se corrige,C-018,03-modelo/campos_sin_help (baja),
552,campo,sgi.checklist.line.answer,addons/quimibond_sgi/models/sgi_checklist.py:120,Selection,Se corrige,C-018,03-modelo/campos_sin_help (baja),
553,campo,sgi.checklist.line.note,addons/quimibond_sgi/models/sgi_checklist.py:121,Char,Se corrige,C-018,03-modelo/campos_sin_help (baja),
554,campo,sgi.checklist.line.corrective_request_id,addons/quimibond_sgi/models/sgi_checklist.py:122,Many2one,Se corrige,C-018,03-modelo/campos_sin_help (baja),
555,campo,maintenance.request.sgi_checklist_template_id,addons/quimibond_sgi/models/sgi_checklist.py:129,Many2one,Se corrige,C-018,03-modelo/campos_sin_help (alta),
556,campo,maintenance.request.sgi_checklist_date,addons/quimibond_sgi/models/sgi_checklist.py:131,Date,Se corrige,C-018,03-modelo/campos_sin_help (alta),
557,campo,maintenance.request.sgi_checklist_line_ids,addons/quimibond_sgi/models/sgi_checklist.py:132,One2many,Se corrige,C-018,03-modelo/campos_sin_help (media),
558,campo,maintenance.request.sgi_checklist_employee_id,addons/quimibond_sgi/models/sgi_checklist.py:133,Many2one,Se corrige,C-018,03-modelo/campos_sin_help (alta),
559,campo,maintenance.request.sgi_checklist_done_at,addons/quimibond_sgi/models/sgi_checklist.py:135,Datetime,Se corrige,C-018,03-modelo/campos_sin_help (alta),
560,campo,maintenance.request.sgi_checklist_state,addons/quimibond_sgi/models/sgi_checklist.py:136,Selection,Se corrige,C-018,03-modelo/campos_sin_help (alta),
561,campo,sgi.checklist.finish.request_id,addons/quimibond_sgi/models/sgi_checklist.py:187,Many2one,Se corrige,C-018,03-modelo/campos_sin_help (alta),
562,campo,sgi.checklist.finish.allowed_employee_ids,addons/quimibond_sgi/models/sgi_checklist.py:188,Many2many,Se corrige,C-018,03-modelo/campos_sin_help (alta),
563,campo,sgi.checklist.finish.employee_id,addons/quimibond_sgi/models/sgi_checklist.py:189,Many2one,Se corrige,C-018,03-modelo/campos_sin_help (alta),
564,campo,sgi.checklist.finish.pin,addons/quimibond_sgi/models/sgi_checklist.py:191,Char,Se corrige,C-018,03-modelo/campos_sin_help (media),
565,campo,res.partner.sgi_requires_coa,addons/quimibond_sgi/models/sgi_coa.py:55,Boolean,Se queda,,defecto,
566,campo,res.partner.sgi_coa_recipient_ids,addons/quimibond_sgi/models/sgi_coa.py:59,Many2many,Se queda,,defecto,
567,campo,stock.picking.sgi_requires_coa,addons/quimibond_sgi/models/sgi_coa.py:95,Boolean,Se queda,,defecto,
568,campo,stock.picking.sgi_coa_attachment_ids,addons/quimibond_sgi/models/sgi_coa.py:105,Many2many,Se queda,,defecto,
569,campo,stock.picking.sgi_coa_date,addons/quimibond_sgi/models/sgi_coa.py:109,Datetime,Se corrige,C-018,03-modelo/campos_sin_help (alta),
570,campo,stock.picking.sgi_coa_uid,addons/quimibond_sgi/models/sgi_coa.py:110,Many2one,Se corrige,C-018,03-modelo/campos_sin_help (alta),
571,campo,stock.picking.sgi_coa_sent_date,addons/quimibond_sgi/models/sgi_coa.py:112,Datetime,Se corrige,C-018,03-modelo/campos_sin_help (alta),
572,campo,stock.picking.sgi_coa_status,addons/quimibond_sgi/models/sgi_coa.py:114,Selection,Se corrige,C-018,03-modelo/campos_sin_help (alta),
573,campo,sale.order.sgi_coa_status,addons/quimibond_sgi/models/sgi_coa.py:214,Selection,Se queda,,defecto,
574,campo,sale.order.sgi_coa_attachment_count,addons/quimibond_sgi/models/sgi_coa.py:217,Integer,Se corrige,C-018,03-modelo/campos_sin_help (baja),
575,campo,sgi.coa.attach.wizard.picking_id,addons/quimibond_sgi/models/sgi_coa.py:246,Many2one,Se corrige,C-018,03-modelo/campos_sin_help (alta),
576,campo,sgi.coa.attach.wizard.attachment_ids,addons/quimibond_sgi/models/sgi_coa.py:247,Many2many,Se queda,,defecto,
577,campo,sgi.coa.attach.wizard.recipient_ids,addons/quimibond_sgi/models/sgi_coa.py:250,Many2many,Se corrige,C-018,03-modelo/campos_sin_help (alta),
578,campo,sgi.coa.attach.wizard.send,addons/quimibond_sgi/models/sgi_coa.py:253,Boolean,Se corrige,C-018,03-modelo/campos_sin_help (alta),
579,campo,sgi.coa.exception.wizard.picking_ids,addons/quimibond_sgi/models/sgi_coa.py:293,Many2many,Se corrige,C-018,03-modelo/campos_sin_help (alta),
580,campo,sgi.coa.exception.wizard.reason,addons/quimibond_sgi/models/sgi_coa.py:294,Text,Se corrige,C-018,03-modelo/campos_sin_help (media),
581,campo,sgi.coa.inbox.name,addons/quimibond_sgi/models/sgi_coa.py:317,Char,Se corrige,C-018,03-modelo/campos_sin_help (baja),
582,campo,sgi.coa.inbox.email_from,addons/quimibond_sgi/models/sgi_coa.py:318,Char,Se corrige,C-018,03-modelo/campos_sin_help (media),
583,campo,sgi.coa.inbox.state,addons/quimibond_sgi/models/sgi_coa.py:319,Selection,Se corrige,C-018,03-modelo/campos_sin_help (alta),
584,campo,sgi.coa.inbox.picking_ids,addons/quimibond_sgi/models/sgi_coa.py:323,Many2many,Se corrige,C-018,03-modelo/campos_sin_help (alta),
585,campo,sgi.coa.inbox.picking_id,addons/quimibond_sgi/models/sgi_coa.py:326,Many2one,Se queda,,defecto,
586,campo,sgi.coa.inbox.result,addons/quimibond_sgi/models/sgi_coa.py:330,Text,Se corrige,C-018,03-modelo/campos_sin_help (media),
587,campo,sgi.coa.inbox.company_id,addons/quimibond_sgi/models/sgi_coa.py:331,Many2one,Se corrige,C-018,03-modelo/campos_sin_help (baja),
588,campo,hr.employee.sgi_skill_gap_count,addons/quimibond_sgi/models/sgi_competence.py:8,Integer,Se corrige,C-018,03-modelo/campos_sin_help (baja),
589,campo,sgi.competence.gap.employee_id,addons/quimibond_sgi/models/sgi_competence.py:38,Many2one,Se corrige,C-018,03-modelo/campos_sin_help (alta),
590,campo,sgi.competence.gap.department_id,addons/quimibond_sgi/models/sgi_competence.py:39,Many2one,Se corrige,C-018,03-modelo/campos_sin_help (alta),
591,campo,sgi.competence.gap.job_id,addons/quimibond_sgi/models/sgi_competence.py:40,Many2one,Se corrige,C-018,03-modelo/campos_sin_help (alta),
592,campo,sgi.competence.gap.skill_id,addons/quimibond_sgi/models/sgi_competence.py:41,Many2one,Se corrige,C-018,03-modelo/campos_sin_help (alta),
593,campo,sgi.competence.gap.skill_type_id,addons/quimibond_sgi/models/sgi_competence.py:42,Many2one,Se corrige,C-018,03-modelo/campos_sin_help (alta),
594,campo,sgi.competence.gap.required_level_id,addons/quimibond_sgi/models/sgi_competence.py:43,Many2one,Se corrige,C-018,03-modelo/campos_sin_help (alta),
595,campo,sgi.competence.gap.current_level_id,addons/quimibond_sgi/models/sgi_competence.py:44,Many2one,Se corrige,C-018,03-modelo/campos_sin_help (alta),
596,campo,sgi.competence.gap.required_progress,addons/quimibond_sgi/models/sgi_competence.py:45,Integer,Se corrige,C-018,03-modelo/campos_sin_help (baja),
597,campo,sgi.competence.gap.current_progress,addons/quimibond_sgi/models/sgi_competence.py:46,Integer,Se corrige,C-018,03-modelo/campos_sin_help (baja),
598,campo,sgi.competence.gap.gap,addons/quimibond_sgi/models/sgi_competence.py:47,Integer,Se corrige,C-018,03-modelo/campos_sin_help (alta),
599,campo,helpdesk.ticket.sgi_sale_order_id,addons/quimibond_sgi/models/sgi_complaint.py:8,Many2one,Se corrige,C-018,03-modelo/campos_sin_help (alta),
600,campo,helpdesk.ticket.sgi_product_id,addons/quimibond_sgi/models/sgi_complaint.py:9,Many2one,Se corrige,C-018 J-017,03-modelo/campos_sin_help (alta),
601,campo,helpdesk.ticket.sgi_lot_id,addons/quimibond_sgi/models/sgi_complaint.py:10,Many2one,Se corrige,C-018,03-modelo/campos_sin_help (alta),
602,campo,helpdesk.ticket.sgi_qty_affected,addons/quimibond_sgi/models/sgi_complaint.py:11,Float,Se corrige,C-018,03-modelo/campos_sin_help (alta),
603,campo,helpdesk.ticket.sgi_disposition,addons/quimibond_sgi/models/sgi_complaint.py:12,Selection,Se corrige,C-018,03-modelo/campos_sin_help (alta),
604,campo,helpdesk.ticket.sgi_alert_id,addons/quimibond_sgi/models/sgi_complaint.py:19,Many2one,Se corrige,C-018,03-modelo/campos_sin_help (alta),
605,campo,sgi.interested.party.name,addons/quimibond_sgi/models/sgi_context.py:23,Char,Se corrige,C-018,03-modelo/campos_sin_help (baja),
606,campo,sgi.interested.party.party_type,addons/quimibond_sgi/models/sgi_context.py:24,Selection,Se corrige,C-018,03-modelo/campos_sin_help (alta),
607,campo,sgi.interested.party.category,addons/quimibond_sgi/models/sgi_context.py:28,Selection,Se corrige,C-018,03-modelo/campos_sin_help (alta),
608,campo,sgi.interested.party.needs,addons/quimibond_sgi/models/sgi_context.py:37,Text,Se queda,,defecto,
609,campo,sgi.interested.party.becomes_requirement,addons/quimibond_sgi/models/sgi_context.py:41,Boolean,Se queda,,defecto,
610,campo,sgi.interested.party.requirement_note,addons/quimibond_sgi/models/sgi_context.py:45,Text,Se queda,,defecto,
611,campo,sgi.interested.party.process_ids,addons/quimibond_sgi/models/sgi_context.py:49,Many2many,Se corrige,C-018,03-modelo/campos_sin_help (alta),
612,campo,sgi.interested.party.risk_ids,addons/quimibond_sgi/models/sgi_context.py:50,Many2many,Se queda,,defecto,
613,campo,sgi.interested.party.legal_ids,addons/quimibond_sgi/models/sgi_context.py:53,Many2many,Se corrige,C-018,03-modelo/campos_sin_help (alta),
614,campo,sgi.interested.party.review_frequency_months,addons/quimibond_sgi/models/sgi_context.py:55,Integer,Se corrige,C-018,03-modelo/campos_sin_help (alta),
615,campo,sgi.interested.party.last_review_date,addons/quimibond_sgi/models/sgi_context.py:57,Date,Se corrige,C-018,03-modelo/campos_sin_help (alta),
616,campo,sgi.interested.party.next_review_date,addons/quimibond_sgi/models/sgi_context.py:58,Date,Se corrige,C-018,03-modelo/campos_sin_help (alta),
617,campo,sgi.interested.party.active,addons/quimibond_sgi/models/sgi_context.py:61,Boolean,Se corrige,C-018,03-modelo/campos_sin_help (baja),
618,campo,quality.point.sgi_control_plan_id,addons/quimibond_sgi/models/sgi_control_plan.py:11,Many2one,Se corrige,C-018,03-modelo/campos_sin_help (alta),
619,campo,quality.point.sgi_replaced_document_ids,addons/quimibond_sgi/models/sgi_control_plan.py:15,One2many,Se corrige,C-018,03-modelo/campos_sin_help (baja),
620,campo,quality.point.sgi_replaced_document_count,addons/quimibond_sgi/models/sgi_control_plan.py:18,Integer,Se corrige,C-018,03-modelo/campos_sin_help (baja),
621,campo,quality.point.sgi_characteristic,addons/quimibond_sgi/models/sgi_control_plan.py:35,Char,Se queda,,defecto,
622,campo,quality.point.sgi_criticality,addons/quimibond_sgi/models/sgi_control_plan.py:37,Selection,Se queda,,defecto,
623,campo,quality.point.sgi_in_coa,addons/quimibond_sgi/models/sgi_control_plan.py:43,Boolean,Se queda,,defecto,
624,campo,quality.point.sgi_cpk_target,addons/quimibond_sgi/models/sgi_control_plan.py:46,Float,Se queda,,defecto,
625,campo,quality.point.sgi_reaction_plan,addons/quimibond_sgi/models/sgi_control_plan.py:48,Text,Se corrige,C-018,03-modelo/campos_sin_help (media),
626,campo,quality.point.sgi_equipment_id,addons/quimibond_sgi/models/sgi_control_plan.py:49,Many2one,Se queda,,defecto,
627,campo,sgi.control.plan.name,addons/quimibond_sgi/models/sgi_control_plan.py:68,Char,Se corrige,C-018,03-modelo/campos_sin_help (baja),
628,campo,sgi.control.plan.partner_id,addons/quimibond_sgi/models/sgi_control_plan.py:69,Many2one,Se corrige,C-018,03-modelo/campos_sin_help (alta),
629,campo,sgi.control.plan.product_tmpl_ids,addons/quimibond_sgi/models/sgi_control_plan.py:71,Many2many,Se corrige,C-018,03-modelo/campos_sin_help (alta),
630,campo,sgi.control.plan.phase,addons/quimibond_sgi/models/sgi_control_plan.py:72,Selection,Se corrige,C-018,03-modelo/campos_sin_help (alta),
631,campo,sgi.control.plan.revision,addons/quimibond_sgi/models/sgi_control_plan.py:77,Char,Se corrige,C-018,03-modelo/campos_sin_help (media),
632,campo,sgi.control.plan.state,addons/quimibond_sgi/models/sgi_control_plan.py:78,Selection,Se corrige,C-018,03-modelo/campos_sin_help (alta),
633,campo,sgi.control.plan.point_ids,addons/quimibond_sgi/models/sgi_control_plan.py:83,One2many,Se corrige,C-018,03-modelo/campos_sin_help (media),
634,campo,sgi.control.plan.point_count,addons/quimibond_sgi/models/sgi_control_plan.py:85,Integer,Se corrige,C-018,03-modelo/campos_sin_help (baja),
635,campo,sgi.control.plan.fmea_ids,addons/quimibond_sgi/models/sgi_control_plan.py:86,One2many,Se corrige,C-018,03-modelo/campos_sin_help (baja),
636,campo,sgi.control.plan.fmea_count,addons/quimibond_sgi/models/sgi_control_plan.py:87,Integer,Se corrige,C-018,03-modelo/campos_sin_help (baja),
637,campo,sgi.control.plan.document_id,addons/quimibond_sgi/models/sgi_control_plan.py:88,Many2one,Se corrige,C-013 C-018,03-modelo/campos_sin_help (alta),
638,campo,sgi.control.plan.notes,addons/quimibond_sgi/models/sgi_control_plan.py:89,Text,Se corrige,C-018,03-modelo/campos_sin_help (media),
639,campo,crm.team.sgi_complaint_response_days,addons/quimibond_sgi/models/sgi_customer_reply.py:29,Integer,Se queda,,defecto,
640,campo,quality.alert.sgi_customer_reply_required,addons/quimibond_sgi/models/sgi_customer_reply.py:38,Boolean,Se queda,,defecto,
641,campo,quality.alert.sgi_sale_team_id,addons/quimibond_sgi/models/sgi_customer_reply.py:41,Many2one,Se queda,,defecto,
642,campo,quality.alert.sgi_customer_received_date,addons/quimibond_sgi/models/sgi_customer_reply.py:46,Date,Se queda,,defecto,
643,campo,quality.alert.sgi_customer_ack_due,addons/quimibond_sgi/models/sgi_customer_reply.py:50,Date,Se corrige,C-018,03-modelo/campos_sin_help (alta),
644,campo,quality.alert.sgi_customer_ack_date,addons/quimibond_sgi/models/sgi_customer_reply.py:52,Date,Se corrige,C-018,03-modelo/campos_sin_help (alta),
645,campo,quality.alert.sgi_customer_deadline,addons/quimibond_sgi/models/sgi_customer_reply.py:53,Date,Se queda,,defecto,
646,campo,quality.alert.sgi_customer_response_due,addons/quimibond_sgi/models/sgi_customer_reply.py:56,Date,Se corrige,C-018,03-modelo/campos_sin_help (alta),
647,campo,quality.alert.sgi_customer_response_date,addons/quimibond_sgi/models/sgi_customer_reply.py:58,Date,Se corrige,C-018,03-modelo/campos_sin_help (alta),
648,campo,quality.alert.sgi_customer_ack_on_time,addons/quimibond_sgi/models/sgi_customer_reply.py:59,Boolean,Se corrige,C-018,03-modelo/campos_sin_help (alta),
649,campo,quality.alert.sgi_customer_response_on_time,addons/quimibond_sgi/models/sgi_customer_reply.py:61,Boolean,Se corrige,C-018,03-modelo/campos_sin_help (alta),
650,campo,quality.alert.sgi_shipped_status,addons/quimibond_sgi/models/sgi_customer_reply.py:64,Selection,Se queda,,defecto,
651,campo,quality.alert.sgi_customer_notice_date,addons/quimibond_sgi/models/sgi_customer_reply.py:70,Date,Se queda,,defecto,
652,campo,quality.alert.sgi_customer_notice_note,addons/quimibond_sgi/models/sgi_customer_reply.py:73,Char,Se corrige,C-018,03-modelo/campos_sin_help (media),
653,campo,sgi.process.stage.process_id,addons/quimibond_sgi/models/sgi_deliverable.py:34,Many2one,Se corrige,C-018,03-modelo/campos_sin_help (baja),
654,campo,sgi.process.stage.sequence,addons/quimibond_sgi/models/sgi_deliverable.py:36,Integer,Se corrige,C-018,03-modelo/campos_sin_help (baja),
655,campo,sgi.process.stage.code,addons/quimibond_sgi/models/sgi_deliverable.py:37,Char,Se queda,,defecto,
656,campo,sgi.process.stage.name,addons/quimibond_sgi/models/sgi_deliverable.py:38,Char,Se corrige,C-018,03-modelo/campos_sin_help (baja),
657,campo,sgi.process.stage.activity_ids,addons/quimibond_sgi/models/sgi_deliverable.py:39,One2many,Se corrige,C-018,03-modelo/campos_sin_help (baja),
658,campo,sgi.process.stage.activity_count,addons/quimibond_sgi/models/sgi_deliverable.py:40,Integer,Se corrige,C-018,03-modelo/campos_sin_help (baja),
659,campo,sgi.process.stage.company_id,addons/quimibond_sgi/models/sgi_deliverable.py:41,Many2one,Se corrige,C-018,03-modelo/campos_sin_help (baja),
660,campo,sgi.deliverable.code,addons/quimibond_sgi/models/sgi_deliverable.py:87,Char,Se queda,,defecto,
661,campo,sgi.deliverable.name,addons/quimibond_sgi/models/sgi_deliverable.py:90,Char,Se queda,,defecto,
662,campo,sgi.deliverable.document_id,addons/quimibond_sgi/models/sgi_deliverable.py:92,Many2one,Se queda,,defecto,
663,campo,sgi.deliverable.odoo_model_id,addons/quimibond_sgi/models/sgi_deliverable.py:96,Many2one,Se queda,,defecto,
664,campo,sgi.deliverable.odoo_model_name,addons/quimibond_sgi/models/sgi_deliverable.py:100,Char,Se corrige,C-018,03-modelo/campos_sin_help (media),
665,campo,sgi.deliverable.measure_domain,addons/quimibond_sgi/models/sgi_deliverable.py:104,Char,Se corrige,H-004 H-006 H-007,coincidencia de nombre en hallazgo,
666,campo,sgi.deliverable.measure_date_field,addons/quimibond_sgi/models/sgi_deliverable.py:107,Char,Se queda,,defecto,
667,campo,sgi.deliverable.measure_user_field,addons/quimibond_sgi/models/sgi_deliverable.py:110,Char,Se queda,,defecto,
668,campo,sgi.deliverable.acceptance_criteria,addons/quimibond_sgi/models/sgi_deliverable.py:114,Text,Se corrige,C-018,03-modelo/campos_sin_help (media),
669,campo,sgi.deliverable.active,addons/quimibond_sgi/models/sgi_deliverable.py:115,Boolean,Se corrige,C-018,03-modelo/campos_sin_help (baja),
670,campo,sgi.deliverable.company_id,addons/quimibond_sgi/models/sgi_deliverable.py:116,Many2one,Se corrige,C-018,03-modelo/campos_sin_help (baja),
671,campo,sgi.deliverable.producer_activity_ids,addons/quimibond_sgi/models/sgi_deliverable.py:120,Many2many,Se corrige,C-018 H-010,03-modelo/campos_sin_help (alta),
672,campo,sgi.deliverable.input_line_ids,addons/quimibond_sgi/models/sgi_deliverable.py:123,One2many,Se corrige,C-018 H-010,03-modelo/campos_sin_help (media),
673,campo,sgi.deliverable.consumer_activity_ids,addons/quimibond_sgi/models/sgi_deliverable.py:124,Many2many,Se corrige,C-018,03-modelo/campos_sin_help (baja),
674,campo,sgi.deliverable.measured_activity_ids,addons/quimibond_sgi/models/sgi_deliverable.py:126,One2many,Se corrige,C-018,03-modelo/campos_sin_help (media),
675,campo,sgi.deliverable.link_ids,addons/quimibond_sgi/models/sgi_deliverable.py:128,One2many,Se corrige,C-018,03-modelo/campos_sin_help (baja),
676,campo,sgi.deliverable.producer_process_ids,addons/quimibond_sgi/models/sgi_deliverable.py:130,Many2many,Se corrige,C-018,03-modelo/campos_sin_help (alta),
677,campo,sgi.deliverable.consumer_process_ids,addons/quimibond_sgi/models/sgi_deliverable.py:132,Many2many,Se corrige,C-018,03-modelo/campos_sin_help (alta),
678,campo,sgi.deliverable.orphan,addons/quimibond_sgi/models/sgi_deliverable.py:134,Selection,Se queda,,defecto,
679,campo,sgi.activity.input.activity_id,addons/quimibond_sgi/models/sgi_deliverable.py:329,Many2one,Se corrige,C-018,03-modelo/campos_sin_help (baja),
680,campo,sgi.activity.input.deliverable_id,addons/quimibond_sgi/models/sgi_deliverable.py:331,Many2one,Se corrige,C-018,03-modelo/campos_sin_help (baja),
681,campo,sgi.activity.input.sequence,addons/quimibond_sgi/models/sgi_deliverable.py:333,Integer,Se corrige,C-018,03-modelo/campos_sin_help (baja),
682,campo,sgi.activity.input.max_days,addons/quimibond_sgi/models/sgi_deliverable.py:334,Integer,Se queda,,defecto,
683,campo,sgi.activity.input.process_id,addons/quimibond_sgi/models/sgi_deliverable.py:339,Many2one,Se corrige,C-018,03-modelo/campos_sin_help (baja),
684,campo,sgi.activity.input.company_id,addons/quimibond_sgi/models/sgi_deliverable.py:340,Many2one,Se corrige,C-018,03-modelo/campos_sin_help (baja),
685,campo,sgi.process.stage_ids,addons/quimibond_sgi/models/sgi_deliverable.py:388,One2many,Se corrige,C-018,03-modelo/campos_sin_help (media),
686,campo,sgi.process.input_deliverable_ids,addons/quimibond_sgi/models/sgi_deliverable.py:389,Many2many,Se queda,,defecto,
687,campo,sgi.process.output_deliverable_ids,addons/quimibond_sgi/models/sgi_deliverable.py:393,Many2many,Se queda,,defecto,
688,campo,sgi.calculated.connection.mixin.deliverable_id,addons/quimibond_sgi/models/sgi_deliverable.py:434,Many2one,Se queda,,defecto,
689,campo,sgi.calculated.connection.mixin.active,addons/quimibond_sgi/models/sgi_deliverable.py:438,Boolean,Se corrige,C-018,03-modelo/campos_sin_help (baja),
690,campo,sgi.calculated.connection.mixin.inactive_reason,addons/quimibond_sgi/models/sgi_deliverable.py:439,Char,Se queda,,defecto,
691,campo,sgi.calculated.connection.mixin.origin,addons/quimibond_sgi/models/sgi_deliverable.py:442,Selection,Se corrige,C-018,03-modelo/campos_sin_help (baja),
692,campo,sgi.activity.link.input_id,addons/quimibond_sgi/models/sgi_deliverable.py:514,Many2one,Se corrige,C-018,03-modelo/campos_sin_help (baja),
693,campo,sgi.activity.link.max_days,addons/quimibond_sgi/models/sgi_deliverable.py:517,Integer,Se corrige,C-018,03-modelo/campos_sin_help (alta),
694,campo,sgi.process.activity.input_ids,addons/quimibond_sgi/models/sgi_deliverable.py:564,One2many,Se queda,,defecto,
695,campo,sgi.process.activity.input_deliverable_ids,addons/quimibond_sgi/models/sgi_deliverable.py:567,Many2many,Se corrige,C-018,03-modelo/campos_sin_help (baja),
696,campo,sgi.process.activity.output_deliverable_ids,addons/quimibond_sgi/models/sgi_deliverable.py:570,Many2many,Se corrige,C-018,03-modelo/campos_sin_help (alta),
697,campo,sgi.process.activity.measure_deliverable_id,addons/quimibond_sgi/models/sgi_deliverable.py:573,Many2one,Se queda,,defecto,
698,campo,project.project.sgi_is_ft,addons/quimibond_sgi/models/sgi_dev_request.py:64,Boolean,Se queda,,defecto,
699,campo,project.project.sgi_dev_type,addons/quimibond_sgi/models/sgi_dev_request.py:67,Selection,Se corrige,C-018,03-modelo/campos_sin_help (alta),
700,campo,project.project.sgi_dev_format_code,addons/quimibond_sgi/models/sgi_dev_request.py:68,Char,Se corrige,C-018,03-modelo/campos_sin_help (media),
701,campo,project.project.sgi_dev_date,addons/quimibond_sgi/models/sgi_dev_request.py:69,Date,Se corrige,C-018,03-modelo/campos_sin_help (alta),
702,campo,project.project.sgi_dev_requester,addons/quimibond_sgi/models/sgi_dev_request.py:70,Char,Se corrige,C-018,03-modelo/campos_sin_help (media),
703,campo,project.project.sgi_dev_use,addons/quimibond_sgi/models/sgi_dev_request.py:71,Text,Se corrige,C-018,03-modelo/campos_sin_help (media),
704,campo,project.project.sgi_dev_spec,addons/quimibond_sgi/models/sgi_dev_request.py:72,Text,Se corrige,C-018,03-modelo/campos_sin_help (media),
705,campo,project.project.sgi_dev_sample_m,addons/quimibond_sgi/models/sgi_dev_request.py:73,Float,Se corrige,C-018,03-modelo/campos_sin_help (alta),
706,campo,project.project.sgi_dev_sample_kg,addons/quimibond_sgi/models/sgi_dev_request.py:74,Float,Se corrige,C-018,03-modelo/campos_sin_help (alta),
707,campo,project.project.sgi_dev_volume,addons/quimibond_sgi/models/sgi_dev_request.py:75,Float,Se corrige,C-018,03-modelo/campos_sin_help (alta),
708,campo,project.project.sgi_dev_volume_uom,addons/quimibond_sgi/models/sgi_dev_request.py:76,Selection,Se corrige,C-018,03-modelo/campos_sin_help (alta),
709,campo,project.project.sgi_dev_target_price,addons/quimibond_sgi/models/sgi_dev_request.py:77,Monetary,Se corrige,C-018,03-modelo/campos_sin_help (media),
710,campo,project.project.sgi_dev_currency_id,addons/quimibond_sgi/models/sgi_dev_request.py:78,Many2one,Se corrige,C-018,03-modelo/campos_sin_help (alta),
711,campo,project.project.sgi_dev_norms,addons/quimibond_sgi/models/sgi_dev_request.py:80,Char,Se corrige,C-018,03-modelo/campos_sin_help (media),
712,campo,project.project.sgi_dev_packaging,addons/quimibond_sgi/models/sgi_dev_request.py:81,Text,Se corrige,C-018,03-modelo/campos_sin_help (media),
713,campo,project.project.sgi_dev_customer_property,addons/quimibond_sgi/models/sgi_dev_request.py:82,Selection,Se corrige,C-018,03-modelo/campos_sin_help (alta),
714,campo,project.project.sgi_dev_other,addons/quimibond_sgi/models/sgi_dev_request.py:86,Text,Se corrige,C-018,03-modelo/campos_sin_help (media),
715,campo,project.project.sgi_dev_line_ids,addons/quimibond_sgi/models/sgi_dev_request.py:87,One2many,Se corrige,C-018,03-modelo/campos_sin_help (media),
716,campo,project.project.sgi_dev_prepared_by_id,addons/quimibond_sgi/models/sgi_dev_request.py:88,Many2one,Se corrige,C-018,03-modelo/campos_sin_help (alta),
717,campo,project.project.sgi_dev_approved_by_id,addons/quimibond_sgi/models/sgi_dev_request.py:89,Many2one,Se corrige,C-018,03-modelo/campos_sin_help (alta),
718,campo,sgi.dev.characteristic.project_id,addons/quimibond_sgi/models/sgi_dev_request.py:132,Many2one,Se corrige,C-018,03-modelo/campos_sin_help (baja),
719,campo,sgi.dev.characteristic.sequence,addons/quimibond_sgi/models/sgi_dev_request.py:133,Integer,Se corrige,C-018,03-modelo/campos_sin_help (baja),
720,campo,sgi.dev.characteristic.name,addons/quimibond_sgi/models/sgi_dev_request.py:134,Char,Se corrige,C-018,03-modelo/campos_sin_help (baja),
721,campo,sgi.dev.characteristic.direction,addons/quimibond_sgi/models/sgi_dev_request.py:135,Selection,Se corrige,C-018,03-modelo/campos_sin_help (baja),
722,campo,sgi.dev.characteristic.unit,addons/quimibond_sgi/models/sgi_dev_request.py:136,Char,Se corrige,C-018,03-modelo/campos_sin_help (baja),
723,campo,sgi.dev.characteristic.value,addons/quimibond_sgi/models/sgi_dev_request.py:137,Char,Se corrige,C-018,03-modelo/campos_sin_help (baja),
724,campo,sgi.dev.characteristic.tolerance,addons/quimibond_sgi/models/sgi_dev_request.py:138,Char,Se corrige,C-018,03-modelo/campos_sin_help (baja),
725,campo,sgi.dev.characteristic.method,addons/quimibond_sgi/models/sgi_dev_request.py:139,Char,Se corrige,C-018,03-modelo/campos_sin_help (baja),
726,campo,sgi.dev.characteristic.note,addons/quimibond_sgi/models/sgi_dev_request.py:140,Char,Se corrige,C-018,03-modelo/campos_sin_help (baja),
727,campo,sgi.diagnostic.line.diagnostic_id,addons/quimibond_sgi/models/sgi_diagnostic.py:28,Many2one,Se corrige,C-018,03-modelo/campos_sin_help (alta),
728,campo,sgi.diagnostic.line.sequence,addons/quimibond_sgi/models/sgi_diagnostic.py:30,Integer,Se corrige,C-018,03-modelo/campos_sin_help (baja),
729,campo,sgi.diagnostic.line.section,addons/quimibond_sgi/models/sgi_diagnostic.py:31,Char,Se corrige,C-018,03-modelo/campos_sin_help (media),
730,campo,sgi.diagnostic.line.level,addons/quimibond_sgi/models/sgi_diagnostic.py:32,Selection,Se corrige,C-018,03-modelo/campos_sin_help (alta),
731,campo,sgi.diagnostic.line.text,addons/quimibond_sgi/models/sgi_diagnostic.py:33,Text,Se corrige,C-018,03-modelo/campos_sin_help (media),
732,campo,sgi.diagnostic.line.fix,addons/quimibond_sgi/models/sgi_diagnostic.py:34,Char,Se corrige,C-018,03-modelo/campos_sin_help (media),
733,campo,sgi.diagnostic.date,addons/quimibond_sgi/models/sgi_diagnostic.py:41,Date,Se corrige,C-018,03-modelo/campos_sin_help (baja),
734,campo,sgi.diagnostic.line_ids,addons/quimibond_sgi/models/sgi_diagnostic.py:42,One2many,Se corrige,C-018,03-modelo/campos_sin_help (baja),
735,campo,sgi.diagnostic.bad_count,addons/quimibond_sgi/models/sgi_diagnostic.py:43,Integer,Se corrige,C-018,03-modelo/campos_sin_help (baja),
736,campo,sgi.diagnostic.warn_count,addons/quimibond_sgi/models/sgi_diagnostic.py:44,Integer,Se corrige,C-018,03-modelo/campos_sin_help (baja),
737,campo,sgi.diagnostic.ok_count,addons/quimibond_sgi/models/sgi_diagnostic.py:45,Integer,Se corrige,C-018,03-modelo/campos_sin_help (baja),
738,campo,sgi.diagnostic.summary,addons/quimibond_sgi/models/sgi_diagnostic.py:46,Text,Se corrige,C-018,03-modelo/campos_sin_help (baja),
739,campo,ir.ui.view.type,addons/quimibond_sgi/models/sgi_diagram_view.py:24,Selection,Se corrige,C-018,03-modelo/campos_sin_help (baja),
740,campo,ir.actions.act_window.view.view_mode,addons/quimibond_sgi/models/sgi_diagram_view.py:51,Selection,Se corrige,C-018,03-modelo/campos_sin_help (baja),
741,campo,sgi.indicator.calc_mode,addons/quimibond_sgi/models/sgi_direction_board.py:20,Selection,Se corrige,B-010 C-018,03-modelo/campos_sin_help (alta),
742,campo,sgi.indicator.level,addons/quimibond_sgi/models/sgi_direction_board.py:23,Selection,Se queda,,defecto,
743,campo,sgi.indicator.last_six,addons/quimibond_sgi/models/sgi_direction_board.py:30,Char,Se queda,,defecto,
744,campo,sgi.direction.board.date,addons/quimibond_sgi/models/sgi_direction_board.py:58,Date,Se corrige,C-018,03-modelo/campos_sin_help (alta),
745,campo,sgi.direction.board.objective_ids,addons/quimibond_sgi/models/sgi_direction_board.py:59,Many2many,Se corrige,C-018,03-modelo/campos_sin_help (alta),
746,campo,sgi.direction.board.indicator_ids,addons/quimibond_sgi/models/sgi_direction_board.py:60,Many2many,Se corrige,C-018,03-modelo/campos_sin_help (alta),
747,campo,sgi.direction.board.red_no_plan_measure_ids,addons/quimibond_sgi/models/sgi_direction_board.py:61,Many2many,Se corrige,C-018,03-modelo/campos_sin_help (alta),
748,campo,sgi.direction.board.overdue_agreement_ids,addons/quimibond_sgi/models/sgi_direction_board.py:63,Many2many,Se corrige,C-018,03-modelo/campos_sin_help (alta),
749,campo,sgi.direction.board.delayed_process_ids,addons/quimibond_sgi/models/sgi_direction_board.py:65,Many2many,Se corrige,C-018,03-modelo/campos_sin_help (alta),
750,campo,sgi.direction.board.indicator_count,addons/quimibond_sgi/models/sgi_direction_board.py:67,Integer,Se corrige,C-018,03-modelo/campos_sin_help (baja),
751,campo,sgi.direction.board.indicator_note,addons/quimibond_sgi/models/sgi_direction_board.py:68,Char,Se corrige,C-018,03-modelo/campos_sin_help (media),
752,campo,sgi.direction.board.red_count,addons/quimibond_sgi/models/sgi_direction_board.py:69,Integer,Se corrige,C-018,03-modelo/campos_sin_help (baja),
753,campo,approval.category.sgi_is_doc_change,addons/quimibond_sgi/models/sgi_doc_change.py:13,Boolean,Se corrige,C-018,03-modelo/campos_sin_help (alta),
754,campo,approval.category.sgi_is_moc,addons/quimibond_sgi/models/sgi_doc_change.py:14,Boolean,Se queda,,defecto,
755,campo,approval.request.sgi_is_doc_change,addons/quimibond_sgi/models/sgi_doc_change.py:24,Boolean,Se corrige,C-018,03-modelo/campos_sin_help (alta),
756,campo,approval.request.sgi_is_moc,addons/quimibond_sgi/models/sgi_doc_change.py:25,Boolean,Se corrige,C-018,03-modelo/campos_sin_help (alta),
757,campo,approval.request.sgi_moc_risk_note,addons/quimibond_sgi/models/sgi_doc_change.py:26,Text,Se queda,,defecto,
758,campo,approval.request.sgi_document_id,addons/quimibond_sgi/models/sgi_doc_change.py:30,Many2one,Se corrige,C-018,03-modelo/campos_sin_help (alta),
759,campo,approval.request.sgi_change_kind,addons/quimibond_sgi/models/sgi_doc_change.py:31,Selection,Se corrige,C-018,03-modelo/campos_sin_help (alta),
760,campo,approval.request.sgi_what_changes,addons/quimibond_sgi/models/sgi_doc_change.py:36,Selection,Se corrige,C-018,03-modelo/campos_sin_help (alta),
761,campo,approval.request.sgi_current_revision,addons/quimibond_sgi/models/sgi_doc_change.py:40,Integer,Se corrige,C-018,03-modelo/campos_sin_help (alta),
762,campo,approval.request.sgi_new_revision,addons/quimibond_sgi/models/sgi_doc_change.py:42,Integer,Se corrige,C-018,03-modelo/campos_sin_help (alta),
763,campo,approval.request.sgi_pilot,addons/quimibond_sgi/models/sgi_doc_change.py:43,Boolean,Se corrige,C-018,03-modelo/campos_sin_help (alta),
764,campo,approval.request.sgi_pilot_start,addons/quimibond_sgi/models/sgi_doc_change.py:44,Date,Se corrige,C-018,03-modelo/campos_sin_help (alta),
765,campo,approval.request.sgi_pilot_end,addons/quimibond_sgi/models/sgi_doc_change.py:45,Date,Se corrige,C-018,03-modelo/campos_sin_help (alta),
766,campo,approval.request.sgi_reason,addons/quimibond_sgi/models/sgi_doc_change.py:46,Text,Se corrige,C-018,03-modelo/campos_sin_help (media),
767,campo,approval.request.sgi_changes,addons/quimibond_sgi/models/sgi_doc_change.py:47,Text,Se corrige,C-018,03-modelo/campos_sin_help (media),
768,campo,approval.request.sgi_affected_process_ids,addons/quimibond_sgi/models/sgi_doc_change.py:48,Many2many,Se corrige,C-018,03-modelo/campos_sin_help (alta),
769,campo,approval.request.sgi_applied,addons/quimibond_sgi/models/sgi_doc_change.py:49,Boolean,Se corrige,C-018,03-modelo/campos_sin_help (alta),
770,campo,approval.request.sgi_new_document_id,addons/quimibond_sgi/models/sgi_doc_change.py:52,Many2one,Se corrige,C-018,03-modelo/campos_sin_help (alta),
771,campo,approval.category.sgi_sign_required,addons/quimibond_sgi/models/sgi_doc_change_sign.py:44,Boolean,Se queda,,defecto,
772,campo,approval.request.sgi_sign_required,addons/quimibond_sgi/models/sgi_doc_change_sign.py:54,Boolean,Se corrige,C-018,03-modelo/campos_sin_help (alta),
773,campo,approval.request.sgi_sign_request_id,addons/quimibond_sgi/models/sgi_doc_change_sign.py:55,Many2one,Se corrige,C-018,03-modelo/campos_sin_help (alta),
774,campo,approval.request.sgi_sign_state,addons/quimibond_sgi/models/sgi_doc_change_sign.py:57,Selection,Se corrige,C-018,03-modelo/campos_sin_help (alta),
775,campo,approval.request.sgi_sign_progress,addons/quimibond_sgi/models/sgi_doc_change_sign.py:59,Char,Se corrige,C-018,03-modelo/campos_sin_help (media),
776,campo,approval.request.sgi_change_attachment_id,addons/quimibond_sgi/models/sgi_doc_change_sign.py:61,Many2one,Se queda,,defecto,
777,campo,approval.request.sgi_sign_archived,addons/quimibond_sgi/models/sgi_doc_change_sign.py:64,Boolean,Se corrige,C-018,03-modelo/campos_sin_help (baja),
778,campo,approval.request.sgi_sign_notified_state,addons/quimibond_sgi/models/sgi_doc_change_sign.py:65,Char,Se corrige,C-018,03-modelo/campos_sin_help (baja),
779,campo,documents.document.sgi_is_controlled,addons/quimibond_sgi/models/sgi_document.py:31,Boolean,Se corrige,C-018 C-021 E-004,03-modelo/campos_sin_help (alta),
780,campo,documents.document.sgi_code,addons/quimibond_sgi/models/sgi_document.py:32,Char,Se corrige,C-018,03-modelo/campos_sin_help (media),
781,campo,documents.document.sgi_previous_code,addons/quimibond_sgi/models/sgi_document.py:36,Char,Se corrige,C-004 C-005 C-009 C-018 D-002 D-003 L-010,03-modelo/campos_sin_help (media),
782,campo,documents.document.sgi_previous_code_date,addons/quimibond_sgi/models/sgi_document.py:38,Date,Se corrige,C-005 L-010,coincidencia de nombre en hallazgo,
783,campo,documents.document.sgi_doc_type_id,addons/quimibond_sgi/models/sgi_document.py:45,Many2one,Se corrige,C-004 C-010 C-018,03-modelo/campos_sin_help (alta),
784,campo,documents.document.sgi_doc_type,addons/quimibond_sgi/models/sgi_document.py:48,Selection,Se corrige,C-010 C-018,03-modelo/campos_sin_help (alta),
785,campo,documents.document.sgi_odoo_menu_id,addons/quimibond_sgi/models/sgi_document.py:72,Many2one,Se corrige,C-011 E-002 L-010 L-011,coincidencia de nombre en hallazgo,
786,campo,documents.document.sgi_area_id,addons/quimibond_sgi/models/sgi_document.py:76,Many2one,Se corrige,C-018,03-modelo/campos_sin_help (alta),
787,campo,documents.document.sgi_process_id,addons/quimibond_sgi/models/sgi_document.py:77,Many2one,Se corrige,C-018,03-modelo/campos_sin_help (alta),
788,campo,documents.document.sgi_doc_change_id,addons/quimibond_sgi/models/sgi_document.py:81,Many2one,Se queda,,defecto,
789,campo,documents.document.sgi_revision,addons/quimibond_sgi/models/sgi_document.py:88,Integer,Se corrige,C-018,03-modelo/campos_sin_help (alta),
790,campo,documents.document.sgi_revision_label,addons/quimibond_sgi/models/sgi_document.py:89,Char,Se corrige,C-018,03-modelo/campos_sin_help (media),
791,campo,documents.document.sgi_revision_legacy,addons/quimibond_sgi/models/sgi_document.py:91,Char,Se elimina,B-009 D-016,coincidencia de nombre en hallazgo,
792,campo,documents.document.sgi_issue_date,addons/quimibond_sgi/models/sgi_document.py:95,Date,Se corrige,C-018,03-modelo/campos_sin_help (alta),
793,campo,documents.document.sgi_state,addons/quimibond_sgi/models/sgi_document.py:96,Selection,Se queda,,defecto,
794,campo,documents.document.sgi_owner_id,addons/quimibond_sgi/models/sgi_document.py:104,Many2one,Se corrige,C-018 H-015,03-modelo/campos_sin_help (alta),
795,campo,documents.document.sgi_job_ids,addons/quimibond_sgi/models/sgi_document.py:105,Many2many,Se corrige,C-018,03-modelo/campos_sin_help (alta),
796,campo,documents.document.sgi_next_review_date,addons/quimibond_sgi/models/sgi_document.py:107,Date,Se corrige,C-018 H-015,03-modelo/campos_sin_help (alta),
797,campo,documents.document.sgi_obsolete_date,addons/quimibond_sgi/models/sgi_document.py:109,Date,Se corrige,C-002 C-018,03-modelo/campos_sin_help (alta),
798,campo,documents.document.sgi_obsolete_reason,addons/quimibond_sgi/models/sgi_document.py:110,Char,Se corrige,C-018,03-modelo/campos_sin_help (media),
799,campo,documents.document.sgi_replaced_by_process_id,addons/quimibond_sgi/models/sgi_document.py:111,Many2one,Se corrige,C-001 C-018 H-016 L-010,03-modelo/campos_sin_help (alta),
800,campo,documents.document.sgi_pilot_end_date,addons/quimibond_sgi/models/sgi_document.py:113,Date,Se corrige,C-018,03-modelo/campos_sin_help (alta),
801,campo,documents.document.sgi_retention_years,addons/quimibond_sgi/models/sgi_document.py:119,Integer,Se queda,,defecto,
802,campo,documents.document.sgi_disposition,addons/quimibond_sgi/models/sgi_document.py:124,Selection,Se queda,,defecto,
803,campo,documents.document.sgi_procedure_dirty,addons/quimibond_sgi/models/sgi_document.py:137,Boolean,Se queda,,defecto,
804,campo,documents.document.sgi_procedure_dirty_since,addons/quimibond_sgi/models/sgi_document.py:142,Datetime,Se corrige,C-018,03-modelo/campos_sin_help (alta),
805,campo,documents.document.sgi_procedure_dirty_by,addons/quimibond_sgi/models/sgi_document.py:144,Many2one,Se corrige,C-018,03-modelo/campos_sin_help (alta),
806,campo,documents.document.sgi_migration_class,addons/quimibond_sgi/models/sgi_document.py:148,Selection,Se corrige,L-011,coincidencia de nombre en hallazgo,
807,campo,documents.document.sgi_migration_state,addons/quimibond_sgi/models/sgi_document.py:158,Selection,Se corrige,C-018 L-005,03-modelo/campos_sin_help (alta),
808,campo,documents.document.sgi_migration_target,addons/quimibond_sgi/models/sgi_document.py:165,Char,Se corrige,C-011 L-011,coincidencia de nombre en hallazgo,
809,campo,documents.document.sgi_migration_point_id,addons/quimibond_sgi/models/sgi_document.py:170,Many2one,Se queda,C-011,coincidencia de nombre en hallazgo,
810,campo,documents.document.sgi_ack_ids,addons/quimibond_sgi/models/sgi_document.py:233,One2many,Se corrige,C-018,03-modelo/campos_sin_help (media),
811,campo,documents.document.sgi_ack_count,addons/quimibond_sgi/models/sgi_document.py:235,Integer,Se corrige,C-018,03-modelo/campos_sin_help (baja),
812,campo,documents.document.sgi_ack_read_pct,addons/quimibond_sgi/models/sgi_document.py:236,Float,Se corrige,C-018,03-modelo/campos_sin_help (alta),
813,campo,documents.document.sgi_parent_document_id,addons/quimibond_sgi/models/sgi_document.py:242,Many2one,Se queda,,defecto,
814,campo,documents.document.sgi_child_document_ids,addons/quimibond_sgi/models/sgi_document.py:246,One2many,Se corrige,C-018,03-modelo/campos_sin_help (baja),
815,campo,documents.document.sgi_family_document_ids,addons/quimibond_sgi/models/sgi_document.py:248,Many2many,Se queda,,defecto,
816,campo,documents.document.sgi_reference_ids,addons/quimibond_sgi/models/sgi_document.py:252,Many2many,Se queda,,defecto,
817,campo,sgi.document.ack.document_id,addons/quimibond_sgi/models/sgi_document.py:760,Many2one,Se corrige,C-018,03-modelo/campos_sin_help (alta),
818,campo,sgi.document.ack.sgi_code,addons/quimibond_sgi/models/sgi_document.py:761,Char,Se corrige,C-018,03-modelo/campos_sin_help (media),
819,campo,sgi.document.ack.employee_id,addons/quimibond_sgi/models/sgi_document.py:762,Many2one,Se corrige,C-018,03-modelo/campos_sin_help (alta),
820,campo,sgi.document.ack.user_id,addons/quimibond_sgi/models/sgi_document.py:763,Many2one,Se corrige,C-018,03-modelo/campos_sin_help (baja),
821,campo,sgi.document.ack.state,addons/quimibond_sgi/models/sgi_document.py:764,Selection,Se corrige,C-018,03-modelo/campos_sin_help (alta),
822,campo,sgi.document.ack.ack_date,addons/quimibond_sgi/models/sgi_document.py:768,Datetime,Se corrige,C-018,03-modelo/campos_sin_help (alta),
823,campo,sgi.emergency.plan.name,addons/quimibond_sgi/models/sgi_emergency.py:22,Char,Se corrige,C-018,03-modelo/campos_sin_help (baja),
824,campo,sgi.emergency.plan.plan_type,addons/quimibond_sgi/models/sgi_emergency.py:23,Selection,Se corrige,C-018,03-modelo/campos_sin_help (alta),
825,campo,sgi.emergency.plan.location,addons/quimibond_sgi/models/sgi_emergency.py:32,Char,Se corrige,C-018,03-modelo/campos_sin_help (media),
826,campo,sgi.emergency.plan.responsible_id,addons/quimibond_sgi/models/sgi_emergency.py:33,Many2one,Se corrige,C-018,03-modelo/campos_sin_help (alta),
827,campo,sgi.emergency.plan.document_id,addons/quimibond_sgi/models/sgi_emergency.py:35,Many2one,Se corrige,C-013 C-018,03-modelo/campos_sin_help (alta),
828,campo,sgi.emergency.plan.risk_ids,addons/quimibond_sgi/models/sgi_emergency.py:37,Many2many,Se corrige,C-018,03-modelo/campos_sin_help (alta),
829,campo,sgi.emergency.plan.drill_frequency_months,addons/quimibond_sgi/models/sgi_emergency.py:39,Integer,Se corrige,C-018,03-modelo/campos_sin_help (alta),
830,campo,sgi.emergency.plan.state,addons/quimibond_sgi/models/sgi_emergency.py:41,Selection,Se corrige,C-018,03-modelo/campos_sin_help (alta),
831,campo,sgi.emergency.plan.drill_ids,addons/quimibond_sgi/models/sgi_emergency.py:46,One2many,Se corrige,C-018,03-modelo/campos_sin_help (baja),
832,campo,sgi.emergency.plan.drill_count,addons/quimibond_sgi/models/sgi_emergency.py:51,Integer,Se corrige,C-018,03-modelo/campos_sin_help (baja),
833,campo,sgi.emergency.plan.last_drill_date,addons/quimibond_sgi/models/sgi_emergency.py:52,Date,Se corrige,C-018,03-modelo/campos_sin_help (alta),
834,campo,sgi.emergency.plan.next_drill_date,addons/quimibond_sgi/models/sgi_emergency.py:54,Date,Se corrige,C-018,03-modelo/campos_sin_help (alta),
835,campo,sgi.emergency.drill.plan_id,addons/quimibond_sgi/models/sgi_emergency.py:120,Many2one,Se corrige,C-018,03-modelo/campos_sin_help (alta),
836,campo,sgi.emergency.drill.plan_type,addons/quimibond_sgi/models/sgi_emergency.py:122,Selection,Se corrige,C-018,03-modelo/campos_sin_help (alta),
837,campo,sgi.emergency.drill.date_planned,addons/quimibond_sgi/models/sgi_emergency.py:123,Date,Se corrige,C-018,03-modelo/campos_sin_help (alta),
838,campo,sgi.emergency.drill.date_done,addons/quimibond_sgi/models/sgi_emergency.py:125,Date,Se corrige,C-018,03-modelo/campos_sin_help (alta),
839,campo,sgi.emergency.drill.participants_count,addons/quimibond_sgi/models/sgi_emergency.py:126,Integer,Se corrige,C-018,03-modelo/campos_sin_help (baja),
840,campo,sgi.emergency.drill.duration_minutes,addons/quimibond_sgi/models/sgi_emergency.py:127,Integer,Se corrige,C-018,03-modelo/campos_sin_help (alta),
841,campo,sgi.emergency.drill.result,addons/quimibond_sgi/models/sgi_emergency.py:128,Selection,Se corrige,C-018,03-modelo/campos_sin_help (alta),
842,campo,sgi.emergency.drill.findings,addons/quimibond_sgi/models/sgi_emergency.py:133,Text,Se corrige,C-018,03-modelo/campos_sin_help (media),
843,campo,sgi.emergency.drill.action_line_ids,addons/quimibond_sgi/models/sgi_emergency.py:134,One2many,Se corrige,C-018,03-modelo/campos_sin_help (media),
844,campo,sgi.emergency.drill.state,addons/quimibond_sgi/models/sgi_emergency.py:136,Selection,Se corrige,C-018,03-modelo/campos_sin_help (alta),
845,campo,sgi.epp.delivery.name,addons/quimibond_sgi/models/sgi_epp.py:21,Char,Se corrige,C-018,03-modelo/campos_sin_help (baja),
846,campo,sgi.epp.delivery.employee_id,addons/quimibond_sgi/models/sgi_epp.py:22,Many2one,Se corrige,C-018,03-modelo/campos_sin_help (alta),
847,campo,sgi.epp.delivery.user_id,addons/quimibond_sgi/models/sgi_epp.py:26,Many2one,Se corrige,C-018,03-modelo/campos_sin_help (baja),
848,campo,sgi.epp.delivery.job_id,addons/quimibond_sgi/models/sgi_epp.py:27,Many2one,Se corrige,C-018,03-modelo/campos_sin_help (alta),
849,campo,sgi.epp.delivery.date,addons/quimibond_sgi/models/sgi_epp.py:29,Date,Se corrige,C-018,03-modelo/campos_sin_help (alta),
850,campo,sgi.epp.delivery.items,addons/quimibond_sgi/models/sgi_epp.py:30,Text,Se corrige,C-018,03-modelo/campos_sin_help (media),
851,campo,sgi.epp.delivery.delivered_by_id,addons/quimibond_sgi/models/sgi_epp.py:33,Many2one,Se corrige,C-018,03-modelo/campos_sin_help (alta),
852,campo,sgi.epp.delivery.note,addons/quimibond_sgi/models/sgi_epp.py:35,Text,Se corrige,C-018,03-modelo/campos_sin_help (media),
853,campo,sgi.epp.delivery.state,addons/quimibond_sgi/models/sgi_epp.py:36,Selection,Se corrige,C-018,03-modelo/campos_sin_help (alta),
854,campo,sgi.epp.delivery.signed_date,addons/quimibond_sgi/models/sgi_epp.py:40,Datetime,Se corrige,C-018,03-modelo/campos_sin_help (alta),
855,campo,sgi.epp.delivery.can_sign,addons/quimibond_sgi/models/sgi_epp.py:41,Boolean,Se corrige,C-018,03-modelo/campos_sin_help (alta),
856,campo,hr.employee.sgi_epp_required,addons/quimibond_sgi/models/sgi_epp.py:107,Text,Se corrige,C-018,03-modelo/campos_sin_help (media),
857,campo,hr.employee.sgi_epp_delivery_ids,addons/quimibond_sgi/models/sgi_epp.py:108,One2many,Se corrige,C-018,03-modelo/campos_sin_help (media),
858,campo,hr.employee.sgi_epp_delivery_count,addons/quimibond_sgi/models/sgi_epp.py:109,Integer,Se corrige,C-018,03-modelo/campos_sin_help (baja),
859,campo,hr.employee.sgi_epp_pending_count,addons/quimibond_sgi/models/sgi_epp.py:110,Integer,Se corrige,C-018,03-modelo/campos_sin_help (baja),
860,campo,sgi.epp.delivery.line.delivery_id,addons/quimibond_sgi/models/sgi_epp_sign.py:25,Many2one,Se corrige,C-018,03-modelo/campos_sin_help (baja),
861,campo,sgi.epp.delivery.line.sequence,addons/quimibond_sgi/models/sgi_epp_sign.py:26,Integer,Se corrige,C-018,03-modelo/campos_sin_help (baja),
862,campo,sgi.epp.delivery.line.quantity,addons/quimibond_sgi/models/sgi_epp_sign.py:27,Float,Se corrige,C-018,03-modelo/campos_sin_help (baja),
863,campo,sgi.epp.delivery.line.uom,addons/quimibond_sgi/models/sgi_epp_sign.py:28,Selection,Se corrige,C-018,03-modelo/campos_sin_help (baja),
864,campo,sgi.epp.delivery.line.name,addons/quimibond_sgi/models/sgi_epp_sign.py:29,Char,Se corrige,C-018,03-modelo/campos_sin_help (baja),
865,campo,sgi.epp.delivery.line.size,addons/quimibond_sgi/models/sgi_epp_sign.py:30,Char,Se corrige,C-018,03-modelo/campos_sin_help (baja),
866,campo,sgi.epp.delivery.line.note,addons/quimibond_sgi/models/sgi_epp_sign.py:31,Char,Se corrige,C-018,03-modelo/campos_sin_help (baja),
867,campo,sgi.epp.delivery.line_ids,addons/quimibond_sgi/models/sgi_epp_sign.py:37,One2many,Se corrige,C-018,03-modelo/campos_sin_help (media),
868,campo,sgi.epp.delivery.items,addons/quimibond_sgi/models/sgi_epp_sign.py:38,Text,Se corrige,C-018,03-modelo/campos_sin_help (media),
869,campo,sgi.epp.delivery.sign_request_id,addons/quimibond_sgi/models/sgi_epp_sign.py:39,Many2one,Se corrige,C-018,03-modelo/campos_sin_help (alta),
870,campo,sgi.epp.delivery.sign_state,addons/quimibond_sgi/models/sgi_epp_sign.py:41,Selection,Se corrige,C-018,03-modelo/campos_sin_help (alta),
871,campo,res.config.settings.sgi_epp_sign_template_id,addons/quimibond_sgi/models/sgi_epp_sign.py:133,Many2one,Se queda,,defecto,
872,campo,sgi.activity.exec.stat.activity_id,addons/quimibond_sgi/models/sgi_exec_stat.py:26,Many2one,Se corrige,C-018,03-modelo/campos_sin_help (alta),
873,campo,sgi.activity.exec.stat.process_id,addons/quimibond_sgi/models/sgi_exec_stat.py:29,Many2one,Se corrige,C-018,03-modelo/campos_sin_help (alta),
874,campo,sgi.activity.exec.stat.period_start,addons/quimibond_sgi/models/sgi_exec_stat.py:32,Date,Se queda,,defecto,
875,campo,sgi.activity.exec.stat.user_id,addons/quimibond_sgi/models/sgi_exec_stat.py:35,Many2one,Se corrige,C-018,03-modelo/campos_sin_help (alta),
876,campo,sgi.activity.exec.stat.employee_id,addons/quimibond_sgi/models/sgi_exec_stat.py:37,Many2one,Se queda,,defecto,
877,campo,sgi.activity.exec.stat.job_id,addons/quimibond_sgi/models/sgi_exec_stat.py:40,Many2one,Se queda,,defecto,
878,campo,sgi.activity.exec.stat.family_id,addons/quimibond_sgi/models/sgi_exec_stat.py:43,Many2one,Se corrige,C-018,03-modelo/campos_sin_help (alta),
879,campo,sgi.activity.exec.stat.exec_class,addons/quimibond_sgi/models/sgi_exec_stat.py:45,Selection,Se queda,,defecto,
880,campo,sgi.activity.exec.stat.count,addons/quimibond_sgi/models/sgi_exec_stat.py:49,Integer,Se corrige,C-018,03-modelo/campos_sin_help (alta),
881,campo,sgi.activity.exec.stat.company_id,addons/quimibond_sgi/models/sgi_exec_stat.py:50,Many2one,Se corrige,C-018,03-modelo/campos_sin_help (baja),
882,campo,documents.document.sgi_ext_issuer,addons/quimibond_sgi/models/sgi_external_doc.py:19,Char,Se queda,,defecto,
883,campo,documents.document.sgi_ext_issuer_revision,addons/quimibond_sgi/models/sgi_external_doc.py:21,Char,Se queda,,defecto,
884,campo,documents.document.sgi_ext_received_date,addons/quimibond_sgi/models/sgi_external_doc.py:23,Date,Se corrige,C-018,03-modelo/campos_sin_help (alta),
885,campo,documents.document.sgi_ext_deadline,addons/quimibond_sgi/models/sgi_external_doc.py:24,Date,Se queda,,defecto,
886,campo,documents.document.sgi_ext_implemented_date,addons/quimibond_sgi/models/sgi_external_doc.py:27,Date,Se queda,,defecto,
887,campo,documents.document.sgi_ext_state,addons/quimibond_sgi/models/sgi_external_doc.py:30,Selection,Se corrige,C-018,03-modelo/campos_sin_help (alta),
888,campo,sgi.fmea.name,addons/quimibond_sgi/models/sgi_fmea.py:20,Char,Sale a otro módulo,A-018,decisión (módulo que sale / modelo que se retira),
889,campo,sgi.fmea.fmea_type,addons/quimibond_sgi/models/sgi_fmea.py:21,Selection,Sale a otro módulo,A-018,decisión (módulo que sale / modelo que se retira),
890,campo,sgi.fmea.product_tmpl_id,addons/quimibond_sgi/models/sgi_fmea.py:25,Many2one,Sale a otro módulo,A-018,decisión (módulo que sale / modelo que se retira),
891,campo,sgi.fmea.process_id,addons/quimibond_sgi/models/sgi_fmea.py:26,Many2one,Sale a otro módulo,A-018,decisión (módulo que sale / modelo que se retira),
892,campo,sgi.fmea.control_plan_id,addons/quimibond_sgi/models/sgi_fmea.py:30,Many2one,Sale a otro módulo,A-018,decisión (módulo que sale / modelo que se retira),
893,campo,sgi.fmea.revision,addons/quimibond_sgi/models/sgi_fmea.py:34,Char,Sale a otro módulo,A-018,decisión (módulo que sale / modelo que se retira),
894,campo,sgi.fmea.date,addons/quimibond_sgi/models/sgi_fmea.py:35,Date,Sale a otro módulo,A-018,decisión (módulo que sale / modelo que se retira),
895,campo,sgi.fmea.team_ids,addons/quimibond_sgi/models/sgi_fmea.py:36,Many2many,Sale a otro módulo,A-018,decisión (módulo que sale / modelo que se retira),
896,campo,sgi.fmea.state,addons/quimibond_sgi/models/sgi_fmea.py:37,Selection,Sale a otro módulo,A-018,decisión (módulo que sale / modelo que se retira),
897,campo,sgi.fmea.line_ids,addons/quimibond_sgi/models/sgi_fmea.py:42,One2many,Sale a otro módulo,A-018,decisión (módulo que sale / modelo que se retira),
898,campo,sgi.fmea.max_npr,addons/quimibond_sgi/models/sgi_fmea.py:43,Integer,Sale a otro módulo,A-018,decisión (módulo que sale / modelo que se retira),
899,campo,sgi.fmea.sgi_nc_ids,addons/quimibond_sgi/models/sgi_fmea.py:45,One2many,Sale a otro módulo,A-018,decisión (módulo que sale / modelo que se retira),
900,campo,sgi.fmea.sgi_nc_count,addons/quimibond_sgi/models/sgi_fmea.py:46,Integer,Sale a otro módulo,A-018,decisión (módulo que sale / modelo que se retira),
901,campo,sgi.fmea.line.fmea_id,addons/quimibond_sgi/models/sgi_fmea.py:151,Many2one,Sale a otro módulo,A-018,decisión (módulo que sale / modelo que se retira),
902,campo,sgi.fmea.line.sequence,addons/quimibond_sgi/models/sgi_fmea.py:152,Integer,Sale a otro módulo,A-018,decisión (módulo que sale / modelo que se retira),
903,campo,sgi.fmea.line.step,addons/quimibond_sgi/models/sgi_fmea.py:153,Char,Sale a otro módulo,A-018,decisión (módulo que sale / modelo que se retira),
904,campo,sgi.fmea.line.failure_mode,addons/quimibond_sgi/models/sgi_fmea.py:154,Char,Sale a otro módulo,A-018,decisión (módulo que sale / modelo que se retira),
905,campo,sgi.fmea.line.effect,addons/quimibond_sgi/models/sgi_fmea.py:155,Char,Sale a otro módulo,A-018,decisión (módulo que sale / modelo que se retira),
906,campo,sgi.fmea.line.severity,addons/quimibond_sgi/models/sgi_fmea.py:156,Selection,Sale a otro módulo,A-018,decisión (módulo que sale / modelo que se retira),
907,campo,sgi.fmea.line.cause,addons/quimibond_sgi/models/sgi_fmea.py:157,Char,Sale a otro módulo,A-018,decisión (módulo que sale / modelo que se retira),
908,campo,sgi.fmea.line.occurrence,addons/quimibond_sgi/models/sgi_fmea.py:158,Selection,Sale a otro módulo,A-018,decisión (módulo que sale / modelo que se retira),
909,campo,sgi.fmea.line.current_controls,addons/quimibond_sgi/models/sgi_fmea.py:159,Char,Sale a otro módulo,A-018,decisión (módulo que sale / modelo que se retira),
910,campo,sgi.fmea.line.detection,addons/quimibond_sgi/models/sgi_fmea.py:160,Selection,Sale a otro módulo,A-018,decisión (módulo que sale / modelo que se retira),
911,campo,sgi.fmea.line.npr,addons/quimibond_sgi/models/sgi_fmea.py:161,Integer,Sale a otro módulo,A-018,decisión (módulo que sale / modelo que se retira),
912,campo,sgi.fmea.line.requires_action,addons/quimibond_sgi/models/sgi_fmea.py:162,Boolean,Sale a otro módulo,A-018,decisión (módulo que sale / modelo que se retira),
913,campo,sgi.fmea.line.action_line_ids,addons/quimibond_sgi/models/sgi_fmea.py:163,One2many,Sale a otro módulo,A-018,decisión (módulo que sale / modelo que se retira),
914,campo,sgi.fmea.line.severity_post,addons/quimibond_sgi/models/sgi_fmea.py:166,Selection,Sale a otro módulo,A-018,decisión (módulo que sale / modelo que se retira),
915,campo,sgi.fmea.line.occurrence_post,addons/quimibond_sgi/models/sgi_fmea.py:167,Selection,Sale a otro módulo,A-018,decisión (módulo que sale / modelo que se retira),
916,campo,sgi.fmea.line.detection_post,addons/quimibond_sgi/models/sgi_fmea.py:168,Selection,Sale a otro módulo,A-018,decisión (módulo que sale / modelo que se retira),
917,campo,sgi.fmea.line.npr_post,addons/quimibond_sgi/models/sgi_fmea.py:169,Integer,Sale a otro módulo,A-018,decisión (módulo que sale / modelo que se retira),
918,campo,sgi.fmea.line.post_note,addons/quimibond_sgi/models/sgi_fmea.py:170,Char,Sale a otro módulo,A-018,decisión (módulo que sale / modelo que se retira),
919,campo,sgi.format.map.model_id,addons/quimibond_sgi/models/sgi_format_map.py:24,Many2one,Se queda,,defecto,
920,campo,sgi.format.map.model_name,addons/quimibond_sgi/models/sgi_format_map.py:27,Char,Se corrige,C-018,03-modelo/campos_sin_help (baja),
921,campo,sgi.format.map.sgi_code,addons/quimibond_sgi/models/sgi_format_map.py:28,Char,Se corrige,C-006,coincidencia de nombre en hallazgo,
922,campo,sgi.format.map.sgi_code_alt,addons/quimibond_sgi/models/sgi_format_map.py:30,Char,Se corrige,C-006,coincidencia de nombre en hallazgo,
923,campo,sgi.format.map.active,addons/quimibond_sgi/models/sgi_format_map.py:34,Boolean,Se corrige,C-018,03-modelo/campos_sin_help (baja),
924,campo,sgi.format.map.note,addons/quimibond_sgi/models/sgi_format_map.py:35,Char,Se corrige,C-018,03-modelo/campos_sin_help (media),
925,campo,sgi.format.mixin.sgi_format_banner,addons/quimibond_sgi/models/sgi_format_map.py:654,Char,Se corrige,C-018,03-modelo/campos_sin_help (baja),
926,campo,sgi.process.activity.flow_parent_id,addons/quimibond_sgi/models/sgi_hierarchy.py:19,Many2one,Se queda,,defecto,
927,campo,sgi.process.activity.flow_child_ids,addons/quimibond_sgi/models/sgi_hierarchy.py:25,One2many,Se corrige,C-018,03-modelo/campos_sin_help (baja),
928,campo,sgi.process.activity.flow_child_count,addons/quimibond_sgi/models/sgi_hierarchy.py:27,Integer,Se corrige,C-018,03-modelo/campos_sin_help (baja),
929,campo,sgi.process.activity.flow_executor,addons/quimibond_sgi/models/sgi_hierarchy.py:28,Char,Se corrige,C-018,03-modelo/campos_sin_help (media),
930,campo,sgi.process.child_count,addons/quimibond_sgi/models/sgi_hierarchy.py:55,Integer,Se corrige,C-018,03-modelo/campos_sin_help (baja),
931,campo,sgi.health.record.employee_id,addons/quimibond_sgi/models/sgi_hse_records.py:35,Many2one,Se corrige,C-018,03-modelo/campos_sin_help (alta),
932,campo,sgi.health.record.department_id,addons/quimibond_sgi/models/sgi_hse_records.py:36,Many2one,Se corrige,C-018,03-modelo/campos_sin_help (alta),
933,campo,sgi.health.record.job_id,addons/quimibond_sgi/models/sgi_hse_records.py:37,Many2one,Se corrige,C-018,03-modelo/campos_sin_help (alta),
934,campo,sgi.health.record.kind,addons/quimibond_sgi/models/sgi_hse_records.py:38,Selection,Se corrige,C-018,03-modelo/campos_sin_help (alta),
935,campo,sgi.health.record.name,addons/quimibond_sgi/models/sgi_hse_records.py:39,Char,Se queda,,defecto,
936,campo,sgi.health.record.date,addons/quimibond_sgi/models/sgi_hse_records.py:41,Date,Se corrige,C-018,03-modelo/campos_sin_help (alta),
937,campo,sgi.health.record.validity_months,addons/quimibond_sgi/models/sgi_hse_records.py:42,Integer,Se corrige,C-018,03-modelo/campos_sin_help (alta),
938,campo,sgi.health.record.next_date,addons/quimibond_sgi/models/sgi_hse_records.py:43,Date,Se queda,,defecto,
939,campo,sgi.health.record.result,addons/quimibond_sgi/models/sgi_hse_records.py:45,Selection,Se corrige,C-018,03-modelo/campos_sin_help (alta),
940,campo,sgi.health.record.provider_id,addons/quimibond_sgi/models/sgi_hse_records.py:46,Many2one,Se corrige,C-018,03-modelo/campos_sin_help (alta),
941,campo,sgi.health.record.notes,addons/quimibond_sgi/models/sgi_hse_records.py:47,Text,Se corrige,C-018,03-modelo/campos_sin_help (media),
942,campo,sgi.health.record.attachment_ids,addons/quimibond_sgi/models/sgi_hse_records.py:48,Many2many,Se corrige,C-018 F-019,03-modelo/campos_sin_help (alta),
943,campo,sgi.health.record.state,addons/quimibond_sgi/models/sgi_hse_records.py:49,Selection,Se corrige,C-018,03-modelo/campos_sin_help (alta),
944,campo,sgi.health.record.company_id,addons/quimibond_sgi/models/sgi_hse_records.py:54,Many2one,Se corrige,C-018,03-modelo/campos_sin_help (baja),
945,campo,hr.employee.sgi_health_record_ids,addons/quimibond_sgi/models/sgi_hse_records.py:100,One2many,Se corrige,C-018 F-004,03-modelo/campos_sin_help (media),
946,campo,sgi.csh.inspection.name,addons/quimibond_sgi/models/sgi_hse_records.py:122,Char,Se corrige,C-018,03-modelo/campos_sin_help (baja),
947,campo,sgi.csh.inspection.date,addons/quimibond_sgi/models/sgi_hse_records.py:123,Date,Se corrige,C-018,03-modelo/campos_sin_help (alta),
948,campo,sgi.csh.inspection.area,addons/quimibond_sgi/models/sgi_hse_records.py:125,Char,Se corrige,C-018,03-modelo/campos_sin_help (media),
949,campo,sgi.csh.inspection.department_ids,addons/quimibond_sgi/models/sgi_hse_records.py:126,Many2many,Se corrige,C-018,03-modelo/campos_sin_help (alta),
950,campo,sgi.csh.inspection.participant_ids,addons/quimibond_sgi/models/sgi_hse_records.py:127,Many2many,Se corrige,C-018,03-modelo/campos_sin_help (alta),
951,campo,sgi.csh.inspection.notes,addons/quimibond_sgi/models/sgi_hse_records.py:128,Text,Se corrige,C-018,03-modelo/campos_sin_help (media),
952,campo,sgi.csh.inspection.attachment_ids,addons/quimibond_sgi/models/sgi_hse_records.py:129,Many2many,Se corrige,C-018,03-modelo/campos_sin_help (alta),
953,campo,sgi.csh.inspection.finding_ids,addons/quimibond_sgi/models/sgi_hse_records.py:130,One2many,Se corrige,C-018,03-modelo/campos_sin_help (media),
954,campo,sgi.csh.inspection.finding_count,addons/quimibond_sgi/models/sgi_hse_records.py:131,Integer,Se corrige,C-018,03-modelo/campos_sin_help (baja),
955,campo,sgi.csh.inspection.nc_count,addons/quimibond_sgi/models/sgi_hse_records.py:132,Integer,Se corrige,C-018,03-modelo/campos_sin_help (baja),
956,campo,sgi.csh.inspection.state,addons/quimibond_sgi/models/sgi_hse_records.py:133,Selection,Se corrige,C-018,03-modelo/campos_sin_help (alta),
957,campo,sgi.csh.inspection.company_id,addons/quimibond_sgi/models/sgi_hse_records.py:137,Many2one,Se corrige,C-018,03-modelo/campos_sin_help (baja),
958,campo,sgi.csh.finding.inspection_id,addons/quimibond_sgi/models/sgi_hse_records.py:180,Many2one,Se corrige,C-018,03-modelo/campos_sin_help (baja),
959,campo,sgi.csh.finding.sequence,addons/quimibond_sgi/models/sgi_hse_records.py:181,Integer,Se corrige,C-018,03-modelo/campos_sin_help (baja),
960,campo,sgi.csh.finding.description,addons/quimibond_sgi/models/sgi_hse_records.py:182,Text,Se corrige,C-018,03-modelo/campos_sin_help (baja),
961,campo,sgi.csh.finding.location,addons/quimibond_sgi/models/sgi_hse_records.py:183,Char,Se corrige,C-018,03-modelo/campos_sin_help (baja),
962,campo,sgi.csh.finding.severity,addons/quimibond_sgi/models/sgi_hse_records.py:184,Selection,Se corrige,C-018,03-modelo/campos_sin_help (baja),
963,campo,sgi.csh.finding.responsible_id,addons/quimibond_sgi/models/sgi_hse_records.py:187,Many2one,Se corrige,C-018,03-modelo/campos_sin_help (baja),
964,campo,sgi.csh.finding.disposition,addons/quimibond_sgi/models/sgi_hse_records.py:188,Selection,Se corrige,C-018,03-modelo/campos_sin_help (baja),
965,campo,sgi.csh.finding.justification,addons/quimibond_sgi/models/sgi_hse_records.py:193,Char,Se corrige,C-018,03-modelo/campos_sin_help (baja),
966,campo,sgi.csh.finding.alert_id,addons/quimibond_sgi/models/sgi_hse_records.py:194,Many2one,Se corrige,C-018,03-modelo/campos_sin_help (baja),
967,campo,project.project.sgi_is_improvement,addons/quimibond_sgi/models/sgi_improvement.py:9,Boolean,Se corrige,C-018,03-modelo/campos_sin_help (baja),
968,campo,project.task.type.sgi_is_done_stage,addons/quimibond_sgi/models/sgi_improvement.py:15,Boolean,Se corrige,C-018,03-modelo/campos_sin_help (baja),
969,campo,project.task.sgi_is_improvement,addons/quimibond_sgi/models/sgi_improvement.py:21,Boolean,Se corrige,C-018,03-modelo/campos_sin_help (alta),
970,campo,project.task.sgi_improvement_type,addons/quimibond_sgi/models/sgi_improvement.py:22,Selection,Se corrige,C-018,03-modelo/campos_sin_help (alta),
971,campo,project.task.sgi_area_id,addons/quimibond_sgi/models/sgi_improvement.py:28,Many2one,Se corrige,C-018,03-modelo/campos_sin_help (alta),
972,campo,project.task.sgi_process_id,addons/quimibond_sgi/models/sgi_improvement.py:29,Many2one,Se corrige,C-018,03-modelo/campos_sin_help (alta),
973,campo,quality.alert.sgi_incident_id,addons/quimibond_sgi/models/sgi_incident.py:9,Many2one,Se corrige,C-018,03-modelo/campos_sin_help (alta),
974,campo,sgi.incident.name,addons/quimibond_sgi/models/sgi_incident.py:26,Char,Se corrige,C-018,03-modelo/campos_sin_help (baja),
975,campo,sgi.incident.date,addons/quimibond_sgi/models/sgi_incident.py:27,Datetime,Se corrige,C-018,03-modelo/campos_sin_help (alta),
976,campo,sgi.incident.incident_type,addons/quimibond_sgi/models/sgi_incident.py:29,Selection,Se corrige,C-018 F-009,03-modelo/campos_sin_help (alta),
977,campo,sgi.incident.severity,addons/quimibond_sgi/models/sgi_incident.py:36,Selection,Se corrige,C-018,03-modelo/campos_sin_help (alta),
978,campo,sgi.incident.employee_ids,addons/quimibond_sgi/models/sgi_incident.py:42,Many2many,Se corrige,C-018,03-modelo/campos_sin_help (alta),
979,campo,sgi.incident.reporter_id,addons/quimibond_sgi/models/sgi_incident.py:43,Many2one,Se corrige,C-018,03-modelo/campos_sin_help (alta),
980,campo,sgi.incident.location,addons/quimibond_sgi/models/sgi_incident.py:45,Char,Se corrige,C-018,03-modelo/campos_sin_help (media),
981,campo,sgi.incident.process_id,addons/quimibond_sgi/models/sgi_incident.py:46,Many2one,Se corrige,C-018,03-modelo/campos_sin_help (alta),
982,campo,sgi.incident.sgi_area_id,addons/quimibond_sgi/models/sgi_incident.py:47,Many2one,Se corrige,C-018,03-modelo/campos_sin_help (alta),
983,campo,sgi.incident.description,addons/quimibond_sgi/models/sgi_incident.py:48,Text,Se corrige,C-018,03-modelo/campos_sin_help (media),
984,campo,sgi.incident.days_lost,addons/quimibond_sgi/models/sgi_incident.py:49,Integer,Se corrige,C-018,03-modelo/campos_sin_help (alta),
985,campo,sgi.incident.immediate_causes,addons/quimibond_sgi/models/sgi_incident.py:52,Text,Se corrige,C-018,03-modelo/campos_sin_help (media),
986,campo,sgi.incident.basic_causes,addons/quimibond_sgi/models/sgi_incident.py:53,Text,Se corrige,C-018 F-009,03-modelo/campos_sin_help (media),
987,campo,sgi.incident.lack_of_control,addons/quimibond_sgi/models/sgi_incident.py:54,Text,Se corrige,C-018,03-modelo/campos_sin_help (media),
988,campo,sgi.incident.risk_id,addons/quimibond_sgi/models/sgi_incident.py:56,Many2one,Se corrige,C-018,03-modelo/campos_sin_help (alta),
989,campo,sgi.incident.action_line_ids,addons/quimibond_sgi/models/sgi_incident.py:58,One2many,Se corrige,C-018,03-modelo/campos_sin_help (media),
990,campo,sgi.incident.sgi_alert_id,addons/quimibond_sgi/models/sgi_incident.py:59,Many2one,Se corrige,C-018,03-modelo/campos_sin_help (alta),
991,campo,sgi.incident.state,addons/quimibond_sgi/models/sgi_incident.py:62,Selection,Se corrige,C-018,03-modelo/campos_sin_help (alta),
992,campo,sgi.indicator.code,addons/quimibond_sgi/models/sgi_indicator.py:69,Char,Se corrige,C-018,03-modelo/campos_sin_help (media),
993,campo,sgi.indicator.name,addons/quimibond_sgi/models/sgi_indicator.py:70,Char,Se corrige,C-018,03-modelo/campos_sin_help (baja),
994,campo,sgi.indicator.process_id,addons/quimibond_sgi/models/sgi_indicator.py:71,Many2one,Se corrige,C-018,03-modelo/campos_sin_help (alta),
995,campo,sgi.indicator.sgi_process_active,addons/quimibond_sgi/models/sgi_indicator.py:74,Boolean,Se queda,,defecto,
996,campo,sgi.indicator.sgi_area_id,addons/quimibond_sgi/models/sgi_indicator.py:78,Many2one,Se corrige,C-018,03-modelo/campos_sin_help (alta),
997,campo,sgi.indicator.responsible_id,addons/quimibond_sgi/models/sgi_indicator.py:79,Many2one,Se corrige,C-018,03-modelo/campos_sin_help (alta),
998,campo,sgi.indicator.objective_id,addons/quimibond_sgi/models/sgi_indicator.py:80,Many2one,Se corrige,C-018,03-modelo/campos_sin_help (alta),
999,campo,sgi.indicator.uom,addons/quimibond_sgi/models/sgi_indicator.py:81,Char,Se queda,,defecto,
1000,campo,sgi.indicator.direction,addons/quimibond_sgi/models/sgi_indicator.py:82,Selection,Se corrige,C-018,03-modelo/campos_sin_help (alta),
1001,campo,sgi.indicator.target_objective,addons/quimibond_sgi/models/sgi_indicator.py:86,Float,Se corrige,C-018,03-modelo/campos_sin_help (alta),
1002,campo,sgi.indicator.target_acceptable,addons/quimibond_sgi/models/sgi_indicator.py:87,Float,Se corrige,C-018,03-modelo/campos_sin_help (alta),
1003,campo,sgi.indicator.frequency,addons/quimibond_sgi/models/sgi_indicator.py:88,Selection,Se corrige,C-018,03-modelo/campos_sin_help (alta),
1004,campo,sgi.indicator.calc_mode,addons/quimibond_sgi/models/sgi_indicator.py:92,Selection,Se corrige,B-010 C-018,03-modelo/campos_sin_help (alta),
1005,campo,sgi.indicator.formula,addons/quimibond_sgi/models/sgi_indicator.py:94,Text,Se queda,,defecto,
1006,campo,sgi.indicator.source,addons/quimibond_sgi/models/sgi_indicator.py:98,Text,Se queda,,defecto,
1007,campo,sgi.indicator.source_type,addons/quimibond_sgi/models/sgi_indicator.py:102,Selection,Se corrige,C-018,03-modelo/campos_sin_help (alta),
1008,campo,sgi.indicator.source_info,addons/quimibond_sgi/models/sgi_indicator.py:106,Char,Se corrige,C-018,03-modelo/campos_sin_help (media),
1009,campo,sgi.indicator.monthly_budget,addons/quimibond_sgi/models/sgi_indicator.py:176,Float,Se queda,,defecto,
1010,campo,sgi.indicator.nc_on_red,addons/quimibond_sgi/models/sgi_indicator.py:178,Boolean,Se queda,,defecto,
1011,campo,sgi.indicator.active,addons/quimibond_sgi/models/sgi_indicator.py:184,Boolean,Se corrige,C-018,03-modelo/campos_sin_help (baja),
1012,campo,sgi.indicator.measure_ids,addons/quimibond_sgi/models/sgi_indicator.py:186,One2many,Se corrige,C-018,03-modelo/campos_sin_help (media),
1013,campo,sgi.indicator.last_measure_id,addons/quimibond_sgi/models/sgi_indicator.py:188,Many2one,Se corrige,C-018,03-modelo/campos_sin_help (baja),
1014,campo,sgi.indicator.last_value,addons/quimibond_sgi/models/sgi_indicator.py:190,Float,Se corrige,C-018,03-modelo/campos_sin_help (alta),
1015,campo,sgi.indicator.last_semaphore,addons/quimibond_sgi/models/sgi_indicator.py:191,Selection,Se corrige,C-018,03-modelo/campos_sin_help (alta),
1016,campo,sgi.indicator.measure.indicator_id,addons/quimibond_sgi/models/sgi_indicator.py:1043,Many2one,Se corrige,C-018,03-modelo/campos_sin_help (alta),
1017,campo,sgi.indicator.measure.source_type,addons/quimibond_sgi/models/sgi_indicator.py:1045,Selection,Se corrige,C-018,03-modelo/campos_sin_help (alta),
1018,campo,sgi.indicator.measure.source_info,addons/quimibond_sgi/models/sgi_indicator.py:1047,Char,Se corrige,C-018,03-modelo/campos_sin_help (media),
1019,campo,sgi.indicator.measure.period_date,addons/quimibond_sgi/models/sgi_indicator.py:1049,Date,Se queda,,defecto,
1020,campo,sgi.indicator.measure.value,addons/quimibond_sgi/models/sgi_indicator.py:1051,Float,Se corrige,C-018,03-modelo/campos_sin_help (alta),
1021,campo,sgi.indicator.measure.direction,addons/quimibond_sgi/models/sgi_indicator.py:1052,Selection,Se corrige,C-018,03-modelo/campos_sin_help (alta),
1022,campo,sgi.indicator.measure.target_objective,addons/quimibond_sgi/models/sgi_indicator.py:1053,Float,Se corrige,C-018,03-modelo/campos_sin_help (alta),
1023,campo,sgi.indicator.measure.target_acceptable,addons/quimibond_sgi/models/sgi_indicator.py:1054,Float,Se corrige,C-018,03-modelo/campos_sin_help (alta),
1024,campo,sgi.indicator.measure.uom,addons/quimibond_sgi/models/sgi_indicator.py:1055,Char,Se corrige,C-018,03-modelo/campos_sin_help (media),
1025,campo,sgi.indicator.measure.semaphore,addons/quimibond_sgi/models/sgi_indicator.py:1056,Selection,Se corrige,C-018,03-modelo/campos_sin_help (alta),
1026,campo,sgi.indicator.measure.note,addons/quimibond_sgi/models/sgi_indicator.py:1061,Text,Se corrige,C-018,03-modelo/campos_sin_help (media),
1027,campo,sgi.indicator.measure.state,addons/quimibond_sgi/models/sgi_indicator.py:1062,Selection,Se corrige,C-018,03-modelo/campos_sin_help (alta),
1028,campo,sgi.indicator.measure.alert_id,addons/quimibond_sgi/models/sgi_indicator.py:1067,Many2one,Se corrige,C-018,03-modelo/campos_sin_help (alta),
1029,campo,sgi.indicator.measure.sgi_nc_suppressed,addons/quimibond_sgi/models/sgi_indicator.py:1068,Boolean,Se queda,,defecto,
1030,campo,quality.alert.sgi_indicator_measure_id,addons/quimibond_sgi/models/sgi_indicator.py:1454,Many2one,Se corrige,C-018,03-modelo/campos_sin_help (baja),
1031,campo,sgi.indicator.status,addons/quimibond_sgi/models/sgi_indicator_detail.py:38,Selection,Se queda,,defecto,
1032,campo,sgi.indicator.measure_from,addons/quimibond_sgi/models/sgi_indicator_detail.py:45,Date,Se queda,,defecto,
1033,campo,sgi.indicator.critical,addons/quimibond_sgi/models/sgi_indicator_detail.py:50,Boolean,Se queda,,defecto,
1034,campo,sgi.indicator.calc_status,addons/quimibond_sgi/models/sgi_indicator_detail.py:57,Selection,Se corrige,C-018,03-modelo/campos_sin_help (alta),
1035,campo,sgi.indicator.calc_message,addons/quimibond_sgi/models/sgi_indicator_detail.py:65,Char,Se corrige,C-018,03-modelo/campos_sin_help (media),
1036,campo,sgi.indicator.calc_checked,addons/quimibond_sgi/models/sgi_indicator_detail.py:66,Datetime,Se corrige,C-018,03-modelo/campos_sin_help (alta),
1037,campo,sgi.indicator.measure.state,addons/quimibond_sgi/models/sgi_indicator_detail.py:284,Selection,Se corrige,C-018,03-modelo/campos_sin_help (alta),
1038,campo,sgi.indicator.measure.numerator,addons/quimibond_sgi/models/sgi_indicator_detail.py:286,Float,Se corrige,C-018,03-modelo/campos_sin_help (alta),
1039,campo,sgi.indicator.measure.denominator,addons/quimibond_sgi/models/sgi_indicator_detail.py:287,Float,Se corrige,C-018,03-modelo/campos_sin_help (alta),
1040,campo,sgi.indicator.measure.sample_size,addons/quimibond_sgi/models/sgi_indicator_detail.py:288,Integer,Se queda,,defecto,
1041,campo,sgi.indicator.measure.small_sample,addons/quimibond_sgi/models/sgi_indicator_detail.py:289,Boolean,Se queda,,defecto,
1042,campo,sgi.indicator.measure.detail_model,addons/quimibond_sgi/models/sgi_indicator_detail.py:293,Char,Se corrige,C-018,03-modelo/campos_sin_help (baja),
1043,campo,sgi.indicator.measure.detail_ids,addons/quimibond_sgi/models/sgi_indicator_detail.py:294,Text,Se corrige,C-018,03-modelo/campos_sin_help (media),
1044,campo,sgi.indicator.measure.detail_count,addons/quimibond_sgi/models/sgi_indicator_detail.py:295,Integer,Se corrige,C-018,03-modelo/campos_sin_help (baja),
1045,campo,sgi.indicator.measure.value_is_pct,addons/quimibond_sgi/models/sgi_indicator_detail.py:296,Boolean,Se corrige,C-018,03-modelo/campos_sin_help (baja),
1046,campo,sgi.indicator.measure.indicator_status,addons/quimibond_sgi/models/sgi_indicator_detail.py:297,Selection,Se corrige,C-018,03-modelo/campos_sin_help (alta),
1047,campo,sgi.indicator.term.indicator_id,addons/quimibond_sgi/models/sgi_indicator_formula.py:82,Many2one,Se corrige,C-018,03-modelo/campos_sin_help (baja),
1048,campo,sgi.indicator.term.role,addons/quimibond_sgi/models/sgi_indicator_formula.py:83,Selection,Se corrige,C-018,03-modelo/campos_sin_help (alta),
1049,campo,sgi.indicator.term.model_id,addons/quimibond_sgi/models/sgi_indicator_formula.py:85,Many2one,Se corrige,C-018,03-modelo/campos_sin_help (alta),
1050,campo,sgi.indicator.term.model_name,addons/quimibond_sgi/models/sgi_indicator_formula.py:86,Char,Se corrige,C-018,03-modelo/campos_sin_help (baja),
1051,campo,sgi.indicator.term.domain,addons/quimibond_sgi/models/sgi_indicator_formula.py:87,Text,Se queda,,defecto,
1052,campo,sgi.indicator.term.date_field,addons/quimibond_sgi/models/sgi_indicator_formula.py:89,Char,Se queda,,defecto,
1053,campo,sgi.indicator.term.aggregation,addons/quimibond_sgi/models/sgi_indicator_formula.py:94,Selection,Se corrige,C-018,03-modelo/campos_sin_help (alta),
1054,campo,sgi.indicator.term.field_name,addons/quimibond_sgi/models/sgi_indicator_formula.py:95,Char,Se queda,,defecto,
1055,campo,sgi.indicator.term.field_name_2,addons/quimibond_sgi/models/sgi_indicator_formula.py:97,Char,Se queda,,defecto,
1056,campo,sgi.indicator.term.delta_unit,addons/quimibond_sgi/models/sgi_indicator_formula.py:99,Selection,Se corrige,C-018,03-modelo/campos_sin_help (alta),
1057,campo,sgi.indicator.term.delta_op,addons/quimibond_sgi/models/sgi_indicator_formula.py:100,Selection,Se corrige,C-018,03-modelo/campos_sin_help (alta),
1058,campo,sgi.indicator.term.delta_value,addons/quimibond_sgi/models/sgi_indicator_formula.py:101,Float,Se queda,,defecto,
1059,campo,sgi.indicator.term.factor,addons/quimibond_sgi/models/sgi_indicator_formula.py:103,Float,Se queda,,defecto,
1060,campo,sgi.indicator.term.window,addons/quimibond_sgi/models/sgi_indicator_formula.py:106,Selection,Se corrige,C-018,03-modelo/campos_sin_help (alta),
1061,campo,sgi.indicator.term_ids,addons/quimibond_sgi/models/sgi_indicator_formula.py:341,One2many,Se corrige,C-018,03-modelo/campos_sin_help (media),
1062,campo,sgi.indicator.has_formula,addons/quimibond_sgi/models/sgi_indicator_formula.py:342,Boolean,Se corrige,C-018,03-modelo/campos_sin_help (alta),
1063,campo,sgi.indicator.formula_text,addons/quimibond_sgi/models/sgi_indicator_formula.py:343,Text,Se corrige,C-018,03-modelo/campos_sin_help (media),
1064,campo,sgi.indicator.can_edit_formula,addons/quimibond_sgi/models/sgi_indicator_formula.py:346,Boolean,Se corrige,C-018,03-modelo/campos_sin_help (alta),
1065,campo,sgi.indicator.measure.parallel_value,addons/quimibond_sgi/models/sgi_indicator_formula.py:498,Float,Se queda,,defecto,
1066,campo,sgi.indicator.measure.parallel_numerator,addons/quimibond_sgi/models/sgi_indicator_formula.py:503,Float,Se corrige,C-018,03-modelo/campos_sin_help (alta),
1067,campo,sgi.indicator.measure.parallel_denominator,addons/quimibond_sgi/models/sgi_indicator_formula.py:504,Float,Se corrige,C-018,03-modelo/campos_sin_help (alta),
1068,campo,sgi.indicator.window_label,addons/quimibond_sgi/models/sgi_indicator_plan.py:50,Char,Se queda,,defecto,
1069,campo,sgi.action.line.measure_id,addons/quimibond_sgi/models/sgi_indicator_plan.py:73,Many2one,Se queda,,defecto,
1070,campo,sgi.indicator.measure.window_label,addons/quimibond_sgi/models/sgi_indicator_plan.py:111,Char,Se corrige,C-018,03-modelo/campos_sin_help (media),
1071,campo,sgi.indicator.measure.cause,addons/quimibond_sgi/models/sgi_indicator_plan.py:112,Text,Se queda,,defecto,
1072,campo,sgi.indicator.measure.action_line_ids,addons/quimibond_sgi/models/sgi_indicator_plan.py:113,One2many,Se corrige,C-018,03-modelo/campos_sin_help (media),
1073,campo,sgi.indicator.measure.plan_required,addons/quimibond_sgi/models/sgi_indicator_plan.py:114,Boolean,Se corrige,C-018,03-modelo/campos_sin_help (alta),
1074,campo,sgi.indicator.measure.plan_due,addons/quimibond_sgi/models/sgi_indicator_plan.py:115,Date,Se queda,,defecto,
1075,campo,sgi.indicator.measure.plan_done,addons/quimibond_sgi/models/sgi_indicator_plan.py:117,Boolean,Se corrige,C-018,03-modelo/campos_sin_help (alta),
1076,campo,sgi.indicator.step.indicator_id,addons/quimibond_sgi/models/sgi_indicator_trajectory.py:36,Many2one,Se corrige,C-018,03-modelo/campos_sin_help (baja),
1077,campo,sgi.indicator.step.date_from,addons/quimibond_sgi/models/sgi_indicator_trajectory.py:37,Date,Se corrige,C-018,03-modelo/campos_sin_help (baja),
1078,campo,sgi.indicator.step.name,addons/quimibond_sgi/models/sgi_indicator_trajectory.py:38,Char,Se corrige,C-018,03-modelo/campos_sin_help (baja),
1079,campo,sgi.indicator.step.objective,addons/quimibond_sgi/models/sgi_indicator_trajectory.py:39,Float,Se corrige,C-018,03-modelo/campos_sin_help (baja),
1080,campo,sgi.indicator.step.acceptable,addons/quimibond_sgi/models/sgi_indicator_trajectory.py:40,Float,Se corrige,C-018,03-modelo/campos_sin_help (baja),
1081,campo,sgi.indicator.step.manual,addons/quimibond_sgi/models/sgi_indicator_trajectory.py:41,Boolean,Se corrige,C-018,03-modelo/campos_sin_help (baja),
1082,campo,sgi.indicator.step.reason,addons/quimibond_sgi/models/sgi_indicator_trajectory.py:42,Text,Se queda,,defecto,
1083,campo,sgi.indicator.direction,addons/quimibond_sgi/models/sgi_indicator_trajectory.py:79,Selection,Se corrige,C-018,03-modelo/campos_sin_help (alta),
1084,campo,sgi.indicator.range_min,addons/quimibond_sgi/models/sgi_indicator_trajectory.py:81,Float,Se corrige,C-018,03-modelo/campos_sin_help (alta),
1085,campo,sgi.indicator.range_max,addons/quimibond_sgi/models/sgi_indicator_trajectory.py:82,Float,Se corrige,C-018,03-modelo/campos_sin_help (alta),
1086,campo,sgi.indicator.range_tolerance,addons/quimibond_sgi/models/sgi_indicator_trajectory.py:83,Float,Se queda,,defecto,
1087,campo,sgi.indicator.baseline_date,addons/quimibond_sgi/models/sgi_indicator_trajectory.py:86,Date,Se queda,,defecto,
1088,campo,sgi.indicator.step_ids,addons/quimibond_sgi/models/sgi_indicator_trajectory.py:88,One2many,Se corrige,C-018,03-modelo/campos_sin_help (media),
1089,campo,sgi.indicator.has_trajectory,addons/quimibond_sgi/models/sgi_indicator_trajectory.py:89,Boolean,Se corrige,C-018,03-modelo/campos_sin_help (alta),
1090,campo,sgi.indicator.measure.target_objective,addons/quimibond_sgi/models/sgi_indicator_trajectory.py:223,Float,Se corrige,C-018,03-modelo/campos_sin_help (alta),
1091,campo,sgi.indicator.measure.target_acceptable,addons/quimibond_sgi/models/sgi_indicator_trajectory.py:224,Float,Se corrige,C-018,03-modelo/campos_sin_help (alta),
1092,campo,sgi.indicator.measure.range_min,addons/quimibond_sgi/models/sgi_indicator_trajectory.py:225,Float,Se corrige,C-018,03-modelo/campos_sin_help (alta),
1093,campo,sgi.indicator.measure.range_max,addons/quimibond_sgi/models/sgi_indicator_trajectory.py:226,Float,Se corrige,C-018,03-modelo/campos_sin_help (alta),
1094,campo,sgi.process.activity.instruction_article_id,addons/quimibond_sgi/models/sgi_instruction_knowledge.py:18,Many2one,Se queda,,defecto,
1095,campo,sgi.process.activity.instruction_article_stale,addons/quimibond_sgi/models/sgi_instruction_knowledge.py:22,Boolean,Se corrige,C-018,03-modelo/campos_sin_help (alta),
1096,campo,documents.document.sgi_article_id,addons/quimibond_sgi/models/sgi_instruction_knowledge.py:54,Many2one,Se queda,,defecto,
1097,campo,sgi.instruction.publish.activity_id,addons/quimibond_sgi/models/sgi_instruction_knowledge.py:63,Many2one,Se corrige,C-018,03-modelo/campos_sin_help (alta),
1098,campo,sgi.instruction.publish.article_id,addons/quimibond_sgi/models/sgi_instruction_knowledge.py:64,Many2one,Se corrige,C-018,03-modelo/campos_sin_help (alta),
1099,campo,sgi.instruction.publish.code,addons/quimibond_sgi/models/sgi_instruction_knowledge.py:65,Char,Se queda,,defecto,
1100,campo,sgi.instruction.publish.job_ids,addons/quimibond_sgi/models/sgi_instruction_knowledge.py:66,Many2many,Se queda,,defecto,
1101,campo,stock.picking.sgi_nc_count,addons/quimibond_sgi/models/sgi_integration.py:9,Integer,Se corrige,C-018,03-modelo/campos_sin_help (baja),
1102,campo,stock.picking.sgi_return_alert_id,addons/quimibond_sgi/models/sgi_integration.py:30,Many2one,Se corrige,C-018,03-modelo/campos_sin_help (baja),
1103,campo,stock.picking.sgi_seal_number,addons/quimibond_sgi/models/sgi_integration.py:35,Char,Se queda,,defecto,
1104,campo,mrp.production.sgi_nc_count,addons/quimibond_sgi/models/sgi_integration.py:90,Integer,Se corrige,C-018,03-modelo/campos_sin_help (baja),
1105,campo,purchase.order.sgi_nc_count,addons/quimibond_sgi/models/sgi_integration.py:112,Integer,Se corrige,C-018,03-modelo/campos_sin_help (baja),
1106,campo,maintenance.request.sgi_alert_id,addons/quimibond_sgi/models/sgi_integration.py:149,Many2one,Se corrige,C-018,03-modelo/campos_sin_help (baja),
1107,campo,hr.job.sgi_document_ids,addons/quimibond_sgi/models/sgi_integration.py:192,Many2many,Se corrige,C-018,03-modelo/campos_sin_help (alta),
1108,campo,hr.job.sgi_epp_required,addons/quimibond_sgi/models/sgi_integration.py:197,Text,Se queda,,defecto,
1109,campo,product.template.sgi_spec_document_id,addons/quimibond_sgi/models/sgi_integration.py:210,Many2one,Se queda,,defecto,
1110,campo,product.template.sgi_packaging_notes,addons/quimibond_sgi/models/sgi_integration.py:216,Text,Se queda,,defecto,
1111,campo,hr.employee.sgi_procedure_count,addons/quimibond_sgi/models/sgi_integration.py:244,Integer,Se corrige,C-018,03-modelo/campos_sin_help (baja),
1112,campo,hr.employee.sgi_pending_ack_count,addons/quimibond_sgi/models/sgi_integration.py:245,Integer,Se corrige,C-018,03-modelo/campos_sin_help (baja),
1113,campo,res.partner.sgi_complaint_count,addons/quimibond_sgi/models/sgi_integration.py:303,Integer,Se corrige,C-018,03-modelo/campos_sin_help (baja),
1114,campo,res.partner.sgi_nc_count,addons/quimibond_sgi/models/sgi_integration.py:304,Integer,Se corrige,C-018,03-modelo/campos_sin_help (baja),
1115,campo,product.template.sgi_first_sale_date,addons/quimibond_sgi/models/sgi_kpi_fields.py:61,Date,Se queda,,defecto,
1116,campo,stock.picking.sgi_export_crossing_datetime,addons/quimibond_sgi/models/sgi_kpi_fields.py:84,Datetime,Se queda,,defecto,
1117,campo,stock.picking.sgi_export_file_closed_date,addons/quimibond_sgi/models/sgi_kpi_fields.py:87,Date,Se queda,,defecto,
1118,campo,stock.picking.sgi_quality_approved_at,addons/quimibond_sgi/models/sgi_kpi_fields.py:90,Datetime,Se queda,,defecto,
1119,campo,stock.picking.sgi_release_hours,addons/quimibond_sgi/models/sgi_kpi_fields.py:93,Float,Se queda,,defecto,
1120,campo,quality.alert.sgi_claimed_meters,addons/quimibond_sgi/models/sgi_kpi_fields.py:116,Float,Se queda,,defecto,
1121,campo,account.move.line.sgi_po_price_diff,addons/quimibond_sgi/models/sgi_kpi_fields.py:125,Monetary,Se queda,,defecto,
1122,campo,account.move.sgi_payment_date,addons/quimibond_sgi/models/sgi_kpi_fields.py:144,Date,Se queda,,defecto,
1123,campo,sgi.management.review.agreement.done_date,addons/quimibond_sgi/models/sgi_kpi_fields.py:167,Date,Se queda,,defecto,
1124,campo,sgi.lock.date.log.company_id,addons/quimibond_sgi/models/sgi_kpi_fields.py:187,Many2one,Sale a otro módulo,A-017,decisión (módulo que sale / modelo que se retira),
1125,campo,sgi.lock.date.log.lock_field,addons/quimibond_sgi/models/sgi_kpi_fields.py:188,Selection,Sale a otro módulo,A-017,decisión (módulo que sale / modelo que se retira),
1126,campo,sgi.lock.date.log.date_before,addons/quimibond_sgi/models/sgi_kpi_fields.py:189,Date,Sale a otro módulo,A-017,decisión (módulo que sale / modelo que se retira),
1127,campo,sgi.lock.date.log.date_after,addons/quimibond_sgi/models/sgi_kpi_fields.py:190,Date,Sale a otro módulo,A-017,decisión (módulo que sale / modelo que se retira),
1128,campo,sgi.lock.date.log.moved_at,addons/quimibond_sgi/models/sgi_kpi_fields.py:191,Datetime,Sale a otro módulo,A-017,decisión (módulo que sale / modelo que se retira),
1129,campo,sgi.lock.date.log.user_id,addons/quimibond_sgi/models/sgi_kpi_fields.py:192,Many2one,Sale a otro módulo,A-017,decisión (módulo que sale / modelo que se retira),
1130,campo,sgi.lock.date.log.business_day,addons/quimibond_sgi/models/sgi_kpi_fields.py:193,Integer,Sale a otro módulo,A-017,decisión (módulo que sale / modelo que se retira),
1131,campo,sgi.inventory.value.company_id,addons/quimibond_sgi/models/sgi_kpi_fields.py:237,Many2one,Sale a otro módulo,A-017,decisión (módulo que sale / modelo que se retira),
1132,campo,sgi.inventory.value.date,addons/quimibond_sgi/models/sgi_kpi_fields.py:238,Date,Sale a otro módulo,A-017,decisión (módulo que sale / modelo que se retira),
1133,campo,sgi.inventory.value.value,addons/quimibond_sgi/models/sgi_kpi_fields.py:240,Monetary,Sale a otro módulo,A-017,decisión (módulo que sale / modelo que se retira),
1134,campo,sgi.inventory.value.currency_id,addons/quimibond_sgi/models/sgi_kpi_fields.py:241,Many2one,Sale a otro módulo,A-017,decisión (módulo que sale / modelo que se retira),
1135,campo,sgi.inventory.value.quant_count,addons/quimibond_sgi/models/sgi_kpi_fields.py:242,Integer,Sale a otro módulo,A-017,decisión (módulo que sale / modelo que se retira),
1136,campo,sgi.inventory.value.taken_at,addons/quimibond_sgi/models/sgi_kpi_fields.py:243,Datetime,Sale a otro módulo,A-017,decisión (módulo que sale / modelo que se retira),
1137,campo,hr.version.sgi_departure_reason_id,addons/quimibond_sgi/models/sgi_kpi_fields.py:275,Many2one,Se queda,,defecto,
1138,campo,hr.version.sgi_departure_registered_at,addons/quimibond_sgi/models/sgi_kpi_fields.py:278,Datetime,Se queda,,defecto,
1139,campo,hr.employee.sgi_trial_date_end,addons/quimibond_sgi/models/sgi_kpi_fields.py:297,Date,Se corrige,J-017,coincidencia de nombre en hallazgo,
1140,campo,res.users.sgi_deactivated_date,addons/quimibond_sgi/models/sgi_kpi_fields.py:306,Date,Se queda,,defecto,
1141,campo,sgi.legal.requirement.name,addons/quimibond_sgi/models/sgi_legal.py:27,Char,Se queda,,defecto,
1142,campo,sgi.legal.requirement.kind,addons/quimibond_sgi/models/sgi_legal.py:32,Selection,Se corrige,C-018,03-modelo/campos_sin_help (alta),
1143,campo,sgi.legal.requirement.system,addons/quimibond_sgi/models/sgi_legal.py:39,Selection,Se corrige,C-018,03-modelo/campos_sin_help (alta),
1144,campo,sgi.legal.requirement.reference,addons/quimibond_sgi/models/sgi_legal.py:45,Char,Se queda,,defecto,
1145,campo,sgi.legal.requirement.authority,addons/quimibond_sgi/models/sgi_legal.py:49,Char,Se queda,,defecto,
1146,campo,sgi.legal.requirement.description,addons/quimibond_sgi/models/sgi_legal.py:52,Text,Se queda,,defecto,
1147,campo,sgi.legal.requirement.evidence,addons/quimibond_sgi/models/sgi_legal.py:55,Text,Se queda,,defecto,
1148,campo,sgi.legal.requirement.process_ids,addons/quimibond_sgi/models/sgi_legal.py:59,Many2many,Se corrige,C-018,03-modelo/campos_sin_help (alta),
1149,campo,sgi.legal.requirement.risk_ids,addons/quimibond_sgi/models/sgi_legal.py:61,Many2many,Se queda,,defecto,
1150,campo,sgi.legal.requirement.document_ids,addons/quimibond_sgi/models/sgi_legal.py:64,Many2many,Se corrige,C-018,03-modelo/campos_sin_help (alta),
1151,campo,sgi.legal.requirement.responsible_id,addons/quimibond_sgi/models/sgi_legal.py:68,Many2one,Se corrige,C-018,03-modelo/campos_sin_help (alta),
1152,campo,sgi.legal.requirement.evaluation_ids,addons/quimibond_sgi/models/sgi_legal.py:71,One2many,Se corrige,C-018,03-modelo/campos_sin_help (media),
1153,campo,sgi.legal.requirement.evaluation_count,addons/quimibond_sgi/models/sgi_legal.py:73,Integer,Se corrige,C-018,03-modelo/campos_sin_help (baja),
1154,campo,sgi.legal.requirement.expiry_date,addons/quimibond_sgi/models/sgi_legal.py:74,Date,Se queda,,defecto,
1155,campo,sgi.legal.requirement.eval_frequency_months,addons/quimibond_sgi/models/sgi_legal.py:80,Integer,Se corrige,C-018,03-modelo/campos_sin_help (alta),
1156,campo,sgi.legal.requirement.last_eval_date,addons/quimibond_sgi/models/sgi_legal.py:82,Date,Se corrige,C-018,03-modelo/campos_sin_help (alta),
1157,campo,sgi.legal.requirement.next_eval_date,addons/quimibond_sgi/models/sgi_legal.py:83,Date,Se queda,,defecto,
1158,campo,sgi.legal.requirement.compliance_state,addons/quimibond_sgi/models/sgi_legal.py:88,Selection,Se corrige,C-018,03-modelo/campos_sin_help (alta),
1159,campo,sgi.legal.requirement.eval_note,addons/quimibond_sgi/models/sgi_legal.py:95,Text,Se queda,,defecto,
1160,campo,sgi.legal.requirement.alert_id,addons/quimibond_sgi/models/sgi_legal.py:99,Many2one,Se corrige,C-018,03-modelo/campos_sin_help (alta),
1161,campo,sgi.legal.requirement.active,addons/quimibond_sgi/models/sgi_legal.py:101,Boolean,Se corrige,C-018,03-modelo/campos_sin_help (baja),
1162,campo,sgi.legal.evaluation.requirement_id,addons/quimibond_sgi/models/sgi_legal.py:237,Many2one,Se corrige,C-018,03-modelo/campos_sin_help (alta),
1163,campo,sgi.legal.evaluation.date,addons/quimibond_sgi/models/sgi_legal.py:239,Date,Se corrige,C-018,03-modelo/campos_sin_help (alta),
1164,campo,sgi.legal.evaluation.result,addons/quimibond_sgi/models/sgi_legal.py:240,Selection,Se corrige,C-018,03-modelo/campos_sin_help (alta),
1165,campo,sgi.legal.evaluation.evidence,addons/quimibond_sgi/models/sgi_legal.py:246,Text,Se corrige,C-018,03-modelo/campos_sin_help (media),
1166,campo,sgi.legal.evaluation.next_date,addons/quimibond_sgi/models/sgi_legal.py:247,Date,Se corrige,C-018,03-modelo/campos_sin_help (alta),
1167,campo,sgi.legal.evaluation.user_id,addons/quimibond_sgi/models/sgi_legal.py:248,Many2one,Se corrige,C-018,03-modelo/campos_sin_help (alta),
1168,campo,sgi.legal.evaluation.alert_id,addons/quimibond_sgi/models/sgi_legal.py:249,Many2one,Se corrige,C-018,03-modelo/campos_sin_help (baja),
1169,campo,sgi.legal.evaluate.requirement_id,addons/quimibond_sgi/models/sgi_legal.py:256,Many2one,Se corrige,C-018,03-modelo/campos_sin_help (alta),
1170,campo,sgi.legal.evaluate.result,addons/quimibond_sgi/models/sgi_legal.py:257,Selection,Se corrige,C-018,03-modelo/campos_sin_help (alta),
1171,campo,sgi.legal.evaluate.evidence,addons/quimibond_sgi/models/sgi_legal.py:263,Text,Se corrige,C-018,03-modelo/campos_sin_help (media),
1172,campo,sgi.legal.evaluate.next_date,addons/quimibond_sgi/models/sgi_legal.py:266,Date,Se corrige,C-018,03-modelo/campos_sin_help (alta),
1173,campo,sgi.dyd.task.mixin.sgi_dyd_task_id,addons/quimibond_sgi/models/sgi_links.py:27,Many2one,Se queda,,defecto,
1174,campo,mrp.production.sgi_release_picking_ids,addons/quimibond_sgi/models/sgi_links.py:58,One2many,Se queda,,defecto,
1175,campo,project.task.sgi_fmea_ids,addons/quimibond_sgi/models/sgi_links.py:66,One2many,Se corrige,C-018,03-modelo/campos_sin_help (media),
1176,campo,project.task.sgi_bom_ids,addons/quimibond_sgi/models/sgi_links.py:67,One2many,Se corrige,C-018,03-modelo/campos_sin_help (media),
1177,campo,project.task.sgi_production_ids,addons/quimibond_sgi/models/sgi_links.py:68,One2many,Se corrige,C-018,03-modelo/campos_sin_help (media),
1178,campo,project.task.sgi_control_plan_ids,addons/quimibond_sgi/models/sgi_links.py:69,One2many,Se corrige,C-018,03-modelo/campos_sin_help (media),
1179,campo,project.task.sgi_ppap_ids,addons/quimibond_sgi/models/sgi_links.py:70,One2many,Se corrige,C-018,03-modelo/campos_sin_help (media),
1180,campo,project.task.sgi_dyd_link_count,addons/quimibond_sgi/models/sgi_links.py:71,Integer,Se corrige,C-018,03-modelo/campos_sin_help (baja),
1181,campo,product.template.sgi_control_plan_id,addons/quimibond_sgi/models/sgi_links.py:84,Many2one,Se queda,,defecto,
1182,campo,quality.alert.sgi_maintenance_request_id,addons/quimibond_sgi/models/sgi_links.py:103,Many2one,Se queda,,defecto,
1183,campo,purchase.order.sgi_approval_request_id,addons/quimibond_sgi/models/sgi_links.py:112,Many2one,Se queda,B-022,coincidencia de nombre en hallazgo,
1184,campo,approval.request.sgi_purchase_order_ids,addons/quimibond_sgi/models/sgi_links.py:122,One2many,Se corrige,B-022 C-018,03-modelo/campos_sin_help (baja),
1185,campo,account.move.sgi_picking_ids,addons/quimibond_sgi/models/sgi_links.py:145,Many2many,Se queda,,defecto,
1186,campo,ir.attachment.sgi_picking_id,addons/quimibond_sgi/models/sgi_links.py:169,Many2one,Se queda,,defecto,
1187,campo,stock.picking.sgi_production_id,addons/quimibond_sgi/models/sgi_links.py:188,Many2one,Se queda,,defecto,
1188,campo,stock.picking.sgi_acuse_attachment_ids,addons/quimibond_sgi/models/sgi_links.py:193,One2many,Se corrige,C-018,03-modelo/campos_sin_help (baja),
1189,campo,stock.picking.sgi_acuse_count,addons/quimibond_sgi/models/sgi_links.py:195,Integer,Se corrige,C-018,03-modelo/campos_sin_help (baja),
1190,campo,sgi.acuse.attach.wizard.picking_id,addons/quimibond_sgi/models/sgi_links.py:234,Many2one,Se corrige,C-018,03-modelo/campos_sin_help (alta),
1191,campo,sgi.acuse.attach.wizard.file,addons/quimibond_sgi/models/sgi_links.py:235,Binary,Se corrige,C-018,03-modelo/campos_sin_help (media),
1192,campo,sgi.acuse.attach.wizard.file_name,addons/quimibond_sgi/models/sgi_links.py:236,Char,Se corrige,C-018,03-modelo/campos_sin_help (media),
1193,campo,sgi.acuse.attach.wizard.note,addons/quimibond_sgi/models/sgi_links.py:237,Char,Se corrige,C-018,03-modelo/campos_sin_help (media),
1194,campo,sgi.catalog.load.wizard.payload_text,addons/quimibond_sgi/models/sgi_load_wizard.py:26,Text,Se corrige,C-018,03-modelo/campos_sin_help (media),
1195,campo,sgi.catalog.load.wizard.payload_file,addons/quimibond_sgi/models/sgi_load_wizard.py:27,Binary,Se corrige,C-018,03-modelo/campos_sin_help (media),
1196,campo,sgi.catalog.load.wizard.payload_filename,addons/quimibond_sgi/models/sgi_load_wizard.py:28,Char,Se corrige,C-018,03-modelo/campos_sin_help (media),
1197,campo,sgi.catalog.load.wizard.state,addons/quimibond_sgi/models/sgi_load_wizard.py:29,Selection,Se corrige,C-018,03-modelo/campos_sin_help (alta),
1198,campo,sgi.catalog.load.wizard.dry_run_ok,addons/quimibond_sgi/models/sgi_load_wizard.py:34,Boolean,Se corrige,C-018,03-modelo/campos_sin_help (alta),
1199,campo,sgi.catalog.load.wizard.summary,addons/quimibond_sgi/models/sgi_load_wizard.py:35,Text,Se corrige,C-018,03-modelo/campos_sin_help (media),
1200,campo,sgi.catalog.load.wizard.line_ids,addons/quimibond_sgi/models/sgi_load_wizard.py:36,One2many,Se corrige,C-018,03-modelo/campos_sin_help (media),
1201,campo,sgi.catalog.load.wizard.error_count,addons/quimibond_sgi/models/sgi_load_wizard.py:38,Integer,Se corrige,C-018,03-modelo/campos_sin_help (baja),
1202,campo,sgi.catalog.load.wizard.change_count,addons/quimibond_sgi/models/sgi_load_wizard.py:39,Integer,Se corrige,C-018,03-modelo/campos_sin_help (baja),
1203,campo,sgi.catalog.load.wizard.line.wizard_id,addons/quimibond_sgi/models/sgi_load_wizard.py:108,Many2one,Se corrige,C-018,03-modelo/campos_sin_help (baja),
1204,campo,sgi.catalog.load.wizard.line.kind,addons/quimibond_sgi/models/sgi_load_wizard.py:109,Char,Se corrige,C-018,03-modelo/campos_sin_help (baja),
1205,campo,sgi.catalog.load.wizard.line.key,addons/quimibond_sgi/models/sgi_load_wizard.py:110,Char,Se corrige,C-018,03-modelo/campos_sin_help (baja),
1206,campo,sgi.catalog.load.wizard.line.action,addons/quimibond_sgi/models/sgi_load_wizard.py:111,Selection,Se corrige,C-018,03-modelo/campos_sin_help (baja),
1207,campo,sgi.catalog.load.wizard.line.message,addons/quimibond_sgi/models/sgi_load_wizard.py:112,Char,Se corrige,C-018,03-modelo/campos_sin_help (baja),
1208,campo,sgi.machine.sheet.name,addons/quimibond_sgi/models/sgi_machine_sheet.py:32,Char,Se corrige,C-018,03-modelo/campos_sin_help (baja),
1209,campo,sgi.machine.sheet.product_id,addons/quimibond_sgi/models/sgi_machine_sheet.py:33,Many2one,Se corrige,C-018,03-modelo/campos_sin_help (alta),
1210,campo,sgi.machine.sheet.workcenter_id,addons/quimibond_sgi/models/sgi_machine_sheet.py:34,Many2one,Se corrige,C-018,03-modelo/campos_sin_help (alta),
1211,campo,sgi.machine.sheet.date,addons/quimibond_sgi/models/sgi_machine_sheet.py:35,Date,Se corrige,C-018,03-modelo/campos_sin_help (alta),
1212,campo,sgi.machine.sheet.area,addons/quimibond_sgi/models/sgi_machine_sheet.py:36,Selection,Se corrige,C-018,03-modelo/campos_sin_help (alta),
1213,campo,sgi.machine.sheet.revision,addons/quimibond_sgi/models/sgi_machine_sheet.py:37,Integer,Se corrige,C-018,03-modelo/campos_sin_help (alta),
1214,campo,sgi.machine.sheet.state,addons/quimibond_sgi/models/sgi_machine_sheet.py:38,Selection,Se corrige,C-018,03-modelo/campos_sin_help (alta),
1215,campo,sgi.machine.sheet.active,addons/quimibond_sgi/models/sgi_machine_sheet.py:40,Boolean,Se corrige,C-018,03-modelo/campos_sin_help (baja),
1216,campo,sgi.machine.sheet.yarn_line_ids,addons/quimibond_sgi/models/sgi_machine_sheet.py:41,One2many,Se corrige,C-018,03-modelo/campos_sin_help (media),
1217,campo,sgi.machine.sheet.pulley_1,addons/quimibond_sgi/models/sgi_machine_sheet.py:42,Char,Se corrige,C-018,03-modelo/campos_sin_help (media),
1218,campo,sgi.machine.sheet.pulley_2,addons/quimibond_sgi/models/sgi_machine_sheet.py:43,Char,Se corrige,C-018,03-modelo/campos_sin_help (media),
1219,campo,sgi.machine.sheet.pulley_3,addons/quimibond_sgi/models/sgi_machine_sheet.py:44,Char,Se corrige,C-018,03-modelo/campos_sin_help (media),
1220,campo,sgi.machine.sheet.pulley_4,addons/quimibond_sgi/models/sgi_machine_sheet.py:45,Char,Se corrige,C-018,03-modelo/campos_sin_help (media),
1221,campo,sgi.machine.sheet.yarn_note,addons/quimibond_sgi/models/sgi_machine_sheet.py:46,Text,Se corrige,C-018,03-modelo/campos_sin_help (media),
1222,campo,sgi.machine.sheet.param_line_ids,addons/quimibond_sgi/models/sgi_machine_sheet.py:47,One2many,Se corrige,C-018,03-modelo/campos_sin_help (media),
1223,campo,sgi.machine.sheet.machine_note,addons/quimibond_sgi/models/sgi_machine_sheet.py:48,Text,Se corrige,C-018,03-modelo/campos_sin_help (media),
1224,campo,sgi.machine.sheet.fabric_note,addons/quimibond_sgi/models/sgi_machine_sheet.py:49,Text,Se corrige,C-018,03-modelo/campos_sin_help (media),
1225,campo,sgi.machine.sheet.lab_user_id,addons/quimibond_sgi/models/sgi_machine_sheet.py:50,Many2one,Se corrige,C-018,03-modelo/campos_sin_help (alta),
1226,campo,sgi.machine.sheet.mechanic_user_id,addons/quimibond_sgi/models/sgi_machine_sheet.py:51,Many2one,Se corrige,C-018,03-modelo/campos_sin_help (alta),
1227,campo,sgi.machine.sheet.approved_by_id,addons/quimibond_sgi/models/sgi_machine_sheet.py:52,Many2one,Se corrige,C-018,03-modelo/campos_sin_help (alta),
1228,campo,sgi.machine.sheet.engineering_by_id,addons/quimibond_sgi/models/sgi_machine_sheet.py:53,Many2one,Se corrige,C-018,03-modelo/campos_sin_help (alta),
1229,campo,sgi.machine.sheet.company_id,addons/quimibond_sgi/models/sgi_machine_sheet.py:54,Many2one,Se corrige,C-018,03-modelo/campos_sin_help (baja),
1230,campo,sgi.machine.sheet.yarn.sheet_id,addons/quimibond_sgi/models/sgi_machine_sheet.py:116,Many2one,Se corrige,C-018,03-modelo/campos_sin_help (baja),
1231,campo,sgi.machine.sheet.yarn.sequence,addons/quimibond_sgi/models/sgi_machine_sheet.py:117,Integer,Se corrige,C-018,03-modelo/campos_sin_help (baja),
1232,campo,sgi.machine.sheet.yarn.fiber,addons/quimibond_sgi/models/sgi_machine_sheet.py:118,Selection,Se corrige,C-018,03-modelo/campos_sin_help (baja),
1233,campo,sgi.machine.sheet.yarn.feed,addons/quimibond_sgi/models/sgi_machine_sheet.py:120,Char,Se corrige,C-018,03-modelo/campos_sin_help (baja),
1234,campo,sgi.machine.sheet.yarn.yarn_type,addons/quimibond_sgi/models/sgi_machine_sheet.py:121,Char,Se corrige,C-018,03-modelo/campos_sin_help (baja),
1235,campo,sgi.machine.sheet.yarn.title,addons/quimibond_sgi/models/sgi_machine_sheet.py:122,Char,Se corrige,C-018,03-modelo/campos_sin_help (baja),
1236,campo,sgi.machine.sheet.yarn.twist,addons/quimibond_sgi/models/sgi_machine_sheet.py:123,Char,Se corrige,C-018,03-modelo/campos_sin_help (baja),
1237,campo,sgi.machine.sheet.yarn.consumption,addons/quimibond_sgi/models/sgi_machine_sheet.py:124,Char,Se corrige,C-018,03-modelo/campos_sin_help (baja),
1238,campo,sgi.machine.sheet.yarn.pct,addons/quimibond_sgi/models/sgi_machine_sheet.py:125,Float,Se corrige,C-018,03-modelo/campos_sin_help (baja),
1239,campo,sgi.machine.sheet.param.sheet_id,addons/quimibond_sgi/models/sgi_machine_sheet.py:133,Many2one,Se corrige,C-018,03-modelo/campos_sin_help (baja),
1240,campo,sgi.machine.sheet.param.sequence,addons/quimibond_sgi/models/sgi_machine_sheet.py:134,Integer,Se corrige,C-018,03-modelo/campos_sin_help (baja),
1241,campo,sgi.machine.sheet.param.section,addons/quimibond_sgi/models/sgi_machine_sheet.py:135,Selection,Se corrige,C-018,03-modelo/campos_sin_help (baja),
1242,campo,sgi.machine.sheet.param.name,addons/quimibond_sgi/models/sgi_machine_sheet.py:136,Char,Se corrige,C-018,03-modelo/campos_sin_help (baja),
1243,campo,sgi.machine.sheet.param.spec,addons/quimibond_sgi/models/sgi_machine_sheet.py:137,Char,Se corrige,C-018,03-modelo/campos_sin_help (baja),
1244,campo,sgi.machine.sheet.param.tolerance,addons/quimibond_sgi/models/sgi_machine_sheet.py:138,Char,Se corrige,C-018,03-modelo/campos_sin_help (baja),
1245,campo,sgi.machine.sheet.param.unit,addons/quimibond_sgi/models/sgi_machine_sheet.py:139,Char,Se corrige,C-018,03-modelo/campos_sin_help (baja),
1246,campo,sgi.management.review.name,addons/quimibond_sgi/models/sgi_management_review.py:23,Char,Se corrige,C-018,03-modelo/campos_sin_help (baja),
1247,campo,sgi.management.review.date,addons/quimibond_sgi/models/sgi_management_review.py:24,Date,Se corrige,C-018,03-modelo/campos_sin_help (alta),
1248,campo,sgi.management.review.period_from,addons/quimibond_sgi/models/sgi_management_review.py:25,Date,Se corrige,C-018,03-modelo/campos_sin_help (alta),
1249,campo,sgi.management.review.period_to,addons/quimibond_sgi/models/sgi_management_review.py:26,Date,Se corrige,C-018,03-modelo/campos_sin_help (alta),
1250,campo,sgi.management.review.attendee_ids,addons/quimibond_sgi/models/sgi_management_review.py:27,Many2many,Se corrige,C-018,03-modelo/campos_sin_help (alta),
1251,campo,sgi.management.review.state,addons/quimibond_sgi/models/sgi_management_review.py:29,Selection,Se corrige,C-018,03-modelo/campos_sin_help (alta),
1252,campo,sgi.management.review.prev_agreements_summary,addons/quimibond_sgi/models/sgi_management_review.py:36,Text,Se corrige,C-018,03-modelo/campos_sin_help (media),
1253,campo,sgi.management.review.nc_summary,addons/quimibond_sgi/models/sgi_management_review.py:37,Text,Se corrige,C-018,03-modelo/campos_sin_help (media),
1254,campo,sgi.management.review.complaints_summary,addons/quimibond_sgi/models/sgi_management_review.py:38,Text,Se corrige,C-018,03-modelo/campos_sin_help (media),
1255,campo,sgi.management.review.audit_summary,addons/quimibond_sgi/models/sgi_management_review.py:39,Text,Se corrige,C-018,03-modelo/campos_sin_help (media),
1256,campo,sgi.management.review.audit_ids,addons/quimibond_sgi/models/sgi_management_review.py:43,Many2many,Se corrige,C-018,03-modelo/campos_sin_help (alta),
1257,campo,sgi.management.review.kpi_red_measure_ids,addons/quimibond_sgi/models/sgi_management_review.py:46,Many2many,Se corrige,C-018,03-modelo/campos_sin_help (alta),
1258,campo,sgi.management.review.supplier_summary,addons/quimibond_sgi/models/sgi_management_review.py:49,Text,Se corrige,C-018,03-modelo/campos_sin_help (media),
1259,campo,sgi.management.review.risk_high_ids,addons/quimibond_sgi/models/sgi_management_review.py:50,Many2many,Se corrige,C-018,03-modelo/campos_sin_help (alta),
1260,campo,sgi.management.review.env_summary,addons/quimibond_sgi/models/sgi_management_review.py:53,Text,Se corrige,C-018,03-modelo/campos_sin_help (media),
1261,campo,sgi.management.review.resources_note,addons/quimibond_sgi/models/sgi_management_review.py:54,Text,Se corrige,C-018,03-modelo/campos_sin_help (media),
1262,campo,sgi.management.review.doc_changes_summary,addons/quimibond_sgi/models/sgi_management_review.py:55,Text,Se corrige,C-018,03-modelo/campos_sin_help (media),
1263,campo,sgi.management.review.legal_summary,addons/quimibond_sgi/models/sgi_management_review.py:56,Text,Se queda,,defecto,
1264,campo,sgi.management.review.participation_summary,addons/quimibond_sgi/models/sgi_management_review.py:60,Text,Se queda,,defecto,
1265,campo,sgi.management.review.objectives_summary,addons/quimibond_sgi/models/sgi_management_review.py:65,Text,Se queda,,defecto,
1266,campo,sgi.management.review.satisfaction_summary,addons/quimibond_sgi/models/sgi_management_review.py:69,Text,Se queda,,defecto,
1267,campo,sgi.management.review.agreement_action_ids,addons/quimibond_sgi/models/sgi_management_review.py:72,One2many,Se queda,,defecto,
1268,campo,sgi.management.review.agreement_ids,addons/quimibond_sgi/models/sgi_management_review.py:78,One2many,Se corrige,C-018,03-modelo/campos_sin_help (media),
1269,campo,sgi.management.review.agreement.review_id,addons/quimibond_sgi/models/sgi_management_review.py:400,Many2one,Se corrige,C-018,03-modelo/campos_sin_help (baja),
1270,campo,sgi.management.review.agreement.name,addons/quimibond_sgi/models/sgi_management_review.py:402,Char,Se corrige,C-018,03-modelo/campos_sin_help (baja),
1271,campo,sgi.management.review.agreement.responsible_id,addons/quimibond_sgi/models/sgi_management_review.py:403,Many2one,Se corrige,C-018,03-modelo/campos_sin_help (baja),
1272,campo,sgi.management.review.agreement.deadline,addons/quimibond_sgi/models/sgi_management_review.py:404,Date,Se corrige,C-018,03-modelo/campos_sin_help (baja),
1273,campo,sgi.management.review.agreement.task_id,addons/quimibond_sgi/models/sgi_management_review.py:405,Many2one,Se corrige,B-009 C-018,03-modelo/campos_sin_help (baja),
1274,campo,sgi.management.review.agreement.action_line_id,addons/quimibond_sgi/models/sgi_management_review.py:406,Many2one,Se corrige,C-018,03-modelo/campos_sin_help (baja),
1275,campo,sgi.management.review.agreement.action_state,addons/quimibond_sgi/models/sgi_management_review.py:407,Selection,Se corrige,C-018,03-modelo/campos_sin_help (baja),
1276,campo,sgi.management.review.agreement.is_done,addons/quimibond_sgi/models/sgi_management_review.py:408,Boolean,Se corrige,C-018,03-modelo/campos_sin_help (baja),
1277,campo,sgi.management.review.agreement.status_label,addons/quimibond_sgi/models/sgi_management_review.py:409,Char,Se corrige,C-018,03-modelo/campos_sin_help (baja),
1278,campo,sgi.action.line.review_id,addons/quimibond_sgi/models/sgi_management_review.py:430,Many2one,Se corrige,C-018,03-modelo/campos_sin_help (baja),
1279,campo,approval.category.sgi_is_mp_change,addons/quimibond_sgi/models/sgi_mp_change.py:51,Boolean,Se queda,,defecto,
1280,campo,approval.request.sgi_activity_id,addons/quimibond_sgi/models/sgi_mp_change.py:67,Many2one,Se queda,,defecto,
1281,campo,approval.request.sgi_mp_change_type,addons/quimibond_sgi/models/sgi_mp_change.py:70,Selection,Se corrige,C-018 F-005,03-modelo/campos_sin_help (alta),
1282,campo,approval.request.sgi_mp_proposal_id,addons/quimibond_sgi/models/sgi_mp_change.py:71,Many2one,Se corrige,C-018 F-005,03-modelo/campos_sin_help (alta),
1283,campo,approval.request.sgi_mp_diff_html,addons/quimibond_sgi/models/sgi_mp_change.py:73,Html,Se corrige,C-018,03-modelo/campos_sin_help (media),
1284,campo,approval.request.sgi_mp_apply_scheduled,addons/quimibond_sgi/models/sgi_mp_change.py:75,Boolean,Se corrige,C-018,03-modelo/campos_sin_help (alta),
1285,campo,sgi.process.activity.sgi_mp_change_ids,addons/quimibond_sgi/models/sgi_mp_change.py:119,One2many,Se corrige,C-018,03-modelo/campos_sin_help (baja),
1286,campo,sgi.my.procedure.no_employee,addons/quimibond_sgi/models/sgi_mp_change.py:138,Boolean,Se queda,,defecto,
1287,campo,sgi.activity.change.state,addons/quimibond_sgi/models/sgi_mp_change.py:165,Selection,Se corrige,C-018,03-modelo/campos_sin_help (alta),
1288,campo,sgi.activity.change.change_type,addons/quimibond_sgi/models/sgi_mp_change.py:170,Selection,Se corrige,C-018,03-modelo/campos_sin_help (alta),
1289,campo,sgi.activity.change.activity_id,addons/quimibond_sgi/models/sgi_mp_change.py:171,Many2one,Se corrige,C-018,03-modelo/campos_sin_help (alta),
1290,campo,sgi.activity.change.process_id,addons/quimibond_sgi/models/sgi_mp_change.py:192,Many2one,Se corrige,C-018,03-modelo/campos_sin_help (alta),
1291,campo,sgi.activity.change.allowed_process_ids,addons/quimibond_sgi/models/sgi_mp_change.py:193,Many2many,Se corrige,C-018,03-modelo/campos_sin_help (alta),
1292,campo,sgi.activity.change.job_id,addons/quimibond_sgi/models/sgi_mp_change.py:196,Many2one,Se corrige,C-018,03-modelo/campos_sin_help (alta),
1293,campo,sgi.activity.change.request_id,addons/quimibond_sgi/models/sgi_mp_change.py:197,Many2one,Se corrige,C-018,03-modelo/campos_sin_help (baja),
1294,campo,sgi.activity.change.reason,addons/quimibond_sgi/models/sgi_mp_change.py:198,Text,Se corrige,C-018,03-modelo/campos_sin_help (media),
1295,campo,sgi.activity.change.attachment,addons/quimibond_sgi/models/sgi_mp_change.py:199,Binary,Se corrige,C-018,03-modelo/campos_sin_help (media),
1296,campo,sgi.activity.change.attachment_name,addons/quimibond_sgi/models/sgi_mp_change.py:200,Char,Se corrige,C-018,03-modelo/campos_sin_help (media),
1297,campo,sgi.activity.change.display_title,addons/quimibond_sgi/models/sgi_mp_change.py:201,Char,Se corrige,C-018,03-modelo/campos_sin_help (baja),
1298,campo,sgi.activity.change.name,addons/quimibond_sgi/models/sgi_mp_change.py:203,Char,Se corrige,C-018,03-modelo/campos_sin_help (baja),
1299,campo,sgi.activity.change.description,addons/quimibond_sgi/models/sgi_mp_change.py:204,Text,Se corrige,C-018,03-modelo/campos_sin_help (media),
1300,campo,sgi.activity.change.how_steps,addons/quimibond_sgi/models/sgi_mp_change.py:205,Text,Se corrige,C-018,03-modelo/campos_sin_help (media),
1301,campo,sgi.activity.change.instruction_id,addons/quimibond_sgi/models/sgi_mp_change.py:206,Many2one,Se corrige,C-018,03-modelo/campos_sin_help (alta),
1302,campo,sgi.activity.change.format_document_ids,addons/quimibond_sgi/models/sgi_mp_change.py:208,Many2many,Se corrige,C-018,03-modelo/campos_sin_help (alta),
1303,campo,sgi.activity.change.related_procedure_id,addons/quimibond_sgi/models/sgi_mp_change.py:211,Many2one,Se corrige,C-018,03-modelo/campos_sin_help (alta),
1304,campo,sgi.activity.change.measure_cadence,addons/quimibond_sgi/models/sgi_mp_change.py:214,Selection,Se corrige,C-018,03-modelo/campos_sin_help (alta),
1305,campo,sgi.activity.change.due_weekday,addons/quimibond_sgi/models/sgi_mp_change.py:215,Selection,Se corrige,C-018,03-modelo/campos_sin_help (alta),
1306,campo,sgi.activity.change.due_business_day,addons/quimibond_sgi/models/sgi_mp_change.py:216,Integer,Se corrige,C-018,03-modelo/campos_sin_help (alta),
1307,campo,sgi.activity.change.due_month,addons/quimibond_sgi/models/sgi_mp_change.py:217,Selection,Se corrige,C-018,03-modelo/campos_sin_help (alta),
1308,campo,sgi.activity.change.due_day,addons/quimibond_sgi/models/sgi_mp_change.py:218,Integer,Se corrige,C-018,03-modelo/campos_sin_help (alta),
1309,campo,sgi.activity.change.exec_channel,addons/quimibond_sgi/models/sgi_mp_change.py:219,Selection,Se corrige,C-018,03-modelo/campos_sin_help (alta),
1310,campo,sgi.activity.change.odoo_menu_id,addons/quimibond_sgi/models/sgi_mp_change.py:220,Many2one,Se corrige,C-018,03-modelo/campos_sin_help (alta),
1311,campo,sgi.activity.change.external_system,addons/quimibond_sgi/models/sgi_mp_change.py:221,Char,Se corrige,C-018,03-modelo/campos_sin_help (media),
1312,campo,sgi.activity.change.place_note,addons/quimibond_sgi/models/sgi_mp_change.py:222,Char,Se corrige,C-018,03-modelo/campos_sin_help (media),
1313,campo,sgi.activity.change.check_against,addons/quimibond_sgi/models/sgi_mp_change.py:223,Char,Se corrige,C-018,03-modelo/campos_sin_help (media),
1314,campo,sgi.activity.change.done_criteria,addons/quimibond_sgi/models/sgi_mp_change.py:224,Text,Se corrige,C-018,03-modelo/campos_sin_help (media),
1315,campo,sgi.activity.change.on_fail,addons/quimibond_sgi/models/sgi_mp_change.py:225,Text,Se corrige,C-018,03-modelo/campos_sin_help (media),
1316,campo,sgi.activity.change.role_line_ids,addons/quimibond_sgi/models/sgi_mp_change.py:226,One2many,Se corrige,C-018,03-modelo/campos_sin_help (media),
1317,campo,sgi.activity.change.diff_html,addons/quimibond_sgi/models/sgi_mp_change.py:227,Html,Se corrige,C-018,03-modelo/campos_sin_help (media),
1318,campo,sgi.activity.change.diff_snapshot,addons/quimibond_sgi/models/sgi_mp_change.py:230,Html,Se corrige,C-018,03-modelo/campos_sin_help (baja),
1319,campo,sgi.activity.change.role.change_id,addons/quimibond_sgi/models/sgi_mp_change.py:516,Many2one,Se corrige,C-018,03-modelo/campos_sin_help (baja),
1320,campo,sgi.activity.change.role.sequence,addons/quimibond_sgi/models/sgi_mp_change.py:517,Integer,Se corrige,C-018,03-modelo/campos_sin_help (baja),
1321,campo,sgi.activity.change.role.role,addons/quimibond_sgi/models/sgi_mp_change.py:532,Selection,Se corrige,C-018,03-modelo/campos_sin_help (baja),
1322,campo,sgi.activity.change.role.target_type,addons/quimibond_sgi/models/sgi_mp_change.py:533,Selection,Se corrige,C-018,03-modelo/campos_sin_help (baja),
1323,campo,sgi.activity.change.role.job_id,addons/quimibond_sgi/models/sgi_mp_change.py:535,Many2one,Se corrige,C-018,03-modelo/campos_sin_help (baja),
1324,campo,sgi.activity.change.role.family_id,addons/quimibond_sgi/models/sgi_mp_change.py:536,Many2one,Se corrige,C-018,03-modelo/campos_sin_help (baja),
1325,campo,sgi.activity.change.role.relative_role,addons/quimibond_sgi/models/sgi_mp_change.py:537,Selection,Se corrige,C-018,03-modelo/campos_sin_help (baja),
1326,campo,sgi.activity.change.role.after_days,addons/quimibond_sgi/models/sgi_mp_change.py:538,Integer,Se corrige,C-018,03-modelo/campos_sin_help (baja),
1327,campo,sgi.activity.change.role.condition,addons/quimibond_sgi/models/sgi_mp_change.py:539,Char,Se corrige,C-018,03-modelo/campos_sin_help (baja),
1328,campo,maintenance.equipment.sgi_msa_ids,addons/quimibond_sgi/models/sgi_msa.py:17,One2many,Sale a otro módulo,A-018,decisión (archivo),
1329,campo,maintenance.equipment.sgi_msa_count,addons/quimibond_sgi/models/sgi_msa.py:19,Integer,Sale a otro módulo,A-018,decisión (archivo),
1330,campo,sgi.msa.study.equipment_id,addons/quimibond_sgi/models/sgi_msa.py:47,Many2one,Sale a otro módulo,A-018,decisión (módulo que sale / modelo que se retira),
1331,campo,sgi.msa.study.study_type,addons/quimibond_sgi/models/sgi_msa.py:50,Selection,Sale a otro módulo,A-018,decisión (módulo que sale / modelo que se retira),
1332,campo,sgi.msa.study.date,addons/quimibond_sgi/models/sgi_msa.py:56,Date,Sale a otro módulo,A-018,decisión (módulo que sale / modelo que se retira),
1333,campo,sgi.msa.study.characteristic,addons/quimibond_sgi/models/sgi_msa.py:58,Char,Sale a otro módulo,A-018,decisión (módulo que sale / modelo que se retira),
1334,campo,sgi.msa.study.point_id,addons/quimibond_sgi/models/sgi_msa.py:59,Many2one,Sale a otro módulo,A-018,decisión (módulo que sale / modelo que se retira),
1335,campo,sgi.msa.study.grr_pct,addons/quimibond_sgi/models/sgi_msa.py:60,Float,Sale a otro módulo,A-018,decisión (módulo que sale / modelo que se retira),
1336,campo,sgi.msa.study.ndc,addons/quimibond_sgi/models/sgi_msa.py:63,Integer,Sale a otro módulo,A-018,decisión (módulo que sale / modelo que se retira),
1337,campo,sgi.msa.study.verdict,addons/quimibond_sgi/models/sgi_msa.py:65,Selection,Sale a otro módulo,A-018,decisión (módulo que sale / modelo que se retira),
1338,campo,sgi.msa.study.notes,addons/quimibond_sgi/models/sgi_msa.py:73,Text,Sale a otro módulo,A-018,decisión (módulo que sale / modelo que se retira),
1339,campo,sgi.my.pending.user_id,addons/quimibond_sgi/models/sgi_my_pending.py:52,Many2one,Se corrige,C-018,03-modelo/campos_sin_help (baja),
1340,campo,sgi.my.pending.employee_id,addons/quimibond_sgi/models/sgi_my_pending.py:53,Many2one,Se corrige,C-018,03-modelo/campos_sin_help (alta),
1341,campo,sgi.my.pending.kind,addons/quimibond_sgi/models/sgi_my_pending.py:54,Selection,Se corrige,C-018,03-modelo/campos_sin_help (alta),
1342,campo,sgi.my.pending.name,addons/quimibond_sgi/models/sgi_my_pending.py:55,Char,Se corrige,C-018,03-modelo/campos_sin_help (baja),
1343,campo,sgi.my.pending.process_id,addons/quimibond_sgi/models/sgi_my_pending.py:56,Many2one,Se corrige,C-018,03-modelo/campos_sin_help (alta),
1344,campo,sgi.my.pending.date_due,addons/quimibond_sgi/models/sgi_my_pending.py:57,Date,Se corrige,C-018,03-modelo/campos_sin_help (alta),
1345,campo,sgi.my.pending.state,addons/quimibond_sgi/models/sgi_my_pending.py:58,Selection,Se corrige,C-018,03-modelo/campos_sin_help (alta),
1346,campo,sgi.my.pending.state_rank,addons/quimibond_sgi/models/sgi_my_pending.py:59,Integer,Se corrige,C-018,03-modelo/campos_sin_help (alta),
1347,campo,sgi.my.pending.res_model,addons/quimibond_sgi/models/sgi_my_pending.py:60,Char,Se corrige,C-018,03-modelo/campos_sin_help (baja),
1348,campo,sgi.my.pending.res_id,addons/quimibond_sgi/models/sgi_my_pending.py:61,Integer,Se corrige,C-018,03-modelo/campos_sin_help (baja),
1349,campo,sgi.my.procedure.pending_total,addons/quimibond_sgi/models/sgi_my_pending.py:265,Integer,Se corrige,C-018,03-modelo/campos_sin_help (alta),
1350,campo,sgi.my.procedure.pending_late,addons/quimibond_sgi/models/sgi_my_pending.py:266,Integer,Se corrige,C-018,03-modelo/campos_sin_help (alta),
1351,campo,hr.employee.public.sgi_mp_pending_total,addons/quimibond_sgi/models/sgi_my_pending.py:290,Integer,Se corrige,C-018,03-modelo/campos_sin_help (alta),
1352,campo,hr.employee.public.sgi_mp_pending_late,addons/quimibond_sgi/models/sgi_my_pending.py:293,Integer,Se corrige,C-018,03-modelo/campos_sin_help (alta),
1353,campo,hr.employee.public.sgi_mp_pending_state,addons/quimibond_sgi/models/sgi_my_pending.py:296,Selection,Se queda,,defecto,
1354,campo,documents.document.sgi_doc_type,addons/quimibond_sgi/models/sgi_my_procedure.py:60,Selection,Se corrige,C-010 C-018,03-modelo/campos_sin_help (alta),
1355,campo,documents.document.sgi_content_hash,addons/quimibond_sgi/models/sgi_my_procedure.py:65,Char,Se corrige,C-018,03-modelo/campos_sin_help (baja),
1356,campo,sgi.activity.role.cadence,addons/quimibond_sgi/models/sgi_my_procedure.py:73,Selection,Se corrige,C-018,03-modelo/campos_sin_help (alta),
1357,campo,sgi.activity.role.activity_active,addons/quimibond_sgi/models/sgi_my_procedure.py:75,Boolean,Se corrige,C-018,03-modelo/campos_sin_help (baja),
1358,campo,sgi.activity.role.activity_menu_id,addons/quimibond_sgi/models/sgi_my_procedure.py:77,Many2one,Se corrige,C-018,03-modelo/campos_sin_help (alta),
1359,campo,sgi.activity.role.activity_when,addons/quimibond_sgi/models/sgi_my_procedure.py:79,Char,Se corrige,C-018,03-modelo/campos_sin_help (media),
1360,campo,hr.job.sgi_my_procedure_doc_id,addons/quimibond_sgi/models/sgi_my_procedure.py:100,Many2one,Se corrige,C-018,03-modelo/campos_sin_help (alta),
1361,campo,hr.job.sgi_my_procedure_stale,addons/quimibond_sgi/models/sgi_my_procedure.py:103,Boolean,Se queda,,defecto,
1362,campo,hr.employee.sgi_document_ack_ids,addons/quimibond_sgi/models/sgi_my_procedure.py:647,One2many,Se corrige,C-018,03-modelo/campos_sin_help (baja),
1363,campo,hr.employee.sgi_my_procedure_ack_state,addons/quimibond_sgi/models/sgi_my_procedure.py:649,Selection,Se corrige,C-018,03-modelo/campos_sin_help (alta),
1364,campo,sgi.my.procedure.mixin.sgi_mp_role_ids,addons/quimibond_sgi/models/sgi_my_procedure_screen.py:126,Many2many,Se corrige,C-018,03-modelo/campos_sin_help (baja),
1365,campo,sgi.my.procedure.mixin.sgi_mp_received_role_ids,addons/quimibond_sgi/models/sgi_my_procedure_screen.py:128,Many2many,Se corrige,C-018,03-modelo/campos_sin_help (baja),
1366,campo,sgi.my.procedure.mixin.sgi_mp_short_role_ids,addons/quimibond_sgi/models/sgi_my_procedure_screen.py:130,Many2many,Se corrige,C-018,03-modelo/campos_sin_help (baja),
1367,campo,sgi.my.procedure.mixin.sgi_mp_ack_ids,addons/quimibond_sgi/models/sgi_my_procedure_screen.py:132,Many2many,Se corrige,C-018,03-modelo/campos_sin_help (baja),
1368,campo,sgi.my.procedure.mixin.sgi_mp_document_ids,addons/quimibond_sgi/models/sgi_my_procedure_screen.py:134,Many2many,Se corrige,C-018,03-modelo/campos_sin_help (baja),
1369,campo,sgi.my.procedure.mixin.sgi_mp_epp_ids,addons/quimibond_sgi/models/sgi_my_procedure_screen.py:136,Many2many,Se corrige,C-018,03-modelo/campos_sin_help (baja),
1370,campo,sgi.my.procedure.mixin.sgi_mp_epp_text,addons/quimibond_sgi/models/sgi_my_procedure_screen.py:138,Text,Se corrige,C-018,03-modelo/campos_sin_help (baja),
1371,campo,sgi.my.procedure.mixin.sgi_mp_can_sign,addons/quimibond_sgi/models/sgi_my_procedure_screen.py:139,Boolean,Se corrige,C-018,03-modelo/campos_sin_help (baja),
1372,campo,sgi.my.procedure.mixin.sgi_mp_process_ids,addons/quimibond_sgi/models/sgi_my_procedure_screen.py:140,Many2many,Se corrige,C-018,03-modelo/campos_sin_help (baja),
1373,campo,hr.employee.sgi_mp_job_id,addons/quimibond_sgi/models/sgi_my_procedure_screen.py:222,Many2one,Se corrige,C-018,03-modelo/campos_sin_help (baja),
1374,campo,hr.employee.sgi_mp_role_ids,addons/quimibond_sgi/models/sgi_my_procedure_screen.py:225,Many2many,Se corrige,C-018,03-modelo/campos_sin_help (alta),
1375,campo,hr.employee.sgi_mp_received_role_ids,addons/quimibond_sgi/models/sgi_my_procedure_screen.py:228,Many2many,Se corrige,C-018,03-modelo/campos_sin_help (alta),
1376,campo,hr.employee.sgi_mp_short_role_ids,addons/quimibond_sgi/models/sgi_my_procedure_screen.py:231,Many2many,Se corrige,C-018,03-modelo/campos_sin_help (alta),
1377,campo,hr.employee.sgi_mp_process_ids,addons/quimibond_sgi/models/sgi_my_procedure_screen.py:234,Many2many,Se corrige,C-018,03-modelo/campos_sin_help (alta),
1378,campo,sgi.activity.role.mp_status,addons/quimibond_sgi/models/sgi_my_procedure_screen.py:288,Selection,Se corrige,C-018,03-modelo/campos_sin_help (alta),
1379,campo,sgi.activity.role.mp_status_detail,addons/quimibond_sgi/models/sgi_my_procedure_screen.py:289,Char,Se corrige,C-018,03-modelo/campos_sin_help (media),
1380,campo,sgi.activity.role.mp_number,addons/quimibond_sgi/models/sgi_my_procedure_screen.py:290,Char,Se corrige,C-018,03-modelo/campos_sin_help (media),
1381,campo,sgi.activity.role.mp_name,addons/quimibond_sgi/models/sgi_my_procedure_screen.py:291,Char,Se corrige,C-018,03-modelo/campos_sin_help (media),
1382,campo,sgi.activity.role.mp_how,addons/quimibond_sgi/models/sgi_my_procedure_screen.py:292,Text,Se corrige,C-018,03-modelo/campos_sin_help (media),
1383,campo,sgi.activity.role.mp_where,addons/quimibond_sgi/models/sgi_my_procedure_screen.py:293,Char,Se corrige,C-018,03-modelo/campos_sin_help (media),
1384,campo,sgi.activity.role.mp_check_against,addons/quimibond_sgi/models/sgi_my_procedure_screen.py:294,Char,Se corrige,C-018,03-modelo/campos_sin_help (media),
1385,campo,sgi.activity.role.mp_done,addons/quimibond_sgi/models/sgi_my_procedure_screen.py:295,Text,Se corrige,C-018,03-modelo/campos_sin_help (media),
1386,campo,sgi.activity.role.mp_on_fail,addons/quimibond_sgi/models/sgi_my_procedure_screen.py:296,Text,Se corrige,C-018,03-modelo/campos_sin_help (media),
1387,campo,sgi.activity.role.mp_inputs,addons/quimibond_sgi/models/sgi_my_procedure_screen.py:297,Char,Se corrige,C-018,03-modelo/campos_sin_help (media),
1388,campo,sgi.activity.role.mp_outputs,addons/quimibond_sgi/models/sgi_my_procedure_screen.py:298,Char,Se corrige,C-018,03-modelo/campos_sin_help (media),
1389,campo,sgi.activity.role.mp_related,addons/quimibond_sgi/models/sgi_my_procedure_screen.py:299,Char,Se corrige,C-018,03-modelo/campos_sin_help (media),
1390,campo,sgi.activity.role.mp_escalates,addons/quimibond_sgi/models/sgi_my_procedure_screen.py:300,Char,Se corrige,C-018,03-modelo/campos_sin_help (media),
1391,campo,sgi.activity.role.mp_norms,addons/quimibond_sgi/models/sgi_my_procedure_screen.py:301,Char,Se corrige,C-018,03-modelo/campos_sin_help (media),
1392,campo,sgi.activity.role.mp_external,addons/quimibond_sgi/models/sgi_my_procedure_screen.py:302,Char,Se corrige,C-018,03-modelo/campos_sin_help (media),
1393,campo,sgi.activity.role.mp_instruction_id,addons/quimibond_sgi/models/sgi_my_procedure_screen.py:303,Many2one,Se corrige,C-018,03-modelo/campos_sin_help (alta),
1394,campo,sgi.activity.role.mp_can_go,addons/quimibond_sgi/models/sgi_my_procedure_screen.py:305,Boolean,Se corrige,C-018,03-modelo/campos_sin_help (alta),
1395,campo,sgi.my.procedure.employee_id,addons/quimibond_sgi/models/sgi_my_procedure_screen.py:363,Many2one,Se corrige,C-018,03-modelo/campos_sin_help (alta),
1396,campo,sgi.my.procedure.employee_avatar,addons/quimibond_sgi/models/sgi_my_procedure_screen.py:364,Binary,Se corrige,C-018,03-modelo/campos_sin_help (media),
1397,campo,sgi.my.procedure.job_id,addons/quimibond_sgi/models/sgi_my_procedure_screen.py:365,Many2one,Se corrige,C-018,03-modelo/campos_sin_help (alta),
1398,campo,sgi.my.procedure.can_pick,addons/quimibond_sgi/models/sgi_my_procedure_screen.py:367,Boolean,Se corrige,C-018,03-modelo/campos_sin_help (baja),
1399,campo,sgi.my.procedure.can_publish,addons/quimibond_sgi/models/sgi_my_procedure_screen.py:368,Boolean,Se corrige,C-018,03-modelo/campos_sin_help (baja),
1400,campo,sgi.my.procedure.allowed_employee_ids,addons/quimibond_sgi/models/sgi_my_procedure_screen.py:369,Many2many,Se corrige,C-018,03-modelo/campos_sin_help (baja),
1401,campo,sgi.my.procedure.allowed_job_ids,addons/quimibond_sgi/models/sgi_my_procedure_screen.py:371,Many2many,Se corrige,C-018,03-modelo/campos_sin_help (baja),
1402,campo,sgi.my.procedure.is_me,addons/quimibond_sgi/models/sgi_my_procedure_screen.py:373,Boolean,Se corrige,C-018,03-modelo/campos_sin_help (baja),
1403,campo,sgi.my.procedure.ack_state,addons/quimibond_sgi/models/sgi_my_procedure_screen.py:374,Selection,Se corrige,C-018,03-modelo/campos_sin_help (alta),
1404,campo,sgi.my.procedure.ack_label,addons/quimibond_sgi/models/sgi_my_procedure_screen.py:380,Char,Se corrige,C-018,03-modelo/campos_sin_help (media),
1405,campo,sgi.my.procedure.doc_id,addons/quimibond_sgi/models/sgi_my_procedure_screen.py:381,Many2one,Se corrige,C-018,03-modelo/campos_sin_help (baja),
1406,campo,sgi.my.procedure.boss_id,addons/quimibond_sgi/models/sgi_my_procedure_screen.py:384,Many2one,Se corrige,C-018,03-modelo/campos_sin_help (alta),
1407,campo,sgi.my.procedure.department_id,addons/quimibond_sgi/models/sgi_my_procedure_screen.py:385,Many2one,Se corrige,C-018,03-modelo/campos_sin_help (alta),
1408,campo,sgi.my.procedure.family_id,addons/quimibond_sgi/models/sgi_my_procedure_screen.py:386,Many2one,Se corrige,C-018,03-modelo/campos_sin_help (alta),
1409,campo,sgi.my.procedure.process_ids,addons/quimibond_sgi/models/sgi_my_procedure_screen.py:387,Many2many,Se corrige,C-018,03-modelo/campos_sin_help (alta),
1410,campo,sgi.my.procedure.job_employee_ids,addons/quimibond_sgi/models/sgi_my_procedure_screen.py:388,Many2many,Se corrige,C-018,03-modelo/campos_sin_help (alta),
1411,campo,sgi.my.procedure.late_count,addons/quimibond_sgi/models/sgi_my_procedure_screen.py:392,Integer,Se corrige,C-018,03-modelo/campos_sin_help (baja),
1412,campo,sgi.my.procedure.ok_count,addons/quimibond_sgi/models/sgi_my_procedure_screen.py:393,Integer,Se corrige,C-018,03-modelo/campos_sin_help (baja),
1413,campo,sgi.my.procedure.unmeasured_count,addons/quimibond_sgi/models/sgi_my_procedure_screen.py:394,Integer,Se corrige,C-018,03-modelo/campos_sin_help (baja),
1414,campo,sgi.my.procedure.pending_ack_count,addons/quimibond_sgi/models/sgi_my_procedure_screen.py:395,Integer,Se corrige,C-018,03-modelo/campos_sin_help (baja),
1415,campo,sgi.my.procedure.pending_count,addons/quimibond_sgi/models/sgi_my_procedure_screen.py:396,Integer,Se corrige,C-018,03-modelo/campos_sin_help (baja),
1416,campo,sgi.my.procedure.activity_count,addons/quimibond_sgi/models/sgi_my_procedure_screen.py:397,Integer,Se corrige,C-018,03-modelo/campos_sin_help (baja),
1417,campo,sgi.my.procedure.role_ids,addons/quimibond_sgi/models/sgi_my_procedure_screen.py:400,Many2many,Se corrige,C-018,03-modelo/campos_sin_help (alta),
1418,campo,sgi.my.procedure.received_role_ids,addons/quimibond_sgi/models/sgi_my_procedure_screen.py:402,Many2many,Se corrige,C-018,03-modelo/campos_sin_help (alta),
1419,campo,sgi.my.procedure.short_role_ids,addons/quimibond_sgi/models/sgi_my_procedure_screen.py:404,Many2many,Se corrige,C-018,03-modelo/campos_sin_help (alta),
1420,campo,sgi.my.procedure.has_user,addons/quimibond_sgi/models/sgi_my_procedure_screen.py:408,Boolean,Se corrige,C-018,03-modelo/campos_sin_help (baja),
1421,campo,sgi.my.procedure.pending_action_ids,addons/quimibond_sgi/models/sgi_my_procedure_screen.py:409,Many2many,Se corrige,C-018,03-modelo/campos_sin_help (baja),
1422,campo,sgi.my.procedure.pending_nc_ids,addons/quimibond_sgi/models/sgi_my_procedure_screen.py:411,Many2many,Se corrige,C-018,03-modelo/campos_sin_help (baja),
1423,campo,sgi.my.procedure.pending_measure_ids,addons/quimibond_sgi/models/sgi_my_procedure_screen.py:413,Many2many,Se corrige,C-018 I-022,03-modelo/campos_sin_help (baja),
1424,campo,sgi.my.procedure.indicator_ids,addons/quimibond_sgi/models/sgi_my_procedure_screen.py:418,Many2many,Se corrige,C-018,03-modelo/campos_sin_help (alta),
1425,campo,sgi.my.procedure.official_indicator_ids,addons/quimibond_sgi/models/sgi_my_procedure_screen.py:421,Many2many,Se corrige,C-018,03-modelo/campos_sin_help (baja),
1426,campo,sgi.my.procedure.has_obligations,addons/quimibond_sgi/models/sgi_my_procedure_screen.py:423,Boolean,Se corrige,C-018,03-modelo/campos_sin_help (baja),
1427,campo,sgi.my.procedure.pending_legal_ids,addons/quimibond_sgi/models/sgi_my_procedure_screen.py:424,Many2many,Se corrige,C-018,03-modelo/campos_sin_help (baja),
1428,campo,sgi.my.procedure.pending_doc_review_ids,addons/quimibond_sgi/models/sgi_my_procedure_screen.py:426,Many2many,Se corrige,C-018,03-modelo/campos_sin_help (baja),
1429,campo,sgi.my.procedure.ack_ids,addons/quimibond_sgi/models/sgi_my_procedure_screen.py:430,Many2many,Se corrige,C-018,03-modelo/campos_sin_help (alta),
1430,campo,sgi.my.procedure.document_ids,addons/quimibond_sgi/models/sgi_my_procedure_screen.py:432,Many2many,Se corrige,C-018,03-modelo/campos_sin_help (alta),
1431,campo,sgi.my.procedure.epp_required,addons/quimibond_sgi/models/sgi_my_procedure_screen.py:436,Text,Se corrige,C-018,03-modelo/campos_sin_help (media),
1432,campo,sgi.my.procedure.epp_delivery_ids,addons/quimibond_sgi/models/sgi_my_procedure_screen.py:437,Many2many,Se corrige,C-018,03-modelo/campos_sin_help (alta),
1433,campo,sgi.my.procedure.epp_pending_sign,addons/quimibond_sgi/models/sgi_my_procedure_screen.py:439,Boolean,Se corrige,C-018,03-modelo/campos_sin_help (baja),
1434,campo,sgi.my.procedure.epp_label,addons/quimibond_sgi/models/sgi_my_procedure_screen.py:440,Char,Se corrige,C-018,03-modelo/campos_sin_help (media),
1435,campo,sgi.my.procedure.received_count,addons/quimibond_sgi/models/sgi_my_procedure_screen.py:644,Integer,Se corrige,C-018,03-modelo/campos_sin_help (baja),
1436,campo,sgi.my.procedure.short_count,addons/quimibond_sgi/models/sgi_my_procedure_screen.py:645,Integer,Se corrige,C-018,03-modelo/campos_sin_help (baja),
1437,campo,sgi.my.procedure.document_count,addons/quimibond_sgi/models/sgi_my_procedure_screen.py:646,Integer,Se corrige,C-018,03-modelo/campos_sin_help (baja),
1438,campo,sgi.my.procedure.nc_count,addons/quimibond_sgi/models/sgi_my_procedure_screen.py:647,Integer,Se corrige,C-018,03-modelo/campos_sin_help (baja),
1439,campo,sgi.my.procedure.measure_count,addons/quimibond_sgi/models/sgi_my_procedure_screen.py:648,Integer,Se corrige,C-018,03-modelo/campos_sin_help (baja),
1440,campo,sgi.my.procedure.indicator_count,addons/quimibond_sgi/models/sgi_my_procedure_screen.py:649,Integer,Se corrige,C-018,03-modelo/campos_sin_help (baja),
1441,campo,sgi.my.procedure.legal_count,addons/quimibond_sgi/models/sgi_my_procedure_screen.py:650,Integer,Se corrige,C-018,03-modelo/campos_sin_help (baja),
1442,campo,sgi.my.procedure.doc_review_count,addons/quimibond_sgi/models/sgi_my_procedure_screen.py:651,Integer,Se corrige,C-018,03-modelo/campos_sin_help (baja),
1443,campo,sgi.my.procedure.epp_count,addons/quimibond_sgi/models/sgi_my_procedure_screen.py:652,Integer,Se corrige,C-018,03-modelo/campos_sin_help (baja),
1444,campo,sgi.my.procedure.check.ready_count,addons/quimibond_sgi/models/sgi_my_procedure_screen.py:888,Integer,Se queda,,defecto,
1445,campo,sgi.my.procedure.check.duplicate_job_ids,addons/quimibond_sgi/models/sgi_my_procedure_screen.py:891,Many2many,Se queda,,defecto,
1446,campo,sgi.my.procedure.check.no_job_employee_ids,addons/quimibond_sgi/models/sgi_my_procedure_screen.py:895,Many2many,Se corrige,C-018,03-modelo/campos_sin_help (alta),
1447,campo,sgi.my.procedure.check.job_without_roles_employee_ids,addons/quimibond_sgi/models/sgi_my_procedure_screen.py:898,Many2many,Se corrige,C-018,03-modelo/campos_sin_help (alta),
1448,campo,sgi.my.procedure.check.roles_without_people_job_ids,addons/quimibond_sgi/models/sgi_my_procedure_screen.py:901,Many2many,Se corrige,C-018,03-modelo/campos_sin_help (alta),
1449,campo,hr.employee.public.sgi_mp_late,addons/quimibond_sgi/models/sgi_my_procedure_screen.py:935,Integer,Se queda,,defecto,
1450,campo,hr.employee.public.sgi_mp_ok,addons/quimibond_sgi/models/sgi_my_procedure_screen.py:938,Integer,Se corrige,C-018,03-modelo/campos_sin_help (baja),
1451,campo,hr.employee.public.sgi_mp_unmeasured,addons/quimibond_sgi/models/sgi_my_procedure_screen.py:939,Integer,Se corrige,C-018 G-015,03-modelo/campos_sin_help (baja),
1452,campo,hr.employee.public.sgi_mp_total,addons/quimibond_sgi/models/sgi_my_procedure_screen.py:940,Integer,Se corrige,C-018,03-modelo/campos_sin_help (alta),
1453,campo,hr.employee.public.sgi_mp_acks_pending,addons/quimibond_sgi/models/sgi_my_procedure_screen.py:941,Integer,Se queda,,defecto,
1454,campo,hr.employee.public.sgi_mp_ack_state,addons/quimibond_sgi/models/sgi_my_procedure_screen.py:945,Selection,Se corrige,C-018,03-modelo/campos_sin_help (alta),
1455,campo,documents.document.sgi_publish_sign_request_id,addons/quimibond_sgi/models/sgi_my_procedure_sign.py:24,Many2one,Se queda,,defecto,
1456,campo,documents.document.sgi_publish_sign_state,addons/quimibond_sgi/models/sgi_my_procedure_sign.py:27,Selection,Se corrige,C-018,03-modelo/campos_sin_help (baja),
1457,campo,res.config.settings.sgi_mp_sign_required,addons/quimibond_sgi/models/sgi_my_procedure_sign.py:139,Boolean,Se queda,,defecto,
1458,campo,quality.alert.stage.sgi_is_closing_stage,addons/quimibond_sgi/models/sgi_nonconformity.py:41,Boolean,Se corrige,C-018,03-modelo/campos_sin_help (baja),
1459,campo,quality.alert.stage.sgi_is_cancel_stage,addons/quimibond_sgi/models/sgi_nonconformity.py:42,Boolean,Se corrige,C-018,03-modelo/campos_sin_help (baja),
1460,campo,quality.alert.team.sgi_sequence_id,addons/quimibond_sgi/models/sgi_nonconformity.py:48,Many2one,Se queda,,defecto,
1461,campo,quality.alert.sgi_folio,addons/quimibond_sgi/models/sgi_nonconformity.py:62,Char,Se corrige,C-018,03-modelo/campos_sin_help (media),
1462,campo,quality.alert.sgi_stage_is_closing,addons/quimibond_sgi/models/sgi_nonconformity.py:63,Boolean,Se corrige,C-018 C-023,03-modelo/campos_sin_help (alta),
1463,campo,quality.alert.sgi_stage_is_cancel,addons/quimibond_sgi/models/sgi_nonconformity.py:64,Boolean,Se corrige,C-018,03-modelo/campos_sin_help (alta),
1464,campo,quality.alert.sgi_origin_type,addons/quimibond_sgi/models/sgi_nonconformity.py:65,Selection,Se corrige,A-021 C-018,03-modelo/campos_sin_help (alta),
1465,campo,quality.alert.sgi_source_id,addons/quimibond_sgi/models/sgi_nonconformity.py:78,Many2one,Se queda,,defecto,
1466,campo,quality.alert.sgi_classification,addons/quimibond_sgi/models/sgi_nonconformity.py:82,Selection,Se corrige,C-018,03-modelo/campos_sin_help (alta),
1467,campo,quality.alert.sgi_norm_clause_id,addons/quimibond_sgi/models/sgi_nonconformity.py:87,Many2one,Se corrige,C-018,03-modelo/campos_sin_help (alta),
1468,campo,quality.alert.sgi_requester_id,addons/quimibond_sgi/models/sgi_nonconformity.py:88,Many2one,Se corrige,C-018,03-modelo/campos_sin_help (alta),
1469,campo,quality.alert.sgi_requester_job,addons/quimibond_sgi/models/sgi_nonconformity.py:89,Char,Se corrige,C-018,03-modelo/campos_sin_help (media),
1470,campo,quality.alert.sgi_lead_auditor_id,addons/quimibond_sgi/models/sgi_nonconformity.py:91,Many2one,Se corrige,C-018,03-modelo/campos_sin_help (alta),
1471,campo,quality.alert.sgi_process_id,addons/quimibond_sgi/models/sgi_nonconformity.py:92,Many2one,Se corrige,C-018,03-modelo/campos_sin_help (alta),
1472,campo,quality.alert.sgi_responsible_ids,addons/quimibond_sgi/models/sgi_nonconformity.py:93,Many2many,Se corrige,C-018,03-modelo/campos_sin_help (alta),
1473,campo,quality.alert.sgi_deviation,addons/quimibond_sgi/models/sgi_nonconformity.py:95,Text,Se corrige,A-021 C-018 F-017,03-modelo/campos_sin_help (media),
1474,campo,quality.alert.sgi_why_1,addons/quimibond_sgi/models/sgi_nonconformity.py:96,Char,Se corrige,C-018,03-modelo/campos_sin_help (media),
1475,campo,quality.alert.sgi_why_2,addons/quimibond_sgi/models/sgi_nonconformity.py:97,Char,Se corrige,C-018,03-modelo/campos_sin_help (media),
1476,campo,quality.alert.sgi_why_3,addons/quimibond_sgi/models/sgi_nonconformity.py:98,Char,Se corrige,C-018,03-modelo/campos_sin_help (media),
1477,campo,quality.alert.sgi_why_4,addons/quimibond_sgi/models/sgi_nonconformity.py:99,Char,Se corrige,C-018,03-modelo/campos_sin_help (media),
1478,campo,quality.alert.sgi_why_5,addons/quimibond_sgi/models/sgi_nonconformity.py:100,Char,Se corrige,C-018,03-modelo/campos_sin_help (media),
1479,campo,quality.alert.sgi_root_cause,addons/quimibond_sgi/models/sgi_nonconformity.py:101,Text,Se corrige,C-018 J-017,03-modelo/campos_sin_help (media),
1480,campo,quality.alert.sgi_ishikawa_notes,addons/quimibond_sgi/models/sgi_nonconformity.py:102,Text,Se corrige,C-018,03-modelo/campos_sin_help (media),
1481,campo,quality.alert.sgi_effectiveness_note,addons/quimibond_sgi/models/sgi_nonconformity.py:103,Text,Se corrige,C-018,03-modelo/campos_sin_help (media),
1482,campo,quality.alert.sgi_effectiveness_date,addons/quimibond_sgi/models/sgi_nonconformity.py:104,Date,Se corrige,C-018,03-modelo/campos_sin_help (alta),
1483,campo,quality.alert.sgi_effectiveness_by,addons/quimibond_sgi/models/sgi_nonconformity.py:105,Many2one,Se corrige,C-018,03-modelo/campos_sin_help (alta),
1484,campo,quality.alert.sgi_lesson_captured,addons/quimibond_sgi/models/sgi_nonconformity.py:109,Boolean,Se queda,,defecto,
1485,campo,quality.alert.sgi_followup_comments,addons/quimibond_sgi/models/sgi_nonconformity.py:115,Text,Se corrige,C-018,03-modelo/campos_sin_help (media),
1486,campo,quality.alert.sgi_required_capa,addons/quimibond_sgi/models/sgi_nonconformity.py:116,Boolean,Se corrige,C-018,03-modelo/campos_sin_help (alta),
1487,campo,quality.alert.sgi_followup_action,addons/quimibond_sgi/models/sgi_nonconformity.py:117,Selection,Se corrige,C-018,03-modelo/campos_sin_help (alta),
1488,campo,quality.alert.sgi_verified_by,addons/quimibond_sgi/models/sgi_nonconformity.py:122,Many2one,Se corrige,C-018,03-modelo/campos_sin_help (alta),
1489,campo,quality.alert.sgi_verified_date,addons/quimibond_sgi/models/sgi_nonconformity.py:123,Date,Se corrige,C-018,03-modelo/campos_sin_help (alta),
1490,campo,quality.alert.sgi_approved_by,addons/quimibond_sgi/models/sgi_nonconformity.py:124,Many2one,Se corrige,C-018,03-modelo/campos_sin_help (alta),
1491,campo,quality.alert.sgi_approved_date,addons/quimibond_sgi/models/sgi_nonconformity.py:125,Date,Se corrige,C-018,03-modelo/campos_sin_help (alta),
1492,campo,quality.alert.sgi_complaint_ticket_id,addons/quimibond_sgi/models/sgi_nonconformity.py:126,Many2one,Se corrige,C-018,03-modelo/campos_sin_help (alta),
1493,campo,quality.alert.sgi_external_ref,addons/quimibond_sgi/models/sgi_nonconformity.py:127,Char,Se corrige,C-018,03-modelo/campos_sin_help (media),
1494,campo,quality.alert.sgi_action_line_ids,addons/quimibond_sgi/models/sgi_nonconformity.py:129,One2many,Se corrige,C-018,03-modelo/campos_sin_help (media),
1495,campo,quality.alert.sgi_due_containment,addons/quimibond_sgi/models/sgi_nonconformity.py:138,Date,Se corrige,C-018,03-modelo/campos_sin_help (alta),
1496,campo,quality.alert.sgi_due_root_cause,addons/quimibond_sgi/models/sgi_nonconformity.py:139,Date,Se corrige,C-018,03-modelo/campos_sin_help (alta),
1497,campo,quality.alert.sgi_due_plan,addons/quimibond_sgi/models/sgi_nonconformity.py:140,Date,Se corrige,C-018,03-modelo/campos_sin_help (alta),
1498,campo,quality.alert.sgi_containment_state,addons/quimibond_sgi/models/sgi_nonconformity.py:141,Selection,Se corrige,C-018,03-modelo/campos_sin_help (alta),
1499,campo,quality.alert.sgi_root_cause_state,addons/quimibond_sgi/models/sgi_nonconformity.py:143,Selection,Se corrige,C-018,03-modelo/campos_sin_help (alta),
1500,campo,quality.alert.sgi_plan_state,addons/quimibond_sgi/models/sgi_nonconformity.py:145,Selection,Se corrige,C-018,03-modelo/campos_sin_help (alta),
1501,campo,quality.alert.sgi_containment_done,addons/quimibond_sgi/models/sgi_nonconformity.py:147,Boolean,Se corrige,C-018,03-modelo/campos_sin_help (alta),
1502,campo,quality.alert.sgi_effectiveness_due,addons/quimibond_sgi/models/sgi_nonconformity.py:149,Date,Se corrige,G-010,coincidencia de nombre en hallazgo,
1503,campo,quality.alert.sgi_cancel_reason,addons/quimibond_sgi/models/sgi_nonconformity.py:154,Text,Se corrige,C-018,03-modelo/campos_sin_help (media),
1504,campo,quality.alert.sgi_cancel_requested_by,addons/quimibond_sgi/models/sgi_nonconformity.py:155,Many2one,Se corrige,C-018,03-modelo/campos_sin_help (alta),
1505,campo,quality.alert.sgi_risk_ids,addons/quimibond_sgi/models/sgi_nonconformity.py:159,Many2many,Se corrige,C-018,03-modelo/campos_sin_help (alta),
1506,campo,quality.alert.sgi_fmea_id,addons/quimibond_sgi/models/sgi_nonconformity.py:162,Many2one,Se corrige,C-018,03-modelo/campos_sin_help (alta),
1507,campo,quality.alert.sgi_document_id,addons/quimibond_sgi/models/sgi_nonconformity.py:163,Many2one,Se corrige,C-018,03-modelo/campos_sin_help (alta),
1508,campo,quality.alert.sgi_recurrence_count,addons/quimibond_sgi/models/sgi_nonconformity.py:170,Integer,Se queda,,defecto,
1509,campo,quality.alert.sgi_is_recurrent,addons/quimibond_sgi/models/sgi_nonconformity.py:174,Boolean,Se corrige,C-018,03-modelo/campos_sin_help (alta),
1510,campo,sgi.action.line.alert_id,addons/quimibond_sgi/models/sgi_nonconformity.py:658,Many2one,Se corrige,C-018,03-modelo/campos_sin_help (alta),
1511,campo,sgi.action.line.risk_id,addons/quimibond_sgi/models/sgi_nonconformity.py:659,Many2one,Se corrige,C-018,03-modelo/campos_sin_help (alta),
1512,campo,sgi.action.line.fmea_line_id,addons/quimibond_sgi/models/sgi_nonconformity.py:660,Many2one,Se corrige,C-018,03-modelo/campos_sin_help (alta),
1513,campo,sgi.action.line.incident_id,addons/quimibond_sgi/models/sgi_nonconformity.py:662,Many2one,Se corrige,C-018,03-modelo/campos_sin_help (alta),
1514,campo,sgi.action.line.drill_id,addons/quimibond_sgi/models/sgi_nonconformity.py:663,Many2one,Se corrige,C-018,03-modelo/campos_sin_help (alta),
1515,campo,sgi.action.line.objective_id,addons/quimibond_sgi/models/sgi_nonconformity.py:664,Many2one,Se queda,,defecto,
1516,campo,sgi.action.line.action_type,addons/quimibond_sgi/models/sgi_nonconformity.py:667,Selection,Se corrige,C-018,03-modelo/campos_sin_help (alta),
1517,campo,sgi.action.line.name,addons/quimibond_sgi/models/sgi_nonconformity.py:673,Char,Se corrige,C-018,03-modelo/campos_sin_help (baja),
1518,campo,sgi.action.line.responsible_id,addons/quimibond_sgi/models/sgi_nonconformity.py:674,Many2one,Se corrige,C-018,03-modelo/campos_sin_help (alta),
1519,campo,sgi.action.line.date_commit,addons/quimibond_sgi/models/sgi_nonconformity.py:675,Date,Se corrige,C-018,03-modelo/campos_sin_help (alta),
1520,campo,sgi.action.line.date_done,addons/quimibond_sgi/models/sgi_nonconformity.py:676,Date,Se corrige,C-018,03-modelo/campos_sin_help (alta),
1521,campo,sgi.action.line.progress,addons/quimibond_sgi/models/sgi_nonconformity.py:677,Selection,Se corrige,C-018,03-modelo/campos_sin_help (alta),
1522,campo,sgi.action.line.state,addons/quimibond_sgi/models/sgi_nonconformity.py:682,Selection,Se corrige,C-018,03-modelo/campos_sin_help (alta),
1523,campo,sgi.action.line.activity_id,addons/quimibond_sgi/models/sgi_nonconformity.py:688,Many2one,Se corrige,C-018,03-modelo/campos_sin_help (baja),
1524,campo,sgi.action.line.origin_display,addons/quimibond_sgi/models/sgi_nonconformity.py:690,Char,Se corrige,C-018,03-modelo/campos_sin_help (media),
1525,campo,sgi.nc.force.close.alert_id,addons/quimibond_sgi/models/sgi_nonconformity.py:905,Many2one,Se corrige,C-018,03-modelo/campos_sin_help (alta),
1526,campo,sgi.nc.force.close.reason,addons/quimibond_sgi/models/sgi_nonconformity.py:906,Text,Se corrige,C-018,03-modelo/campos_sin_help (media),
1527,campo,sgi.nc.cancel.alert_id,addons/quimibond_sgi/models/sgi_nonconformity.py:934,Many2one,Se corrige,C-018,03-modelo/campos_sin_help (alta),
1528,campo,sgi.nc.cancel.reason,addons/quimibond_sgi/models/sgi_nonconformity.py:935,Text,Se corrige,C-018,03-modelo/campos_sin_help (media),
1529,campo,sgi.nc.cancel.is_manager,addons/quimibond_sgi/models/sgi_nonconformity.py:936,Boolean,Se corrige,C-018,03-modelo/campos_sin_help (alta),
1530,campo,sgi.norm.code,addons/quimibond_sgi/models/sgi_norm.py:10,Char,Se corrige,C-018,03-modelo/campos_sin_help (media),
1531,campo,sgi.norm.name,addons/quimibond_sgi/models/sgi_norm.py:11,Char,Se corrige,C-018,03-modelo/campos_sin_help (baja),
1532,campo,sgi.norm.clause_ids,addons/quimibond_sgi/models/sgi_norm.py:12,One2many,Se corrige,C-018,03-modelo/campos_sin_help (media),
1533,campo,sgi.norm.active,addons/quimibond_sgi/models/sgi_norm.py:13,Boolean,Se corrige,C-018,03-modelo/campos_sin_help (baja),
1534,campo,sgi.norm.clause.norm_id,addons/quimibond_sgi/models/sgi_norm.py:26,Many2one,Se corrige,C-018,03-modelo/campos_sin_help (alta),
1535,campo,sgi.norm.clause.code,addons/quimibond_sgi/models/sgi_norm.py:27,Char,Se corrige,C-018,03-modelo/campos_sin_help (media),
1536,campo,sgi.norm.clause.name,addons/quimibond_sgi/models/sgi_norm.py:28,Char,Se corrige,C-018,03-modelo/campos_sin_help (baja),
1537,campo,sgi.process.activity.norm_clause_ids,addons/quimibond_sgi/models/sgi_norm_compliance.py:24,Many2many,Se queda,,defecto,
1538,campo,sgi.norm.clause.short_label,addons/quimibond_sgi/models/sgi_norm_compliance.py:44,Char,Se corrige,C-018,03-modelo/campos_sin_help (baja),
1539,campo,sgi.norm.clause.activity_ids,addons/quimibond_sgi/models/sgi_norm_compliance.py:45,Many2many,Se corrige,C-018,03-modelo/campos_sin_help (alta),
1540,campo,sgi.norm.clause.process_ids,addons/quimibond_sgi/models/sgi_norm_compliance.py:48,Many2many,Se corrige,C-018,03-modelo/campos_sin_help (alta),
1541,campo,sgi.norm.clause.activity_count,addons/quimibond_sgi/models/sgi_norm_compliance.py:50,Integer,Se corrige,C-018,03-modelo/campos_sin_help (baja),
1542,campo,sgi.norm.clause.alert_count,addons/quimibond_sgi/models/sgi_norm_compliance.py:51,Integer,Se corrige,C-018,03-modelo/campos_sin_help (baja),
1543,campo,sgi.norm.clause.covered,addons/quimibond_sgi/models/sgi_norm_compliance.py:52,Boolean,Se corrige,C-018,03-modelo/campos_sin_help (alta),
1544,campo,sgi.audit.checklist.line.activity_id,addons/quimibond_sgi/models/sgi_norm_compliance.py:167,Many2one,Se corrige,C-018,03-modelo/campos_sin_help (baja),
1545,campo,sgi.audit.checklist.line.norm_clause_ids,addons/quimibond_sgi/models/sgi_norm_compliance.py:168,Many2many,Se queda,,defecto,
1546,campo,sgi.objective.name,addons/quimibond_sgi/models/sgi_objective.py:25,Char,Se corrige,C-018,03-modelo/campos_sin_help (baja),
1547,campo,sgi.objective.description,addons/quimibond_sgi/models/sgi_objective.py:26,Text,Se corrige,C-018,03-modelo/campos_sin_help (media),
1548,campo,sgi.objective.policy_id,addons/quimibond_sgi/models/sgi_objective.py:27,Many2one,Se queda,,defecto,
1549,campo,sgi.objective.target_year,addons/quimibond_sgi/models/sgi_objective.py:31,Integer,Se corrige,C-018,03-modelo/campos_sin_help (alta),
1550,campo,sgi.objective.indicator_ids,addons/quimibond_sgi/models/sgi_objective.py:32,One2many,Se corrige,C-018,03-modelo/campos_sin_help (baja),
1551,campo,sgi.objective.indicator_count,addons/quimibond_sgi/models/sgi_objective.py:33,Integer,Se corrige,C-018,03-modelo/campos_sin_help (baja),
1552,campo,sgi.objective.action_line_ids,addons/quimibond_sgi/models/sgi_objective.py:36,One2many,Se corrige,C-018,03-modelo/campos_sin_help (media),
1553,campo,sgi.objective.health,addons/quimibond_sgi/models/sgi_objective.py:38,Selection,Se queda,,defecto,
1554,campo,sgi.objective.active,addons/quimibond_sgi/models/sgi_objective.py:46,Boolean,Se corrige,C-018,03-modelo/campos_sin_help (baja),
1555,campo,sgi.policy.name,addons/quimibond_sgi/models/sgi_policy.py:25,Char,Se corrige,C-018,03-modelo/campos_sin_help (baja),
1556,campo,sgi.policy.policy_text,addons/quimibond_sgi/models/sgi_policy.py:26,Html,Se corrige,C-018,03-modelo/campos_sin_help (media),
1557,campo,sgi.policy.issue_date,addons/quimibond_sgi/models/sgi_policy.py:27,Date,Se corrige,C-018,03-modelo/campos_sin_help (alta),
1558,campo,sgi.policy.state,addons/quimibond_sgi/models/sgi_policy.py:29,Selection,Se corrige,C-018,03-modelo/campos_sin_help (alta),
1559,campo,sgi.policy.document_id,addons/quimibond_sgi/models/sgi_policy.py:34,Many2one,Se corrige,C-013,coincidencia de nombre en hallazgo,
1560,campo,sgi.policy.objective_ids,addons/quimibond_sgi/models/sgi_policy.py:38,One2many,Se corrige,C-018,03-modelo/campos_sin_help (media),
1561,campo,sgi.policy.objective_count,addons/quimibond_sgi/models/sgi_policy.py:40,Integer,Se corrige,C-018,03-modelo/campos_sin_help (baja),
1562,campo,sgi.policy.health,addons/quimibond_sgi/models/sgi_policy.py:42,Selection,Se queda,,defecto,
1563,campo,sgi.ppap.element.template.sequence,addons/quimibond_sgi/models/sgi_ppap.py:22,Integer,Sale a otro módulo,A-018,decisión (módulo que sale / modelo que se retira),
1564,campo,sgi.ppap.element.template.name,addons/quimibond_sgi/models/sgi_ppap.py:23,Char,Sale a otro módulo,A-018,decisión (módulo que sale / modelo que se retira),
1565,campo,sgi.ppap.element.template.is_psw,addons/quimibond_sgi/models/sgi_ppap.py:24,Boolean,Sale a otro módulo,A-018,decisión (módulo que sale / modelo que se retira),
1566,campo,sgi.ppap.element.template.active,addons/quimibond_sgi/models/sgi_ppap.py:25,Boolean,Sale a otro módulo,A-018,decisión (módulo que sale / modelo que se retira),
1567,campo,sgi.ppap.partner_id,addons/quimibond_sgi/models/sgi_ppap.py:41,Many2one,Sale a otro módulo,A-018,decisión (módulo que sale / modelo que se retira),
1568,campo,sgi.ppap.product_tmpl_id,addons/quimibond_sgi/models/sgi_ppap.py:43,Many2one,Sale a otro módulo,A-018,decisión (módulo que sale / modelo que se retira),
1569,campo,sgi.ppap.level,addons/quimibond_sgi/models/sgi_ppap.py:45,Selection,Sale a otro módulo,A-018,decisión (módulo que sale / modelo que se retira),
1570,campo,sgi.ppap.reason,addons/quimibond_sgi/models/sgi_ppap.py:52,Selection,Sale a otro módulo,A-018,decisión (módulo que sale / modelo que se retira),
1571,campo,sgi.ppap.state,addons/quimibond_sgi/models/sgi_ppap.py:59,Selection,Sale a otro módulo,A-018,decisión (módulo que sale / modelo que se retira),
1572,campo,sgi.ppap.date_submitted,addons/quimibond_sgi/models/sgi_ppap.py:66,Date,Sale a otro módulo,A-018,decisión (módulo que sale / modelo que se retira),
1573,campo,sgi.ppap.date_decision,addons/quimibond_sgi/models/sgi_ppap.py:67,Date,Sale a otro módulo,A-018,decisión (módulo que sale / modelo que se retira),
1574,campo,sgi.ppap.element_ids,addons/quimibond_sgi/models/sgi_ppap.py:68,One2many,Sale a otro módulo,A-018,decisión (módulo que sale / modelo que se retira),
1575,campo,sgi.ppap.notes,addons/quimibond_sgi/models/sgi_ppap.py:69,Text,Sale a otro módulo,A-018,decisión (módulo que sale / modelo que se retira),
1576,campo,res.partner.sgi_ppap_count,addons/quimibond_sgi/models/sgi_ppap.py:173,Integer,Sale a otro módulo,A-018,decisión (archivo),
1577,campo,product.template.sgi_ppap_count,addons/quimibond_sgi/models/sgi_ppap.py:197,Integer,Sale a otro módulo,A-018,decisión (archivo),
1578,campo,product.product.sgi_ppap_count,addons/quimibond_sgi/models/sgi_ppap.py:224,Integer,Sale a otro módulo,A-018,decisión (archivo),
1579,campo,sgi.ppap.element.ppap_id,addons/quimibond_sgi/models/sgi_ppap.py:240,Many2one,Sale a otro módulo,A-018,decisión (módulo que sale / modelo que se retira),
1580,campo,sgi.ppap.element.template_id,addons/quimibond_sgi/models/sgi_ppap.py:241,Many2one,Sale a otro módulo,A-018,decisión (módulo que sale / modelo que se retira),
1581,campo,sgi.ppap.element.sequence,addons/quimibond_sgi/models/sgi_ppap.py:242,Integer,Sale a otro módulo,A-018,decisión (módulo que sale / modelo que se retira),
1582,campo,sgi.ppap.element.name,addons/quimibond_sgi/models/sgi_ppap.py:243,Char,Sale a otro módulo,A-018,decisión (módulo que sale / modelo que se retira),
1583,campo,sgi.ppap.element.state,addons/quimibond_sgi/models/sgi_ppap.py:244,Selection,Sale a otro módulo,A-018,decisión (módulo que sale / modelo que se retira),
1584,campo,sgi.ppap.element.submission,addons/quimibond_sgi/models/sgi_ppap.py:250,Selection,Sale a otro módulo,A-018,decisión (módulo que sale / modelo que se retira),
1585,campo,sgi.ppap.element.fmea_id,addons/quimibond_sgi/models/sgi_ppap.py:257,Many2one,Sale a otro módulo,A-018,decisión (módulo que sale / modelo que se retira),
1586,campo,sgi.ppap.element.control_plan_id,addons/quimibond_sgi/models/sgi_ppap.py:258,Many2one,Sale a otro módulo,A-018,decisión (módulo que sale / modelo que se retira),
1587,campo,sgi.ppap.element.document_id,addons/quimibond_sgi/models/sgi_ppap.py:259,Many2one,Sale a otro módulo,A-018,decisión (módulo que sale / modelo que se retira),
1588,campo,sgi.ppap.element.notes,addons/quimibond_sgi/models/sgi_ppap.py:260,Text,Sale a otro módulo,A-018,decisión (módulo que sale / modelo que se retira),
1589,campo,sgi.process.code,addons/quimibond_sgi/models/sgi_process.py:20,Char,Se corrige,C-018,03-modelo/campos_sin_help (media),
1590,campo,sgi.process.name,addons/quimibond_sgi/models/sgi_process.py:21,Char,Se corrige,C-018,03-modelo/campos_sin_help (baja),
1591,campo,sgi.process.company_id,addons/quimibond_sgi/models/sgi_process.py:22,Many2one,Se corrige,C-018,03-modelo/campos_sin_help (baja),
1592,campo,sgi.process.process_type,addons/quimibond_sgi/models/sgi_process.py:25,Selection,Se corrige,C-018,03-modelo/campos_sin_help (alta),
1593,campo,sgi.process.parent_id,addons/quimibond_sgi/models/sgi_process.py:31,Many2one,Se corrige,C-018,03-modelo/campos_sin_help (alta),
1594,campo,sgi.process.parent_path,addons/quimibond_sgi/models/sgi_process.py:32,Char,Se corrige,C-018,03-modelo/campos_sin_help (baja),
1595,campo,sgi.process.child_ids,addons/quimibond_sgi/models/sgi_process.py:33,One2many,Se corrige,C-018,03-modelo/campos_sin_help (media),
1596,campo,sgi.process.owner_id,addons/quimibond_sgi/models/sgi_process.py:34,Many2one,Se corrige,C-018,03-modelo/campos_sin_help (alta),
1597,campo,sgi.process.department_id,addons/quimibond_sgi/models/sgi_process.py:35,Many2one,Se corrige,C-018,03-modelo/campos_sin_help (alta),
1598,campo,sgi.process.job_ids,addons/quimibond_sgi/models/sgi_process.py:36,Many2many,Se corrige,C-018,03-modelo/campos_sin_help (alta),
1599,campo,sgi.process.active,addons/quimibond_sgi/models/sgi_process.py:37,Boolean,Se corrige,C-018,03-modelo/campos_sin_help (baja),
1600,campo,sgi.process.purpose,addons/quimibond_sgi/models/sgi_process.py:39,Text,Se queda,,defecto,
1601,campo,sgi.process.start_trigger,addons/quimibond_sgi/models/sgi_process.py:44,Text,Se queda,,defecto,
1602,campo,sgi.process.end_trigger,addons/quimibond_sgi/models/sgi_process.py:47,Text,Se queda,,defecto,
1603,campo,sgi.process.inputs,addons/quimibond_sgi/models/sgi_process.py:50,Text,Se corrige,C-018,03-modelo/campos_sin_help (media),
1604,campo,sgi.process.outputs,addons/quimibond_sgi/models/sgi_process.py:51,Text,Se corrige,C-018,03-modelo/campos_sin_help (media),
1605,campo,sgi.process.replaced_document_ids,addons/quimibond_sgi/models/sgi_process.py:52,Many2many,Se corrige,C-001 L-001,coincidencia de nombre en hallazgo,
1606,campo,sgi.process.replaced_by_id,addons/quimibond_sgi/models/sgi_process.py:60,Many2one,Se queda,,defecto,
1607,campo,sgi.process.owner_valid,addons/quimibond_sgi/models/sgi_process.py:67,Boolean,Se queda,,defecto,
1608,campo,sgi.process.in_flow_ids,addons/quimibond_sgi/models/sgi_process.py:72,One2many,Se corrige,C-018,03-modelo/campos_sin_help (baja),
1609,campo,sgi.process.out_flow_ids,addons/quimibond_sgi/models/sgi_process.py:73,One2many,Se corrige,C-018,03-modelo/campos_sin_help (baja),
1610,campo,sgi.process.linked_document_ids,addons/quimibond_sgi/models/sgi_process.py:76,One2many,Se corrige,B-013 C-018,03-modelo/campos_sin_help (baja),
1611,campo,sgi.process.procedure_ids,addons/quimibond_sgi/models/sgi_process.py:78,One2many,Se corrige,C-018,03-modelo/campos_sin_help (baja),
1612,campo,sgi.process.indicator_ids,addons/quimibond_sgi/models/sgi_process.py:82,One2many,Se corrige,C-018,03-modelo/campos_sin_help (baja),
1613,campo,sgi.process.risk_ids,addons/quimibond_sgi/models/sgi_process.py:83,One2many,Se corrige,C-018,03-modelo/campos_sin_help (baja),
1614,campo,sgi.process.odoo_model_ids,addons/quimibond_sgi/models/sgi_process.py:84,Many2many,Se queda,,defecto,
1615,campo,sgi.process.nc_count,addons/quimibond_sgi/models/sgi_process.py:89,Integer,Se corrige,C-018,03-modelo/campos_sin_help (baja),
1616,campo,sgi.process.overdue_action_count,addons/quimibond_sgi/models/sgi_process.py:90,Integer,Se corrige,C-018,03-modelo/campos_sin_help (baja),
1617,campo,sgi.process.red_kpi_count,addons/quimibond_sgi/models/sgi_process.py:91,Integer,Se corrige,C-018,03-modelo/campos_sin_help (baja),
1618,campo,sgi.process.open_high_risk_count,addons/quimibond_sgi/models/sgi_process.py:92,Integer,Se corrige,C-018,03-modelo/campos_sin_help (baja),
1619,campo,sgi.process.health,addons/quimibond_sgi/models/sgi_process.py:94,Selection,Se corrige,C-018,03-modelo/campos_sin_help (alta),
1620,campo,sgi.process.document_count,addons/quimibond_sgi/models/sgi_process.py:99,Integer,Se corrige,C-018,03-modelo/campos_sin_help (baja),
1621,campo,sgi.process.indicator_count,addons/quimibond_sgi/models/sgi_process.py:100,Integer,Se corrige,C-018,03-modelo/campos_sin_help (baja),
1622,campo,sgi.process.risk_count,addons/quimibond_sgi/models/sgi_process.py:101,Integer,Se corrige,C-018,03-modelo/campos_sin_help (baja),
1623,campo,sgi.process.flow_count,addons/quimibond_sgi/models/sgi_process.py:102,Integer,Se queda,,defecto,
1624,campo,sgi.process.flow.name,addons/quimibond_sgi/models/sgi_process.py:414,Char,Se corrige,C-018,03-modelo/campos_sin_help (baja),
1625,campo,sgi.process.flow.from_process_id,addons/quimibond_sgi/models/sgi_process.py:415,Many2one,Se corrige,C-018,03-modelo/campos_sin_help (alta),
1626,campo,sgi.process.flow.to_process_id,addons/quimibond_sgi/models/sgi_process.py:416,Many2one,Se corrige,C-018,03-modelo/campos_sin_help (alta),
1627,campo,sgi.process.flow.document_id,addons/quimibond_sgi/models/sgi_process.py:417,Many2one,Se corrige,C-018,03-modelo/campos_sin_help (alta),
1628,campo,sgi.process.flow.acceptance_criteria,addons/quimibond_sgi/models/sgi_process.py:418,Text,Se corrige,C-018,03-modelo/campos_sin_help (media),
1629,campo,sgi.process.flow.odoo_model_id,addons/quimibond_sgi/models/sgi_process.py:419,Many2one,Se corrige,C-018,03-modelo/campos_sin_help (alta),
1630,campo,sgi.process.flow.odoo_model_name,addons/quimibond_sgi/models/sgi_process.py:420,Char,Se corrige,C-018,03-modelo/campos_sin_help (baja),
1631,campo,sgi.process.flow.company_id,addons/quimibond_sgi/models/sgi_process.py:421,Many2one,Se corrige,C-018,03-modelo/campos_sin_help (baja),
1632,campo,sgi.process.scope,addons/quimibond_sgi/models/sgi_process_procedure.py:40,Text,Se queda,,defecto,
1633,campo,sgi.process.env_aspects,addons/quimibond_sgi/models/sgi_process_procedure.py:43,Text,Se queda,,defecto,
1634,campo,sgi.process.norm_ids,addons/quimibond_sgi/models/sgi_process_procedure.py:46,Many2many,Se queda,,defecto,
1635,campo,sgi.process.job_responsibility_ids,addons/quimibond_sgi/models/sgi_process_procedure.py:50,One2many,Se corrige,B-002 C-018,03-modelo/campos_sin_help (media),
1636,campo,sgi.process.procedure_activity_ids,addons/quimibond_sgi/models/sgi_process_procedure.py:57,One2many,Se corrige,C-018,03-modelo/campos_sin_help (baja),
1637,campo,sgi.process.activity_count,addons/quimibond_sgi/models/sgi_process_procedure.py:60,Integer,Se corrige,C-018,03-modelo/campos_sin_help (baja),
1638,campo,sgi.process.measurable_activity_count,addons/quimibond_sgi/models/sgi_process_procedure.py:64,Integer,Se corrige,C-018,03-modelo/campos_sin_help (baja),
1639,campo,sgi.process.measure_red_count,addons/quimibond_sgi/models/sgi_process_procedure.py:66,Integer,Se corrige,C-018,03-modelo/campos_sin_help (baja),
1640,campo,sgi.process.procedure_compliance,addons/quimibond_sgi/models/sgi_process_procedure.py:68,Integer,Se queda,,defecto,
1641,campo,sgi.process.measure_real_pct,addons/quimibond_sgi/models/sgi_process_procedure.py:75,Integer,Se queda,,defecto,
1642,campo,sgi.process.measure_method_summary,addons/quimibond_sgi/models/sgi_process_procedure.py:79,Char,Se corrige,C-018,03-modelo/campos_sin_help (media),
1643,campo,sgi.process.activity_green_count,addons/quimibond_sgi/models/sgi_process_procedure.py:81,Integer,Se corrige,C-018,03-modelo/campos_sin_help (baja),
1644,campo,sgi.process.activity_red_count,addons/quimibond_sgi/models/sgi_process_procedure.py:83,Integer,Se corrige,C-018,03-modelo/campos_sin_help (baja),
1645,campo,sgi.process.activity_grey_count,addons/quimibond_sgi/models/sgi_process_procedure.py:85,Integer,Se queda,,defecto,
1646,campo,sgi.process.activity_no_method_count,addons/quimibond_sgi/models/sgi_process_procedure.py:88,Integer,Se corrige,C-018,03-modelo/campos_sin_help (baja),
1647,campo,sgi.process.measure_adherence_avg,addons/quimibond_sgi/models/sgi_process_procedure.py:90,Float,Se queda,,defecto,
1648,campo,sgi.process.measure_status,addons/quimibond_sgi/models/sgi_process_procedure.py:95,Selection,Se corrige,C-018,03-modelo/campos_sin_help (alta),
1649,campo,sgi.process.chain_link_ids,addons/quimibond_sgi/models/sgi_process_procedure.py:100,Many2many,Se corrige,C-018,03-modelo/campos_sin_help (baja),
1650,campo,sgi.process.doc_owner_id,addons/quimibond_sgi/models/sgi_process_procedure.py:106,Many2one,Se queda,,defecto,
1651,campo,sgi.process.doc_approver_id,addons/quimibond_sgi/models/sgi_process_procedure.py:109,Many2one,Se corrige,C-018,03-modelo/campos_sin_help (alta),
1652,campo,sgi.process.doc_vobo_id,addons/quimibond_sgi/models/sgi_process_procedure.py:111,Many2one,Se corrige,C-018,03-modelo/campos_sin_help (alta),
1653,campo,sgi.process.chain_link_count,addons/quimibond_sgi/models/sgi_process_procedure.py:126,Integer,Se queda,,defecto,
1654,campo,sgi.process.inbound_reference_ids,addons/quimibond_sgi/models/sgi_process_procedure.py:133,Many2many,Se corrige,C-018,03-modelo/campos_sin_help (baja),
1655,campo,sgi.process.inbound_reference_count,addons/quimibond_sgi/models/sgi_process_procedure.py:136,Integer,Se corrige,C-018,03-modelo/campos_sin_help (baja),
1656,campo,sgi.process.chain_stuck_count,addons/quimibond_sgi/models/sgi_process_procedure.py:187,Integer,Se queda,,defecto,
1657,campo,sgi.process.responsibility.process_id,addons/quimibond_sgi/models/sgi_process_procedure.py:440,Many2one,Se elimina,B-002,decisión (módulo que sale / modelo que se retira),
1658,campo,sgi.process.responsibility.sequence,addons/quimibond_sgi/models/sgi_process_procedure.py:443,Integer,Se elimina,B-002,decisión (módulo que sale / modelo que se retira),
1659,campo,sgi.process.responsibility.company_id,addons/quimibond_sgi/models/sgi_process_procedure.py:444,Many2one,Se elimina,B-002,decisión (módulo que sale / modelo que se retira),
1660,campo,sgi.process.responsibility.job_id,addons/quimibond_sgi/models/sgi_process_procedure.py:447,Many2one,Se elimina,B-002,decisión (módulo que sale / modelo que se retira),
1661,campo,sgi.process.responsibility.name,addons/quimibond_sgi/models/sgi_process_procedure.py:450,Char,Se elimina,B-002,decisión (módulo que sale / modelo que se retira),
1662,campo,sgi.process.responsibility.responsibilities,addons/quimibond_sgi/models/sgi_process_procedure.py:454,Text,Se elimina,B-002,decisión (módulo que sale / modelo que se retira),
1663,campo,sgi.process.activity.process_id,addons/quimibond_sgi/models/sgi_process_procedure.py:485,Many2one,Se corrige,C-018,03-modelo/campos_sin_help (alta),
1664,campo,sgi.process.activity.company_id,addons/quimibond_sgi/models/sgi_process_procedure.py:488,Many2one,Se corrige,C-018,03-modelo/campos_sin_help (baja),
1665,campo,sgi.process.activity.active,addons/quimibond_sgi/models/sgi_process_procedure.py:491,Boolean,Se queda,,defecto,
1666,campo,sgi.process.activity.sequence,addons/quimibond_sgi/models/sgi_process_procedure.py:495,Integer,Se corrige,C-018,03-modelo/campos_sin_help (baja),
1667,campo,sgi.process.activity.step,addons/quimibond_sgi/models/sgi_process_procedure.py:501,Integer,Se queda,,defecto,
1668,campo,sgi.process.activity.number,addons/quimibond_sgi/models/sgi_process_procedure.py:504,Char,Se queda,H-017,coincidencia de nombre en hallazgo,
1669,campo,sgi.process.activity.legacy_number,addons/quimibond_sgi/models/sgi_process_procedure.py:507,Char,Se queda,H-017 L-018,coincidencia de nombre en hallazgo,
1670,campo,sgi.process.activity.stage_id,addons/quimibond_sgi/models/sgi_process_procedure.py:512,Many2one,Se corrige,C-018,03-modelo/campos_sin_help (alta),
1671,campo,sgi.process.activity.block,addons/quimibond_sgi/models/sgi_process_procedure.py:515,Selection,Se corrige,B-008,coincidencia de nombre en hallazgo,
1672,campo,sgi.process.activity.section,addons/quimibond_sgi/models/sgi_process_procedure.py:521,Char,Se queda,,defecto,
1673,campo,sgi.process.activity.name,addons/quimibond_sgi/models/sgi_process_procedure.py:524,Char,Se queda,,defecto,
1674,campo,sgi.process.activity.description,addons/quimibond_sgi/models/sgi_process_procedure.py:525,Text,Se queda,,defecto,
1675,campo,sgi.process.activity.role_ids,addons/quimibond_sgi/models/sgi_process_procedure.py:532,One2many,Se corrige,C-018,03-modelo/campos_sin_help (media),
1676,campo,sgi.process.activity.responsible_job_ids,addons/quimibond_sgi/models/sgi_process_procedure.py:534,Many2many,Se corrige,C-018,03-modelo/campos_sin_help (baja),
1677,campo,sgi.process.activity.instruction_id,addons/quimibond_sgi/models/sgi_process_procedure.py:538,Many2one,Se queda,,defecto,
1678,campo,sgi.process.activity.value_class,addons/quimibond_sgi/models/sgi_process_procedure.py:544,Selection,Se corrige,C-018,03-modelo/campos_sin_help (alta),
1679,campo,sgi.process.activity.automation_level_current,addons/quimibond_sgi/models/sgi_process_procedure.py:552,Selection,Se corrige,C-018,03-modelo/campos_sin_help (alta),
1680,campo,sgi.process.activity.automation_level_target,addons/quimibond_sgi/models/sgi_process_procedure.py:555,Selection,Se corrige,C-018,03-modelo/campos_sin_help (alta),
1681,campo,sgi.process.activity.automation_method,addons/quimibond_sgi/models/sgi_process_procedure.py:557,Selection,Se corrige,C-018,03-modelo/campos_sin_help (alta),
1682,campo,sgi.process.activity.responsible_role,addons/quimibond_sgi/models/sgi_process_procedure.py:565,Char,Se elimina,B-009,coincidencia de nombre en hallazgo,
1683,campo,sgi.process.activity.format_document_ids,addons/quimibond_sgi/models/sgi_process_procedure.py:569,Many2many,Se queda,,defecto,
1684,campo,sgi.process.activity.related_procedure_id,addons/quimibond_sgi/models/sgi_process_procedure.py:574,Many2one,Se corrige,H-016,coincidencia de nombre en hallazgo,
1685,campo,sgi.process.activity.odoo_ref,addons/quimibond_sgi/models/sgi_process_procedure.py:578,Char,Se queda,,defecto,
1686,campo,sgi.process.activity.odoo_menu_id,addons/quimibond_sgi/models/sgi_process_procedure.py:581,Many2one,Se corrige,E-002 E-010,coincidencia de nombre en hallazgo,
1687,campo,sgi.process.activity.note,addons/quimibond_sgi/models/sgi_process_procedure.py:585,Text,Se queda,,defecto,
1688,campo,sgi.process.activity.out_link_ids,addons/quimibond_sgi/models/sgi_process_procedure.py:589,One2many,Se corrige,C-018,03-modelo/campos_sin_help (media),
1689,campo,sgi.process.activity.in_link_ids,addons/quimibond_sgi/models/sgi_process_procedure.py:591,One2many,Se corrige,C-018,03-modelo/campos_sin_help (media),
1690,campo,sgi.process.activity.next_activity_ids,addons/quimibond_sgi/models/sgi_process_procedure.py:593,Many2many,Se corrige,C-018,03-modelo/campos_sin_help (alta),
1691,campo,sgi.process.activity.prev_activity_ids,addons/quimibond_sgi/models/sgi_process_procedure.py:596,Many2many,Se corrige,C-018,03-modelo/campos_sin_help (baja),
1692,campo,sgi.process.activity.executor_role_ids,addons/quimibond_sgi/models/sgi_process_procedure.py:624,Many2many,Se corrige,C-018,03-modelo/campos_sin_help (alta),
1693,campo,sgi.process.activity.approver_role_ids,addons/quimibond_sgi/models/sgi_process_procedure.py:626,Many2many,Se corrige,C-018,03-modelo/campos_sin_help (alta),
1694,campo,sgi.process.activity.informed_role_ids,addons/quimibond_sgi/models/sgi_process_procedure.py:628,Many2many,Se corrige,C-018,03-modelo/campos_sin_help (alta),
1695,campo,sgi.process.activity.measure_model_id,addons/quimibond_sgi/models/sgi_process_procedure.py:848,Many2one,Se queda,,defecto,
1696,campo,sgi.process.activity.measure_model_name,addons/quimibond_sgi/models/sgi_process_procedure.py:853,Char,Se queda,,defecto,
1697,campo,sgi.process.activity.measure_domain,addons/quimibond_sgi/models/sgi_process_procedure.py:858,Char,Se queda,,defecto,
1698,campo,sgi.process.activity.measure_date_field,addons/quimibond_sgi/models/sgi_process_procedure.py:862,Char,Se queda,,defecto,
1699,campo,sgi.process.activity.measure_cadence,addons/quimibond_sgi/models/sgi_process_procedure.py:866,Selection,Se queda,,defecto,
1700,campo,sgi.process.activity.measure_last_date,addons/quimibond_sgi/models/sgi_process_procedure.py:878,Datetime,Se corrige,C-018,03-modelo/campos_sin_help (alta),
1701,campo,sgi.process.activity.measure_count_30d,addons/quimibond_sgi/models/sgi_process_procedure.py:879,Integer,Se corrige,C-018,03-modelo/campos_sin_help (alta),
1702,campo,sgi.process.activity.measure_state,addons/quimibond_sgi/models/sgi_process_procedure.py:880,Selection,Se corrige,C-018 G-002 G-003,03-modelo/campos_sin_help (alta),
1703,campo,sgi.process.activity.measure_method,addons/quimibond_sgi/models/sgi_process_procedure.py:888,Selection,Se corrige,H-012,coincidencia de nombre en hallazgo,
1704,campo,sgi.process.activity.measure_proxy_activity_id,addons/quimibond_sgi/models/sgi_process_procedure.py:906,Many2one,Se queda,,defecto,
1705,campo,sgi.process.activity.sample_cadence,addons/quimibond_sgi/models/sgi_process_procedure.py:911,Selection,Se corrige,C-018,03-modelo/campos_sin_help (alta),
1706,campo,sgi.process.activity.measure_justification,addons/quimibond_sgi/models/sgi_process_procedure.py:915,Text,Se queda,H-004,coincidencia de nombre en hallazgo,
1707,campo,sgi.process.activity.measure_user_field,addons/quimibond_sgi/models/sgi_process_procedure.py:922,Char,Se queda,,defecto,
1708,campo,sgi.process.activity.exec_stat_ids,addons/quimibond_sgi/models/sgi_process_procedure.py:930,One2many,Se corrige,C-018,03-modelo/campos_sin_help (baja),
1709,campo,sgi.process.activity.recent_exec_stat_ids,addons/quimibond_sgi/models/sgi_process_procedure.py:932,Many2many,Se corrige,C-018,03-modelo/campos_sin_help (alta),
1710,campo,sgi.process.activity.measure_adherence_pct,addons/quimibond_sgi/models/sgi_process_procedure.py:935,Float,Se queda,,defecto,
1711,campo,sgi.process.activity.measure_top_users,addons/quimibond_sgi/models/sgi_process_procedure.py:941,Char,Se queda,,defecto,
1712,campo,sgi.process.activity.measure_count_generic,addons/quimibond_sgi/models/sgi_process_procedure.py:944,Integer,Se queda,,defecto,
1713,campo,sgi.process.activity.measure_count_no_employee,addons/quimibond_sgi/models/sgi_process_procedure.py:948,Integer,Se queda,,defecto,
1714,campo,sgi.process.activity.measure_count_system,addons/quimibond_sgi/models/sgi_process_procedure.py:951,Integer,Se queda,,defecto,
1715,campo,sgi.process.activity.measure_count_other_job,addons/quimibond_sgi/models/sgi_process_procedure.py:955,Integer,Se queda,,defecto,
1716,campo,sgi.process.activity.measure_warning,addons/quimibond_sgi/models/sgi_process_procedure.py:958,Text,Se corrige,C-018 G-002 G-003,03-modelo/campos_sin_help (media),
1717,campo,sgi.activity.link.from_activity_id,addons/quimibond_sgi/models/sgi_process_procedure.py:1418,Many2one,Se corrige,C-018,03-modelo/campos_sin_help (alta),
1718,campo,sgi.activity.link.to_activity_id,addons/quimibond_sgi/models/sgi_process_procedure.py:1421,Many2one,Se corrige,C-018,03-modelo/campos_sin_help (alta),
1719,campo,sgi.activity.link.name,addons/quimibond_sgi/models/sgi_process_procedure.py:1424,Char,Se queda,,defecto,
1720,campo,sgi.activity.link.from_process_id,addons/quimibond_sgi/models/sgi_process_procedure.py:1428,Many2one,Se corrige,C-018,03-modelo/campos_sin_help (alta),
1721,campo,sgi.activity.link.to_process_id,addons/quimibond_sgi/models/sgi_process_procedure.py:1431,Many2one,Se corrige,C-018,03-modelo/campos_sin_help (alta),
1722,campo,sgi.activity.link.company_id,addons/quimibond_sgi/models/sgi_process_procedure.py:1434,Many2one,Se corrige,C-018,03-modelo/campos_sin_help (baja),
1723,campo,sgi.activity.link.is_cross_process,addons/quimibond_sgi/models/sgi_process_procedure.py:1437,Boolean,Se corrige,C-018,03-modelo/campos_sin_help (alta),
1724,campo,sgi.activity.link.chain_state,addons/quimibond_sgi/models/sgi_process_procedure.py:1441,Selection,Se queda,,defecto,
1725,campo,sgi.activity.link.lag_days,addons/quimibond_sgi/models/sgi_process_procedure.py:1448,Float,Se queda,,defecto,
1726,campo,sgi.activity.link.atorado_since,addons/quimibond_sgi/models/sgi_process_procedure.py:1453,Datetime,Se corrige,C-018,03-modelo/campos_sin_help (baja),
1727,campo,sgi.activity.link.nc_alert_id,addons/quimibond_sgi/models/sgi_process_procedure.py:1454,Many2one,Se corrige,C-018,03-modelo/campos_sin_help (alta),
1728,campo,stock.picking.sgi_delivery_picking_id,addons/quimibond_sgi/models/sgi_release.py:49,Many2one,Se queda,,defecto,
1729,campo,sgi.risk.category.name,addons/quimibond_sgi/models/sgi_risk.py:31,Char,Se corrige,C-018,03-modelo/campos_sin_help (baja),
1730,campo,sgi.risk.category.active,addons/quimibond_sgi/models/sgi_risk.py:32,Boolean,Se corrige,C-018,03-modelo/campos_sin_help (baja),
1731,campo,sgi.risk.name,addons/quimibond_sgi/models/sgi_risk.py:48,Char,Se corrige,C-018,03-modelo/campos_sin_help (baja),
1732,campo,sgi.risk.consequence,addons/quimibond_sgi/models/sgi_risk.py:49,Text,Se corrige,C-018,03-modelo/campos_sin_help (media),
1733,campo,sgi.risk.instrument,addons/quimibond_sgi/models/sgi_risk.py:50,Selection,Se corrige,C-018,03-modelo/campos_sin_help (alta),
1734,campo,sgi.risk.kind,addons/quimibond_sgi/models/sgi_risk.py:57,Selection,Se corrige,C-018,03-modelo/campos_sin_help (alta),
1735,campo,sgi.risk.category_id,addons/quimibond_sgi/models/sgi_risk.py:61,Many2one,Se corrige,C-018,03-modelo/campos_sin_help (alta),
1736,campo,sgi.risk.source,addons/quimibond_sgi/models/sgi_risk.py:62,Selection,Se corrige,C-018,03-modelo/campos_sin_help (alta),
1737,campo,sgi.risk.process_id,addons/quimibond_sgi/models/sgi_risk.py:66,Many2one,Se corrige,C-018,03-modelo/campos_sin_help (alta),
1738,campo,sgi.risk.sgi_process_active,addons/quimibond_sgi/models/sgi_risk.py:69,Boolean,Se queda,,defecto,
1739,campo,sgi.risk.sgi_area_id,addons/quimibond_sgi/models/sgi_risk.py:73,Many2one,Se corrige,C-018,03-modelo/campos_sin_help (alta),
1740,campo,sgi.risk.job_id,addons/quimibond_sgi/models/sgi_risk.py:74,Many2one,Se corrige,C-018,03-modelo/campos_sin_help (alta),
1741,campo,sgi.risk.existing_controls,addons/quimibond_sgi/models/sgi_risk.py:75,Text,Se corrige,C-018,03-modelo/campos_sin_help (media),
1742,campo,sgi.risk.operational_control_id,addons/quimibond_sgi/models/sgi_risk.py:76,Many2one,Se corrige,C-018,03-modelo/campos_sin_help (alta),
1743,campo,sgi.risk.condition,addons/quimibond_sgi/models/sgi_risk.py:78,Selection,Se corrige,C-018,03-modelo/campos_sin_help (alta),
1744,campo,sgi.risk.foda_type,addons/quimibond_sgi/models/sgi_risk.py:83,Selection,Se corrige,C-018,03-modelo/campos_sin_help (alta),
1745,campo,sgi.risk.action_line_ids,addons/quimibond_sgi/models/sgi_risk.py:90,One2many,Se corrige,C-018,03-modelo/campos_sin_help (media),
1746,campo,sgi.risk.sgi_nc_ids,addons/quimibond_sgi/models/sgi_risk.py:92,Many2many,Se corrige,C-018,03-modelo/campos_sin_help (baja),
1747,campo,sgi.risk.sgi_nc_count,addons/quimibond_sgi/models/sgi_risk.py:95,Integer,Se corrige,C-018,03-modelo/campos_sin_help (baja),
1748,campo,sgi.risk.next_review_date,addons/quimibond_sgi/models/sgi_risk.py:97,Date,Se corrige,C-018,03-modelo/campos_sin_help (alta),
1749,campo,sgi.risk.state,addons/quimibond_sgi/models/sgi_risk.py:98,Selection,Se corrige,C-018,03-modelo/campos_sin_help (alta),
1750,campo,sgi.risk.active,addons/quimibond_sgi/models/sgi_risk.py:104,Boolean,Se corrige,C-018,03-modelo/campos_sin_help (baja),
1751,campo,sgi.risk.eval_probability,addons/quimibond_sgi/models/sgi_risk.py:107,Selection,Se corrige,C-018,03-modelo/campos_sin_help (alta),
1752,campo,sgi.risk.eval_impact,addons/quimibond_sgi/models/sgi_risk.py:108,Selection,Se corrige,C-018,03-modelo/campos_sin_help (alta),
1753,campo,sgi.risk.score,addons/quimibond_sgi/models/sgi_risk.py:109,Integer,Se corrige,C-018,03-modelo/campos_sin_help (alta),
1754,campo,sgi.risk.attention_level,addons/quimibond_sgi/models/sgi_risk.py:110,Selection,Se corrige,C-018,03-modelo/campos_sin_help (alta),
1755,campo,sgi.risk.residual_probability,addons/quimibond_sgi/models/sgi_risk.py:114,Selection,Se corrige,C-018,03-modelo/campos_sin_help (alta),
1756,campo,sgi.risk.residual_impact,addons/quimibond_sgi/models/sgi_risk.py:115,Selection,Se corrige,C-018,03-modelo/campos_sin_help (alta),
1757,campo,sgi.risk.residual_score,addons/quimibond_sgi/models/sgi_risk.py:116,Integer,Se corrige,C-018,03-modelo/campos_sin_help (alta),
1758,campo,sgi.risk.residual_level,addons/quimibond_sgi/models/sgi_risk.py:117,Selection,Se corrige,C-018,03-modelo/campos_sin_help (alta),
1759,campo,sgi.risk.residual_note,addons/quimibond_sgi/models/sgi_risk.py:119,Text,Se queda,,defecto,
1760,campo,sgi.risk.has_finished_actions,addons/quimibond_sgi/models/sgi_risk.py:123,Boolean,Se corrige,C-018,03-modelo/campos_sin_help (alta),
1761,campo,sgi.risk.last_eval_date,addons/quimibond_sgi/models/sgi_risk.py:128,Date,Se corrige,C-018,03-modelo/campos_sin_help (alta),
1762,campo,sgi.risk.semaphore,addons/quimibond_sgi/models/sgi_risk.py:129,Selection,Se corrige,C-018,03-modelo/campos_sin_help (alta),
1763,campo,sgi.risk.high_without_action,addons/quimibond_sgi/models/sgi_risk.py:132,Boolean,Se queda,,defecto,
1764,campo,sale.order.commitment_date,addons/quimibond_sgi/models/sgi_sale_commitment.py:17,Datetime,Se corrige,C-018,03-modelo/campos_sin_help (baja),
1765,campo,sale.order.sgi_commitment_set_at,addons/quimibond_sgi/models/sgi_sale_commitment.py:18,Datetime,Se queda,,defecto,
1766,campo,sale.order.sgi_commitment_set_uid,addons/quimibond_sgi/models/sgi_sale_commitment.py:21,Many2one,Se queda,,defecto,
1767,campo,sgi.sales.budget.year,addons/quimibond_sgi/models/sgi_sales_budget.py:51,Integer,Sale a otro módulo,A-016,decisión (módulo que sale / modelo que se retira),
1768,campo,sgi.sales.budget.team_id,addons/quimibond_sgi/models/sgi_sales_budget.py:53,Many2one,Sale a otro módulo,A-016,decisión (módulo que sale / modelo que se retira),
1769,campo,sgi.sales.budget.revision,addons/quimibond_sgi/models/sgi_sales_budget.py:57,Integer,Sale a otro módulo,A-016,decisión (módulo que sale / modelo que se retira),
1770,campo,sgi.sales.budget.kind,addons/quimibond_sgi/models/sgi_sales_budget.py:59,Selection,Sale a otro módulo,A-016,decisión (módulo que sale / modelo que se retira),
1771,campo,sgi.sales.budget.partner_id,addons/quimibond_sgi/models/sgi_sales_budget.py:66,Many2one,Sale a otro módulo,A-016,decisión (módulo que sale / modelo que se retira),
1772,campo,sgi.sales.budget.name,addons/quimibond_sgi/models/sgi_sales_budget.py:71,Char,Sale a otro módulo,A-016,decisión (módulo que sale / modelo que se retira),
1773,campo,sgi.sales.budget.company_id,addons/quimibond_sgi/models/sgi_sales_budget.py:72,Many2one,Sale a otro módulo,A-016,decisión (módulo que sale / modelo que se retira),
1774,campo,sgi.sales.budget.currency_id,addons/quimibond_sgi/models/sgi_sales_budget.py:74,Many2one,Sale a otro módulo,A-016,decisión (módulo que sale / modelo que se retira),
1775,campo,sgi.sales.budget.state,addons/quimibond_sgi/models/sgi_sales_budget.py:82,Selection,Sale a otro módulo,A-016,decisión (módulo que sale / modelo que se retira),
1776,campo,sgi.sales.budget.line_ids,addons/quimibond_sgi/models/sgi_sales_budget.py:88,One2many,Sale a otro módulo,A-016,decisión (módulo que sale / modelo que se retira),
1777,campo,sgi.sales.budget.line_count,addons/quimibond_sgi/models/sgi_sales_budget.py:90,Integer,Sale a otro módulo,A-016,decisión (módulo que sale / modelo que se retira),
1778,campo,sgi.sales.budget.amount_budget_total,addons/quimibond_sgi/models/sgi_sales_budget.py:94,Monetary,Sale a otro módulo,A-016,decisión (módulo que sale / modelo que se retira),
1779,campo,sgi.sales.budget.amount_real_total,addons/quimibond_sgi/models/sgi_sales_budget.py:96,Monetary,Sale a otro módulo,A-016,decisión (módulo que sale / modelo que se retira),
1780,campo,sgi.sales.budget.amount_ordered_total,addons/quimibond_sgi/models/sgi_sales_budget.py:98,Monetary,Sale a otro módulo,A-016,decisión (módulo que sale / modelo que se retira),
1781,campo,sgi.sales.budget.fulfillment_pct,addons/quimibond_sgi/models/sgi_sales_budget.py:100,Float,Sale a otro módulo,A-016,decisión (módulo que sale / modelo que se retira),
1782,campo,sgi.sales.budget.amount_real_unbudgeted,addons/quimibond_sgi/models/sgi_sales_budget.py:102,Monetary,Sale a otro módulo,A-016,decisión (módulo que sale / modelo que se retira),
1783,campo,sgi.sales.budget.qty_budget_text,addons/quimibond_sgi/models/sgi_sales_budget.py:108,Char,Sale a otro módulo,A-016,decisión (módulo que sale / modelo que se retira),
1784,campo,sgi.sales.budget.qty_real_text,addons/quimibond_sgi/models/sgi_sales_budget.py:110,Char,Sale a otro módulo,A-016,decisión (módulo que sale / modelo que se retira),
1785,campo,sgi.sales.budget.unconverted_count,addons/quimibond_sgi/models/sgi_sales_budget.py:112,Integer,Sale a otro módulo,A-016,decisión (módulo que sale / modelo que se retira),
1786,campo,sgi.sales.budget.amount_currency_text,addons/quimibond_sgi/models/sgi_sales_budget.py:118,Char,Sale a otro módulo,A-016,decisión (módulo que sale / modelo que se retira),
1787,campo,sgi.sales.budget.no_price_count,addons/quimibond_sgi/models/sgi_sales_budget.py:122,Integer,Sale a otro módulo,A-016,decisión (módulo que sale / modelo que se retira),
1788,campo,sgi.sales.budget.price_deviation_count,addons/quimibond_sgi/models/sgi_sales_budget.py:126,Integer,Sale a otro módulo,A-016,decisión (módulo que sale / modelo que se retira),
1789,campo,sgi.sales.budget.uncovered_count,addons/quimibond_sgi/models/sgi_sales_budget.py:129,Integer,Sale a otro módulo,A-016,decisión (módulo que sale / modelo que se retira),
1790,campo,sgi.sales.budget.nonfulfillment_note,addons/quimibond_sgi/models/sgi_sales_budget.py:134,Text,Sale a otro módulo,A-016,decisión (módulo que sale / modelo que se retira),
1791,campo,sgi.sales.budget.needs_justification,addons/quimibond_sgi/models/sgi_sales_budget.py:138,Boolean,Sale a otro módulo,A-016,decisión (módulo que sale / modelo que se retira),
1792,campo,sgi.sales.budget.sgi_mps_available,addons/quimibond_sgi/models/sgi_sales_budget.py:959,Boolean,Sale a otro módulo,A-016,decisión (módulo que sale / modelo que se retira),
1793,campo,sgi.sales.budget.import.budget_id,addons/quimibond_sgi/models/sgi_sales_budget_import.py:41,Many2one,Sale a otro módulo,A-016,decisión (módulo que sale / modelo que se retira),
1794,campo,sgi.sales.budget.import.file,addons/quimibond_sgi/models/sgi_sales_budget_import.py:44,Binary,Sale a otro módulo,A-016,decisión (módulo que sale / modelo que se retira),
1795,campo,sgi.sales.budget.import.filename,addons/quimibond_sgi/models/sgi_sales_budget_import.py:45,Char,Sale a otro módulo,A-016,decisión (módulo que sale / modelo que se retira),
1796,campo,sgi.sales.budget.import.available_sheets,addons/quimibond_sgi/models/sgi_sales_budget_import.py:46,Char,Sale a otro módulo,A-016,decisión (módulo que sale / modelo que se retira),
1797,campo,sgi.sales.budget.import.sheet_name,addons/quimibond_sgi/models/sgi_sales_budget_import.py:47,Char,Sale a otro módulo,A-016,decisión (módulo que sale / modelo que se retira),
1798,campo,sgi.sales.budget.import.conflict_mode,addons/quimibond_sgi/models/sgi_sales_budget_import.py:50,Selection,Sale a otro módulo,A-016,decisión (módulo que sale / modelo que se retira),
1799,campo,sgi.sales.budget.import.result,addons/quimibond_sgi/models/sgi_sales_budget_import.py:54,Text,Sale a otro módulo,A-016,decisión (módulo que sale / modelo que se retira),
1800,campo,sgi.sales.budget.line.budget_id,addons/quimibond_sgi/models/sgi_sales_budget_line.py:24,Many2one,Sale a otro módulo,A-016,decisión (módulo que sale / modelo que se retira),
1801,campo,sgi.sales.budget.line.team_id,addons/quimibond_sgi/models/sgi_sales_budget_line.py:26,Many2one,Sale a otro módulo,A-016,decisión (módulo que sale / modelo que se retira),
1802,campo,sgi.sales.budget.line.company_id,addons/quimibond_sgi/models/sgi_sales_budget_line.py:28,Many2one,Sale a otro módulo,A-016,decisión (módulo que sale / modelo que se retira),
1803,campo,sgi.sales.budget.line.currency_id,addons/quimibond_sgi/models/sgi_sales_budget_line.py:29,Many2one,Sale a otro módulo,A-016,decisión (módulo que sale / modelo que se retira),
1804,campo,sgi.sales.budget.line.kind,addons/quimibond_sgi/models/sgi_sales_budget_line.py:31,Selection,Sale a otro módulo,A-016,decisión (módulo que sale / modelo que se retira),
1805,campo,sgi.sales.budget.line.product_id,addons/quimibond_sgi/models/sgi_sales_budget_line.py:32,Many2one,Sale a otro módulo,A-016,decisión (módulo que sale / modelo que se retira),
1806,campo,sgi.sales.budget.line.customer_code,addons/quimibond_sgi/models/sgi_sales_budget_line.py:34,Char,Sale a otro módulo,A-016,decisión (módulo que sale / modelo que se retira),
1807,campo,sgi.sales.budget.line.partner_id,addons/quimibond_sgi/models/sgi_sales_budget_line.py:38,Many2one,Sale a otro módulo,A-016,decisión (módulo que sale / modelo que se retira),
1808,campo,sgi.sales.budget.line.date,addons/quimibond_sgi/models/sgi_sales_budget_line.py:44,Date,Sale a otro módulo,A-016,decisión (módulo que sale / modelo que se retira),
1809,campo,sgi.sales.budget.line.uom_id,addons/quimibond_sgi/models/sgi_sales_budget_line.py:47,Many2one,Sale a otro módulo,A-016,decisión (módulo que sale / modelo que se retira),
1810,campo,sgi.sales.budget.line.qty_budget,addons/quimibond_sgi/models/sgi_sales_budget_line.py:52,Float,Sale a otro módulo,A-016,decisión (módulo que sale / modelo que se retira),
1811,campo,sgi.sales.budget.line.price_unit_budget,addons/quimibond_sgi/models/sgi_sales_budget_line.py:59,Monetary,Sale a otro módulo,A-016,decisión (módulo que sale / modelo que se retira),
1812,campo,sgi.sales.budget.line.price_unit_currency,addons/quimibond_sgi/models/sgi_sales_budget_line.py:64,Monetary,Sale a otro módulo,A-016,decisión (módulo que sale / modelo que se retira),
1813,campo,sgi.sales.budget.line.list_currency_id,addons/quimibond_sgi/models/sgi_sales_budget_line.py:68,Many2one,Sale a otro módulo,A-016,decisión (módulo que sale / modelo que se retira),
1814,campo,sgi.sales.budget.line.has_list_price,addons/quimibond_sgi/models/sgi_sales_budget_line.py:71,Boolean,Sale a otro módulo,A-016,decisión (módulo que sale / modelo que se retira),
1815,campo,sgi.sales.budget.line.price_source,addons/quimibond_sgi/models/sgi_sales_budget_line.py:75,Char,Sale a otro módulo,A-016,decisión (módulo que sale / modelo que se retira),
1816,campo,sgi.sales.budget.line.amount_budget,addons/quimibond_sgi/models/sgi_sales_budget_line.py:79,Monetary,Sale a otro módulo,A-016,decisión (módulo que sale / modelo que se retira),
1817,campo,sgi.sales.budget.line.amount_currency,addons/quimibond_sgi/models/sgi_sales_budget_line.py:83,Monetary,Sale a otro módulo,A-016,decisión (módulo que sale / modelo que se retira),
1818,campo,sgi.sales.budget.line.qty_real,addons/quimibond_sgi/models/sgi_sales_budget_line.py:92,Float,Sale a otro módulo,A-016,decisión (módulo que sale / modelo que se retira),
1819,campo,sgi.sales.budget.line.amount_real,addons/quimibond_sgi/models/sgi_sales_budget_line.py:96,Monetary,Sale a otro módulo,A-016,decisión (módulo que sale / modelo que se retira),
1820,campo,sgi.sales.budget.line.unconverted_count,addons/quimibond_sgi/models/sgi_sales_budget_line.py:103,Integer,Sale a otro módulo,A-016,decisión (módulo que sale / modelo que se retira),
1821,campo,sgi.sales.budget.line.qty_ordered,addons/quimibond_sgi/models/sgi_sales_budget_line.py:105,Float,Sale a otro módulo,A-016,decisión (módulo que sale / modelo que se retira),
1822,campo,sgi.sales.budget.line.amount_ordered,addons/quimibond_sgi/models/sgi_sales_budget_line.py:110,Monetary,Sale a otro módulo,A-016,decisión (módulo que sale / modelo que se retira),
1823,campo,sgi.sales.budget.line.qty_net_demand,addons/quimibond_sgi/models/sgi_sales_budget_line.py:112,Float,Sale a otro módulo,A-016,decisión (módulo que sale / modelo que se retira),
1824,campo,sgi.sales.budget.line.avg_price_budget,addons/quimibond_sgi/models/sgi_sales_budget_line.py:119,Monetary,Sale a otro módulo,A-016,decisión (módulo que sale / modelo que se retira),
1825,campo,sgi.sales.budget.line.avg_price_real,addons/quimibond_sgi/models/sgi_sales_budget_line.py:121,Monetary,Sale a otro módulo,A-016,decisión (módulo que sale / modelo que se retira),
1826,campo,sgi.sales.budget.line.coverage_pct,addons/quimibond_sgi/models/sgi_sales_budget_line.py:128,Float,Sale a otro módulo,A-016,decisión (módulo que sale / modelo que se retira),
1827,campo,sgi.sales.budget.line.coverage_state,addons/quimibond_sgi/models/sgi_sales_budget_line.py:132,Selection,Sale a otro módulo,A-016,decisión (módulo que sale / modelo que se retira),
1828,campo,sgi.sales.budget.line.qty_forecast,addons/quimibond_sgi/models/sgi_sales_budget_line.py:143,Float,Sale a otro módulo,A-016,decisión (módulo que sale / modelo que se retira),
1829,campo,sgi.sales.budget.line.price_real_unit_currency,addons/quimibond_sgi/models/sgi_sales_budget_line.py:153,Monetary,Sale a otro módulo,A-016,decisión (módulo que sale / modelo que se retira),
1830,campo,sgi.sales.budget.line.price_gap_fx,addons/quimibond_sgi/models/sgi_sales_budget_line.py:159,Boolean,Sale a otro módulo,A-016,decisión (módulo que sale / modelo que se retira),
1831,campo,sgi.sales.budget.line.price_gap,addons/quimibond_sgi/models/sgi_sales_budget_line.py:163,Monetary,Sale a otro módulo,A-016,decisión (módulo que sale / modelo que se retira),
1832,campo,sgi.sales.budget.line.price_gap_pct,addons/quimibond_sgi/models/sgi_sales_budget_line.py:166,Float,Sale a otro módulo,A-016,decisión (módulo que sale / modelo que se retira),
1833,campo,sgi.sales.budget.line.price_gap_alert,addons/quimibond_sgi/models/sgi_sales_budget_line.py:168,Selection,Sale a otro módulo,A-016,decisión (módulo que sale / modelo que se retira),
1834,campo,res.config.settings.sgi_nc_escalation_days,addons/quimibond_sgi/models/sgi_settings.py:14,Integer,Se queda,,defecto,
1835,campo,res.config.settings.sgi_nc_escalation_days_external,addons/quimibond_sgi/models/sgi_settings.py:19,Integer,Se queda,,defecto,
1836,campo,res.config.settings.sgi_nc_days_containment,addons/quimibond_sgi/models/sgi_settings.py:24,Integer,Se corrige,C-018,03-modelo/campos_sin_help (alta),
1837,campo,res.config.settings.sgi_nc_days_root_cause,addons/quimibond_sgi/models/sgi_settings.py:27,Integer,Se corrige,C-018,03-modelo/campos_sin_help (alta),
1838,campo,res.config.settings.sgi_nc_days_plan,addons/quimibond_sgi/models/sgi_settings.py:30,Integer,Se corrige,C-018,03-modelo/campos_sin_help (alta),
1839,campo,res.config.settings.sgi_nc_escalation_mast_days,addons/quimibond_sgi/models/sgi_settings.py:33,Integer,Se corrige,C-018,03-modelo/campos_sin_help (alta),
1840,campo,res.config.settings.sgi_nc_days_supplier_response,addons/quimibond_sgi/models/sgi_settings.py:36,Integer,Se corrige,C-018,03-modelo/campos_sin_help (alta),
1841,campo,res.config.settings.sgi_nc_effectiveness_days,addons/quimibond_sgi/models/sgi_settings.py:39,Integer,Se corrige,C-018,03-modelo/campos_sin_help (alta),
1842,campo,res.config.settings.sgi_doc_review_notice_days,addons/quimibond_sgi/models/sgi_settings.py:42,Integer,Se corrige,C-018,03-modelo/campos_sin_help (alta),
1843,campo,res.config.settings.sgi_doc_review_notice_days_final,addons/quimibond_sgi/models/sgi_settings.py:45,Integer,Se corrige,C-018,03-modelo/campos_sin_help (alta),
1844,campo,res.config.settings.sgi_doc_pilot_notice_days,addons/quimibond_sgi/models/sgi_settings.py:48,Integer,Se corrige,C-018,03-modelo/campos_sin_help (alta),
1845,campo,res.config.settings.sgi_doc_ack_pending_days,addons/quimibond_sgi/models/sgi_settings.py:51,Integer,Se corrige,C-018,03-modelo/campos_sin_help (alta),
1846,campo,res.config.settings.sgi_nc_recurrence_months,addons/quimibond_sgi/models/sgi_settings.py:54,Integer,Se queda,,defecto,
1847,campo,res.config.settings.sgi_action_escalation_manager_days,addons/quimibond_sgi/models/sgi_settings.py:59,Integer,Se queda,,defecto,
1848,campo,res.config.settings.sgi_action_escalation_director_days,addons/quimibond_sgi/models/sgi_settings.py:64,Integer,Se queda,,defecto,
1849,campo,res.config.settings.sgi_fmea_npr_action,addons/quimibond_sgi/models/sgi_settings.py:69,Integer,Se corrige,C-018,03-modelo/campos_sin_help (alta),
1850,campo,res.config.settings.sgi_risk_ryo_inmediata,addons/quimibond_sgi/models/sgi_settings.py:72,Integer,Se corrige,C-018,03-modelo/campos_sin_help (alta),
1851,campo,res.config.settings.sgi_risk_ryo_media,addons/quimibond_sgi/models/sgi_settings.py:75,Integer,Se corrige,C-018,03-modelo/campos_sin_help (alta),
1852,campo,res.config.settings.sgi_risk_ryo_intermedia,addons/quimibond_sgi/models/sgi_settings.py:78,Integer,Se corrige,C-018,03-modelo/campos_sin_help (alta),
1853,campo,res.config.settings.sgi_supplier_weight_otd,addons/quimibond_sgi/models/sgi_settings.py:81,Float,Se queda,,defecto,
1854,campo,res.config.settings.sgi_supplier_weight_quality,addons/quimibond_sgi/models/sgi_settings.py:85,Float,Se corrige,C-018,03-modelo/campos_sin_help (alta),
1855,campo,res.config.settings.sgi_supplier_nc_penalty,addons/quimibond_sgi/models/sgi_settings.py:88,Float,Se corrige,C-018,03-modelo/campos_sin_help (alta),
1856,campo,res.config.settings.sgi_supplier_otd_tolerance_days,addons/quimibond_sgi/models/sgi_settings.py:91,Integer,Se queda,,defecto,
1857,campo,res.config.settings.sgi_pesaje_tolerance_kg,addons/quimibond_sgi/models/sgi_settings.py:96,Float,Se queda,,defecto,
1858,campo,res.config.settings.sgi_monthly_sales_budget,addons/quimibond_sgi/models/sgi_settings.py:100,Float,Se queda,,defecto,
1859,campo,res.config.settings.sgi_rh_user_id,addons/quimibond_sgi/models/sgi_settings.py:104,Many2one,Se queda,,defecto,
1860,campo,res.config.settings.sgi_waste_categ_id,addons/quimibond_sgi/models/sgi_settings.py:107,Many2one,Se elimina,B-010,coincidencia de nombre en hallazgo,
1861,campo,res.config.settings.sgi_purchase_approval_category_id,addons/quimibond_sgi/models/sgi_settings.py:110,Many2one,Se queda,,defecto,
1862,campo,res.config.settings.sgi_supplier_critical_categ_ids,addons/quimibond_sgi/models/sgi_settings.py:115,Many2many,Se queda,,defecto,
1863,campo,res.config.settings.sgi_production_monthly_capacity,addons/quimibond_sgi/models/sgi_settings.py:121,Float,Se queda,,defecto,
1864,campo,res.config.settings.sgi_energy_partner_id,addons/quimibond_sgi/models/sgi_settings.py:127,Many2one,Se queda,,defecto,
1865,campo,res.config.settings.sgi_satisfaction_survey_id,addons/quimibond_sgi/models/sgi_settings.py:131,Many2one,Se queda,,defecto,
1866,campo,res.config.settings.sgi_sales_budget_alert_pct,addons/quimibond_sgi/models/sgi_settings.py:136,Integer,Se queda,,defecto,
1867,campo,res.config.settings.sgi_budget_planning_rate,addons/quimibond_sgi/models/sgi_settings.py:142,Float,Se queda,,defecto,
1868,campo,res.config.settings.sgi_price_gap_tolerance_pct,addons/quimibond_sgi/models/sgi_settings.py:147,Float,Se queda,,defecto,
1869,campo,res.config.settings.sgi_price_gap_grave_pct,addons/quimibond_sgi/models/sgi_settings.py:151,Float,Se queda,,defecto,
1870,campo,res.config.settings.sgi_forecast_over_tolerance_pct,addons/quimibond_sgi/models/sgi_settings.py:156,Float,Se queda,,defecto,
1871,campo,res.config.settings.sgi_forecast_capture_horizon_weeks,addons/quimibond_sgi/models/sgi_settings.py:161,Integer,Se queda,,defecto,
1872,campo,res.config.settings.sgi_budget_fulfillment_min,addons/quimibond_sgi/models/sgi_settings.py:166,Integer,Se queda,,defecto,
1873,campo,res.config.settings.sgi_price_min_plausible,addons/quimibond_sgi/models/sgi_settings.py:172,Float,Se queda,,defecto,
1874,campo,res.config.settings.sgi_budget_pricelist_id,addons/quimibond_sgi/models/sgi_settings.py:178,Many2one,Se queda,,defecto,
1875,campo,documents.document.sgi_sign_template_id,addons/quimibond_sgi/models/sgi_sign_elearning.py:24,Many2one,Se queda,,defecto,
1876,campo,documents.document.sgi_sign_template_auto,addons/quimibond_sgi/models/sgi_sign_elearning.py:31,Boolean,Se corrige,C-018,03-modelo/campos_sin_help (baja),
1877,campo,documents.document.sgi_sign_template_rev,addons/quimibond_sgi/models/sgi_sign_elearning.py:32,Integer,Se corrige,C-018,03-modelo/campos_sin_help (baja),
1878,campo,sgi.document.ack.sign_request_id,addons/quimibond_sgi/models/sgi_sign_elearning.py:120,Many2one,Se corrige,C-018,03-modelo/campos_sin_help (baja),
1879,campo,sgi.document.ack.sign_state,addons/quimibond_sgi/models/sgi_sign_elearning.py:125,Selection,Se corrige,C-018,03-modelo/campos_sin_help (baja),
1880,campo,slide.channel.sgi_skill_id,addons/quimibond_sgi/models/sgi_sign_elearning.py:151,Many2one,Se queda,,defecto,
1881,campo,slide.channel.sgi_skill_type_id,addons/quimibond_sgi/models/sgi_sign_elearning.py:155,Many2one,Se corrige,C-018,03-modelo/campos_sin_help (alta),
1882,campo,slide.channel.sgi_skill_level_id,addons/quimibond_sgi/models/sgi_sign_elearning.py:157,Many2one,Se corrige,C-018,03-modelo/campos_sin_help (alta),
1883,campo,sgi.sign.record.mixin.sgi_sign_request_ids,addons/quimibond_sgi/models/sgi_sign_record.py:19,Many2many,Se corrige,C-018,03-modelo/campos_sin_help (baja),
1884,campo,sgi.sign.record.mixin.sgi_sign_count,addons/quimibond_sgi/models/sgi_sign_record.py:21,Integer,Se corrige,C-018,03-modelo/campos_sin_help (baja),
1885,campo,sgi.sign.record.mixin.sgi_signed,addons/quimibond_sgi/models/sgi_sign_record.py:22,Boolean,Se corrige,C-018,03-modelo/campos_sin_help (baja),
1886,campo,product.product.sgi_sign_count,addons/quimibond_sgi/models/sgi_sign_record.py:97,Integer,Se corrige,C-018,03-modelo/campos_sin_help (baja),
1887,campo,sgi.sign.request.wizard.res_model,addons/quimibond_sgi/models/sgi_sign_record.py:112,Char,Se corrige,C-018,03-modelo/campos_sin_help (media),
1888,campo,sgi.sign.request.wizard.res_id,addons/quimibond_sgi/models/sgi_sign_record.py:113,Integer,Se corrige,C-018,03-modelo/campos_sin_help (alta),
1889,campo,sgi.sign.request.wizard.template_id,addons/quimibond_sgi/models/sgi_sign_record.py:114,Many2one,Se corrige,C-018,03-modelo/campos_sin_help (alta),
1890,campo,sgi.sign.request.wizard.partner_id,addons/quimibond_sgi/models/sgi_sign_record.py:115,Many2one,Se corrige,C-018,03-modelo/campos_sin_help (alta),
1891,campo,sgi.sign.request.wizard.subject,addons/quimibond_sgi/models/sgi_sign_record.py:116,Char,Se corrige,C-018,03-modelo/campos_sin_help (media),
1892,campo,sgi.deliverable.require_signed,addons/quimibond_sgi/models/sgi_sign_record.py:147,Boolean,Se queda,,defecto,
1893,campo,sgi.deliverable.survey_id,addons/quimibond_sgi/models/sgi_sign_record.py:150,Many2one,Se queda,,defecto,
1894,campo,sgi.staff.efficiency.name,addons/quimibond_sgi/models/sgi_staff_efficiency.py:36,Char,Se corrige,C-018,03-modelo/campos_sin_help (baja),
1895,campo,sgi.staff.efficiency.period_date,addons/quimibond_sgi/models/sgi_staff_efficiency.py:37,Date,Se corrige,C-018,03-modelo/campos_sin_help (alta),
1896,campo,sgi.staff.efficiency.department_id,addons/quimibond_sgi/models/sgi_staff_efficiency.py:39,Many2one,Se corrige,C-018,03-modelo/campos_sin_help (alta),
1897,campo,sgi.staff.efficiency.prepared_by_id,addons/quimibond_sgi/models/sgi_staff_efficiency.py:40,Many2one,Se corrige,C-018,03-modelo/campos_sin_help (alta),
1898,campo,sgi.staff.efficiency.received_by_id,addons/quimibond_sgi/models/sgi_staff_efficiency.py:41,Many2one,Se corrige,C-018,03-modelo/campos_sin_help (alta),
1899,campo,sgi.staff.efficiency.received_date,addons/quimibond_sgi/models/sgi_staff_efficiency.py:42,Datetime,Se corrige,C-018,03-modelo/campos_sin_help (alta),
1900,campo,sgi.staff.efficiency.state,addons/quimibond_sgi/models/sgi_staff_efficiency.py:43,Selection,Se corrige,C-018,03-modelo/campos_sin_help (alta),
1901,campo,sgi.staff.efficiency.line_ids,addons/quimibond_sgi/models/sgi_staff_efficiency.py:45,One2many,Se corrige,C-018,03-modelo/campos_sin_help (media),
1902,campo,sgi.staff.efficiency.employee_count,addons/quimibond_sgi/models/sgi_staff_efficiency.py:46,Integer,Se corrige,C-018,03-modelo/campos_sin_help (baja),
1903,campo,sgi.staff.efficiency.amount_total,addons/quimibond_sgi/models/sgi_staff_efficiency.py:47,Monetary,Se corrige,C-018,03-modelo/campos_sin_help (media),
1904,campo,sgi.staff.efficiency.currency_id,addons/quimibond_sgi/models/sgi_staff_efficiency.py:49,Many2one,Se corrige,C-018,03-modelo/campos_sin_help (baja),
1905,campo,sgi.staff.efficiency.company_id,addons/quimibond_sgi/models/sgi_staff_efficiency.py:50,Many2one,Se corrige,C-018,03-modelo/campos_sin_help (baja),
1906,campo,sgi.staff.efficiency.note,addons/quimibond_sgi/models/sgi_staff_efficiency.py:51,Text,Se corrige,C-018,03-modelo/campos_sin_help (media),
1907,campo,sgi.staff.efficiency.line.sheet_id,addons/quimibond_sgi/models/sgi_staff_efficiency.py:178,Many2one,Se corrige,C-018,03-modelo/campos_sin_help (alta),
1908,campo,sgi.staff.efficiency.line.employee_id,addons/quimibond_sgi/models/sgi_staff_efficiency.py:179,Many2one,Se corrige,C-018,03-modelo/campos_sin_help (alta),
1909,campo,sgi.staff.efficiency.line.job_id,addons/quimibond_sgi/models/sgi_staff_efficiency.py:180,Many2one,Se corrige,C-018,03-modelo/campos_sin_help (alta),
1910,campo,sgi.staff.efficiency.line.department_id,addons/quimibond_sgi/models/sgi_staff_efficiency.py:181,Many2one,Se corrige,C-018,03-modelo/campos_sin_help (alta),
1911,campo,sgi.staff.efficiency.line.wage_daily,addons/quimibond_sgi/models/sgi_staff_efficiency.py:182,Monetary,Se corrige,C-018,03-modelo/campos_sin_help (baja),
1912,campo,sgi.staff.efficiency.line.wage_monthly,addons/quimibond_sgi/models/sgi_staff_efficiency.py:184,Monetary,Se corrige,C-018,03-modelo/campos_sin_help (baja),
1913,campo,sgi.staff.efficiency.line.attendance_pct,addons/quimibond_sgi/models/sgi_staff_efficiency.py:186,Float,Se corrige,C-018,03-modelo/campos_sin_help (alta),
1914,campo,sgi.staff.efficiency.line.housekeeping_pct,addons/quimibond_sgi/models/sgi_staff_efficiency.py:187,Float,Se corrige,C-018,03-modelo/campos_sin_help (alta),
1915,campo,sgi.staff.efficiency.line.efficiency_pct,addons/quimibond_sgi/models/sgi_staff_efficiency.py:188,Float,Se corrige,C-018,03-modelo/campos_sin_help (alta),
1916,campo,sgi.staff.efficiency.line.quality_pct,addons/quimibond_sgi/models/sgi_staff_efficiency.py:189,Float,Se corrige,C-018,03-modelo/campos_sin_help (alta),
1917,campo,sgi.staff.efficiency.line.total_pct,addons/quimibond_sgi/models/sgi_staff_efficiency.py:190,Float,Se corrige,C-018,03-modelo/campos_sin_help (alta),
1918,campo,sgi.staff.efficiency.line.amount,addons/quimibond_sgi/models/sgi_staff_efficiency.py:191,Monetary,Se corrige,C-018,03-modelo/campos_sin_help (media),
1919,campo,sgi.staff.efficiency.line.real_minutes,addons/quimibond_sgi/models/sgi_staff_efficiency.py:193,Float,Se corrige,C-018,03-modelo/campos_sin_help (baja),
1920,campo,sgi.staff.efficiency.line.expected_minutes,addons/quimibond_sgi/models/sgi_staff_efficiency.py:194,Float,Se corrige,C-018,03-modelo/campos_sin_help (baja),
1921,campo,sgi.staff.efficiency.line.efficiency_ratio,addons/quimibond_sgi/models/sgi_staff_efficiency.py:195,Float,Se corrige,C-018,03-modelo/campos_sin_help (baja),
1922,campo,sgi.staff.efficiency.line.currency_id,addons/quimibond_sgi/models/sgi_staff_efficiency.py:196,Many2one,Se corrige,C-018,03-modelo/campos_sin_help (baja),
1923,campo,sgi.staff.efficiency.line.note,addons/quimibond_sgi/models/sgi_staff_efficiency.py:197,Char,Se corrige,C-018,03-modelo/campos_sin_help (baja),
1924,campo,sgi.process.nc_open_ids,addons/quimibond_sgi/models/sgi_structure.py:21,Many2many,Se corrige,C-018,03-modelo/campos_sin_help (baja),
1925,campo,sgi.process.structure_status,addons/quimibond_sgi/models/sgi_structure.py:24,Char,Se queda,,defecto,
1926,campo,res.partner.sgi_supplier_class,addons/quimibond_sgi/models/sgi_supplier_eval.py:20,Selection,Se queda,,defecto,
1927,campo,res.partner.sgi_supplier_status,addons/quimibond_sgi/models/sgi_supplier_eval.py:27,Selection,Se corrige,C-018,03-modelo/campos_sin_help (alta),
1928,campo,res.partner.sgi_supplier_approved_by,addons/quimibond_sgi/models/sgi_supplier_eval.py:32,Many2one,Se corrige,C-018,03-modelo/campos_sin_help (alta),
1929,campo,res.partner.sgi_supplier_approved_date,addons/quimibond_sgi/models/sgi_supplier_eval.py:34,Date,Se corrige,C-018,03-modelo/campos_sin_help (alta),
1930,campo,res.partner.sgi_supplier_critical,addons/quimibond_sgi/models/sgi_supplier_eval.py:36,Boolean,Se queda,,defecto,
1931,campo,res.partner.sgi_supplier_score,addons/quimibond_sgi/models/sgi_supplier_eval.py:40,Float,Se corrige,C-018,03-modelo/campos_sin_help (alta),
1932,campo,res.partner.sgi_last_eval_date,addons/quimibond_sgi/models/sgi_supplier_eval.py:41,Date,Se corrige,C-018,03-modelo/campos_sin_help (alta),
1933,campo,res.partner.sgi_eval_ids,addons/quimibond_sgi/models/sgi_supplier_eval.py:42,One2many,Se corrige,C-018,03-modelo/campos_sin_help (media),
1934,campo,res.partner.sgi_eval_count,addons/quimibond_sgi/models/sgi_supplier_eval.py:43,Integer,Se corrige,C-018,03-modelo/campos_sin_help (baja),
1935,campo,sgi.supplier.eval.partner_id,addons/quimibond_sgi/models/sgi_supplier_eval.py:109,Many2one,Se corrige,C-018,03-modelo/campos_sin_help (alta),
1936,campo,sgi.supplier.eval.date_from,addons/quimibond_sgi/models/sgi_supplier_eval.py:111,Date,Se corrige,C-018,03-modelo/campos_sin_help (alta),
1937,campo,sgi.supplier.eval.date_to,addons/quimibond_sgi/models/sgi_supplier_eval.py:112,Date,Se corrige,C-018,03-modelo/campos_sin_help (alta),
1938,campo,sgi.supplier.eval.otd_pct,addons/quimibond_sgi/models/sgi_supplier_eval.py:113,Float,Se corrige,C-018,03-modelo/campos_sin_help (alta),
1939,campo,sgi.supplier.eval.otd_has_data,addons/quimibond_sgi/models/sgi_supplier_eval.py:114,Boolean,Se queda,,defecto,
1940,campo,sgi.supplier.eval.nc_count,addons/quimibond_sgi/models/sgi_supplier_eval.py:118,Integer,Se corrige,C-018,03-modelo/campos_sin_help (baja),
1941,campo,sgi.supplier.eval.score,addons/quimibond_sgi/models/sgi_supplier_eval.py:119,Float,Se corrige,C-018,03-modelo/campos_sin_help (alta),
1942,campo,sgi.supplier.eval.supplier_class,addons/quimibond_sgi/models/sgi_supplier_eval.py:120,Selection,Se corrige,C-018,03-modelo/campos_sin_help (alta),
1943,campo,sgi.supplier.eval.notes,addons/quimibond_sgi/models/sgi_supplier_eval.py:122,Text,Se corrige,C-018,03-modelo/campos_sin_help (media),
1944,campo,quality.alert.sgi_supplier_id,addons/quimibond_sgi/models/sgi_supplier_nc.py:21,Many2one,Se corrige,C-018 J-017,03-modelo/campos_sin_help (alta),
1945,campo,quality.alert.sgi_supplier_state,addons/quimibond_sgi/models/sgi_supplier_nc.py:24,Selection,Se corrige,C-018 F-006,03-modelo/campos_sin_help (alta),
1946,campo,quality.alert.sgi_supplier_sent_date,addons/quimibond_sgi/models/sgi_supplier_nc.py:29,Date,Se corrige,C-018,03-modelo/campos_sin_help (alta),
1947,campo,quality.alert.sgi_supplier_due_date,addons/quimibond_sgi/models/sgi_supplier_nc.py:30,Date,Se corrige,C-018,03-modelo/campos_sin_help (alta),
1948,campo,quality.alert.sgi_supplier_response_date,addons/quimibond_sgi/models/sgi_supplier_nc.py:31,Datetime,Se corrige,C-018,03-modelo/campos_sin_help (alta),
1949,campo,quality.alert.sgi_supplier_cause,addons/quimibond_sgi/models/sgi_supplier_nc.py:32,Text,Se corrige,C-018,03-modelo/campos_sin_help (media),
1950,campo,quality.alert.sgi_supplier_action,addons/quimibond_sgi/models/sgi_supplier_nc.py:33,Text,Se corrige,C-018,03-modelo/campos_sin_help (media),
1951,campo,quality.alert.sgi_supplier_overdue,addons/quimibond_sgi/models/sgi_supplier_nc.py:34,Boolean,Se corrige,C-018,03-modelo/campos_sin_help (alta),
1952,método,sgi.process.activity._compute_odoo_action_id,addons/quimibond_sgi/models/sgi_activity_spec.py:207,,Se queda,,defecto,
1953,método,sgi.process.activity._compute_spec_gap_summary,addons/quimibond_sgi/models/sgi_activity_spec.py:214,,Se queda,,defecto,
1954,método,sgi.process.activity._check_due_business_day,addons/quimibond_sgi/models/sgi_activity_spec.py:221,,Se queda,,defecto,
1955,método,sgi.process.activity._check_due_day,addons/quimibond_sgi/models/sgi_activity_spec.py:227,,Se queda,,defecto,
1956,método,sgi.process.activity._sgi_due_months,addons/quimibond_sgi/models/sgi_activity_spec.py:232,,Se queda,,defecto,
1957,método,sgi.process.activity.action_open_odoo,addons/quimibond_sgi/models/sgi_activity_spec.py:241,,Se queda,,defecto,
1958,método,sgi.process.activity._sgi_verb_list,addons/quimibond_sgi/models/sgi_activity_spec.py:252,,Se queda,,defecto,
1959,método,sgi.process.activity._sgi_spec_problems,addons/quimibond_sgi/models/sgi_activity_spec.py:256,,Se queda,,defecto,
1960,método,sgi.process.activity._sgi_refresh_spec_gaps,addons/quimibond_sgi/models/sgi_activity_spec.py:340,,Se queda,,defecto,
1961,método,sgi.process.activity.create,addons/quimibond_sgi/models/sgi_activity_spec.py:360,,Se queda,,defecto,
1962,método,sgi.process.activity.write,addons/quimibond_sgi/models/sgi_activity_spec.py:365,,Se queda,,defecto,
1963,método,sgi.process.activity._sgi_sentence_parts,addons/quimibond_sgi/models/sgi_activity_spec.py:371,,Se queda,,defecto,
1964,método,sgi.process.activity._sgi_output_deliverable,addons/quimibond_sgi/models/sgi_activity_spec.py:409,,Se queda,,defecto,
1965,método,sgi.process.activity._sgi_periodic_due,addons/quimibond_sgi/models/sgi_activity_spec.py:416,,Se corrige,G-008 G-017 I-001,coincidencia de nombre en hallazgo,
1966,método,sgi.process.activity._sgi_due_label,addons/quimibond_sgi/models/sgi_activity_spec.py:436,,Se queda,,defecto,
1967,método,sgi.activity.role.create,addons/quimibond_sgi/models/sgi_activity_spec.py:449,,Se queda,,defecto,
1968,método,sgi.activity.role.write,addons/quimibond_sgi/models/sgi_activity_spec.py:454,,Se queda,,defecto,
1969,método,sgi.activity.role.unlink,addons/quimibond_sgi/models/sgi_activity_spec.py:459,,Se queda,,defecto,
1970,método,sgi.activity.input._check_due_field,addons/quimibond_sgi/models/sgi_activity_spec.py:494,,Se queda,,defecto,
1971,método,sgi.activity.input._sgi_has_deadline,addons/quimibond_sgi/models/sgi_activity_spec.py:508,,Se queda,,defecto,
1972,método,sgi.activity.input._sgi_due,addons/quimibond_sgi/models/sgi_activity_spec.py:512,,Se queda,,defecto,
1973,método,sgi.activity.input._check_applies_domain,addons/quimibond_sgi/models/sgi_activity_spec.py:530,,Se queda,,defecto,
1974,método,sgi.activity.input.create,addons/quimibond_sgi/models/sgi_activity_spec.py:542,,Se queda,,defecto,
1975,método,sgi.activity.input.write,addons/quimibond_sgi/models/sgi_activity_spec.py:547,,Se queda,,defecto,
1976,método,sgi.activity.input.unlink,addons/quimibond_sgi/models/sgi_activity_spec.py:552,,Se queda,,defecto,
1977,método,sgi.activity.input._sgi_applicable_domain,addons/quimibond_sgi/models/sgi_activity_spec.py:558,,Se queda,,defecto,
1978,método,sgi.deliverable._check_complete_domain,addons/quimibond_sgi/models/sgi_activity_spec.py:578,,Se queda,,defecto,
1979,método,sgi.deliverable.write,addons/quimibond_sgi/models/sgi_activity_spec.py:589,,Se queda,,defecto,
1980,método,sgi.process._compute_spec_counts,addons/quimibond_sgi/models/sgi_activity_spec.py:621,,Se queda,,defecto,
1981,método,sgi.process._compute_channel_pct,addons/quimibond_sgi/models/sgi_activity_spec.py:633,,Se queda,,defecto,
1982,método,sgi.process._sgi_publish_problems,addons/quimibond_sgi/models/sgi_activity_spec.py:643,,Se queda,,defecto,
1983,método,sgi.process.action_sgi_set_pilot,addons/quimibond_sgi/models/sgi_activity_spec.py:657,,Se queda,,defecto,
1984,método,sgi.process.action_sgi_set_draft,addons/quimibond_sgi/models/sgi_activity_spec.py:660,,Se queda,,defecto,
1985,método,sgi.process.action_sgi_publish,addons/quimibond_sgi/models/sgi_activity_spec.py:663,,Se queda,,defecto,
1986,método,sgi.process.action_view_spec_gaps,addons/quimibond_sgi/models/sgi_activity_spec.py:686,,Se queda,,defecto,
1987,método,sgi.indicator._sgi_measured_deliverable,addons/quimibond_sgi/models/sgi_activity_spec.py:718,,Se queda,,defecto,
1988,método,sgi.indicator._detail_actividad_a_tiempo,addons/quimibond_sgi/models/sgi_activity_spec.py:725,,Se queda,,defecto,
1989,método,sgi.indicator._calc_actividad_a_tiempo,addons/quimibond_sgi/models/sgi_activity_spec.py:753,,Se queda,,02-obsoleto,
1990,método,sgi.indicator._detail_entregable_completo,addons/quimibond_sgi/models/sgi_activity_spec.py:756,,Se queda,,defecto,
1991,método,sgi.indicator._calc_entregable_completo,addons/quimibond_sgi/models/sgi_activity_spec.py:786,,Se queda,,02-obsoleto,
1992,método,sgi.indicator._sgi_spec_problems,addons/quimibond_sgi/models/sgi_activity_spec.py:789,,Se queda,,defecto,
1993,método,sgi.indicator._compute_spec_missing,addons/quimibond_sgi/models/sgi_activity_spec.py:817,,Se queda,,defecto,
1994,método,ir.config_parameter._sgi_verbs_touched,addons/quimibond_sgi/models/sgi_activity_spec.py:825,,Se queda,,defecto,
1995,método,ir.config_parameter.create,addons/quimibond_sgi/models/sgi_activity_spec.py:830,,Se queda,,defecto,
1996,método,ir.config_parameter.write,addons/quimibond_sgi/models/sgi_activity_spec.py:835,,Se queda,,defecto,
1997,método,sgi.activity.week.stat._compute_rates,addons/quimibond_sgi/models/sgi_activity_spec.py:882,,Se queda,,defecto,
1998,método,sgi.activity.week.stat._sgi_compute,addons/quimibond_sgi/models/sgi_activity_spec.py:892,,Se corrige,G-002,coincidencia de nombre en hallazgo,
1999,método,sgi.process.activity._sgi_week_counts,addons/quimibond_sgi/models/sgi_activity_spec.py:917,,Se corrige,G-016,coincidencia de nombre en hallazgo,
2000,método,sgi.process.activity.cron_measure_activities,addons/quimibond_sgi/models/sgi_activity_spec.py:1008,,Se queda,,defecto,
2001,método,sgi.alert.source._compute_alert_count,addons/quimibond_sgi/models/sgi_alert_source.py:62,,Se queda,,defecto,
2002,método,sgi.alert.source._get_by_code,addons/quimibond_sgi/models/sgi_alert_source.py:73,,Se queda,,defecto,
2003,método,sgi.alert.source._register_suppression,addons/quimibond_sgi/models/sgi_alert_source.py:79,,Se queda,,defecto,
2004,método,sgi.alert.source.action_view_alerts,addons/quimibond_sgi/models/sgi_alert_source.py:96,,Se queda,,defecto,
2005,método,sgi.activity.role._compute_approval_model_id,addons/quimibond_sgi/models/sgi_approval_native.py:119,,Se queda,,defecto,
2006,método,sgi.activity.role._compute_approval_method,addons/quimibond_sgi/models/sgi_approval_native.py:126,,Se queda,,defecto,
2007,método,sgi.activity.role._compute_approval_domain,addons/quimibond_sgi/models/sgi_approval_native.py:133,,Se queda,,defecto,
2008,método,sgi.activity.role._sgi_condition_domain,addons/quimibond_sgi/models/sgi_approval_native.py:137,,Se queda,,defecto,
2009,método,sgi.activity.role._check_condition,addons/quimibond_sgi/models/sgi_approval_native.py:158,,Se queda,,defecto,
2010,método,sgi.activity.role._sgi_approver_users,addons/quimibond_sgi/models/sgi_approval_native.py:164,,Se queda,,defecto,
2011,método,sgi.activity.role._compute_approval_users,addons/quimibond_sgi/models/sgi_approval_native.py:180,,Se queda,,defecto,
2012,método,sgi.activity.role._compute_approval_conflicts,addons/quimibond_sgi/models/sgi_approval_native.py:185,,Se queda,,defecto,
2013,método,sgi.activity.role._compute_approval_state,addons/quimibond_sgi/models/sgi_approval_native.py:199,,Se queda,,defecto,
2014,método,sgi.activity.role._compute_approval_entries,addons/quimibond_sgi/models/sgi_approval_native.py:225,,Se queda,,defecto,
2015,método,sgi.activity.role._sgi_rule_vals,addons/quimibond_sgi/models/sgi_approval_native.py:247,,Se queda,,defecto,
2016,método,sgi.activity.role._sgi_rule_in_sync,addons/quimibond_sgi/models/sgi_approval_native.py:263,,Se queda,,defecto,
2017,método,sgi.activity.role._sgi_sync_category,addons/quimibond_sgi/models/sgi_approval_native.py:270,,Se queda,,defecto,
2018,método,sgi.activity.role._sgi_sync_approval_rule,addons/quimibond_sgi/models/sgi_approval_native.py:303,,Se queda,,defecto,
2019,método,sgi.activity.role.action_sgi_sync_approval,addons/quimibond_sgi/models/sgi_approval_native.py:344,,Se queda,,defecto,
2020,método,sgi.activity.role.action_sgi_adopt_rule,addons/quimibond_sgi/models/sgi_approval_native.py:348,,Se queda,,defecto,
2021,método,sgi.activity.role.action_sgi_open_approval_rule,addons/quimibond_sgi/models/sgi_approval_native.py:361,,Se elimina,B-011,coincidencia de nombre en hallazgo,
2022,método,sgi.activity.role.action_sgi_open_approval_entries,addons/quimibond_sgi/models/sgi_approval_native.py:368,,Se queda,,defecto,
2023,método,sgi.activity.role.write,addons/quimibond_sgi/models/sgi_approval_native.py:374,,Se queda,,defecto,
2024,método,sgi.activity.role.unlink,addons/quimibond_sgi/models/sgi_approval_native.py:381,,Se queda,,defecto,
2025,método,sgi.activity.role.cron_sgi_sync_approvals,addons/quimibond_sgi/models/sgi_approval_native.py:387,,Se queda,,defecto,
2026,método,sgi.process.activity.write,addons/quimibond_sgi/models/sgi_approval_native.py:404,,Se queda,,defecto,
2027,método,hr.job._sgi_roles_domain,addons/quimibond_sgi/models/sgi_archived_filters.py:31,,Se queda,,defecto,
2028,método,sgi.process.write,addons/quimibond_sgi/models/sgi_archived_filters.py:38,,Se queda,,defecto,
2029,método,sgi.my.pending._sgi_process_alive,addons/quimibond_sgi/models/sgi_archived_filters.py:52,,Se queda,,defecto,
2030,método,sgi.my.pending._sgi_pending_records,addons/quimibond_sgi/models/sgi_archived_filters.py:56,,Se corrige,I-022,coincidencia de nombre en hallazgo,
2031,método,sgi.my.pending._sgi_role_alive,addons/quimibond_sgi/models/sgi_archived_filters.py:75,,Se queda,,defecto,
2032,método,sgi.my.pending._sgi_open_studio_requests,addons/quimibond_sgi/models/sgi_archived_filters.py:85,,Se corrige,I-004,coincidencia de nombre en hallazgo,
2033,método,sgi.area._compute_display_name,addons/quimibond_sgi/models/sgi_area.py:21,,Se queda,,defecto,
2034,método,sgi.audit.program._compute_name,addons/quimibond_sgi/models/sgi_audit.py:54,,Se queda,,defecto,
2035,método,sgi.audit.program.action_approve,addons/quimibond_sgi/models/sgi_audit.py:58,,Se queda,,defecto,
2036,método,sgi.audit.program.action_close,addons/quimibond_sgi/models/sgi_audit.py:86,,Se queda,,defecto,
2037,método,sgi.audit.program.action_draft,addons/quimibond_sgi/models/sgi_audit.py:89,,Se queda,,defecto,
2038,método,sgi.audit.program.action_suggest_lines,addons/quimibond_sgi/models/sgi_audit.py:92,,Se queda,,defecto,
2039,método,sgi.audit.program.line.action_create_audit,addons/quimibond_sgi/models/sgi_audit.py:145,,Se queda,,defecto,
2040,método,sgi.audit._compute_name,addons/quimibond_sgi/models/sgi_audit.py:236,,Se queda,,defecto,
2041,método,sgi.audit._compute_finding_count,addons/quimibond_sgi/models/sgi_audit.py:242,,Se queda,,defecto,
2042,método,sgi.audit._compute_checklist_counts,addons/quimibond_sgi/models/sgi_audit.py:247,,Se queda,,defecto,
2043,método,sgi.audit._check_partner_by_type,addons/quimibond_sgi/models/sgi_audit.py:256,,Se queda,,defecto,
2044,método,sgi.audit._check_auditor_independence,addons/quimibond_sgi/models/sgi_audit.py:265,,Se queda,,defecto,
2045,método,sgi.audit.action_generate_checklist,addons/quimibond_sgi/models/sgi_audit.py:306,,Se queda,,defecto,
2046,método,sgi.audit.action_plan,addons/quimibond_sgi/models/sgi_audit.py:328,,Se queda,,defecto,
2047,método,sgi.audit.action_start,addons/quimibond_sgi/models/sgi_audit.py:332,,Se queda,,defecto,
2048,método,sgi.audit.action_report,addons/quimibond_sgi/models/sgi_audit.py:338,,Se queda,,defecto,
2049,método,sgi.audit.write,addons/quimibond_sgi/models/sgi_audit.py:344,,Se queda,,defecto,
2050,método,sgi.audit.action_close,addons/quimibond_sgi/models/sgi_audit.py:352,,Se queda,,defecto,
2051,método,sgi.audit._sgi_archive_report,addons/quimibond_sgi/models/sgi_audit.py:364,,Se queda,,defecto,
2052,método,sgi.audit.action_open_report_document,addons/quimibond_sgi/models/sgi_audit.py:392,,Se queda,,defecto,
2053,método,sgi.audit.action_draft,addons/quimibond_sgi/models/sgi_audit.py:402,,Se queda,,defecto,
2054,método,sgi.audit._sgi_check_can_close,addons/quimibond_sgi/models/sgi_audit.py:405,,Se queda,,defecto,
2055,método,sgi.audit.action_answer_checklist,addons/quimibond_sgi/models/sgi_audit.py:428,,Se elimina,B-009,coincidencia de nombre en hallazgo,
2056,método,sgi.audit.action_evaluate_auditors,addons/quimibond_sgi/models/sgi_audit.py:448,,Se corrige,B-009,coincidencia de nombre en hallazgo,
2057,método,sgi.audit.action_generate_findings_from_checklist,addons/quimibond_sgi/models/sgi_audit.py:473,,Se queda,,defecto,
2058,método,sgi.audit.action_open_findings,addons/quimibond_sgi/models/sgi_audit.py:516,,Se queda,,defecto,
2059,método,sgi.audit.finding.unlink,addons/quimibond_sgi/models/sgi_audit.py:559,,Se queda,,defecto,
2060,método,sgi.audit.finding.action_generate_nc,addons/quimibond_sgi/models/sgi_audit.py:572,,Se queda,,defecto,
2061,método,sgi.audit.checklist.line._compute_question,addons/quimibond_sgi/models/sgi_audit.py:642,,Se queda,,defecto,
2062,método,sgi.audit.checklist.line._compute_can_open_records,addons/quimibond_sgi/models/sgi_audit.py:655,,Se queda,,defecto,
2063,método,sgi.audit.checklist.line.action_open_records,addons/quimibond_sgi/models/sgi_audit.py:662,,Se queda,,defecto,
2064,método,sgi.audit.checklist.line._sgi_sync_finding,addons/quimibond_sgi/models/sgi_audit.py:685,,Se queda,,defecto,
2065,método,sgi.audit.checklist.line.create,addons/quimibond_sgi/models/sgi_audit.py:708,,Se queda,,defecto,
2066,método,sgi.audit.checklist.line.write,addons/quimibond_sgi/models/sgi_audit.py:713,,Se queda,,defecto,
2067,método,sgi.base.mixin.create,addons/quimibond_sgi/models/sgi_base.py:41,,Se queda,,defecto,
2068,método,sgi.base.mixin._sgi_schedule_activity,addons/quimibond_sgi/models/sgi_base.py:53,,Se queda,,defecto,
2069,método,sgi.base.mixin._sgi_done_activities,addons/quimibond_sgi/models/sgi_base.py:64,,Se elimina,B-012,02-obsoleto,
2070,método,sgi.base.mixin._sgi_locked_records,addons/quimibond_sgi/models/sgi_base.py:73,,Se queda,,defecto,
2071,método,sgi.base.mixin._sgi_vals_touch_locked,addons/quimibond_sgi/models/sgi_base.py:80,,Se queda,,defecto,
2072,método,sgi.base.mixin.write,addons/quimibond_sgi/models/sgi_base.py:95,,Se queda,,defecto,
2073,método,sgi.base.mixin.unlink,addons/quimibond_sgi/models/sgi_base.py:110,,Se queda,,defecto,
2074,método,sgi.process.activity._compute_department_ids,addons/quimibond_sgi/models/sgi_business_line.py:90,,Se queda,,defecto,
2075,método,sgi.process.activity._compute_line_filters,addons/quimibond_sgi/models/sgi_business_line.py:94,,Se queda,,defecto,
2076,método,sgi.process.activity._search_team_filter_id,addons/quimibond_sgi/models/sgi_business_line.py:99,,Se queda,,defecto,
2077,método,sgi.process.activity._search_market_filter_id,addons/quimibond_sgi/models/sgi_business_line.py:103,,Se queda,,defecto,
2078,método,sgi.process.activity._sgi_applies_to_teams,addons/quimibond_sgi/models/sgi_business_line.py:106,,Se queda,,defecto,
2079,método,sgi.process.activity.write,addons/quimibond_sgi/models/sgi_business_line.py:112,,Se queda,,defecto,
2080,método,sgi.process._compute_activity_team_ids,addons/quimibond_sgi/models/sgi_business_line.py:130,,Se queda,,defecto,
2081,método,sgi.process._search_activity_team_ids,addons/quimibond_sgi/models/sgi_business_line.py:137,,Se queda,,defecto,
2082,método,hr.job._compute_sgi_team_ids,addons/quimibond_sgi/models/sgi_business_line.py:151,,Se queda,,defecto,
2083,método,hr.job._sgi_user_teams,addons/quimibond_sgi/models/sgi_business_line.py:156,,Se queda,,defecto,
2084,método,hr.job._sgi_mp_teams,addons/quimibond_sgi/models/sgi_business_line.py:164,,Se queda,,defecto,
2085,método,hr.employee._compute_sgi_team_ids,addons/quimibond_sgi/models/sgi_business_line.py:195,,Se queda,,defecto,
2086,método,crm.team.member._sgi_touch,addons/quimibond_sgi/models/sgi_business_line.py:205,,Se queda,,defecto,
2087,método,crm.team.member.create,addons/quimibond_sgi/models/sgi_business_line.py:212,,Se queda,,defecto,
2088,método,crm.team.member.write,addons/quimibond_sgi/models/sgi_business_line.py:217,,Se queda,,defecto,
2089,método,crm.team.member.unlink,addons/quimibond_sgi/models/sgi_business_line.py:223,,Se queda,,defecto,
2090,método,crm.team.write,addons/quimibond_sgi/models/sgi_business_line.py:231,,Se queda,,defecto,
2091,método,sgi.activity.exec.stat._compute_sale_team_ids,addons/quimibond_sgi/models/sgi_business_line.py:253,,Se queda,,defecto,
2092,método,sgi.indicator._compute_split_support,addons/quimibond_sgi/models/sgi_business_line.py:278,,Se queda,,defecto,
2093,método,sgi.indicator._sgi_split_problem,addons/quimibond_sgi/models/sgi_business_line.py:288,,Se queda,,defecto,
2094,método,sgi.indicator._check_measure_split,addons/quimibond_sgi/models/sgi_business_line.py:304,,Se queda,,defecto,
2095,método,sgi.indicator._sgi_split_keys,addons/quimibond_sgi/models/sgi_business_line.py:310,,Se queda,,defecto,
2096,método,sgi.indicator._sgi_semaphore_on,addons/quimibond_sgi/models/sgi_business_line.py:321,,Se queda,,defecto,
2097,método,sgi.indicator._sgi_measure_vals,addons/quimibond_sgi/models/sgi_business_line.py:335,,Se queda,,defecto,
2098,método,sgi.indicator.term._sgi_split_path,addons/quimibond_sgi/models/sgi_business_line.py:362,,Se queda,,defecto,
2099,método,sgi.indicator.term._sgi_first_path,addons/quimibond_sgi/models/sgi_business_line.py:373,,Se queda,,defecto,
2100,método,sgi.indicator.term._sgi_split_domain,addons/quimibond_sgi/models/sgi_business_line.py:387,,Se queda,,defecto,
2101,método,sgi.indicator.term._sgi_records,addons/quimibond_sgi/models/sgi_business_line.py:402,,Se queda,,defecto,
2102,método,sgi.indicator.measure.split._compute_label,addons/quimibond_sgi/models/sgi_business_line.py:451,,Se queda,,defecto,
2103,método,sgi.indicator.measure.split._compute_semaphore,addons/quimibond_sgi/models/sgi_business_line.py:462,,Se queda,,defecto,
2104,método,sgi.indicator.measure.split.action_view_evidence,addons/quimibond_sgi/models/sgi_business_line.py:469,,Se queda,,defecto,
2105,método,quality.check._compute_sgi_equipment_id,addons/quimibond_sgi/models/sgi_calibration.py:20,,Se queda,,defecto,
2106,método,quality.check._sgi_check_equipment_calibrated,addons/quimibond_sgi/models/sgi_calibration.py:27,,Se queda,,02-obsoleto,
2107,método,maintenance.equipment._compute_next_calibration_date,addons/quimibond_sgi/models/sgi_calibration.py:83,,Se queda,,defecto,
2108,método,maintenance.equipment._compute_calibration_state,addons/quimibond_sgi/models/sgi_calibration.py:92,,Se corrige,G-024,coincidencia de nombre en hallazgo,
2109,método,maintenance.equipment._compute_calibration_count,addons/quimibond_sgi/models/sgi_calibration.py:105,,Se queda,,defecto,
2110,método,maintenance.equipment.action_view_calibrations,addons/quimibond_sgi/models/sgi_calibration.py:109,,Se queda,,defecto,
2111,método,sgi.calibration._check_certificate,addons/quimibond_sgi/models/sgi_calibration.py:151,,Se queda,,defecto,
2112,método,sgi.calibration._compute_next_date,addons/quimibond_sgi/models/sgi_calibration.py:163,,Se queda,,defecto,
2113,método,sgi.calibration.create,addons/quimibond_sgi/models/sgi_calibration.py:169,,Se queda,,defecto,
2114,método,sgi.calibration._sgi_apply_to_equipment,addons/quimibond_sgi/models/sgi_calibration.py:175,,Se queda,,defecto,
2115,método,sgi.calibration._sgi_create_alert,addons/quimibond_sgi/models/sgi_calibration.py:194,,Se queda,,defecto,
2116,método,sgi.job.family._compute_display_name,addons/quimibond_sgi/models/sgi_catalog.py:83,,Se queda,,defecto,
2117,método,sgi.job.family._compute_employee_count,addons/quimibond_sgi/models/sgi_catalog.py:88,,Se queda,,defecto,
2118,método,sgi.job.family._check_job_single_family,addons/quimibond_sgi/models/sgi_catalog.py:98,,Se queda,,defecto,
2119,método,sgi.activity.role._check_target,addons/quimibond_sgi/models/sgi_catalog.py:169,,Se queda,,defecto,
2120,método,sgi.activity.role._check_condition,addons/quimibond_sgi/models/sgi_catalog.py:183,,Se queda,,defecto,
2121,método,sgi.activity.role._check_after_days,addons/quimibond_sgi/models/sgi_catalog.py:194,,Se queda,,defecto,
2122,método,sgi.activity.role._sgi_target_label,addons/quimibond_sgi/models/sgi_catalog.py:205,,Se queda,,defecto,
2123,método,sgi.activity.role._compute_display_name,addons/quimibond_sgi/models/sgi_catalog.py:214,,Se queda,,defecto,
2124,método,sgi.activity.role._sgi_target_key,addons/quimibond_sgi/models/sgi_catalog.py:220,,Se queda,,defecto,
2125,método,sgi.activity.role._sgi_jobs,addons/quimibond_sgi/models/sgi_catalog.py:229,,Se queda,,defecto,
2126,método,sgi.activity.role._sgi_staffing_state,addons/quimibond_sgi/models/sgi_catalog.py:245,,Se queda,,defecto,
2127,método,sgi.activity.role._sgi_after_change,addons/quimibond_sgi/models/sgi_catalog.py:272,,Se queda,,defecto,
2128,método,sgi.activity.role._sgi_mp_jobs,addons/quimibond_sgi/models/sgi_catalog.py:278,,Se queda,,defecto,
2129,método,sgi.activity.role.create,addons/quimibond_sgi/models/sgi_catalog.py:284,,Se queda,,defecto,
2130,método,sgi.activity.role.write,addons/quimibond_sgi/models/sgi_catalog.py:290,,Se queda,,defecto,
2131,método,sgi.activity.role.unlink,addons/quimibond_sgi/models/sgi_catalog.py:298,,Se queda,,defecto,
2132,método,hr.job._compute_sgi_family_id,addons/quimibond_sgi/models/sgi_catalog.py:331,,Se queda,,defecto,
2133,método,hr.job._sgi_vacancy_valid,addons/quimibond_sgi/models/sgi_catalog.py:335,,Se queda,,defecto,
2134,método,hr.job._sgi_staffing_state,addons/quimibond_sgi/models/sgi_catalog.py:341,,Se queda,,defecto,
2135,método,hr.job._sgi_roles_domain,addons/quimibond_sgi/models/sgi_catalog.py:354,,Se queda,,defecto,
2136,método,hr.job._compute_sgi_all_role_ids,addons/quimibond_sgi/models/sgi_catalog.py:384,,Se queda,,defecto,
2137,método,hr.job._compute_sgi_role_counts,addons/quimibond_sgi/models/sgi_catalog.py:389,,Se queda,,defecto,
2138,método,hr.job.action_sgi_view_roles,addons/quimibond_sgi/models/sgi_catalog.py:422,,Se queda,,defecto,
2139,método,hr.job._sgi_find_job,addons/quimibond_sgi/models/sgi_catalog.py:435,,Se queda,,defecto,
2140,método,hr.job._sgi_job_references,addons/quimibond_sgi/models/sgi_catalog.py:464,,Se queda,,defecto,
2141,método,hr.job.sgi_merge_duplicate_jobs,addons/quimibond_sgi/models/sgi_catalog.py:479,,Se corrige,G-023,coincidencia de nombre en hallazgo,
2142,método,sgi.document.type._check_legacy_regex,addons/quimibond_sgi/models/sgi_catalog.py:607,,Se queda,,defecto,
2143,método,sgi.document.type._check_prefix_pattern,addons/quimibond_sgi/models/sgi_catalog.py:617,,Se queda,,defecto,
2144,método,sgi.document.type._sgi_pattern_regex,addons/quimibond_sgi/models/sgi_catalog.py:629,,Se queda,,defecto,
2145,método,sgi.document.type._sgi_format_code,addons/quimibond_sgi/models/sgi_catalog.py:650,,Se queda,,defecto,
2146,método,sgi.document.type._sgi_legacy_match,addons/quimibond_sgi/models/sgi_catalog.py:654,,Se queda,,defecto,
2147,método,sgi.document.type._sgi_code_ok,addons/quimibond_sgi/models/sgi_catalog.py:663,,Se queda,,defecto,
2148,método,sgi.document.type._sgi_any_match,addons/quimibond_sgi/models/sgi_catalog.py:680,,Se queda,C-007,coincidencia de nombre en hallazgo,
2149,método,sgi.document.type.sgi_next_code,addons/quimibond_sgi/models/sgi_catalog.py:685,,Se queda,B-012 C-004,02-obsoleto (corregido: lo usa C-004),
2150,método,sgi.config.sgi_drop_empty_studio_models,addons/quimibond_sgi/models/sgi_catalog.py:722,,Se elimina,B-007,02-obsoleto,
2151,método,sgi.checklist.template._sgi_due_today,addons/quimibond_sgi/models/sgi_checklist.py:48,,Se queda,,defecto,
2152,método,sgi.checklist.template._sgi_generate,addons/quimibond_sgi/models/sgi_checklist.py:54,,Se queda,,defecto,
2153,método,sgi.checklist.template.action_generate_today,addons/quimibond_sgi/models/sgi_checklist.py:86,,Se queda,,defecto,
2154,método,sgi.checklist.template.cron_generate,addons/quimibond_sgi/models/sgi_checklist.py:93,,Se queda,,defecto,
2155,método,maintenance.request._compute_sgi_checklist_state,addons/quimibond_sgi/models/sgi_checklist.py:143,,Se queda,,defecto,
2156,método,maintenance.request.action_sgi_checklist_finish,addons/quimibond_sgi/models/sgi_checklist.py:155,,Se queda,,defecto,
2157,método,maintenance.request.action_sgi_create_correctives,addons/quimibond_sgi/models/sgi_checklist.py:164,,Se queda,,defecto,
2158,método,sgi.checklist.finish._compute_allowed_employee_ids,addons/quimibond_sgi/models/sgi_checklist.py:194,,Se queda,,defecto,
2159,método,sgi.checklist.finish.action_confirm,addons/quimibond_sgi/models/sgi_checklist.py:198,,Se corrige,F-018 I-005,coincidencia de nombre en hallazgo,
2160,método,ir.ui.menu._sgi_menu_tree_offenders,addons/quimibond_sgi/models/sgi_cleanup.py:110,,Se corrige,B-004,coincidencia de nombre en hallazgo,
2161,método,ir.ui.menu._sgi_menu_dangling_actions,addons/quimibond_sgi/models/sgi_cleanup.py:133,,Se elimina,B-004,02-obsoleto,
2162,método,sgi.process.write,addons/quimibond_sgi/models/sgi_cleanup.py:149,,Se queda,,defecto,
2163,método,sgi.process._sgi_obsolete_replaced_documents,addons/quimibond_sgi/models/sgi_cleanup.py:155,,Se corrige,B-004 C-002,coincidencia de nombre en hallazgo,
2164,método,sgi.process._sgi_relink_from_archived,addons/quimibond_sgi/models/sgi_cleanup.py:176,,Se corrige,B-004,coincidencia de nombre en hallazgo,
2165,método,sgi.process._sgi_relink_write,addons/quimibond_sgi/models/sgi_cleanup.py:327,,Se corrige,B-004,coincidencia de nombre en hallazgo,
2166,método,res.partner.write,addons/quimibond_sgi/models/sgi_coa.py:66,,Se queda,,defecto,
2167,método,stock.picking._compute_sgi_requires_coa,addons/quimibond_sgi/models/sgi_coa.py:119,,Se queda,,defecto,
2168,método,stock.picking._compute_sgi_coa_status,addons/quimibond_sgi/models/sgi_coa.py:128,,Se queda,,defecto,
2169,método,stock.picking.action_sgi_attach_coa,addons/quimibond_sgi/models/sgi_coa.py:140,,Se queda,,defecto,
2170,método,stock.picking._sgi_coa_recipients,addons/quimibond_sgi/models/sgi_coa.py:151,,Se queda,,defecto,
2171,método,stock.picking._sgi_coa_register,addons/quimibond_sgi/models/sgi_coa.py:156,,Se queda,,defecto,
2172,método,stock.picking._sgi_coa_send,addons/quimibond_sgi/models/sgi_coa.py:167,,Se queda,,defecto,
2173,método,stock.picking._sgi_coa_block_enabled,addons/quimibond_sgi/models/sgi_coa.py:177,,Se queda,,defecto,
2174,método,stock.picking._sgi_user_is_quality_head,addons/quimibond_sgi/models/sgi_coa.py:181,,Se queda,,defecto,
2175,método,stock.picking.button_validate,addons/quimibond_sgi/models/sgi_coa.py:187,,Se queda,,defecto,
2176,método,sale.order._compute_sgi_coa_status,addons/quimibond_sgi/models/sgi_coa.py:221,,Se queda,,defecto,
2177,método,sale.order._compute_sgi_coa_attachment_count,addons/quimibond_sgi/models/sgi_coa.py:226,,Se queda,,defecto,
2178,método,sale.order.action_sgi_view_coa,addons/quimibond_sgi/models/sgi_coa.py:230,,Se queda,,defecto,
2179,método,sgi.coa.attach.wizard.default_get,addons/quimibond_sgi/models/sgi_coa.py:256,,Se queda,,defecto,
2180,método,sgi.coa.attach.wizard.action_confirm,addons/quimibond_sgi/models/sgi_coa.py:263,,Se queda,,defecto,
2181,método,sgi.coa.exception.wizard.action_confirm,addons/quimibond_sgi/models/sgi_coa.py:296,,Se queda,,defecto,
2182,método,sgi.coa.inbox.message_new,addons/quimibond_sgi/models/sgi_coa.py:334,,Se queda,,defecto,
2183,método,sgi.coa.inbox._message_post_after_hook,addons/quimibond_sgi/models/sgi_coa.py:340,,Se queda,,defecto,
2184,método,sgi.coa.inbox._sgi_find_picking,addons/quimibond_sgi/models/sgi_coa.py:348,,Se queda,,defecto,
2185,método,sgi.coa.inbox._sgi_link_attachments,addons/quimibond_sgi/models/sgi_coa.py:378,,Se queda,,defecto,
2186,método,sgi.coa.inbox.action_link_manual,addons/quimibond_sgi/models/sgi_coa.py:398,,Se queda,,defecto,
2187,método,hr.employee._compute_sgi_skill_gap_count,addons/quimibond_sgi/models/sgi_competence.py:11,,Se queda,,defecto,
2188,método,hr.employee.action_view_skill_gaps,addons/quimibond_sgi/models/sgi_competence.py:18,,Se queda,,defecto,
2189,método,sgi.competence.gap._table_query,addons/quimibond_sgi/models/sgi_competence.py:50,,Se queda,,02-obsoleto,
2190,método,hr.department._sgi_competence_matrix,addons/quimibond_sgi/models/sgi_competence.py:84,,Se queda,,defecto,
2191,método,helpdesk.ticket.action_sgi_generate_nc,addons/quimibond_sgi/models/sgi_complaint.py:21,,Se queda,,defecto,
2192,método,sgi.interested.party._compute_next_review_date,addons/quimibond_sgi/models/sgi_context.py:64,,Se queda,,defecto,
2193,método,sgi.interested.party.action_mark_reviewed,addons/quimibond_sgi/models/sgi_context.py:73,,Se queda,,defecto,
2194,método,quality.point._compute_sgi_replaced_document_count,addons/quimibond_sgi/models/sgi_control_plan.py:22,,Se queda,,defecto,
2195,método,quality.point.action_sgi_open_replaced_documents,addons/quimibond_sgi/models/sgi_control_plan.py:26,,Se queda,,defecto,
2196,método,sgi.control.plan._compute_point_count,addons/quimibond_sgi/models/sgi_control_plan.py:93,,Se queda,,defecto,
2197,método,sgi.control.plan._compute_fmea_count,addons/quimibond_sgi/models/sgi_control_plan.py:98,,Se queda,,defecto,
2198,método,sgi.control.plan.action_view_fmeas,addons/quimibond_sgi/models/sgi_control_plan.py:102,,Se queda,,defecto,
2199,método,sgi.control.plan.action_set_vigente,addons/quimibond_sgi/models/sgi_control_plan.py:113,,Se queda,,defecto,
2200,método,sgi.control.plan.action_set_borrador,addons/quimibond_sgi/models/sgi_control_plan.py:122,,Se queda,,defecto,
2201,método,sgi.control.plan.action_set_obsoleto,addons/quimibond_sgi/models/sgi_control_plan.py:126,,Se queda,,defecto,
2202,método,sgi.control.plan.action_view_points,addons/quimibond_sgi/models/sgi_control_plan.py:142,,Se queda,,defecto,
2203,método,sgi.control.plan.action_open_orphan_points,addons/quimibond_sgi/models/sgi_control_plan.py:153,,Se queda,,defecto,
2204,método,stock.lot._sgi_coa_checks,addons/quimibond_sgi/models/sgi_control_plan.py:174,,Se queda,,defecto,
2205,método,stock.lot.action_sgi_print_coa,addons/quimibond_sgi/models/sgi_control_plan.py:182,,Se queda,,defecto,
2206,método,stock.lot._sgi_delivery_pickings,addons/quimibond_sgi/models/sgi_control_plan.py:191,,Se queda,,defecto,
2207,método,stock.lot.action_sgi_publish_coa,addons/quimibond_sgi/models/sgi_control_plan.py:200,,Se queda,,defecto,
2208,método,sgi.cron._sgi_activity_exists,addons/quimibond_sgi/models/sgi_cron.py:20,,Se corrige,G-005,coincidencia de nombre en hallazgo,
2209,método,sgi.cron._sgi_schedule,addons/quimibond_sgi/models/sgi_cron.py:32,,Se corrige,A-021 G-005 G-011,coincidencia de nombre en hallazgo,
2210,método,sgi.cron._sgi_first_user_id,addons/quimibond_sgi/models/sgi_cron.py:41,,Se queda,,defecto,
2211,método,sgi.cron._sgi_manager_user_id,addons/quimibond_sgi/models/sgi_cron.py:58,,Se corrige,A-021 I-003,coincidencia de nombre en hallazgo,
2212,método,sgi.cron._sgi_director_user_id,addons/quimibond_sgi/models/sgi_cron.py:70,,Se queda,,defecto,
2213,método,sgi.cron._sgi_sales_admin_user_id,addons/quimibond_sgi/models/sgi_cron.py:74,,Se queda,,defecto,
2214,método,sgi.cron._sgi_critical_mail_emails,addons/quimibond_sgi/models/sgi_cron.py:91,,Se queda,,defecto,
2215,método,sgi.cron._sgi_send_critical_mail,addons/quimibond_sgi/models/sgi_cron.py:101,,Se queda,,defecto,
2216,método,sgi.cron._sgi_step,addons/quimibond_sgi/models/sgi_cron.py:116,,Se queda,,defecto,
2217,método,sgi.cron._sgi_for_each,addons/quimibond_sgi/models/sgi_cron.py:125,,Se corrige,G-002,coincidencia de nombre en hallazgo,
2218,método,sgi.cron.cron_nonconformities,addons/quimibond_sgi/models/sgi_cron.py:141,,Se queda,,defecto,
2219,método,sgi.cron.cron_overdue_actions,addons/quimibond_sgi/models/sgi_cron.py:203,,Se queda,,defecto,
2220,método,sgi.cron.cron_documents,addons/quimibond_sgi/models/sgi_cron.py:251,,Se queda,,defecto,
2221,método,sgi.cron.cron_news,addons/quimibond_sgi/models/sgi_cron.py:323,,Se queda,,defecto,
2222,método,sgi.cron.cron_indicators,addons/quimibond_sgi/models/sgi_cron.py:366,,Se queda,,defecto,
2223,método,sgi.cron._sgi_team_net_invoiced,addons/quimibond_sgi/models/sgi_cron.py:402,,Se queda,,defecto,
2224,método,sgi.cron.cron_forecast_coverage,addons/quimibond_sgi/models/sgi_cron.py:415,,Se corrige,G-005,coincidencia de nombre en hallazgo,
2225,método,sgi.cron._sgi_sales_budget_month_close,addons/quimibond_sgi/models/sgi_cron.py:463,,Se queda,,defecto,
2226,método,sgi.cron._sgi_budget_top_gaps,addons/quimibond_sgi/models/sgi_cron.py:521,,Se queda,,defecto,
2227,método,sgi.cron.cron_budget_revaluation,addons/quimibond_sgi/models/sgi_cron.py:546,,Se queda,,defecto,
2228,método,sgi.cron._sgi_sales_budget_revaluation,addons/quimibond_sgi/models/sgi_cron.py:556,,Se queda,,defecto,
2229,método,sgi.cron.cron_indicators_weekly,addons/quimibond_sgi/models/sgi_cron.py:581,,Se queda,,defecto,
2230,método,sgi.cron._sgi_close_resolved_activities,addons/quimibond_sgi/models/sgi_cron.py:595,,Se corrige,G-004 I-003,coincidencia de nombre en hallazgo,
2231,método,sgi.cron._sgi_generate_measures,addons/quimibond_sgi/models/sgi_cron.py:674,,Se queda,,defecto,
2232,método,sgi.cron._sgi_calc_notice,addons/quimibond_sgi/models/sgi_cron.py:723,,Se queda,,defecto,
2233,método,sgi.cron._sgi_schedule_deadline,addons/quimibond_sgi/models/sgi_cron.py:732,,Se queda,,defecto,
2234,método,sgi.cron.cron_audit_program,addons/quimibond_sgi/models/sgi_cron.py:745,,Se queda,,defecto,
2235,método,sgi.cron.cron_risk_review,addons/quimibond_sgi/models/sgi_cron.py:774,,Se queda,,defecto,
2236,método,sgi.cron.cron_supplier_eval,addons/quimibond_sgi/models/sgi_cron.py:815,,Se queda,,defecto,
2237,método,sgi.cron._sgi_purchase_user_id,addons/quimibond_sgi/models/sgi_cron.py:872,,Se queda,,defecto,
2238,método,sgi.cron._sgi_rh_user_id,addons/quimibond_sgi/models/sgi_cron.py:876,,Se corrige,I-003,coincidencia de nombre en hallazgo,
2239,método,sgi.cron.cron_calibrations,addons/quimibond_sgi/models/sgi_cron.py:888,,Se queda,G-006,coincidencia de nombre en hallazgo,
2240,método,sgi.cron.cron_competences,addons/quimibond_sgi/models/sgi_cron.py:952,,Se queda,,defecto,
2241,método,sgi.cron._sgi_quarter_label,addons/quimibond_sgi/models/sgi_cron.py:1004,,Se queda,,defecto,
2242,método,sgi.cron.cron_satisfaction_survey,addons/quimibond_sgi/models/sgi_cron.py:1008,,Se queda,,defecto,
2243,método,sgi.cron.cron_dnc,addons/quimibond_sgi/models/sgi_cron.py:1028,,Se queda,,defecto,
2244,método,sgi.cron.cron_emergency_drills,addons/quimibond_sgi/models/sgi_cron.py:1051,,Se queda,,defecto,
2245,método,sgi.cron.cron_operational_signals,addons/quimibond_sgi/models/sgi_cron.py:1110,,Se queda,,defecto,
2246,método,sgi.cron.cron_legal_requirements,addons/quimibond_sgi/models/sgi_cron.py:1171,,Se queda,,defecto,
2247,método,sgi.cron._sgi_participation_survey,addons/quimibond_sgi/models/sgi_cron.py:1227,,Se queda,,defecto,
2248,método,sgi.cron.cron_worker_participation,addons/quimibond_sgi/models/sgi_cron.py:1236,,Se queda,,defecto,
2249,método,sgi.cron.cron_context_review,addons/quimibond_sgi/models/sgi_cron.py:1257,,Se queda,,defecto,
2250,método,sgi.cron.cron_sign_elearning_sync,addons/quimibond_sgi/models/sgi_cron.py:1285,,Se queda,,defecto,
2251,método,sgi.cron.cron_weekly_digest,addons/quimibond_sgi/models/sgi_cron.py:1309,,Se queda,B-017,coincidencia de nombre en hallazgo,
2252,método,quality.alert._compute_sgi_customer_reply_required,addons/quimibond_sgi/models/sgi_customer_reply.py:76,,Se queda,,defecto,
2253,método,quality.alert._compute_sgi_sale_team_id,addons/quimibond_sgi/models/sgi_customer_reply.py:82,,Se queda,,defecto,
2254,método,quality.alert._compute_sgi_customer_received_date,addons/quimibond_sgi/models/sgi_customer_reply.py:99,,Se queda,,defecto,
2255,método,quality.alert._sgi_int_param,addons/quimibond_sgi/models/sgi_customer_reply.py:109,,Se queda,,defecto,
2256,método,quality.alert._compute_sgi_customer_dues,addons/quimibond_sgi/models/sgi_customer_reply.py:117,,Se queda,,defecto,
2257,método,quality.alert._compute_sgi_customer_on_time,addons/quimibond_sgi/models/sgi_customer_reply.py:132,,Se queda,,defecto,
2258,método,quality.alert._sgi_check_can_close,addons/quimibond_sgi/models/sgi_customer_reply.py:141,,Se queda,,defecto,
2259,método,quality.alert._sgi_customer_reply_escalation,addons/quimibond_sgi/models/sgi_customer_reply.py:155,,Se queda,,defecto,
2260,método,sgi.cron.cron_nonconformities,addons/quimibond_sgi/models/sgi_customer_reply.py:177,,Se queda,,defecto,
2261,método,sgi.process.stage._compute_display_name,addons/quimibond_sgi/models/sgi_deliverable.py:50,,Se queda,,defecto,
2262,método,sgi.process.stage._compute_activity_count,addons/quimibond_sgi/models/sgi_deliverable.py:54,,Se queda,,defecto,
2263,método,sgi.process.stage._sgi_get_or_create,addons/quimibond_sgi/models/sgi_deliverable.py:63,,Se queda,,defecto,
2264,método,sgi.deliverable._compute_consumers,addons/quimibond_sgi/models/sgi_deliverable.py:150,,Se queda,,defecto,
2265,método,sgi.deliverable._compute_processes,addons/quimibond_sgi/models/sgi_deliverable.py:155,,Se queda,,defecto,
2266,método,sgi.deliverable._check_measure,addons/quimibond_sgi/models/sgi_deliverable.py:169,,Se queda,,defecto,
2267,método,sgi.deliverable._sgi_measure_vals,addons/quimibond_sgi/models/sgi_deliverable.py:196,,Se queda,,defecto,
2268,método,sgi.deliverable._sgi_sync_connections,addons/quimibond_sgi/models/sgi_deliverable.py:209,,Se queda,,defecto,
2269,método,sgi.deliverable.write,addons/quimibond_sgi/models/sgi_deliverable.py:270,,Se queda,,defecto,
2270,método,sgi.deliverable.create,addons/quimibond_sgi/models/sgi_deliverable.py:296,,Se queda,,defecto,
2271,método,sgi.deliverable.unlink,addons/quimibond_sgi/models/sgi_deliverable.py:301,,Se queda,,defecto,
2272,método,sgi.deliverable.action_view_links,addons/quimibond_sgi/models/sgi_deliverable.py:309,,Se queda,,defecto,
2273,método,sgi.activity.input._check_not_own_output,addons/quimibond_sgi/models/sgi_deliverable.py:352,,Se queda,,defecto,
2274,método,sgi.activity.input.create,addons/quimibond_sgi/models/sgi_deliverable.py:360,,Se queda,,defecto,
2275,método,sgi.activity.input.write,addons/quimibond_sgi/models/sgi_deliverable.py:366,,Se queda,,defecto,
2276,método,sgi.activity.input.unlink,addons/quimibond_sgi/models/sgi_deliverable.py:375,,Se queda,,defecto,
2277,método,sgi.process._compute_io_deliverables,addons/quimibond_sgi/models/sgi_deliverable.py:400,,Se queda,,defecto,
2278,método,sgi.process._sgi_responsibilities_by_job,addons/quimibond_sgi/models/sgi_deliverable.py:408,,Se queda,,defecto,
2279,método,sgi.calculated.connection.mixin._compute_origin,addons/quimibond_sgi/models/sgi_deliverable.py:451,,Se queda,,defecto,
2280,método,sgi.calculated.connection.mixin._check_inactive_reason,addons/quimibond_sgi/models/sgi_deliverable.py:456,,Se queda,,defecto,
2281,método,sgi.calculated.connection.mixin._sgi_guard_manual_write,addons/quimibond_sgi/models/sgi_deliverable.py:465,,Se queda,,defecto,
2282,método,sgi.calculated.connection.mixin._sgi_retire_manual,addons/quimibond_sgi/models/sgi_deliverable.py:476,,Se queda,,defecto,
2283,método,sgi.process.flow._sgi_manual_twins,addons/quimibond_sgi/models/sgi_deliverable.py:490,,Se queda,,defecto,
2284,método,sgi.process.flow.write,addons/quimibond_sgi/models/sgi_deliverable.py:499,,Se queda,,defecto,
2285,método,sgi.process.flow.unlink,addons/quimibond_sgi/models/sgi_deliverable.py:503,,Se queda,,defecto,
2286,método,sgi.activity.link._sgi_manual_twins,addons/quimibond_sgi/models/sgi_deliverable.py:520,,Se queda,,defecto,
2287,método,sgi.activity.link.write,addons/quimibond_sgi/models/sgi_deliverable.py:529,,Se queda,,defecto,
2288,método,sgi.activity.link.unlink,addons/quimibond_sgi/models/sgi_deliverable.py:537,,Se queda,,defecto,
2289,método,sgi.activity.link._sgi_chain_verdict,addons/quimibond_sgi/models/sgi_deliverable.py:543,,Se queda,,defecto,
2290,método,sgi.process.activity._compute_input_deliverables,addons/quimibond_sgi/models/sgi_deliverable.py:579,,Se queda,,defecto,
2291,método,sgi.process.activity._inverse_input_deliverables,addons/quimibond_sgi/models/sgi_deliverable.py:583,,Se queda,,defecto,
2292,método,sgi.process.activity._check_io,addons/quimibond_sgi/models/sgi_deliverable.py:596,,Se queda,,defecto,
2293,método,sgi.process.activity._check_measure_deliverable,addons/quimibond_sgi/models/sgi_deliverable.py:605,,Se queda,,defecto,
2294,método,sgi.process.activity._sgi_apply_deliverable_measure,addons/quimibond_sgi/models/sgi_deliverable.py:616,,Se queda,,defecto,
2295,método,sgi.process.activity.create,addons/quimibond_sgi/models/sgi_deliverable.py:635,,Se queda,,defecto,
2296,método,sgi.process.activity.write,addons/quimibond_sgi/models/sgi_deliverable.py:641,,Se queda,,defecto,
2297,método,sgi.process.activity.unlink,addons/quimibond_sgi/models/sgi_deliverable.py:651,,Se queda,,defecto,
2298,método,sgi.process.activity._sgi_sentence_parts,addons/quimibond_sgi/models/sgi_deliverable.py:657,,Se queda,,defecto,
2299,método,sgi.process.activity._sgi_sentence,addons/quimibond_sgi/models/sgi_deliverable.py:692,,Se elimina,B-012,02-obsoleto,
2300,método,sgi.process.activity._sgi_sentence_html,addons/quimibond_sgi/models/sgi_deliverable.py:699,,Se queda,,defecto,
2301,método,project.project._compute_sgi_is_ft,addons/quimibond_sgi/models/sgi_dev_request.py:92,,Se queda,,defecto,
2302,método,project.project._compute_sgi_dev_format_code,addons/quimibond_sgi/models/sgi_dev_request.py:100,,Se queda,,defecto,
2303,método,project.project.sgi_dev_format_info,addons/quimibond_sgi/models/sgi_dev_request.py:104,,Se queda,,defecto,
2304,método,project.project.action_sgi_dev_load_lines,addons/quimibond_sgi/models/sgi_dev_request.py:111,,Se queda,,defecto,
2305,método,project.project.action_sgi_dev_print,addons/quimibond_sgi/models/sgi_dev_request.py:122,,Se queda,,defecto,
2306,método,sgi.diagnostic._compute_counts,addons/quimibond_sgi/models/sgi_diagnostic.py:49,,Se queda,,defecto,
2307,método,sgi.diagnostic._compute_summary,addons/quimibond_sgi/models/sgi_diagnostic.py:56,,Se queda,,defecto,
2308,método,sgi.diagnostic.create,addons/quimibond_sgi/models/sgi_diagnostic.py:73,,Se queda,,defecto,
2309,método,sgi.diagnostic._sgi_fill,addons/quimibond_sgi/models/sgi_diagnostic.py:80,,Se queda,,defecto,
2310,método,sgi.diagnostic.action_run,addons/quimibond_sgi/models/sgi_diagnostic.py:91,,Se queda,,defecto,
2311,método,sgi.diagnostic.action_refresh,addons/quimibond_sgi/models/sgi_diagnostic.py:107,,Se queda,,defecto,
2312,método,sgi.diagnostic._sgi_line,addons/quimibond_sgi/models/sgi_diagnostic.py:115,,Se queda,,defecto,
2313,método,sgi.diagnostic._sgi_build_report,addons/quimibond_sgi/models/sgi_diagnostic.py:121,,Se queda,,defecto,
2314,método,sgi.diagram.data,addons/quimibond_sgi/models/sgi_diagram.py:77,,Se queda,,defecto,
2315,método,sgi.diagram._kinds,addons/quimibond_sgi/models/sgi_diagram.py:91,,Se queda,,defecto,
2316,método,sgi.diagram.catalog,addons/quimibond_sgi/models/sgi_diagram.py:96,,Se queda,,defecto,
2317,método,sgi.diagram._param,addons/quimibond_sgi/models/sgi_diagram.py:100,,Se queda,,defecto,
2318,método,sgi.diagram.processes,addons/quimibond_sgi/models/sgi_diagram.py:104,,Se queda,,defecto,
2319,método,sgi.diagram._process_item,addons/quimibond_sgi/models/sgi_diagram.py:110,,Se queda,,defecto,
2320,método,sgi.diagram._activity_item,addons/quimibond_sgi/models/sgi_diagram.py:120,,Se queda,,defecto,
2321,método,sgi.diagram._line_params,addons/quimibond_sgi/models/sgi_diagram.py:142,,Se queda,,defecto,
2322,método,sgi.diagram._line_options,addons/quimibond_sgi/models/sgi_diagram.py:151,,Se queda,,defecto,
2323,método,sgi.diagram._process_nav,addons/quimibond_sgi/models/sgi_diagram.py:166,,Se queda,,defecto,
2324,método,sgi.diagram._process,addons/quimibond_sgi/models/sgi_diagram.py:173,,Se queda,,defecto,
2325,método,sgi.diagram._data_process_map,addons/quimibond_sgi/models/sgi_diagram.py:180,,Se queda,,02-obsoleto,
2326,método,sgi.diagram._data_process_flow,addons/quimibond_sgi/models/sgi_diagram.py:211,,Se queda,,02-obsoleto,
2327,método,sgi.diagram._process_flow_swimlanes,addons/quimibond_sgi/models/sgi_diagram.py:274,,Se queda,,defecto,
2328,método,sgi.diagram._data_sipoc,addons/quimibond_sgi/models/sgi_diagram.py:325,,Se queda,,02-obsoleto,
2329,método,sgi.diagram._data_doc_tree,addons/quimibond_sgi/models/sgi_diagram.py:375,,Se queda,,02-obsoleto,
2330,método,sgi.diagram._data_kpi_tree,addons/quimibond_sgi/models/sgi_diagram.py:419,,Se queda,,defecto,
2331,método,sgi.diagram._data_who_does_what,addons/quimibond_sgi/models/sgi_diagram.py:461,,Se queda,,02-obsoleto,
2332,método,sgi.diagram._item,addons/quimibond_sgi/models/sgi_diagram_iso.py:51,,Se queda,,defecto,
2333,método,sgi.diagram._virtual,addons/quimibond_sgi/models/sgi_diagram_iso.py:61,,Se queda,,defecto,
2334,método,sgi.diagram._list_action,addons/quimibond_sgi/models/sgi_diagram_iso.py:70,,Se queda,,defecto,
2335,método,sgi.diagram._cell,addons/quimibond_sgi/models/sgi_diagram_iso.py:75,,Se queda,,defecto,
2336,método,sgi.diagram._data_interaction_matrix,addons/quimibond_sgi/models/sgi_diagram_iso.py:82,,Se queda,,02-obsoleto,
2337,método,sgi.diagram._data_context_map,addons/quimibond_sgi/models/sgi_diagram_iso.py:114,,Se queda,,02-obsoleto,
2338,método,sgi.diagram._data_roles_map,addons/quimibond_sgi/models/sgi_diagram_iso.py:157,,Se queda,,02-obsoleto,
2339,método,sgi.diagram._data_risk_matrix,addons/quimibond_sgi/models/sgi_diagram_iso.py:196,,Se queda,,02-obsoleto,
2340,método,sgi.diagram._data_legal_matrix,addons/quimibond_sgi/models/sgi_diagram_iso.py:244,,Se queda,,02-obsoleto,
2341,método,sgi.diagram._data_calibration_map,addons/quimibond_sgi/models/sgi_diagram_iso.py:301,,Se queda,,02-obsoleto,
2342,método,sgi.diagram._data_competence_matrix,addons/quimibond_sgi/models/sgi_diagram_iso.py:352,,Se queda,,02-obsoleto,
2343,método,sgi.diagram._data_doc_pyramid,addons/quimibond_sgi/models/sgi_diagram_iso.py:384,,Se queda,,02-obsoleto,
2344,método,sgi.diagram._data_emergency_map,addons/quimibond_sgi/models/sgi_diagram_iso.py:417,,Se queda,,02-obsoleto,
2345,método,sgi.diagram._data_audit_program,addons/quimibond_sgi/models/sgi_diagram_iso.py:455,,Se queda,,02-obsoleto,
2346,método,sgi.diagram._data_management_review,addons/quimibond_sgi/models/sgi_diagram_iso.py:479,,Se queda,,02-obsoleto,
2347,método,sgi.diagram._data_nc_flow,addons/quimibond_sgi/models/sgi_diagram_iso.py:537,,Se queda,,02-obsoleto,
2348,método,sgi.diagram._data_pdca,addons/quimibond_sgi/models/sgi_diagram_iso.py:594,,Se queda,,02-obsoleto,
2349,método,sgi.diagram._data_kpi_tree,addons/quimibond_sgi/models/sgi_diagram_iso.py:663,,Se queda,,defecto,
2350,método,ir.ui.view._get_view_info,addons/quimibond_sgi/models/sgi_diagram_view.py:26,,Se queda,,defecto,
2351,método,ir.ui.view._validate_tag_sgi_diagram,addons/quimibond_sgi/models/sgi_diagram_view.py:29,,Se queda,,02-obsoleto,
2352,método,sgi.indicator._compute_last_six,addons/quimibond_sgi/models/sgi_direction_board.py:33,,Se queda,,defecto,
2353,método,sgi.indicator._calc_acuerdos_rxd,addons/quimibond_sgi/models/sgi_direction_board.py:42,,Se elimina,B-010,02-obsoleto,
2354,método,sgi.direction.board._sgi_board_indicators,addons/quimibond_sgi/models/sgi_direction_board.py:71,,Se queda,,defecto,
2355,método,sgi.direction.board._compute_board,addons/quimibond_sgi/models/sgi_direction_board.py:95,,Se queda,,defecto,
2356,método,sgi.direction.board.action_open,addons/quimibond_sgi/models/sgi_direction_board.py:117,,Se queda,,defecto,
2357,método,sgi.direction.board.action_open_spreadsheet,addons/quimibond_sgi/models/sgi_direction_board.py:126,,Se queda,,defecto,
2358,método,approval.request._onchange_sgi_suggest_revision,addons/quimibond_sgi/models/sgi_doc_change.py:56,,Se queda,,defecto,
2359,método,approval.request._check_document_required,addons/quimibond_sgi/models/sgi_doc_change.py:66,,Se queda,,defecto,
2360,método,approval.request._check_pilot,addons/quimibond_sgi/models/sgi_doc_change.py:75,,Se queda,,defecto,
2361,método,approval.request._sgi_change_attachment,addons/quimibond_sgi/models/sgi_doc_change.py:97,,Se queda,,defecto,
2362,método,approval.request._sgi_publish_revision,addons/quimibond_sgi/models/sgi_doc_change.py:104,,Se queda,,defecto,
2363,método,approval.request._sgi_reset_acks,addons/quimibond_sgi/models/sgi_doc_change.py:138,,Se queda,,defecto,
2364,método,approval.request._sgi_notify_process,addons/quimibond_sgi/models/sgi_doc_change.py:147,,Se queda,,defecto,
2365,método,approval.request._sgi_apply_doc_change,addons/quimibond_sgi/models/sgi_doc_change.py:165,,Se queda,,defecto,
2366,método,approval.request._sgi_check_moc_ready,addons/quimibond_sgi/models/sgi_doc_change.py:220,,Se queda,,defecto,
2367,método,approval.request.action_approve,addons/quimibond_sgi/models/sgi_doc_change.py:238,,Se queda,,defecto,
2368,método,approval.request.action_sgi_create_document,addons/quimibond_sgi/models/sgi_doc_change.py:246,,Se queda,,defecto,
2369,método,approval.request._compute_sgi_sign_progress,addons/quimibond_sgi/models/sgi_doc_change_sign.py:68,,Se queda,,defecto,
2370,método,approval.request._sgi_sign_process,addons/quimibond_sgi/models/sgi_doc_change_sign.py:77,,Se queda,,defecto,
2371,método,approval.request._sgi_sign_mast_users,addons/quimibond_sgi/models/sgi_doc_change_sign.py:81,,Se queda,,defecto,
2372,método,approval.request._sgi_sign_signers,addons/quimibond_sgi/models/sgi_doc_change_sign.py:90,,Se queda,,defecto,
2373,método,approval.request._sgi_sign_rows,addons/quimibond_sgi/models/sgi_doc_change_sign.py:120,,Se queda,,defecto,
2374,método,approval.request._sgi_check_doc_change_ready,addons/quimibond_sgi/models/sgi_doc_change_sign.py:128,,Se queda,,defecto,
2375,método,approval.request._sgi_prepare_approvers,addons/quimibond_sgi/models/sgi_doc_change_sign.py:139,,Se queda,,defecto,
2376,método,approval.request._sgi_render_doc_change_pdf,addons/quimibond_sgi/models/sgi_doc_change_sign.py:155,,Se queda,,defecto,
2377,método,approval.request._sgi_sign_pdf,addons/quimibond_sgi/models/sgi_doc_change_sign.py:160,,Se queda,,defecto,
2378,método,approval.request._sgi_send_to_sign,addons/quimibond_sgi/models/sgi_doc_change_sign.py:185,,Se queda,,defecto,
2379,método,approval.request.action_confirm,addons/quimibond_sgi/models/sgi_doc_change_sign.py:215,,Se queda,,defecto,
2380,método,approval.request.action_sgi_send_to_sign,addons/quimibond_sgi/models/sgi_doc_change_sign.py:224,,Se queda,,defecto,
2381,método,approval.request.action_sgi_open_sign_request,addons/quimibond_sgi/models/sgi_doc_change_sign.py:233,,Se elimina,B-011,coincidencia de nombre en hallazgo,
2382,método,approval.request.action_approve,addons/quimibond_sgi/models/sgi_doc_change_sign.py:238,,Se queda,,defecto,
2383,método,approval.request._sgi_change_attachment,addons/quimibond_sgi/models/sgi_doc_change_sign.py:248,,Se queda,,defecto,
2384,método,approval.request._sgi_sync_sign,addons/quimibond_sgi/models/sgi_doc_change_sign.py:257,,Se queda,,defecto,
2385,método,approval.request._sgi_archive_signed_pdf,addons/quimibond_sgi/models/sgi_doc_change_sign.py:280,,Se queda,,defecto,
2386,método,approval.request._sgi_sync_all_sign,addons/quimibond_sgi/models/sgi_doc_change_sign.py:296,,Se queda,,defecto,
2387,método,sign.request.item.write,addons/quimibond_sgi/models/sgi_doc_change_sign.py:322,,Se queda,,defecto,
2388,método,sign.request.write,addons/quimibond_sgi/models/sgi_doc_change_sign.py:332,,Se queda,,defecto,
2389,método,documents.document.action_sgi_open_migration_point,addons/quimibond_sgi/models/sgi_document.py:175,,Se queda,,defecto,
2390,método,documents.document.action_sgi_resolve_odoo_menu,addons/quimibond_sgi/models/sgi_document.py:191,,Se queda,C-011,coincidencia de nombre en hallazgo,
2391,método,documents.document.action_sgi_open_odoo_form,addons/quimibond_sgi/models/sgi_document.py:220,,Se queda,,defecto,
2392,método,documents.document._compute_sgi_family,addons/quimibond_sgi/models/sgi_document.py:261,,Se queda,,defecto,
2393,método,documents.document._onchange_sgi_code_parent,addons/quimibond_sgi/models/sgi_document.py:271,,Se queda,,defecto,
2394,método,documents.document._compute_sgi_ack_stats,addons/quimibond_sgi/models/sgi_document.py:287,,Se queda,,defecto,
2395,método,documents.document._onchange_sgi_issue_date,addons/quimibond_sgi/models/sgi_document.py:296,,Se queda,,defecto,
2396,método,documents.document.init,addons/quimibond_sgi/models/sgi_document.py:301,,Se queda,,defecto,
2397,método,documents.document._compute_sgi_doc_type,addons/quimibond_sgi/models/sgi_document.py:335,,Se queda,,defecto,
2398,método,documents.document._inverse_sgi_doc_type,addons/quimibond_sgi/models/sgi_document.py:341,,Se queda,,defecto,
2399,método,documents.document._compute_sgi_revision_label,addons/quimibond_sgi/models/sgi_document.py:357,,Se queda,,defecto,
2400,método,documents.document._sgi_share_controlled,addons/quimibond_sgi/models/sgi_document.py:361,,Se queda,,defecto,
2401,método,documents.document._check_sgi_code,addons/quimibond_sgi/models/sgi_document.py:379,,Se queda,,defecto,
2402,método,documents.document._sgi_same_code_docs,addons/quimibond_sgi/models/sgi_document.py:422,,Se queda,,defecto,
2403,método,documents.document._check_sgi_revision_unique,addons/quimibond_sgi/models/sgi_document.py:433,,Se queda,,defecto,
2404,método,documents.document._check_sgi_code_family,addons/quimibond_sgi/models/sgi_document.py:447,,Se queda,,defecto,
2405,método,documents.document._sgi_check_revision_increases,addons/quimibond_sgi/models/sgi_document.py:465,,Se queda,,defecto,
2406,método,documents.document._sgi_check_procedure_measures,addons/quimibond_sgi/models/sgi_document.py:488,,Se queda,,defecto,
2407,método,documents.document._sgi_find_by_code,addons/quimibond_sgi/models/sgi_document.py:512,,Se corrige,C-005 C-006,coincidencia de nombre en hallazgo,
2408,método,documents.document._check_unique_vigente,addons/quimibond_sgi/models/sgi_document.py:530,,Se queda,,defecto,
2409,método,documents.document._obsolete_code,addons/quimibond_sgi/models/sgi_document.py:546,,Se queda,,defecto,
2410,método,documents.document._sgi_reparent_family,addons/quimibond_sgi/models/sgi_document.py:566,,Se queda,,defecto,
2411,método,documents.document.create,addons/quimibond_sgi/models/sgi_document.py:587,,Se queda,,defecto,
2412,método,documents.document.write,addons/quimibond_sgi/models/sgi_document.py:620,,Se corrige,L-010,coincidencia de nombre en hallazgo,
2413,método,documents.document.action_generate_acks,addons/quimibond_sgi/models/sgi_document.py:684,,Se queda,,defecto,
2414,método,documents.document.action_open_acks,addons/quimibond_sgi/models/sgi_document.py:701,,Se queda,,defecto,
2415,método,documents.document.action_sgi_view_file,addons/quimibond_sgi/models/sgi_document.py:712,,Se queda,,defecto,
2416,método,documents.document.action_sgi_open_in_documents,addons/quimibond_sgi/models/sgi_document.py:740,,Se queda,,defecto,
2417,método,sgi.document.ack._sgi_check_can_sign,addons/quimibond_sgi/models/sgi_document.py:782,,Se queda,,defecto,
2418,método,sgi.document.ack.create,addons/quimibond_sgi/models/sgi_document.py:792,,Se queda,,defecto,
2419,método,sgi.document.ack.write,addons/quimibond_sgi/models/sgi_document.py:799,,Se queda,,defecto,
2420,método,sgi.document.ack.action_mark_read,addons/quimibond_sgi/models/sgi_document.py:809,,Se queda,,defecto,
2421,método,sgi.document.ack.action_view_file,addons/quimibond_sgi/models/sgi_document.py:815,,Se queda,,defecto,
2422,método,sgi.emergency.plan._compute_drill_count,addons/quimibond_sgi/models/sgi_emergency.py:61,,Se queda,,defecto,
2423,método,sgi.emergency.plan._compute_drill_dates,addons/quimibond_sgi/models/sgi_emergency.py:66,,Se queda,,defecto,
2424,método,sgi.emergency.plan._compute_display_name,addons/quimibond_sgi/models/sgi_emergency.py:77,,Se queda,,defecto,
2425,método,sgi.emergency.plan.action_set_vigente,addons/quimibond_sgi/models/sgi_emergency.py:82,,Se queda,,defecto,
2426,método,sgi.emergency.plan.action_set_borrador,addons/quimibond_sgi/models/sgi_emergency.py:91,,Se queda,,defecto,
2427,método,sgi.emergency.plan.action_set_obsoleto,addons/quimibond_sgi/models/sgi_emergency.py:95,,Se queda,,defecto,
2428,método,sgi.emergency.plan.action_view_drills,addons/quimibond_sgi/models/sgi_emergency.py:99,,Se queda,,defecto,
2429,método,sgi.emergency.drill._compute_display_name,addons/quimibond_sgi/models/sgi_emergency.py:146,,Se queda,,defecto,
2430,método,sgi.emergency.drill._sgi_check_can_realize,addons/quimibond_sgi/models/sgi_emergency.py:151,,Se queda,,defecto,
2431,método,sgi.emergency.drill.write,addons/quimibond_sgi/models/sgi_emergency.py:174,,Se queda,,defecto,
2432,método,sgi.emergency.drill.action_set_realizado,addons/quimibond_sgi/models/sgi_emergency.py:184,,Se queda,,defecto,
2433,método,sgi.emergency.drill.action_set_cancelado,addons/quimibond_sgi/models/sgi_emergency.py:192,,Se queda,,defecto,
2434,método,sgi.emergency.drill.action_set_programado,addons/quimibond_sgi/models/sgi_emergency.py:196,,Se queda,,defecto,
2435,método,sgi.epp.delivery._compute_job_id,addons/quimibond_sgi/models/sgi_epp.py:46,,Se queda,,defecto,
2436,método,sgi.epp.delivery._compute_can_sign,addons/quimibond_sgi/models/sgi_epp.py:53,,Se queda,,defecto,
2437,método,sgi.epp.delivery._onchange_employee_id,addons/quimibond_sgi/models/sgi_epp.py:59,,Se queda,,defecto,
2438,método,sgi.epp.delivery._sgi_check_can_sign,addons/quimibond_sgi/models/sgi_epp.py:63,,Se queda,,defecto,
2439,método,sgi.epp.delivery.create,addons/quimibond_sgi/models/sgi_epp.py:73,,Se queda,,defecto,
2440,método,sgi.epp.delivery.write,addons/quimibond_sgi/models/sgi_epp.py:85,,Se queda,,defecto,
2441,método,sgi.epp.delivery.action_sign,addons/quimibond_sgi/models/sgi_epp.py:94,,Se queda,,defecto,
2442,método,hr.employee._compute_sgi_epp_counts,addons/quimibond_sgi/models/sgi_epp.py:112,,Se queda,,defecto,
2443,método,hr.employee.action_sgi_epp_deliveries,addons/quimibond_sgi/models/sgi_epp.py:119,,Se queda,,defecto,
2444,método,hr.employee.action_sgi_deliver_epp,addons/quimibond_sgi/models/sgi_epp.py:128,,Se queda,,defecto,
2445,método,sgi.epp.delivery._compute_items,addons/quimibond_sgi/models/sgi_epp_sign.py:44,,Se queda,,defecto,
2446,método,sgi.epp.delivery.write,addons/quimibond_sgi/models/sgi_epp_sign.py:53,,Se queda,,defecto,
2447,método,sgi.epp.delivery._sgi_epp_sign_template,addons/quimibond_sgi/models/sgi_epp_sign.py:60,,Se queda,,defecto,
2448,método,sgi.epp.delivery._sgi_epp_auto_template,addons/quimibond_sgi/models/sgi_epp_sign.py:65,,Se queda,,defecto,
2449,método,sgi.epp.delivery.action_send_sign_request,addons/quimibond_sgi/models/sgi_epp_sign.py:76,,Se queda,,defecto,
2450,método,sgi.epp.delivery.action_open_sign_request,addons/quimibond_sgi/models/sgi_epp_sign.py:104,,Se queda,,defecto,
2451,método,sgi.epp.delivery._sgi_sync_from_sign,addons/quimibond_sgi/models/sgi_epp_sign.py:112,,Se queda,,defecto,
2452,método,sgi.epp.delivery.sgi_format_info,addons/quimibond_sgi/models/sgi_epp_sign.py:123,,Se queda,,defecto,
2453,método,sgi.activity.exec.stat._compute_display_name,addons/quimibond_sgi/models/sgi_exec_stat.py:55,,Se queda,,defecto,
2454,método,documents.document._compute_sgi_ext_deadline,addons/quimibond_sgi/models/sgi_external_doc.py:37,,Se queda,,defecto,
2455,método,documents.document._compute_sgi_ext_state,addons/quimibond_sgi/models/sgi_external_doc.py:46,,Se queda,,defecto,
2456,método,documents.document._sgi_ext_owner_user_id,addons/quimibond_sgi/models/sgi_external_doc.py:57,,Se queda,,defecto,
2457,método,sgi.cron.cron_documents,addons/quimibond_sgi/models/sgi_external_doc.py:67,,Se queda,,defecto,
2458,método,sgi.cron._sgi_external_doc_notices,addons/quimibond_sgi/models/sgi_external_doc.py:73,,Se queda,,defecto,
2459,método,sgi.fmea._compute_max_npr,addons/quimibond_sgi/models/sgi_fmea.py:50,,Sale a otro módulo,A-018,decisión (módulo que sale / modelo que se retira),
2460,método,sgi.fmea._compute_sgi_nc_count,addons/quimibond_sgi/models/sgi_fmea.py:55,,Sale a otro módulo,A-018,decisión (módulo que sale / modelo que se retira),
2461,método,sgi.fmea.action_view_sgi_ncs,addons/quimibond_sgi/models/sgi_fmea.py:59,,Sale a otro módulo,A-018,decisión (módulo que sale / modelo que se retira),
2462,método,sgi.fmea._sgi_check_can_publish,addons/quimibond_sgi/models/sgi_fmea.py:69,,Sale a otro módulo,A-018,decisión (módulo que sale / modelo que se retira),
2463,método,sgi.fmea.write,addons/quimibond_sgi/models/sgi_fmea.py:111,,Sale a otro módulo,A-018,decisión (módulo que sale / modelo que se retira),
2464,método,sgi.fmea.action_set_vigente,addons/quimibond_sgi/models/sgi_fmea.py:116,,Sale a otro módulo,A-018,decisión (módulo que sale / modelo que se retira),
2465,método,sgi.fmea.action_set_borrador,addons/quimibond_sgi/models/sgi_fmea.py:120,,Sale a otro módulo,A-018,decisión (módulo que sale / modelo que se retira),
2466,método,sgi.fmea.action_set_obsoleto,addons/quimibond_sgi/models/sgi_fmea.py:124,,Sale a otro módulo,A-018,decisión (módulo que sale / modelo que se retira),
2467,método,sgi.fmea._compute_display_name,addons/quimibond_sgi/models/sgi_fmea.py:141,,Sale a otro módulo,A-018,decisión (módulo que sale / modelo que se retira),
2468,método,sgi.fmea.line._sgi_npr_threshold,addons/quimibond_sgi/models/sgi_fmea.py:176,,Sale a otro módulo,A-018,decisión (módulo que sale / modelo que se retira),
2469,método,sgi.fmea.line._compute_npr,addons/quimibond_sgi/models/sgi_fmea.py:181,,Sale a otro módulo,A-018,decisión (módulo que sale / modelo que se retira),
2470,método,sgi.fmea.line._compute_npr_post,addons/quimibond_sgi/models/sgi_fmea.py:191,,Sale a otro módulo,A-018,decisión (módulo que sale / modelo que se retira),
2471,método,sgi.fmea.line.unlink,addons/quimibond_sgi/models/sgi_fmea.py:203,,Sale a otro módulo,A-018,decisión (módulo que sale / modelo que se retira),
2472,método,sgi.format.map._check_codes,addons/quimibond_sgi/models/sgi_format_map.py:43,,Se queda,,defecto,
2473,método,sgi.format.map._get_for_model,addons/quimibond_sgi/models/sgi_format_map.py:54,,Se queda,,defecto,
2474,método,sgi.format.map._revision_of,addons/quimibond_sgi/models/sgi_format_map.py:58,,Se queda,,defecto,
2475,método,sgi.config.seed_parameters,addons/quimibond_sgi/models/sgi_format_map.py:171,,Se queda,A-006 B-001 F-008,hallazgo (se conserva),
2476,método,sgi.config.activate_auto_indicators,addons/quimibond_sgi/models/sgi_format_map.py:197,,Se elimina,A-006 B-001 F-008,hallazgo (propuesta de B-001/A-006),
2477,método,sgi.config.fix_kpi_seeds,addons/quimibond_sgi/models/sgi_format_map.py:207,,Se elimina,A-006 B-001 F-008,hallazgo (propuesta de B-001/A-006),
2478,método,sgi.config.recompute_pending_measures,addons/quimibond_sgi/models/sgi_format_map.py:236,,Se corrige,A-006 B-001 F-008,hallazgo (propuesta de B-001/A-006),
2479,método,sgi.config.migrate_document_families,addons/quimibond_sgi/models/sgi_format_map.py:283,,Se corrige,A-006 B-001 E-001 F-008,hallazgo (propuesta de B-001/A-006),
2480,método,sgi.config._sgi_resolve_menu,addons/quimibond_sgi/models/sgi_format_map.py:487,,Se queda,,defecto,
2481,método,sgi.config._sgi_vigente_docs_by_codes,addons/quimibond_sgi/models/sgi_format_map.py:502,,Se elimina,B-002,coincidencia de nombre en hallazgo,
2482,método,sgi.config.seed_procedure_ventas,addons/quimibond_sgi/models/sgi_format_map.py:514,,Se elimina,A-003 B-002 F-008,coincidencia de nombre en hallazgo,
2483,método,sgi.config.seed_process_purposes,addons/quimibond_sgi/models/sgi_format_map.py:625,,Se elimina,A-003 A-006 B-001 F-008,hallazgo (propuesta de B-001/A-006),
2484,método,sgi.config.harden_noupdate,addons/quimibond_sgi/models/sgi_format_map.py:633,,Se elimina,A-006 B-001 F-008,hallazgo (propuesta de B-001/A-006),
2485,método,sgi.format.mixin._sgi_format_applies,addons/quimibond_sgi/models/sgi_format_map.py:657,,Se queda,,defecto,
2486,método,sgi.format.mixin._sgi_format_code,addons/quimibond_sgi/models/sgi_format_map.py:662,,Se queda,,defecto,
2487,método,sgi.format.mixin.sgi_format_info,addons/quimibond_sgi/models/sgi_format_map.py:667,,Se queda,,defecto,
2488,método,sgi.format.mixin._compute_sgi_format_banner,addons/quimibond_sgi/models/sgi_format_map.py:677,,Se queda,,defecto,
2489,método,sale.order._sgi_format_code,addons/quimibond_sgi/models/sgi_format_map.py:688,,Se queda,,defecto,
2490,método,stock.picking._sgi_format_applies,addons/quimibond_sgi/models/sgi_format_map.py:704,,Se queda,,defecto,
2491,método,res.groups._sgi_enforce_mast_members,addons/quimibond_sgi/models/sgi_groups_cleanup.py:30,,Se elimina,B-005,decisión (archivo),
2492,método,res.groups._sgi_legacy_groups,addons/quimibond_sgi/models/sgi_groups_cleanup.py:47,,Se elimina,B-005,decisión (archivo),
2493,método,res.groups._sgi_retire_legacy_groups,addons/quimibond_sgi/models/sgi_groups_cleanup.py:56,,Se elimina,B-005,decisión (archivo),
2494,método,sgi.process.activity._compute_flow_parent_id,addons/quimibond_sgi/models/sgi_hierarchy.py:32,,Se queda,,defecto,
2495,método,sgi.process.activity._compute_flow_child_count,addons/quimibond_sgi/models/sgi_hierarchy.py:42,,Se queda,,defecto,
2496,método,sgi.process.activity._compute_flow_executor,addons/quimibond_sgi/models/sgi_hierarchy.py:47,,Se queda,,defecto,
2497,método,sgi.process._compute_child_count,addons/quimibond_sgi/models/sgi_hierarchy.py:58,,Se queda,,defecto,
2498,método,sgi.process._sgi_diagram_action,addons/quimibond_sgi/models/sgi_hierarchy.py:62,,Se queda,,defecto,
2499,método,sgi.process.action_sgi_view_diagram,addons/quimibond_sgi/models/sgi_hierarchy.py:73,,Se queda,,defecto,
2500,método,sgi.process.action_sgi_view_process_map,addons/quimibond_sgi/models/sgi_hierarchy.py:78,,Se elimina,B-011,coincidencia de nombre en hallazgo,
2501,método,sgi.process.action_sgi_view_sipoc,addons/quimibond_sgi/models/sgi_hierarchy.py:90,,Se queda,,defecto,
2502,método,sgi.process.action_sgi_view_doc_tree,addons/quimibond_sgi/models/sgi_hierarchy.py:93,,Se queda,,defecto,
2503,método,sgi.process.sgi_map_data,addons/quimibond_sgi/models/sgi_hierarchy.py:97,,Se elimina,B-012,02-obsoleto,
2504,método,sgi.health.record._compute_next_date,addons/quimibond_sgi/models/sgi_hse_records.py:57,,Se queda,,defecto,
2505,método,sgi.health.record._compute_state,addons/quimibond_sgi/models/sgi_hse_records.py:63,,Se queda,,defecto,
2506,método,sgi.health.record._sgi_expiry_notices,addons/quimibond_sgi/models/sgi_hse_records.py:74,,Se corrige,I-013,coincidencia de nombre en hallazgo,
2507,método,sgi.cron.cron_competences,addons/quimibond_sgi/models/sgi_hse_records.py:109,,Se queda,,defecto,
2508,método,sgi.csh.inspection._compute_counts,addons/quimibond_sgi/models/sgi_hse_records.py:140,,Se queda,,defecto,
2509,método,sgi.csh.inspection.create,addons/quimibond_sgi/models/sgi_hse_records.py:146,,Se queda,,defecto,
2510,método,sgi.csh.inspection.action_close,addons/quimibond_sgi/models/sgi_hse_records.py:153,,Se queda,,defecto,
2511,método,sgi.csh.inspection.action_reopen,addons/quimibond_sgi/models/sgi_hse_records.py:165,,Se queda,,defecto,
2512,método,sgi.csh.inspection.action_view_ncs,addons/quimibond_sgi/models/sgi_hse_records.py:168,,Se queda,,defecto,
2513,método,sgi.csh.finding.action_generate_nc,addons/quimibond_sgi/models/sgi_hse_records.py:196,,Se queda,,defecto,
2514,método,project.task._sgi_check_can_close_improvement,addons/quimibond_sgi/models/sgi_improvement.py:31,,Se queda,,defecto,
2515,método,project.task.write,addons/quimibond_sgi/models/sgi_improvement.py:48,,Se queda,,defecto,
2516,método,sgi.incident.create,addons/quimibond_sgi/models/sgi_incident.py:70,,Se queda,,defecto,
2517,método,sgi.incident.write,addons/quimibond_sgi/models/sgi_incident.py:77,,Se queda,,defecto,
2518,método,sgi.incident._sgi_create_alert,addons/quimibond_sgi/models/sgi_incident.py:98,,Se queda,,defecto,
2519,método,sgi.incident._sgi_notify_if_serious,addons/quimibond_sgi/models/sgi_incident.py:134,,Se queda,,defecto,
2520,método,sgi.incident._sgi_check_can_close,addons/quimibond_sgi/models/sgi_incident.py:161,,Se queda,,defecto,
2521,método,sgi.incident.action_set_investigacion,addons/quimibond_sgi/models/sgi_incident.py:186,,Se queda,,defecto,
2522,método,sgi.incident.action_set_acciones,addons/quimibond_sgi/models/sgi_incident.py:190,,Se queda,,defecto,
2523,método,sgi.incident.action_set_cerrado,addons/quimibond_sgi/models/sgi_incident.py:194,,Se queda,,defecto,
2524,método,sgi.incident.action_set_reportado,addons/quimibond_sgi/models/sgi_incident.py:199,,Se queda,,defecto,
2525,método,sgi.incident._compute_display_name,addons/quimibond_sgi/models/sgi_incident.py:204,,Se queda,,defecto,
2526,método,sgi.indicator._compute_source,addons/quimibond_sgi/models/sgi_indicator.py:171,,Se queda,,defecto,
2527,método,sgi.indicator._compute_last_measure,addons/quimibond_sgi/models/sgi_indicator.py:204,,Se queda,,defecto,
2528,método,sgi.indicator._compute_display_name,addons/quimibond_sgi/models/sgi_indicator.py:216,,Se queda,,defecto,
2529,método,sgi.indicator.action_sgi_measures,addons/quimibond_sgi/models/sgi_indicator.py:221,,Se queda,,defecto,
2530,método,sgi.indicator.action_view_trend,addons/quimibond_sgi/models/sgi_indicator.py:234,,Se queda,,defecto,
2531,método,sgi.indicator._sgi_compute_value,addons/quimibond_sgi/models/sgi_indicator.py:250,,Se queda,,defecto,
2532,método,sgi.indicator._sgi_period_bounds,addons/quimibond_sgi/models/sgi_indicator.py:260,,Se queda,,defecto,
2533,método,sgi.indicator._sgi_dt_bounds,addons/quimibond_sgi/models/sgi_indicator.py:267,,Se queda,,defecto,
2534,método,sgi.indicator._sgi_kpi_company,addons/quimibond_sgi/models/sgi_indicator.py:271,,Se corrige,G-019,coincidencia de nombre en hallazgo,
2535,método,sgi.indicator._calc_otif_ventas,addons/quimibond_sgi/models/sgi_indicator.py:285,,Se queda,,02-obsoleto,
2536,método,sgi.indicator._calc_otd_compras,addons/quimibond_sgi/models/sgi_indicator.py:301,,Se queda,,02-obsoleto,
2537,método,sgi.indicator._sgi_production_done,addons/quimibond_sgi/models/sgi_indicator.py:318,,Se queda,,defecto,
2538,método,sgi.indicator._calc_produccion_vs_programado,addons/quimibond_sgi/models/sgi_indicator.py:325,,Se queda,,02-obsoleto,
2539,método,sgi.indicator._sgi_waste_category_ids,addons/quimibond_sgi/models/sgi_indicator.py:333,,Se elimina,B-010,coincidencia de nombre en hallazgo,
2540,método,sgi.indicator._calc_desperdicio,addons/quimibond_sgi/models/sgi_indicator.py:342,,Se elimina,B-010,02-obsoleto,
2541,método,sgi.indicator._calc_desperdicio_scrap,addons/quimibond_sgi/models/sgi_indicator.py:357,,Se elimina,B-010,02-obsoleto,
2542,método,sgi.indicator._calc_calidad_pq,addons/quimibond_sgi/models/sgi_indicator.py:370,,Se queda,A-019,02-obsoleto,
2543,método,sgi.indicator._calc_cumplimiento_programa,addons/quimibond_sgi/models/sgi_indicator.py:386,,Se queda,,02-obsoleto,
2544,método,sgi.indicator._calc_cierre_nc,addons/quimibond_sgi/models/sgi_indicator.py:400,,Se queda,,02-obsoleto,
2545,método,sgi.indicator._calc_reclamos_cliente,addons/quimibond_sgi/models/sgi_indicator.py:415,,Se queda,,02-obsoleto,
2546,método,sgi.indicator._calc_disponibilidad_mantto,addons/quimibond_sgi/models/sgi_indicator.py:426,,Se elimina,B-010,02-obsoleto,
2547,método,sgi.indicator._calc_preventivo_cumplido,addons/quimibond_sgi/models/sgi_indicator.py:430,,Se elimina,B-010,02-obsoleto,
2548,método,sgi.indicator._calc_rotacion_rh,addons/quimibond_sgi/models/sgi_indicator.py:441,,Se queda,,02-obsoleto,
2549,método,sgi.indicator._calc_plantilla_rh,addons/quimibond_sgi/models/sgi_indicator.py:451,,Se elimina,B-010,02-obsoleto,
2550,método,sgi.indicator._sgi_year_budget_amount,addons/quimibond_sgi/models/sgi_indicator.py:455,,Se queda,,defecto,
2551,método,sgi.indicator._calc_presupuesto_ventas,addons/quimibond_sgi/models/sgi_indicator.py:467,,Se queda,,02-obsoleto,
2552,método,sgi.indicator._note_presupuesto_ventas,addons/quimibond_sgi/models/sgi_indicator.py:481,,Se queda,,02-obsoleto,
2553,método,sgi.indicator._sgi_net_invoiced,addons/quimibond_sgi/models/sgi_indicator.py:487,,Se queda,,defecto,
2554,método,sgi.indicator._sgi_receivable_balance,addons/quimibond_sgi/models/sgi_indicator.py:501,,Se queda,,defecto,
2555,método,sgi.indicator._calc_crecimiento_ventas,addons/quimibond_sgi/models/sgi_indicator.py:516,,Se queda,,02-obsoleto,
2556,método,sgi.indicator._calc_ots_atendidas,addons/quimibond_sgi/models/sgi_indicator.py:526,,Se queda,,02-obsoleto,
2557,método,sgi.indicator._sgi_purchase_approval_categories,addons/quimibond_sgi/models/sgi_indicator.py:542,,Se queda,,defecto,
2558,método,sgi.indicator._calc_requisiciones,addons/quimibond_sgi/models/sgi_indicator.py:557,,Se queda,,02-obsoleto,
2559,método,sgi.indicator._sgi_outgoing_done,addons/quimibond_sgi/models/sgi_indicator.py:575,,Se queda,,defecto,
2560,método,sgi.indicator._sgi_shipments_with_return,addons/quimibond_sgi/models/sgi_indicator.py:583,,Se queda,,defecto,
2561,método,sgi.indicator._calc_embarques_sin_error,addons/quimibond_sgi/models/sgi_indicator.py:588,,Se queda,,02-obsoleto,
2562,método,sgi.indicator._calc_produccion_vs_capacidad,addons/quimibond_sgi/models/sgi_indicator.py:598,,Se queda,,02-obsoleto,
2563,método,sgi.indicator._sgi_energy_partner,addons/quimibond_sgi/models/sgi_indicator.py:619,,Se queda,,defecto,
2564,método,sgi.indicator._note_consumo_energia,addons/quimibond_sgi/models/sgi_indicator.py:627,,Se queda,,02-obsoleto,
2565,método,sgi.indicator._note_produccion_vs_capacidad,addons/quimibond_sgi/models/sgi_indicator.py:633,,Se queda,,02-obsoleto,
2566,método,sgi.indicator._calc_compras_sin_devolucion,addons/quimibond_sgi/models/sgi_indicator.py:640,,Se elimina,B-010,02-obsoleto,
2567,método,sgi.indicator._calc_capacitacion,addons/quimibond_sgi/models/sgi_indicator.py:656,,Se queda,,02-obsoleto,
2568,método,sgi.indicator._sgi_satisfaction_survey,addons/quimibond_sgi/models/sgi_indicator.py:679,,Se queda,,defecto,
2569,método,sgi.indicator._calc_satisfaccion_cliente,addons/quimibond_sgi/models/sgi_indicator.py:695,,Se queda,,02-obsoleto,
2570,método,sgi.indicator._note_satisfaccion_cliente,addons/quimibond_sgi/models/sgi_indicator.py:720,,Se queda,,02-obsoleto,
2571,método,sgi.indicator._sgi_compute_note,addons/quimibond_sgi/models/sgi_indicator.py:726,,Se queda,,defecto,
2572,método,sgi.indicator._calc_inventario_ciclico,addons/quimibond_sgi/models/sgi_indicator.py:735,,Se elimina,B-010,02-obsoleto,
2573,método,sgi.indicator._sgi_net_purchased,addons/quimibond_sgi/models/sgi_indicator.py:758,,Se queda,,defecto,
2574,método,sgi.indicator._calc_margen_ventas,addons/quimibond_sgi/models/sgi_indicator.py:770,,Se elimina,B-010,02-obsoleto,
2575,método,sgi.indicator._calc_compras_vs_ventas,addons/quimibond_sgi/models/sgi_indicator.py:796,,Se elimina,B-010,02-obsoleto,
2576,método,sgi.indicator._calc_clientes_nuevos,addons/quimibond_sgi/models/sgi_indicator.py:804,,Se queda,,02-obsoleto,
2577,método,sgi.indicator._sgi_customer_moves_domain,addons/quimibond_sgi/models/sgi_indicator.py:826,,Se queda,,defecto,
2578,método,sgi.indicator._calc_concentracion_top3,addons/quimibond_sgi/models/sgi_indicator.py:832,,Se queda,,02-obsoleto,
2579,método,sgi.indicator._calc_facturacion_usd,addons/quimibond_sgi/models/sgi_indicator.py:846,,Se queda,,02-obsoleto,
2580,método,sgi.indicator._calc_notas_credito,addons/quimibond_sgi/models/sgi_indicator.py:860,,Se queda,,02-obsoleto,
2581,método,sgi.indicator._calc_dso_cartera,addons/quimibond_sgi/models/sgi_indicator.py:874,,Se queda,,02-obsoleto,
2582,método,sgi.indicator._sgi_open_moves,addons/quimibond_sgi/models/sgi_indicator.py:887,,Se queda,,defecto,
2583,método,sgi.indicator._sgi_overdue_pct,addons/quimibond_sgi/models/sgi_indicator.py:898,,Se queda,,defecto,
2584,método,sgi.indicator._calc_cartera_vencida,addons/quimibond_sgi/models/sgi_indicator.py:911,,Se queda,,02-obsoleto,
2585,método,sgi.indicator._calc_cartera_vencida_60,addons/quimibond_sgi/models/sgi_indicator.py:914,,Se queda,,02-obsoleto,
2586,método,sgi.indicator._sgi_invoiced_partner_ids,addons/quimibond_sgi/models/sgi_indicator.py:917,,Se queda,,defecto,
2587,método,sgi.indicator._calc_retencion_clientes,addons/quimibond_sgi/models/sgi_indicator.py:925,,Se queda,,02-obsoleto,
2588,método,sgi.indicator._calc_clientes_reactivados,addons/quimibond_sgi/models/sgi_indicator.py:937,,Se queda,,02-obsoleto,
2589,método,sgi.indicator._sgi_customer_amounts_12m,addons/quimibond_sgi/models/sgi_indicator.py:962,,Se queda,,defecto,
2590,método,sgi.indicator._calc_ventas_fuera_top10,addons/quimibond_sgi/models/sgi_indicator.py:971,,Se queda,,02-obsoleto,
2591,método,sgi.indicator._calc_concentracion_productos,addons/quimibond_sgi/models/sgi_indicator.py:980,,Se queda,,02-obsoleto,
2592,método,sgi.indicator._calc_pedidos_cancelados,addons/quimibond_sgi/models/sgi_indicator.py:1002,,Se queda,,02-obsoleto,
2593,método,sgi.indicator._calc_entregas_completas,addons/quimibond_sgi/models/sgi_indicator.py:1014,,Se queda,,02-obsoleto,
2594,método,sgi.indicator._calc_dpo_pagos,addons/quimibond_sgi/models/sgi_indicator.py:1024,,Se queda,,02-obsoleto,
2595,método,sgi.indicator.measure._compute_semaphore,addons/quimibond_sgi/models/sgi_indicator.py:1080,,Se queda,,defecto,
2596,método,sgi.indicator.measure._compute_display_name,addons/quimibond_sgi/models/sgi_indicator.py:1107,,Se queda,,defecto,
2597,método,sgi.indicator.measure.action_view_evidence,addons/quimibond_sgi/models/sgi_indicator.py:1147,,Se queda,,defecto,
2598,método,sgi.indicator.measure.write,addons/quimibond_sgi/models/sgi_indicator.py:1362,,Se queda,,defecto,
2599,método,sgi.indicator.measure.action_capture,addons/quimibond_sgi/models/sgi_indicator.py:1376,,Se queda,,defecto,
2600,método,sgi.indicator.measure.action_validate,addons/quimibond_sgi/models/sgi_indicator.py:1379,,Se queda,,defecto,
2601,método,sgi.indicator.measure.action_reset,addons/quimibond_sgi/models/sgi_indicator.py:1384,,Se queda,,defecto,
2602,método,sgi.indicator.measure._sgi_check_validate_access,addons/quimibond_sgi/models/sgi_indicator.py:1388,,Se queda,,defecto,
2603,método,sgi.indicator.measure._sgi_maybe_create_nc,addons/quimibond_sgi/models/sgi_indicator.py:1399,,Se queda,,defecto,
2604,método,sgi.indicator._sgi_set_calc,addons/quimibond_sgi/models/sgi_indicator_detail.py:68,,Se queda,,defecto,
2605,método,sgi.indicator._sgi_calc_diagnose,addons/quimibond_sgi/models/sgi_indicator_detail.py:72,,Se queda,,defecto,
2606,método,sgi.indicator.action_set_official,addons/quimibond_sgi/models/sgi_indicator_detail.py:85,,Se queda,,defecto,
2607,método,sgi.indicator.action_set_trial,addons/quimibond_sgi/models/sgi_indicator_detail.py:88,,Se queda,,defecto,
2608,método,sgi.indicator._sgi_compute_detail,addons/quimibond_sgi/models/sgi_indicator_detail.py:94,,Se queda,,defecto,
2609,método,sgi.indicator._sgi_evidence_records,addons/quimibond_sgi/models/sgi_indicator_detail.py:112,,Se queda,,defecto,
2610,método,sgi.indicator._sgi_measure_vals,addons/quimibond_sgi/models/sgi_indicator_detail.py:132,,Se queda,,defecto,
2611,método,sgi.indicator._sgi_measurable_on,addons/quimibond_sgi/models/sgi_indicator_detail.py:157,,Se queda,,defecto,
2612,método,sgi.indicator._sgi_aggregate,addons/quimibond_sgi/models/sgi_indicator_detail.py:163,,Se elimina,B-012,02-obsoleto,
2613,método,sgi.indicator._ratio,addons/quimibond_sgi/models/sgi_indicator_detail.py:178,,Se queda,,defecto,
2614,método,sgi.indicator._detail_otif_ventas,addons/quimibond_sgi/models/sgi_indicator_detail.py:188,,Se queda,,02-obsoleto,
2615,método,sgi.indicator._detail_otd_compras,addons/quimibond_sgi/models/sgi_indicator_detail.py:195,,Se queda,,02-obsoleto,
2616,método,sgi.indicator._detail_entregas_completas,addons/quimibond_sgi/models/sgi_indicator_detail.py:208,,Se queda,,02-obsoleto,
2617,método,sgi.indicator._detail_embarques_sin_error,addons/quimibond_sgi/models/sgi_indicator_detail.py:213,,Se queda,,02-obsoleto,
2618,método,sgi.indicator._detail_pedidos_cancelados,addons/quimibond_sgi/models/sgi_indicator_detail.py:218,,Se queda,,02-obsoleto,
2619,método,sgi.indicator._detail_cierre_nc,addons/quimibond_sgi/models/sgi_indicator_detail.py:227,,Se queda,,02-obsoleto,
2620,método,sgi.indicator._detail_calidad_pq,addons/quimibond_sgi/models/sgi_indicator_detail.py:238,,Se queda,,02-obsoleto,
2621,método,sgi.indicator._detail_preventivo_cumplido,addons/quimibond_sgi/models/sgi_indicator_detail.py:247,,Se elimina,B-010,02-obsoleto,
2622,método,sgi.indicator._detail_dso_cartera,addons/quimibond_sgi/models/sgi_indicator_detail.py:254,,Se queda,,02-obsoleto,
2623,método,sgi.indicator._sgi_detail_overdue,addons/quimibond_sgi/models/sgi_indicator_detail.py:262,,Se queda,,defecto,
2624,método,sgi.indicator._detail_cartera_vencida,addons/quimibond_sgi/models/sgi_indicator_detail.py:274,,Se queda,,02-obsoleto,
2625,método,sgi.indicator._detail_cartera_vencida_60,addons/quimibond_sgi/models/sgi_indicator_detail.py:277,,Se queda,,02-obsoleto,
2626,método,sgi.indicator.measure._compute_small_sample,addons/quimibond_sgi/models/sgi_indicator_detail.py:301,,Se queda,,defecto,
2627,método,sgi.indicator.measure._compute_detail_count,addons/quimibond_sgi/models/sgi_indicator_detail.py:309,,Se queda,,defecto,
2628,método,sgi.indicator.measure._compute_value_is_pct,addons/quimibond_sgi/models/sgi_indicator_detail.py:314,,Se queda,,defecto,
2629,método,sgi.indicator.measure._compute_semaphore,addons/quimibond_sgi/models/sgi_indicator_detail.py:320,,Se queda,,defecto,
2630,método,sgi.indicator.measure.action_view_records,addons/quimibond_sgi/models/sgi_indicator_detail.py:325,,Se queda,,defecto,
2631,método,sgi.indicator.measure.action_recompute_value,addons/quimibond_sgi/models/sgi_indicator_detail.py:344,,Se queda,,defecto,
2632,método,sgi.indicator.measure.action_validate,addons/quimibond_sgi/models/sgi_indicator_detail.py:368,,Se queda,,defecto,
2633,método,sgi.indicator.measure._sgi_previous_measure,addons/quimibond_sgi/models/sgi_indicator_detail.py:374,,Se queda,,defecto,
2634,método,sgi.indicator.measure._sgi_red_with_data,addons/quimibond_sgi/models/sgi_indicator_detail.py:384,,Se queda,,defecto,
2635,método,sgi.indicator.measure._sgi_maybe_create_nc,addons/quimibond_sgi/models/sgi_indicator_detail.py:389,,Se queda,,defecto,
2636,método,sgi.indicator.term._sgi_lock_date,addons/quimibond_sgi/models/sgi_indicator_formula.py:111,,Se queda,,defecto,
2637,método,sgi.indicator.term._sgi_resolve_placeholders,addons/quimibond_sgi/models/sgi_indicator_formula.py:118,,Se queda,,defecto,
2638,método,sgi.indicator.term._sgi_domain,addons/quimibond_sgi/models/sgi_indicator_formula.py:142,,Se queda,,defecto,
2639,método,sgi.indicator.term._check_term,addons/quimibond_sgi/models/sgi_indicator_formula.py:153,,Se queda,,defecto,
2640,método,sgi.indicator.term._sgi_window,addons/quimibond_sgi/models/sgi_indicator_formula.py:192,,Se queda,,defecto,
2641,método,sgi.indicator.term._sgi_records,addons/quimibond_sgi/models/sgi_indicator_formula.py:203,,Se queda,,defecto,
2642,método,sgi.indicator.term._sgi_delta,addons/quimibond_sgi/models/sgi_indicator_formula.py:230,,Se queda,,defecto,
2643,método,sgi.indicator.term._sgi_delta_ok,addons/quimibond_sgi/models/sgi_indicator_formula.py:254,,Se queda,,defecto,
2644,método,sgi.indicator.term._sgi_matching,addons/quimibond_sgi/models/sgi_indicator_formula.py:261,,Se queda,,defecto,
2645,método,sgi.indicator.term._sgi_value,addons/quimibond_sgi/models/sgi_indicator_formula.py:268,,Se queda,,defecto,
2646,método,sgi.indicator.term._sgi_describe,addons/quimibond_sgi/models/sgi_indicator_formula.py:287,,Se queda,,defecto,
2647,método,sgi.indicator.term._sgi_log_change,addons/quimibond_sgi/models/sgi_indicator_formula.py:310,,Se queda,,defecto,
2648,método,sgi.indicator.term.create,addons/quimibond_sgi/models/sgi_indicator_formula.py:318,,Se queda,,defecto,
2649,método,sgi.indicator.term.write,addons/quimibond_sgi/models/sgi_indicator_formula.py:323,,Se queda,,defecto,
2650,método,sgi.indicator.term.unlink,addons/quimibond_sgi/models/sgi_indicator_formula.py:331,,Se queda,,defecto,
2651,método,sgi.indicator._compute_can_edit_formula,addons/quimibond_sgi/models/sgi_indicator_formula.py:348,,Se queda,,defecto,
2652,método,sgi.indicator._compute_has_formula,addons/quimibond_sgi/models/sgi_indicator_formula.py:357,,Se queda,,defecto,
2653,método,sgi.indicator._sgi_terms,addons/quimibond_sgi/models/sgi_indicator_formula.py:364,,Se queda,,defecto,
2654,método,sgi.indicator._sgi_formula_changed,addons/quimibond_sgi/models/sgi_indicator_formula.py:371,,Se queda,,defecto,
2655,método,sgi.indicator._detail_configurable,addons/quimibond_sgi/models/sgi_indicator_formula.py:381,,Se queda,,defecto,
2656,método,sgi.indicator._calc_configurable,addons/quimibond_sgi/models/sgi_indicator_formula.py:413,,Se queda,,02-obsoleto,
2657,método,sgi.indicator._note_configurable,addons/quimibond_sgi/models/sgi_indicator_formula.py:416,,Se queda,,02-obsoleto,
2658,método,sgi.indicator.sgi_recalculate,addons/quimibond_sgi/models/sgi_indicator_formula.py:422,,Se queda,,defecto,
2659,método,sgi.indicator._sgi_default_period,addons/quimibond_sgi/models/sgi_indicator_formula.py:468,,Se queda,,defecto,
2660,método,sgi.indicator.action_recalculate_now,addons/quimibond_sgi/models/sgi_indicator_formula.py:477,,Se queda,,defecto,
2661,método,sgi.indicator._sgi_measure_vals,addons/quimibond_sgi/models/sgi_indicator_formula.py:482,,Se queda,,defecto,
2662,método,sgi.indicator._sgi_kg_consumed,addons/quimibond_sgi/models/sgi_indicator_i3.py:43,,Se queda,,defecto,
2663,método,sgi.indicator._detail_desperdicio_kg,addons/quimibond_sgi/models/sgi_indicator_i3.py:65,,Se queda,,defecto,
2664,método,sgi.indicator._calc_desperdicio_kg,addons/quimibond_sgi/models/sgi_indicator_i3.py:93,,Se queda,,02-obsoleto,
2665,método,sgi.indicator._sgi_balance_by_type,addons/quimibond_sgi/models/sgi_indicator_i3.py:97,,Se queda,,defecto,
2666,método,sgi.indicator._sgi_closing_move_domain,addons/quimibond_sgi/models/sgi_indicator_i3.py:110,,Se queda,,defecto,
2667,método,sgi.indicator._detail_margen_ebitda,addons/quimibond_sgi/models/sgi_indicator_i3.py:119,,Se queda,,defecto,
2668,método,sgi.indicator._calc_margen_ebitda,addons/quimibond_sgi/models/sgi_indicator_i3.py:130,,Se queda,,02-obsoleto,
2669,método,sgi.indicator._detail_compras_mp_vs_ventas,addons/quimibond_sgi/models/sgi_indicator_i3.py:134,,Se queda,,defecto,
2670,método,sgi.indicator._calc_compras_mp_vs_ventas,addons/quimibond_sgi/models/sgi_indicator_i3.py:156,,Se queda,,02-obsoleto,
2671,método,sgi.indicator._sgi_rework_picking_types,addons/quimibond_sgi/models/sgi_indicator_p21.py:37,,Se queda,,defecto,
2672,método,sgi.indicator._detail_reproceso,addons/quimibond_sgi/models/sgi_indicator_p21.py:41,,Se queda,,defecto,
2673,método,sgi.indicator._calc_reproceso,addons/quimibond_sgi/models/sgi_indicator_p21.py:65,,Se queda,,02-obsoleto,
2674,método,sgi.indicator._note_reproceso,addons/quimibond_sgi/models/sgi_indicator_p21.py:68,,Se queda,,02-obsoleto,
2675,método,sgi.indicator._sgi_has_valuation,addons/quimibond_sgi/models/sgi_indicator_p21.py:75,,Se queda,,defecto,
2676,método,sgi.indicator._detail_inventario_diferencia,addons/quimibond_sgi/models/sgi_indicator_p21.py:78,,Se queda,,defecto,
2677,método,sgi.indicator._calc_inventario_diferencia,addons/quimibond_sgi/models/sgi_indicator_p21.py:98,,Se queda,,02-obsoleto,
2678,método,sgi.indicator._note_inventario_diferencia,addons/quimibond_sgi/models/sgi_indicator_p21.py:101,,Se queda,,02-obsoleto,
2679,método,sgi.indicator._detail_consumo_energia,addons/quimibond_sgi/models/sgi_indicator_p21.py:107,,Se queda,,defecto,
2680,método,sgi.indicator._calc_consumo_energia,addons/quimibond_sgi/models/sgi_indicator_p21.py:130,,Se queda,,02-obsoleto,
2681,método,sgi.indicator._compute_window_label,addons/quimibond_sgi/models/sgi_indicator_plan.py:54,,Se queda,,defecto,
2682,método,sgi.action.line._compute_origin_display,addons/quimibond_sgi/models/sgi_indicator_plan.py:78,,Se queda,,defecto,
2683,método,sgi.action.line._sgi_origin,addons/quimibond_sgi/models/sgi_indicator_plan.py:84,,Se queda,,defecto,
2684,método,sgi.action.line._check_parent_xor,addons/quimibond_sgi/models/sgi_indicator_plan.py:92,,Se queda,,defecto,
2685,método,sgi.action.line.create,addons/quimibond_sgi/models/sgi_indicator_plan.py:102,,Se queda,,defecto,
2686,método,sgi.indicator.measure._compute_plan,addons/quimibond_sgi/models/sgi_indicator_plan.py:121,,Se queda,,defecto,
2687,método,sgi.indicator.measure._sgi_plan_summary,addons/quimibond_sgi/models/sgi_indicator_plan.py:135,,Se queda,,defecto,
2688,método,sgi.indicator.measure._sgi_plan_activity,addons/quimibond_sgi/models/sgi_indicator_plan.py:139,,Se queda,,defecto,
2689,método,sgi.indicator.measure._sgi_plan_captured,addons/quimibond_sgi/models/sgi_indicator_plan.py:161,,Se queda,,defecto,
2690,método,sgi.indicator.measure._sgi_escalate_red_plans,addons/quimibond_sgi/models/sgi_indicator_plan.py:174,,Se queda,,defecto,
2691,método,sgi.indicator.measure.create,addons/quimibond_sgi/models/sgi_indicator_plan.py:198,,Se queda,,defecto,
2692,método,sgi.indicator.measure.write,addons/quimibond_sgi/models/sgi_indicator_plan.py:203,,Se queda,,defecto,
2693,método,sgi.indicator.measure.action_open_plan,addons/quimibond_sgi/models/sgi_indicator_plan.py:210,,Se elimina,B-011,coincidencia de nombre en hallazgo,
2694,método,sgi.cron._sgi_monthly_run_due,addons/quimibond_sgi/models/sgi_indicator_plan.py:222,,Se corrige,G-020,coincidencia de nombre en hallazgo,
2695,método,sgi.cron._sgi_weekly_run_due,addons/quimibond_sgi/models/sgi_indicator_plan.py:237,,Se queda,,defecto,
2696,método,sgi.cron.cron_indicators,addons/quimibond_sgi/models/sgi_indicator_plan.py:246,,Se queda,,defecto,
2697,método,sgi.cron.cron_indicators_weekly,addons/quimibond_sgi/models/sgi_indicator_plan.py:258,,Se queda,,defecto,
2698,método,sgi.management.review.action_validate_measures,addons/quimibond_sgi/models/sgi_indicator_plan.py:268,,Se queda,,defecto,
2699,método,sgi.indicator.step._compute_name,addons/quimibond_sgi/models/sgi_indicator_trajectory.py:48,,Se queda,,defecto,
2700,método,sgi.indicator.step._check_quarter,addons/quimibond_sgi/models/sgi_indicator_trajectory.py:54,,Se queda,,defecto,
2701,método,sgi.indicator.step.write,addons/quimibond_sgi/models/sgi_indicator_trajectory.py:59,,Se queda,,defecto,
2702,método,sgi.indicator._compute_has_trajectory,addons/quimibond_sgi/models/sgi_indicator_trajectory.py:92,,Se queda,,defecto,
2703,método,sgi.indicator._check_range,addons/quimibond_sgi/models/sgi_indicator_trajectory.py:97,,Se queda,,defecto,
2704,método,sgi.indicator._sgi_spec_problems,addons/quimibond_sgi/models/sgi_indicator_trajectory.py:104,,Se queda,,defecto,
2705,método,sgi.indicator._sgi_trajectory_ready,addons/quimibond_sgi/models/sgi_indicator_trajectory.py:116,,Se queda,,defecto,
2706,método,sgi.indicator._sgi_auto_trajectory,addons/quimibond_sgi/models/sgi_indicator_trajectory.py:121,,Se queda,,defecto,
2707,método,sgi.indicator.create,addons/quimibond_sgi/models/sgi_indicator_trajectory.py:133,,Se queda,,defecto,
2708,método,sgi.indicator.write,addons/quimibond_sgi/models/sgi_indicator_trajectory.py:138,,Se queda,,defecto,
2709,método,sgi.indicator.cron_missing_trajectories,addons/quimibond_sgi/models/sgi_indicator_trajectory.py:145,,Se queda,,defecto,
2710,método,sgi.indicator._sgi_trajectory_value,addons/quimibond_sgi/models/sgi_indicator_trajectory.py:153,,Se queda,,defecto,
2711,método,sgi.indicator.action_generate_trajectory,addons/quimibond_sgi/models/sgi_indicator_trajectory.py:162,,Se queda,,defecto,
2712,método,sgi.indicator._sgi_targets_on,addons/quimibond_sgi/models/sgi_indicator_trajectory.py:200,,Se queda,,defecto,
2713,método,sgi.indicator.measure._compute_targets,addons/quimibond_sgi/models/sgi_indicator_trajectory.py:232,,Se queda,,defecto,
2714,método,sgi.indicator.measure._compute_semaphore,addons/quimibond_sgi/models/sgi_indicator_trajectory.py:246,,Se queda,,defecto,
2715,método,sgi.process.activity._sgi_article_hash,addons/quimibond_sgi/models/sgi_instruction_knowledge.py:25,,Se queda,,defecto,
2716,método,sgi.process.activity._compute_instruction_article_stale,addons/quimibond_sgi/models/sgi_instruction_knowledge.py:32,,Se queda,,defecto,
2717,método,sgi.process.activity.action_publish_instruction,addons/quimibond_sgi/models/sgi_instruction_knowledge.py:39,,Se queda,,defecto,
2718,método,sgi.instruction.publish._compute_job_ids,addons/quimibond_sgi/models/sgi_instruction_knowledge.py:71,,Se queda,,defecto,
2719,método,sgi.instruction.publish.action_publish,addons/quimibond_sgi/models/sgi_instruction_knowledge.py:76,,Se queda,,defecto,
2720,método,stock.picking._compute_sgi_nc_count,addons/quimibond_sgi/models/sgi_integration.py:11,,Se queda,,defecto,
2721,método,stock.picking.action_sgi_open_ncs,addons/quimibond_sgi/models/sgi_integration.py:16,,Se queda,,defecto,
2722,método,stock.picking._sgi_is_customer_return,addons/quimibond_sgi/models/sgi_integration.py:40,,Se queda,,defecto,
2723,método,stock.picking._sgi_create_return_alert,addons/quimibond_sgi/models/sgi_integration.py:50,,Se queda,,defecto,
2724,método,stock.picking._action_done,addons/quimibond_sgi/models/sgi_integration.py:81,,Se queda,,defecto,
2725,método,mrp.production._compute_sgi_nc_count,addons/quimibond_sgi/models/sgi_integration.py:92,,Se queda,,defecto,
2726,método,mrp.production.action_sgi_open_ncs,addons/quimibond_sgi/models/sgi_integration.py:97,,Se queda,,defecto,
2727,método,purchase.order._compute_sgi_nc_count,addons/quimibond_sgi/models/sgi_integration.py:114,,Se queda,,defecto,
2728,método,purchase.order.action_sgi_open_ncs,addons/quimibond_sgi/models/sgi_integration.py:121,,Se queda,,defecto,
2729,método,purchase.order.button_confirm,addons/quimibond_sgi/models/sgi_integration.py:133,,Se queda,,defecto,
2730,método,maintenance.request.action_sgi_raise_nc,addons/quimibond_sgi/models/sgi_integration.py:152,,Se queda,,defecto,
2731,método,maintenance.request._sgi_open_alert,addons/quimibond_sgi/models/sgi_integration.py:178,,Se queda,,defecto,
2732,método,product.template.action_sgi_open_spec,addons/quimibond_sgi/models/sgi_integration.py:221,,Se queda,,defecto,
2733,método,product.product.action_sgi_open_spec,addons/quimibond_sgi/models/sgi_integration.py:236,,Se queda,,defecto,
2734,método,hr.employee._compute_sgi_counts,addons/quimibond_sgi/models/sgi_integration.py:247,,Se queda,,defecto,
2735,método,hr.employee.action_sgi_my_procedures,addons/quimibond_sgi/models/sgi_integration.py:263,,Se queda,,defecto,
2736,método,hr.employee.action_sgi_pending_acks,addons/quimibond_sgi/models/sgi_integration.py:289,,Se queda,,defecto,
2737,método,res.partner._compute_sgi_partner_counts,addons/quimibond_sgi/models/sgi_integration.py:306,,Se queda,,defecto,
2738,método,res.partner.action_sgi_open_complaints,addons/quimibond_sgi/models/sgi_integration.py:324,,Se queda,,defecto,
2739,método,res.partner.action_sgi_open_ncs,addons/quimibond_sgi/models/sgi_integration.py:335,,Se queda,,defecto,
2740,método,ir.ui.menu._sgi_attach_quality_menus,addons/quimibond_sgi/models/sgi_integration.py:351,,Se corrige,A-006 E-008,coincidencia de nombre en hallazgo,
2741,método,sale.order.action_confirm,addons/quimibond_sgi/models/sgi_kpi_fields.py:69,,Se queda,,defecto,
2742,método,stock.picking._compute_sgi_quality_approved,addons/quimibond_sgi/models/sgi_kpi_fields.py:100,,Se queda,,defecto,
2743,método,account.move.line._compute_sgi_po_price_diff,addons/quimibond_sgi/models/sgi_kpi_fields.py:131,,Se queda,,defecto,
2744,método,account.move._compute_sgi_payment_date,addons/quimibond_sgi/models/sgi_kpi_fields.py:151,,Se queda,,defecto,
2745,método,sgi.management.review.agreement._compute_done_date,addons/quimibond_sgi/models/sgi_kpi_fields.py:173,,Se queda,,defecto,
2746,método,sgi.lock.date.log._compute_business_day,addons/quimibond_sgi/models/sgi_kpi_fields.py:198,,Sale a otro módulo,A-017,decisión (módulo que sale / modelo que se retira),
2747,método,sgi.lock.date.log.sgi_business_day_of,addons/quimibond_sgi/models/sgi_kpi_fields.py:208,,Sale a otro módulo,A-017 B-012,decisión (módulo que sale / modelo que se retira),
2748,método,res.company.write,addons/quimibond_sgi/models/sgi_kpi_fields.py:216,,Sale a otro módulo,A-017,coincidencia de nombre en hallazgo,
2749,método,sgi.inventory.value.sgi_snapshot,addons/quimibond_sgi/models/sgi_kpi_fields.py:249,,Sale a otro módulo,A-017 F-015,decisión (módulo que sale / modelo que se retira),
2750,método,hr.version._compute_sgi_departure,addons/quimibond_sgi/models/sgi_kpi_fields.py:283,,Se queda,,defecto,
2751,método,hr.version.write,addons/quimibond_sgi/models/sgi_kpi_fields.py:288,,Se queda,,defecto,
2752,método,res.users.write,addons/quimibond_sgi/models/sgi_kpi_fields.py:310,,Se queda,,defecto,
2753,método,sgi.legal.requirement._compute_next_eval_date,addons/quimibond_sgi/models/sgi_legal.py:104,,Se queda,,defecto,
2754,método,sgi.legal.requirement._compute_evaluation_count,addons/quimibond_sgi/models/sgi_legal.py:114,,Se queda,,defecto,
2755,método,sgi.legal.requirement._compute_display_name,addons/quimibond_sgi/models/sgi_legal.py:119,,Se queda,,defecto,
2756,método,sgi.legal.requirement._sgi_mark,addons/quimibond_sgi/models/sgi_legal.py:128,,Se queda,,defecto,
2757,método,sgi.legal.requirement.action_mark_no_aplica,addons/quimibond_sgi/models/sgi_legal.py:150,,Se queda,,defecto,
2758,método,sgi.legal.requirement.action_evaluate,addons/quimibond_sgi/models/sgi_legal.py:153,,Se queda,,defecto,
2759,método,sgi.legal.requirement.action_view_evaluations,addons/quimibond_sgi/models/sgi_legal.py:162,,Se queda,,defecto,
2760,método,sgi.legal.requirement.action_mark_cumple,addons/quimibond_sgi/models/sgi_legal.py:171,,Se queda,,defecto,
2761,método,sgi.legal.requirement.action_mark_parcial,addons/quimibond_sgi/models/sgi_legal.py:174,,Se queda,,defecto,
2762,método,sgi.legal.requirement.action_mark_no_cumple,addons/quimibond_sgi/models/sgi_legal.py:179,,Se queda,,defecto,
2763,método,sgi.legal.requirement._sgi_create_alert,addons/quimibond_sgi/models/sgi_legal.py:184,,Se queda,,defecto,
2764,método,sgi.legal.requirement.action_view_alert,addons/quimibond_sgi/models/sgi_legal.py:218,,Se queda,,defecto,
2765,método,sgi.legal.evaluate._compute_next_date,addons/quimibond_sgi/models/sgi_legal.py:270,,Se queda,,defecto,
2766,método,sgi.legal.evaluate.action_confirm,addons/quimibond_sgi/models/sgi_legal.py:276,,Se queda,,defecto,
2767,método,project.task._compute_sgi_dyd_link_count,addons/quimibond_sgi/models/sgi_links.py:74,,Se queda,,defecto,
2768,método,product.template._compute_sgi_control_plan_id,addons/quimibond_sgi/models/sgi_links.py:90,,Se queda,,defecto,
2769,método,approval.request.action_create_purchase_orders,addons/quimibond_sgi/models/sgi_links.py:125,,Se queda,,defecto,
2770,método,approval.request._sgi_link_purchase_orders,addons/quimibond_sgi/models/sgi_links.py:132,,Se queda,,defecto,
2771,método,account.move._compute_sgi_picking_ids,addons/quimibond_sgi/models/sgi_links.py:154,,Se queda,,defecto,
2772,método,ir.attachment.create,addons/quimibond_sgi/models/sgi_links.py:174,,Se queda,,defecto,
2773,método,stock.picking._compute_sgi_production_id,addons/quimibond_sgi/models/sgi_links.py:198,,Se queda,,defecto,
2774,método,stock.picking._compute_sgi_acuse_count,addons/quimibond_sgi/models/sgi_links.py:209,,Se queda,,defecto,
2775,método,stock.picking.action_sgi_attach_acuse,addons/quimibond_sgi/models/sgi_links.py:213,,Se queda,,defecto,
2776,método,stock.picking.action_sgi_open_acuses,addons/quimibond_sgi/models/sgi_links.py:221,,Se queda,,defecto,
2777,método,sgi.acuse.attach.wizard.action_attach,addons/quimibond_sgi/models/sgi_links.py:239,,Se queda,,defecto,
2778,método,sgi.acuse.attach.wizard._sgi_extension,addons/quimibond_sgi/models/sgi_links.py:250,,Se queda,,defecto,
2779,método,sgi.acuse.attach.wizard._sgi_file_size,addons/quimibond_sgi/models/sgi_links.py:254,,Se elimina,B-012,02-obsoleto,
2780,método,sgi.process.load_payload,addons/quimibond_sgi/models/sgi_load.py:215,,Se corrige,H-017 H-022 L-008,coincidencia de nombre en hallazgo,
2781,método,sgi.catalog.load.wizard._compute_counts,addons/quimibond_sgi/models/sgi_load_wizard.py:42,,Se queda,,defecto,
2782,método,sgi.catalog.load.wizard._payload,addons/quimibond_sgi/models/sgi_load_wizard.py:48,,Se queda,,defecto,
2783,método,sgi.catalog.load.wizard._run,addons/quimibond_sgi/models/sgi_load_wizard.py:61,,Se queda,,defecto,
2784,método,sgi.catalog.load.wizard.action_test,addons/quimibond_sgi/models/sgi_load_wizard.py:96,,Se queda,,defecto,
2785,método,sgi.catalog.load.wizard.action_load,addons/quimibond_sgi/models/sgi_load_wizard.py:99,,Se queda,,defecto,
2786,método,sgi.machine.sheet.create,addons/quimibond_sgi/models/sgi_machine_sheet.py:57,,Se queda,,defecto,
2787,método,sgi.machine.sheet._check_single_current,addons/quimibond_sgi/models/sgi_machine_sheet.py:68,,Se queda,,defecto,
2788,método,sgi.machine.sheet.action_set_current,addons/quimibond_sgi/models/sgi_machine_sheet.py:78,,Se queda,,defecto,
2789,método,sgi.machine.sheet.action_set_obsolete,addons/quimibond_sgi/models/sgi_machine_sheet.py:87,,Se queda,,defecto,
2790,método,sgi.machine.sheet.action_new_revision,addons/quimibond_sgi/models/sgi_machine_sheet.py:91,,Se queda,,defecto,
2791,método,sgi.machine.sheet.copy_data,addons/quimibond_sgi/models/sgi_machine_sheet.py:96,,Se queda,,defecto,
2792,método,sgi.machine.sheet.sgi_format_info,addons/quimibond_sgi/models/sgi_machine_sheet.py:104,,Se queda,,defecto,
2793,método,sgi.management.review._compute_name,addons/quimibond_sgi/models/sgi_management_review.py:83,,Se queda,,defecto,
2794,método,sgi.management.review._sgi_bounds,addons/quimibond_sgi/models/sgi_management_review.py:87,,Se queda,,defecto,
2795,método,sgi.management.review.action_load_inputs,addons/quimibond_sgi/models/sgi_management_review.py:96,,Se queda,,defecto,
2796,método,sgi.management.review._sgi_load_objectives,addons/quimibond_sgi/models/sgi_management_review.py:118,,Se queda,,defecto,
2797,método,sgi.management.review._sgi_load_satisfaction,addons/quimibond_sgi/models/sgi_management_review.py:139,,Se queda,,defecto,
2798,método,sgi.management.review._sgi_load_legal,addons/quimibond_sgi/models/sgi_management_review.py:157,,Se queda,,defecto,
2799,método,sgi.management.review._sgi_load_participation,addons/quimibond_sgi/models/sgi_management_review.py:182,,Se queda,,defecto,
2800,método,sgi.management.review._sgi_load_prev_agreements,addons/quimibond_sgi/models/sgi_management_review.py:210,,Se queda,,defecto,
2801,método,sgi.management.review._sgi_load_nc,addons/quimibond_sgi/models/sgi_management_review.py:229,,Se queda,,defecto,
2802,método,sgi.management.review._sgi_load_complaints,addons/quimibond_sgi/models/sgi_management_review.py:260,,Se queda,,defecto,
2803,método,sgi.management.review._sgi_period_audits,addons/quimibond_sgi/models/sgi_management_review.py:276,,Se queda,,defecto,
2804,método,sgi.management.review._sgi_load_audits,addons/quimibond_sgi/models/sgi_management_review.py:283,,Se queda,,defecto,
2805,método,sgi.management.review._sgi_load_red_measures,addons/quimibond_sgi/models/sgi_management_review.py:296,,Se queda,,defecto,
2806,método,sgi.management.review._sgi_load_suppliers,addons/quimibond_sgi/models/sgi_management_review.py:304,,Se queda,,defecto,
2807,método,sgi.management.review._sgi_load_high_risks,addons/quimibond_sgi/models/sgi_management_review.py:314,,Se queda,,defecto,
2808,método,sgi.management.review._sgi_load_env,addons/quimibond_sgi/models/sgi_management_review.py:321,,Se queda,,defecto,
2809,método,sgi.management.review._sgi_load_doc_changes,addons/quimibond_sgi/models/sgi_management_review.py:339,,Se queda,,defecto,
2810,método,sgi.management.review.action_mark_done,addons/quimibond_sgi/models/sgi_management_review.py:357,,Se queda,,defecto,
2811,método,sgi.management.review.action_close,addons/quimibond_sgi/models/sgi_management_review.py:388,,Se queda,,defecto,
2812,método,sgi.management.review.action_draft,addons/quimibond_sgi/models/sgi_management_review.py:391,,Se queda,,defecto,
2813,método,sgi.management.review.agreement._compute_status,addons/quimibond_sgi/models/sgi_management_review.py:412,,Se queda,,defecto,
2814,método,sgi.action.line._compute_origin_display,addons/quimibond_sgi/models/sgi_management_review.py:434,,Se queda,,defecto,
2815,método,sgi.action.line._sgi_origin,addons/quimibond_sgi/models/sgi_management_review.py:440,,Se queda,,defecto,
2816,método,sgi.action.line._check_parent_xor,addons/quimibond_sgi/models/sgi_management_review.py:448,,Se queda,,defecto,
2817,método,approval.category._sgi_mp_change_category,addons/quimibond_sgi/models/sgi_mp_change.py:56,,Se queda,,defecto,
2818,método,approval.request.action_approve,addons/quimibond_sgi/models/sgi_mp_change.py:78,,Se queda,,defecto,
2819,método,approval.request._sgi_mp_apply_users,addons/quimibond_sgi/models/sgi_mp_change.py:84,,Se queda,,defecto,
2820,método,approval.request._sgi_mp_apply,addons/quimibond_sgi/models/sgi_mp_change.py:89,,Se corrige,F-005,coincidencia de nombre en hallazgo,
2821,método,sgi.process.activity.action_sgi_mp_propose_change,addons/quimibond_sgi/models/sgi_mp_change.py:122,,Se elimina,B-011,coincidencia de nombre en hallazgo,
2822,método,sgi.activity.role.action_mp_propose_change,addons/quimibond_sgi/models/sgi_mp_change.py:130,,Se queda,,defecto,
2823,método,sgi.my.procedure._compute_no_employee,addons/quimibond_sgi/models/sgi_mp_change.py:145,,Se queda,,defecto,
2824,método,sgi.my.procedure.action_propose_new_activity,addons/quimibond_sgi/models/sgi_mp_change.py:150,,Se queda,,defecto,
2825,método,sgi.activity.change._sgi_check_editable,addons/quimibond_sgi/models/sgi_mp_change.py:175,,Se queda,,defecto,
2826,método,sgi.activity.change.write,addons/quimibond_sgi/models/sgi_mp_change.py:185,,Se queda,,defecto,
2827,método,sgi.activity.change.unlink,addons/quimibond_sgi/models/sgi_mp_change.py:189,,Se queda,,defecto,
2828,método,sgi.activity.change._compute_display_title,addons/quimibond_sgi/models/sgi_mp_change.py:233,,Se queda,,defecto,
2829,método,sgi.activity.change._sgi_activity_vals,addons/quimibond_sgi/models/sgi_mp_change.py:240,,Se queda,,defecto,
2830,método,sgi.activity.change._sgi_open,addons/quimibond_sgi/models/sgi_mp_change.py:259,,Se queda,,defecto,
2831,método,sgi.activity.change.action_sgi_new_from_context,addons/quimibond_sgi/models/sgi_mp_change.py:285,,Se queda,,defecto,
2832,método,sgi.activity.change._sgi_reference,addons/quimibond_sgi/models/sgi_mp_change.py:297,,Se queda,,defecto,
2833,método,sgi.activity.change._sgi_display,addons/quimibond_sgi/models/sgi_mp_change.py:311,,Se queda,,defecto,
2834,método,sgi.activity.change._sgi_role_labels,addons/quimibond_sgi/models/sgi_mp_change.py:324,,Se queda,,defecto,
2835,método,sgi.activity.change._sgi_changes,addons/quimibond_sgi/models/sgi_mp_change.py:336,,Se queda,,defecto,
2836,método,sgi.activity.change._compute_diff_html,addons/quimibond_sgi/models/sgi_mp_change.py:356,,Se queda,,defecto,
2837,método,sgi.activity.change.action_submit,addons/quimibond_sgi/models/sgi_mp_change.py:381,,Se queda,,defecto,
2838,método,sgi.activity.change._sgi_add_process_owner_approver,addons/quimibond_sgi/models/sgi_mp_change.py:431,,Se queda,,defecto,
2839,método,sgi.activity.change._sgi_values_for_activity,addons/quimibond_sgi/models/sgi_mp_change.py:441,,Se queda,,defecto,
2840,método,sgi.activity.change._sgi_role_commands,addons/quimibond_sgi/models/sgi_mp_change.py:454,,Se queda,,defecto,
2841,método,sgi.activity.change._sgi_apply,addons/quimibond_sgi/models/sgi_mp_change.py:490,,Se corrige,F-005,coincidencia de nombre en hallazgo,
2842,método,sgi.activity.change.role.create,addons/quimibond_sgi/models/sgi_mp_change.py:520,,Se queda,,defecto,
2843,método,sgi.activity.change.role.write,addons/quimibond_sgi/models/sgi_mp_change.py:525,,Se queda,,defecto,
2844,método,sgi.activity.change.role.unlink,addons/quimibond_sgi/models/sgi_mp_change.py:529,,Se queda,,defecto,
2845,método,maintenance.equipment._compute_sgi_msa_count,addons/quimibond_sgi/models/sgi_msa.py:21,,Sale a otro módulo,A-018,decisión (archivo),
2846,método,maintenance.equipment.action_view_sgi_msa,addons/quimibond_sgi/models/sgi_msa.py:28,,Sale a otro módulo,A-018,decisión (archivo),
2847,método,sgi.msa.study._compute_verdict,addons/quimibond_sgi/models/sgi_msa.py:79,,Sale a otro módulo,A-018,decisión (módulo que sale / modelo que se retira),
2848,método,sgi.msa.study._compute_display_name,addons/quimibond_sgi/models/sgi_msa.py:92,,Sale a otro módulo,A-018,decisión (módulo que sale / modelo que se retira),
2849,método,sgi.msa.study.create,addons/quimibond_sgi/models/sgi_msa.py:98,,Sale a otro módulo,A-018,decisión (módulo que sale / modelo que se retira),
2850,método,sgi.msa.study.write,addons/quimibond_sgi/models/sgi_msa.py:103,,Sale a otro módulo,A-018,decisión (módulo que sale / modelo que se retira),
2851,método,sgi.msa.study._sgi_notify_if_unacceptable,addons/quimibond_sgi/models/sgi_msa.py:109,,Sale a otro módulo,A-018,decisión (módulo que sale / modelo que se retira),
2852,método,sgi.my.pending._sgi_pending_records,addons/quimibond_sgi/models/sgi_my_pending.py:67,,Se corrige,I-022,coincidencia de nombre en hallazgo,
2853,método,sgi.my.pending._sgi_row,addons/quimibond_sgi/models/sgi_my_pending.py:108,,Se queda,,defecto,
2854,método,sgi.my.pending._sgi_row_users,addons/quimibond_sgi/models/sgi_my_pending.py:159,,Se queda,,defecto,
2855,método,sgi.my.pending._sgi_pending_values,addons/quimibond_sgi/models/sgi_my_pending.py:175,,Se queda,,defecto,
2856,método,sgi.my.pending._sgi_summary,addons/quimibond_sgi/models/sgi_my_pending.py:198,,Se queda,,defecto,
2857,método,sgi.my.pending._sgi_build,addons/quimibond_sgi/models/sgi_my_pending.py:208,,Se queda,,defecto,
2858,método,sgi.my.pending._sgi_action,addons/quimibond_sgi/models/sgi_my_pending.py:223,,Se queda,,defecto,
2859,método,sgi.my.pending.action_open_mine,addons/quimibond_sgi/models/sgi_my_pending.py:239,,Se queda,,defecto,
2860,método,sgi.my.pending.action_open,addons/quimibond_sgi/models/sgi_my_pending.py:253,,Se queda,,defecto,
2861,método,sgi.my.procedure._compute_pending_summary,addons/quimibond_sgi/models/sgi_my_pending.py:270,,Se queda,,defecto,
2862,método,sgi.my.procedure.action_show_pending,addons/quimibond_sgi/models/sgi_my_pending.py:279,,Se corrige,F-007,coincidencia de nombre en hallazgo,
2863,método,hr.employee.public._sgi_pending_by_employee,addons/quimibond_sgi/models/sgi_my_pending.py:302,,Se queda,,defecto,
2864,método,hr.employee.public._compute_sgi_mp_pending,addons/quimibond_sgi/models/sgi_my_pending.py:307,,Se queda,,defecto,
2865,método,hr.employee.public._sgi_pending_ids_where,addons/quimibond_sgi/models/sgi_my_pending.py:315,,Se queda,,defecto,
2866,método,hr.employee.public._search_sgi_mp_pending_total,addons/quimibond_sgi/models/sgi_my_pending.py:321,,Se queda,,defecto,
2867,método,hr.employee.public._search_sgi_mp_pending_late,addons/quimibond_sgi/models/sgi_my_pending.py:326,,Se queda,,defecto,
2868,método,hr.employee.public._search_sgi_mp_pending_state,addons/quimibond_sgi/models/sgi_my_pending.py:331,,Se queda,,defecto,
2869,método,hr.employee.public.action_sgi_open_pending,addons/quimibond_sgi/models/sgi_my_pending.py:340,,Se corrige,F-007,coincidencia de nombre en hallazgo,
2870,método,hr.employee.public.action_sgi_team_pending,addons/quimibond_sgi/models/sgi_my_pending.py:346,,Se corrige,F-007,coincidencia de nombre en hallazgo,
2871,método,sgi.activity.role._compute_activity_when,addons/quimibond_sgi/models/sgi_my_procedure.py:83,,Se queda,,defecto,
2872,método,sgi.activity.role.action_open_activity,addons/quimibond_sgi/models/sgi_my_procedure.py:88,,Se queda,,defecto,
2873,método,hr.job._sgi_my_procedure_code,addons/quimibond_sgi/models/sgi_my_procedure.py:112,,Se queda,,defecto,
2874,método,hr.job._sgi_my_procedure_current_doc,addons/quimibond_sgi/models/sgi_my_procedure.py:116,,Se queda,,defecto,
2875,método,hr.job._compute_sgi_my_procedure_doc,addons/quimibond_sgi/models/sgi_my_procedure.py:125,,Se corrige,G-015,coincidencia de nombre en hallazgo,
2876,método,hr.job._sgi_mp_when,addons/quimibond_sgi/models/sgi_my_procedure.py:136,,Se queda,,defecto,
2877,método,hr.job._sgi_mp_role_label,addons/quimibond_sgi/models/sgi_my_procedure.py:152,,Se elimina,B-012,02-obsoleto,
2878,método,hr.job._sgi_my_procedure_data,addons/quimibond_sgi/models/sgi_my_procedure.py:155,,Se queda,,defecto,
2879,método,hr.job._sgi_mp_document_records,addons/quimibond_sgi/models/sgi_my_procedure.py:270,,Se queda,,defecto,
2880,método,hr.job._sgi_mp_documents,addons/quimibond_sgi/models/sgi_my_procedure.py:288,,Se queda,,defecto,
2881,método,hr.job._sgi_mp_status_map,addons/quimibond_sgi/models/sgi_my_procedure.py:300,,Se queda,,defecto,
2882,método,hr.job._sgi_mp_status,addons/quimibond_sgi/models/sgi_my_procedure.py:331,,Se queda,,defecto,
2883,método,hr.job._sgi_mp_entry_extra,addons/quimibond_sgi/models/sgi_my_procedure.py:335,,Se queda,,defecto,
2884,método,hr.job._sgi_my_procedure_hash,addons/quimibond_sgi/models/sgi_my_procedure.py:384,,Se queda,,defecto,
2885,método,hr.job._sgi_mp_parts_html,addons/quimibond_sgi/models/sgi_my_procedure.py:407,,Se queda,,defecto,
2886,método,hr.job._sgi_my_procedure_header,addons/quimibond_sgi/models/sgi_my_procedure.py:413,,Se queda,,defecto,
2887,método,hr.job.action_sgi_print_my_procedure,addons/quimibond_sgi/models/sgi_my_procedure.py:435,,Se queda,,defecto,
2888,método,hr.job.action_sgi_publish_my_procedure,addons/quimibond_sgi/models/sgi_my_procedure.py:438,,Se queda,,defecto,
2889,método,hr.job._sgi_my_procedure_jobs,addons/quimibond_sgi/models/sgi_my_procedure.py:535,,Se queda,,defecto,
2890,método,hr.job.action_sgi_publish_all_my_procedures,addons/quimibond_sgi/models/sgi_my_procedure.py:548,,Se queda,,defecto,
2891,método,hr.job._sgi_my_procedure_stale_jobs,addons/quimibond_sgi/models/sgi_my_procedure.py:574,,Se queda,,defecto,
2892,método,hr.job._sgi_my_procedure_precheck,addons/quimibond_sgi/models/sgi_my_procedure.py:582,,Se queda,,defecto,
2893,método,hr.job.action_sgi_open_my_procedure_doc,addons/quimibond_sgi/models/sgi_my_procedure.py:613,,Se queda,,defecto,
2894,método,hr.job._sgi_my_procedure_view_action,addons/quimibond_sgi/models/sgi_my_procedure.py:625,,Se queda,,defecto,
2895,método,hr.employee._compute_sgi_my_procedure_ack,addons/quimibond_sgi/models/sgi_my_procedure.py:656,,Se queda,,defecto,
2896,método,hr.employee._sgi_require_job,addons/quimibond_sgi/models/sgi_my_procedure.py:667,,Se queda,,defecto,
2897,método,hr.employee.action_sgi_print_my_procedure,addons/quimibond_sgi/models/sgi_my_procedure.py:675,,Se queda,,defecto,
2898,método,hr.employee.action_sgi_my_procedure_view,addons/quimibond_sgi/models/sgi_my_procedure.py:679,,Se elimina,B-011,coincidencia de nombre en hallazgo,
2899,método,sgi.cron.cron_my_procedure_stale,addons/quimibond_sgi/models/sgi_my_procedure.py:687,,Se queda,,defecto,
2900,método,hr.employee._sgi_mp_team_employees,addons/quimibond_sgi/models/sgi_my_procedure_screen.py:55,,Se queda,,defecto,
2901,método,hr.job._sgi_mp_role_lists,addons/quimibond_sgi/models/sgi_my_procedure_screen.py:82,,Se queda,,defecto,
2902,método,hr.job._sgi_mp_order,addons/quimibond_sgi/models/sgi_my_procedure_screen.py:97,,Se queda,,defecto,
2903,método,sgi.my.procedure.mixin._sgi_mp_job,addons/quimibond_sgi/models/sgi_my_procedure_screen.py:143,,Se queda,,defecto,
2904,método,sgi.my.procedure.mixin._sgi_mp_employee_rec,addons/quimibond_sgi/models/sgi_my_procedure_screen.py:150,,Se queda,,defecto,
2905,método,sgi.my.procedure.mixin._compute_sgi_mp_roles,addons/quimibond_sgi/models/sgi_my_procedure_screen.py:155,,Se queda,,defecto,
2906,método,sgi.my.procedure.mixin._compute_sgi_mp_lists,addons/quimibond_sgi/models/sgi_my_procedure_screen.py:178,,Se queda,,defecto,
2907,método,sgi.my.procedure.mixin.action_sgi_mp_sign,addons/quimibond_sgi/models/sgi_my_procedure_screen.py:201,,Se queda,,defecto,
2908,método,hr.employee._compute_sgi_mp_roles_stored,addons/quimibond_sgi/models/sgi_my_procedure_screen.py:239,,Se queda,,defecto,
2909,método,hr.employee._sgi_mp_touch_jobs,addons/quimibond_sgi/models/sgi_my_procedure_screen.py:257,,Se corrige,G-015 G-023,coincidencia de nombre en hallazgo,
2910,método,hr.job._sgi_mp_job,addons/quimibond_sgi/models/sgi_my_procedure_screen.py:280,,Se queda,,defecto,
2911,método,sgi.activity.role._compute_mp_pieces,addons/quimibond_sgi/models/sgi_my_procedure_screen.py:311,,Se queda,,defecto,
2912,método,sgi.activity.role.action_mp_go,addons/quimibond_sgi/models/sgi_my_procedure_screen.py:345,,Se queda,,defecto,
2913,método,sgi.activity.role.action_mp_instruction,addons/quimibond_sgi/models/sgi_my_procedure_screen.py:350,,Se queda,,defecto,
2914,método,sgi.my.procedure._sgi_mp_is_admin,addons/quimibond_sgi/models/sgi_my_procedure_screen.py:452,,Se queda,,defecto,
2915,método,sgi.my.procedure._sgi_mp_my_employee,addons/quimibond_sgi/models/sgi_my_procedure_screen.py:457,,Se queda,,defecto,
2916,método,sgi.my.procedure._sgi_mp_employee,addons/quimibond_sgi/models/sgi_my_procedure_screen.py:460,,Se queda,,defecto,
2917,método,sgi.my.procedure._sgi_mp_job,addons/quimibond_sgi/models/sgi_my_procedure_screen.py:466,,Se queda,,defecto,
2918,método,sgi.my.procedure._compute_job_id,addons/quimibond_sgi/models/sgi_my_procedure_screen.py:475,,Se queda,,defecto,
2919,método,sgi.my.procedure._compute_scope,addons/quimibond_sgi/models/sgi_my_procedure_screen.py:481,,Se queda,,defecto,
2920,método,sgi.my.procedure._compute_ack,addons/quimibond_sgi/models/sgi_my_procedure_screen.py:500,,Se queda,,defecto,
2921,método,sgi.my.procedure._compute_who,addons/quimibond_sgi/models/sgi_my_procedure_screen.py:531,,Se queda,,defecto,
2922,método,sgi.my.procedure._compute_lists,addons/quimibond_sgi/models/sgi_my_procedure_screen.py:552,,Se elimina,I-022 J-007,coincidencia de nombre en hallazgo,
2923,método,sgi.my.procedure._compute_counts,addons/quimibond_sgi/models/sgi_my_procedure_screen.py:657,,Se queda,,defecto,
2924,método,sgi.my.procedure._action_list,addons/quimibond_sgi/models/sgi_my_procedure_screen.py:674,,Se queda,,defecto,
2925,método,sgi.my.procedure._action_roles,addons/quimibond_sgi/models/sgi_my_procedure_screen.py:686,,Se queda,,defecto,
2926,método,sgi.my.procedure.action_show_late,addons/quimibond_sgi/models/sgi_my_procedure_screen.py:700,,Se elimina,B-011,coincidencia de nombre en hallazgo,
2927,método,sgi.my.procedure.action_show_ok,addons/quimibond_sgi/models/sgi_my_procedure_screen.py:703,,Se queda,,defecto,
2928,método,sgi.my.procedure.action_show_unmeasured,addons/quimibond_sgi/models/sgi_my_procedure_screen.py:706,,Se queda,,defecto,
2929,método,sgi.my.procedure.action_show_all,addons/quimibond_sgi/models/sgi_my_procedure_screen.py:710,,Se queda,,defecto,
2930,método,sgi.my.procedure.action_show_received,addons/quimibond_sgi/models/sgi_my_procedure_screen.py:713,,Se queda,,defecto,
2931,método,sgi.my.procedure.action_show_short,addons/quimibond_sgi/models/sgi_my_procedure_screen.py:717,,Se queda,,defecto,
2932,método,sgi.my.procedure.action_show_acks,addons/quimibond_sgi/models/sgi_my_procedure_screen.py:721,,Se queda,,defecto,
2933,método,sgi.my.procedure.action_show_documents,addons/quimibond_sgi/models/sgi_my_procedure_screen.py:724,,Se queda,,defecto,
2934,método,sgi.my.procedure.action_focus_pending,addons/quimibond_sgi/models/sgi_my_procedure_screen.py:728,,Se elimina,B-011,coincidencia de nombre en hallazgo,
2935,método,sgi.my.procedure.action_show_nc,addons/quimibond_sgi/models/sgi_my_procedure_screen.py:731,,Se queda,,defecto,
2936,método,sgi.my.procedure.action_show_measures,addons/quimibond_sgi/models/sgi_my_procedure_screen.py:734,,Se elimina,I-022,coincidencia de nombre en hallazgo,
2937,método,sgi.my.procedure.action_show_indicators,addons/quimibond_sgi/models/sgi_my_procedure_screen.py:737,,Se queda,,defecto,
2938,método,sgi.my.procedure.action_show_legal,addons/quimibond_sgi/models/sgi_my_procedure_screen.py:740,,Se queda,,defecto,
2939,método,sgi.my.procedure.action_show_doc_reviews,addons/quimibond_sgi/models/sgi_my_procedure_screen.py:743,,Se queda,,defecto,
2940,método,sgi.my.procedure.action_show_epp,addons/quimibond_sgi/models/sgi_my_procedure_screen.py:747,,Se queda,,defecto,
2941,método,sgi.my.procedure.action_open_mine,addons/quimibond_sgi/models/sgi_my_procedure_screen.py:754,,Se queda,,defecto,
2942,método,sgi.my.procedure.action_open_for,addons/quimibond_sgi/models/sgi_my_procedure_screen.py:771,,Se queda,,defecto,
2943,método,sgi.my.procedure.action_sign,addons/quimibond_sgi/models/sgi_my_procedure_screen.py:796,,Se queda,,defecto,
2944,método,sgi.my.procedure.action_print,addons/quimibond_sgi/models/sgi_my_procedure_screen.py:815,,Se queda,,defecto,
2945,método,sgi.my.procedure.action_publish,addons/quimibond_sgi/models/sgi_my_procedure_screen.py:822,,Se queda,,defecto,
2946,método,sgi.my.procedure.action_open_doc,addons/quimibond_sgi/models/sgi_my_procedure_screen.py:829,,Se queda,,defecto,
2947,método,sgi.my.procedure.action_publish_all,addons/quimibond_sgi/models/sgi_my_procedure_screen.py:833,,Se queda,,defecto,
2948,método,sgi.my.procedure.action_precheck,addons/quimibond_sgi/models/sgi_my_procedure_screen.py:836,,Se elimina,B-011,coincidencia de nombre en hallazgo,
2949,método,sgi.my.procedure.action_open_obligations,addons/quimibond_sgi/models/sgi_my_procedure_screen.py:845,,Se queda,,defecto,
2950,método,sgi.my.procedure._reload,addons/quimibond_sgi/models/sgi_my_procedure_screen.py:858,,Se queda,,defecto,
2951,método,hr.employee.action_sgi_open_my_procedure,addons/quimibond_sgi/models/sgi_my_procedure_screen.py:870,,Se queda,,defecto,
2952,método,hr.job.action_sgi_open_my_procedure,addons/quimibond_sgi/models/sgi_my_procedure_screen.py:878,,Se queda,,defecto,
2953,método,sgi.my.procedure.check.action_open,addons/quimibond_sgi/models/sgi_my_procedure_screen.py:906,,Se queda,,defecto,
2954,método,sgi.my.procedure.check.action_publish_all,addons/quimibond_sgi/models/sgi_my_procedure_screen.py:914,,Se queda,,defecto,
2955,método,sgi.my.procedure.check._compute_result,addons/quimibond_sgi/models/sgi_my_procedure_screen.py:917,,Se queda,,defecto,
2956,método,hr.employee.public._sgi_mp_job_stats,addons/quimibond_sgi/models/sgi_my_procedure_screen.py:952,,Se queda,,defecto,
2957,método,hr.employee.public._sgi_mp_values,addons/quimibond_sgi/models/sgi_my_procedure_screen.py:968,,Se queda,,defecto,
2958,método,hr.employee.public._compute_sgi_mp_stats,addons/quimibond_sgi/models/sgi_my_procedure_screen.py:990,,Se queda,,defecto,
2959,método,hr.employee.public._sgi_mp_ids_where,addons/quimibond_sgi/models/sgi_my_procedure_screen.py:998,,Se queda,,defecto,
2960,método,hr.employee.public._search_sgi_mp_late,addons/quimibond_sgi/models/sgi_my_procedure_screen.py:1016,,Se queda,,defecto,
2961,método,hr.employee.public._search_sgi_mp_acks_pending,addons/quimibond_sgi/models/sgi_my_procedure_screen.py:1023,,Se queda,,defecto,
2962,método,hr.employee.public._search_sgi_mp_ack_state,addons/quimibond_sgi/models/sgi_my_procedure_screen.py:1030,,Se queda,,defecto,
2963,método,hr.employee.public.action_sgi_open_my_procedure,addons/quimibond_sgi/models/sgi_my_procedure_screen.py:1038,,Se queda,,defecto,
2964,método,hr.employee.public.action_sgi_print_my_procedure,addons/quimibond_sgi/models/sgi_my_procedure_screen.py:1042,,Se queda,,defecto,
2965,método,hr.employee.public._sgi_team,addons/quimibond_sgi/models/sgi_my_procedure_screen.py:1048,,Se queda,,defecto,
2966,método,hr.employee.public.action_open_my_team,addons/quimibond_sgi/models/sgi_my_procedure_screen.py:1062,,Se queda,,defecto,
2967,método,documents.document._sgi_mp_sign_required,addons/quimibond_sgi/models/sgi_my_procedure_sign.py:31,,Se queda,,defecto,
2968,método,documents.document._sgi_mp_pending_sign_doc,addons/quimibond_sgi/models/sgi_my_procedure_sign.py:36,,Se queda,,defecto,
2969,método,documents.document._sgi_mp_signers,addons/quimibond_sgi/models/sgi_my_procedure_sign.py:44,,Se queda,,defecto,
2970,método,documents.document._sgi_publish_sign_rows,addons/quimibond_sgi/models/sgi_my_procedure_sign.py:64,,Se queda,,defecto,
2971,método,documents.document._sgi_mp_send_to_sign,addons/quimibond_sgi/models/sgi_my_procedure_sign.py:73,,Se queda,,defecto,
2972,método,documents.document._sgi_publish_after_sign,addons/quimibond_sgi/models/sgi_my_procedure_sign.py:92,,Se queda,,defecto,
2973,método,documents.document._sgi_sync_publish_sign,addons/quimibond_sgi/models/sgi_my_procedure_sign.py:112,,Se queda,,defecto,
2974,método,sign.request.write,addons/quimibond_sgi/models/sgi_my_procedure_sign.py:125,,Se queda,,defecto,
2975,método,mail.activity._action_done,addons/quimibond_sgi/models/sgi_nonconformity.py:18,,Se queda,,defecto,
2976,método,quality.alert.create,addons/quimibond_sgi/models/sgi_nonconformity.py:178,,Se queda,,defecto,
2977,método,quality.alert._sgi_deadline_days,addons/quimibond_sgi/models/sgi_nonconformity.py:208,,Se queda,,defecto,
2978,método,quality.alert._sgi_set_deadlines,addons/quimibond_sgi/models/sgi_nonconformity.py:222,,Se queda,,defecto,
2979,método,quality.alert._compute_sgi_deadline_states,addons/quimibond_sgi/models/sgi_nonconformity.py:240,,Se queda,,defecto,
2980,método,quality.alert._sgi_deadline_owner_user_id,addons/quimibond_sgi/models/sgi_nonconformity.py:258,,Se queda,,defecto,
2981,método,quality.alert._sgi_deadline_escalation,addons/quimibond_sgi/models/sgi_nonconformity.py:266,,Se queda,,defecto,
2982,método,quality.alert._sgi_schedule_effectiveness,addons/quimibond_sgi/models/sgi_nonconformity.py:322,,Se corrige,G-010,coincidencia de nombre en hallazgo,
2983,método,quality.alert._sgi_check_stage_move,addons/quimibond_sgi/models/sgi_nonconformity.py:355,,Se queda,,defecto,
2984,método,quality.alert.action_sgi_cancel,addons/quimibond_sgi/models/sgi_nonconformity.py:384,,Se queda,,defecto,
2985,método,quality.alert._compute_sgi_recurrence,addons/quimibond_sgi/models/sgi_nonconformity.py:397,,Se corrige,G-026,coincidencia de nombre en hallazgo,
2986,método,quality.alert._sgi_read_across,addons/quimibond_sgi/models/sgi_nonconformity.py:429,,Se queda,,defecto,
2987,método,quality.alert.sgi_auto_create,addons/quimibond_sgi/models/sgi_nonconformity.py:454,,Se corrige,A-021 K-002,coincidencia de nombre en hallazgo,
2988,método,quality.alert._sgi_check_can_close,addons/quimibond_sgi/models/sgi_nonconformity.py:490,,Se queda,,defecto,
2989,método,quality.alert.write,addons/quimibond_sgi/models/sgi_nonconformity.py:533,,Se queda,,defecto,
2990,método,quality.alert._sgi_request_admin_record,addons/quimibond_sgi/models/sgi_nonconformity.py:569,,Se queda,,defecto,
2991,método,quality.alert._sgi_notify_mayor_closed,addons/quimibond_sgi/models/sgi_nonconformity.py:581,,Se queda,,defecto,
2992,método,quality.alert.action_sgi_force_close,addons/quimibond_sgi/models/sgi_nonconformity.py:609,,Se queda,,defecto,
2993,método,quality.alert.action_sgi_escalate_to_nc,addons/quimibond_sgi/models/sgi_nonconformity.py:620,,Se queda,,defecto,
2994,método,sgi.action.line._compute_origin_display,addons/quimibond_sgi/models/sgi_nonconformity.py:694,,Se queda,,defecto,
2995,método,sgi.action.line.action_mark_done,addons/quimibond_sgi/models/sgi_nonconformity.py:699,,Se queda,,defecto,
2996,método,sgi.action.line.action_open_origin,addons/quimibond_sgi/models/sgi_nonconformity.py:708,,Se queda,,defecto,
2997,método,sgi.action.line._check_parent_xor,addons/quimibond_sgi/models/sgi_nonconformity.py:724,,Se queda,,defecto,
2998,método,sgi.action.line._sgi_check_done,addons/quimibond_sgi/models/sgi_nonconformity.py:736,,Se queda,,02-obsoleto,
2999,método,sgi.action.line._sgi_done_vals,addons/quimibond_sgi/models/sgi_nonconformity.py:752,,Se queda,,defecto,
3000,método,sgi.action.line._sgi_check_root_cause_before_capa,addons/quimibond_sgi/models/sgi_nonconformity.py:760,,Se queda,,02-obsoleto,
3001,método,sgi.action.line._compute_state,addons/quimibond_sgi/models/sgi_nonconformity.py:780,,Se queda,,defecto,
3002,método,sgi.action.line._sgi_origin,addons/quimibond_sgi/models/sgi_nonconformity.py:793,,Se queda,,defecto,
3003,método,sgi.action.line._sgi_activity_note,addons/quimibond_sgi/models/sgi_nonconformity.py:810,,Se queda,,defecto,
3004,método,sgi.action.line._sgi_sync_activity,addons/quimibond_sgi/models/sgi_nonconformity.py:818,,Se queda,,defecto,
3005,método,sgi.action.line._sgi_close_activity,addons/quimibond_sgi/models/sgi_nonconformity.py:842,,Se queda,,defecto,
3006,método,sgi.action.line.create,addons/quimibond_sgi/models/sgi_nonconformity.py:856,,Se queda,,defecto,
3007,método,sgi.action.line.write,addons/quimibond_sgi/models/sgi_nonconformity.py:861,,Se queda,,defecto,
3008,método,sgi.action.line.unlink,addons/quimibond_sgi/models/sgi_nonconformity.py:891,,Se queda,,defecto,
3009,método,sgi.nc.force.close.action_confirm,addons/quimibond_sgi/models/sgi_nonconformity.py:908,,Se queda,,defecto,
3010,método,sgi.nc.cancel._compute_is_manager,addons/quimibond_sgi/models/sgi_nonconformity.py:939,,Se queda,,defecto,
3011,método,sgi.nc.cancel.action_confirm,addons/quimibond_sgi/models/sgi_nonconformity.py:944,,Se queda,,defecto,
3012,método,sgi.norm.clause._compute_display_name,addons/quimibond_sgi/models/sgi_norm.py:31,,Se queda,,defecto,
3013,método,sgi.process.activity._sgi_norm_labels,addons/quimibond_sgi/models/sgi_norm_compliance.py:30,,Se queda,,defecto,
3014,método,sgi.norm.clause._compute_short_label,addons/quimibond_sgi/models/sgi_norm_compliance.py:56,,Se queda,,defecto,
3015,método,sgi.norm.clause._sgi_find,addons/quimibond_sgi/models/sgi_norm_compliance.py:67,,Se queda,,defecto,
3016,método,sgi.norm.clause._sgi_sort_key,addons/quimibond_sgi/models/sgi_norm_compliance.py:82,,Se queda,,defecto,
3017,método,sgi.norm.clause._compute_sgi_evidence,addons/quimibond_sgi/models/sgi_norm_compliance.py:91,,Se queda,,defecto,
3018,método,sgi.norm.clause._search_covered,addons/quimibond_sgi/models/sgi_norm_compliance.py:105,,Se queda,,defecto,
3019,método,sgi.norm.clause.action_view_alerts,addons/quimibond_sgi/models/sgi_norm_compliance.py:112,,Se queda,,defecto,
3020,método,sgi.norm._sgi_short_code,addons/quimibond_sgi/models/sgi_norm_compliance.py:122,,Se queda,,defecto,
3021,método,sgi.norm._sgi_compliance_matrix,addons/quimibond_sgi/models/sgi_norm_compliance.py:128,,Se queda,,defecto,
3022,método,sgi.norm.action_view_uncovered_clauses,addons/quimibond_sgi/models/sgi_norm_compliance.py:157,,Se queda,,defecto,
3023,método,sgi.audit.checklist.line._compute_norm_clause_ids,addons/quimibond_sgi/models/sgi_norm_compliance.py:174,,Se queda,,defecto,
3024,método,sgi.audit.checklist.line._compute_question,addons/quimibond_sgi/models/sgi_norm_compliance.py:185,,Se queda,,defecto,
3025,método,sgi.audit.checklist.line._sgi_sync_finding,addons/quimibond_sgi/models/sgi_norm_compliance.py:199,,Se queda,,defecto,
3026,método,sgi.audit.action_generate_checklist,addons/quimibond_sgi/models/sgi_norm_compliance.py:210,,Se queda,,defecto,
3027,método,sgi.objective._compute_health,addons/quimibond_sgi/models/sgi_objective.py:49,,Se queda,,defecto,
3028,método,sgi.objective._compute_indicator_count,addons/quimibond_sgi/models/sgi_objective.py:63,,Se queda,,defecto,
3029,método,sgi.objective._compute_display_name,addons/quimibond_sgi/models/sgi_objective.py:71,,Se queda,,defecto,
3030,método,sgi.objective.action_open_indicators,addons/quimibond_sgi/models/sgi_objective.py:78,,Se queda,,defecto,
3031,método,sgi.policy._compute_health,addons/quimibond_sgi/models/sgi_policy.py:50,,Se queda,,defecto,
3032,método,sgi.policy.init,addons/quimibond_sgi/models/sgi_policy.py:54,,Se queda,,defecto,
3033,método,sgi.policy._compute_objective_count,addons/quimibond_sgi/models/sgi_policy.py:76,,Se queda,,defecto,
3034,método,sgi.policy._compute_display_name,addons/quimibond_sgi/models/sgi_policy.py:81,,Se queda,,defecto,
3035,método,sgi.policy._sgi_obsolete_other_vigentes,addons/quimibond_sgi/models/sgi_policy.py:86,,Se queda,,defecto,
3036,método,sgi.policy.action_set_vigente,addons/quimibond_sgi/models/sgi_policy.py:98,,Se queda,,defecto,
3037,método,sgi.policy.action_set_borrador,addons/quimibond_sgi/models/sgi_policy.py:104,,Se queda,,defecto,
3038,método,sgi.policy.action_set_obsoleta,addons/quimibond_sgi/models/sgi_policy.py:108,,Se queda,,defecto,
3039,método,sgi.policy.action_generate_acks,addons/quimibond_sgi/models/sgi_policy.py:112,,Se queda,,defecto,
3040,método,sgi.policy.action_open_objectives,addons/quimibond_sgi/models/sgi_policy.py:131,,Se queda,,defecto,
3041,método,sgi.ppap.create,addons/quimibond_sgi/models/sgi_ppap.py:72,,Sale a otro módulo,A-018,decisión (módulo que sale / modelo que se retira),
3042,método,sgi.ppap._sgi_submission_for,addons/quimibond_sgi/models/sgi_ppap.py:79,,Sale a otro módulo,A-018,decisión (módulo que sale / modelo que se retira),
3043,método,sgi.ppap._sgi_generate_elements,addons/quimibond_sgi/models/sgi_ppap.py:87,,Sale a otro módulo,A-018,decisión (módulo que sale / modelo que se retira),
3044,método,sgi.ppap.write,addons/quimibond_sgi/models/sgi_ppap.py:106,,Sale a otro módulo,A-018,decisión (módulo que sale / modelo que se retira),
3045,método,sgi.ppap.action_mark_enviado,addons/quimibond_sgi/models/sgi_ppap.py:118,,Sale a otro módulo,A-018,decisión (módulo que sale / modelo que se retira),
3046,método,sgi.ppap.action_approve,addons/quimibond_sgi/models/sgi_ppap.py:135,,Sale a otro módulo,A-018,decisión (módulo que sale / modelo que se retira),
3047,método,sgi.ppap.action_set_interino,addons/quimibond_sgi/models/sgi_ppap.py:148,,Sale a otro módulo,A-018,decisión (módulo que sale / modelo que se retira),
3048,método,sgi.ppap.action_reject,addons/quimibond_sgi/models/sgi_ppap.py:152,,Sale a otro módulo,A-018,decisión (módulo que sale / modelo que se retira),
3049,método,sgi.ppap.action_reset,addons/quimibond_sgi/models/sgi_ppap.py:156,,Sale a otro módulo,A-018,decisión (módulo que sale / modelo que se retira),
3050,método,sgi.ppap._compute_display_name,addons/quimibond_sgi/models/sgi_ppap.py:164,,Sale a otro módulo,A-018,decisión (módulo que sale / modelo que se retira),
3051,método,res.partner._compute_sgi_ppap_count,addons/quimibond_sgi/models/sgi_ppap.py:175,,Sale a otro módulo,A-018,decisión (archivo),
3052,método,res.partner.action_view_sgi_ppap,addons/quimibond_sgi/models/sgi_ppap.py:182,,Sale a otro módulo,A-018,decisión (archivo),
3053,método,product.template._compute_sgi_ppap_count,addons/quimibond_sgi/models/sgi_ppap.py:199,,Sale a otro módulo,A-018,decisión (archivo),
3054,método,product.template.action_view_sgi_ppap,addons/quimibond_sgi/models/sgi_ppap.py:206,,Sale a otro módulo,A-018,decisión (archivo),
3055,método,product.product._compute_sgi_ppap_count,addons/quimibond_sgi/models/sgi_ppap.py:226,,Sale a otro módulo,A-018,decisión (archivo),
3056,método,product.product.action_view_sgi_ppap,addons/quimibond_sgi/models/sgi_ppap.py:230,,Sale a otro módulo,A-018,decisión (archivo),
3057,método,sgi.ppap.element.unlink,addons/quimibond_sgi/models/sgi_ppap.py:262,,Sale a otro módulo,A-018,decisión (módulo que sale / modelo que se retira),
3058,método,sgi.process._group_expand_process_type,addons/quimibond_sgi/models/sgi_process.py:110,,Se queda,,defecto,
3059,método,sgi.process._compute_owner_valid,addons/quimibond_sgi/models/sgi_process.py:116,,Se queda,,defecto,
3060,método,sgi.process._onchange_owner_id_approver,addons/quimibond_sgi/models/sgi_process.py:122,,Se queda,,defecto,
3061,método,sgi.process._sgi_default_vobo_user,addons/quimibond_sgi/models/sgi_process.py:127,,Se queda,,defecto,
3062,método,sgi.process.create,addons/quimibond_sgi/models/sgi_process.py:138,,Se queda,,defecto,
3063,método,sgi.process._check_parent_recursion,addons/quimibond_sgi/models/sgi_process.py:151,,Se queda,,defecto,
3064,método,sgi.process._compute_health,addons/quimibond_sgi/models/sgi_process.py:155,,Se queda,,defecto,
3065,método,sgi.process._compute_display_name,addons/quimibond_sgi/models/sgi_process.py:242,,Se queda,,defecto,
3066,método,sgi.process._compute_odoo_models,addons/quimibond_sgi/models/sgi_process.py:246,,Se queda,,defecto,
3067,método,sgi.process._compute_counts,addons/quimibond_sgi/models/sgi_process.py:251,,Se queda,,defecto,
3068,método,sgi.process._compute_flow_count,addons/quimibond_sgi/models/sgi_process.py:275,,Se queda,,defecto,
3069,método,sgi.process.action_open_flows,addons/quimibond_sgi/models/sgi_process.py:279,,Se queda,,defecto,
3070,método,sgi.process.action_print_risk_matrix,addons/quimibond_sgi/models/sgi_process.py:291,,Se elimina,B-011,coincidencia de nombre en hallazgo,
3071,método,sgi.process.action_print_master_list,addons/quimibond_sgi/models/sgi_process.py:295,,Se elimina,B-011,coincidencia de nombre en hallazgo,
3072,método,sgi.process._sgi_master_list_documents,addons/quimibond_sgi/models/sgi_process.py:299,,Se queda,,defecto,
3073,método,sgi.process.action_open_documents,addons/quimibond_sgi/models/sgi_process.py:308,,Se queda,,defecto,
3074,método,sgi.process.action_open_indicators,addons/quimibond_sgi/models/sgi_process.py:329,,Se queda,,defecto,
3075,método,sgi.process.action_open_risks,addons/quimibond_sgi/models/sgi_process.py:340,,Se queda,,defecto,
3076,método,sgi.process.action_open_ncs,addons/quimibond_sgi/models/sgi_process.py:351,,Se queda,,defecto,
3077,método,sgi.process.action_open_overdue_actions,addons/quimibond_sgi/models/sgi_process.py:362,,Se queda,,defecto,
3078,método,sgi.process.action_open_red_kpis,addons/quimibond_sgi/models/sgi_process.py:379,,Se queda,,defecto,
3079,método,sgi.process.action_open_high_risks,addons/quimibond_sgi/models/sgi_process.py:394,,Se queda,,defecto,
3080,método,sgi.process.flow._check_from_to,addons/quimibond_sgi/models/sgi_process.py:426,,Se queda,,defecto,
3081,método,sgi.process.flow._sgi_records_domain,addons/quimibond_sgi/models/sgi_process.py:431,,Se queda,,defecto,
3082,método,sgi.process.flow.action_view_records,addons/quimibond_sgi/models/sgi_process.py:441,,Se queda,,defecto,
3083,método,sgi.process._compute_activity_count,addons/quimibond_sgi/models/sgi_process_procedure.py:122,,Se queda,,defecto,
3084,método,sgi.process._compute_inbound_references,addons/quimibond_sgi/models/sgi_process_procedure.py:139,,Se queda,,defecto,
3085,método,sgi.process.action_view_inbound_references,addons/quimibond_sgi/models/sgi_process_procedure.py:175,,Se elimina,B-011,coincidencia de nombre en hallazgo,
3086,método,sgi.process._compute_chain_link_count,addons/quimibond_sgi/models/sgi_process_procedure.py:192,,Se queda,,defecto,
3087,método,sgi.process.action_view_chain,addons/quimibond_sgi/models/sgi_process_procedure.py:219,,Se queda,,defecto,
3088,método,sgi.process._compute_measure_stats,addons/quimibond_sgi/models/sgi_process_procedure.py:233,,Se queda,,defecto,
3089,método,sgi.process._compute_measure_methods,addons/quimibond_sgi/models/sgi_process_procedure.py:244,,Se queda,,defecto,
3090,método,sgi.process._compute_activity_board,addons/quimibond_sgi/models/sgi_process_procedure.py:264,,Se queda,,defecto,
3091,método,sgi.process._compute_measure_status,addons/quimibond_sgi/models/sgi_process_procedure.py:294,,Se queda,,defecto,
3092,método,sgi.process._compute_chain_link_ids,addons/quimibond_sgi/models/sgi_process_procedure.py:304,,Se queda,,defecto,
3093,método,sgi.process.action_view_activities,addons/quimibond_sgi/models/sgi_process_procedure.py:311,,Se queda,,defecto,
3094,método,sgi.process.action_view_red_activities,addons/quimibond_sgi/models/sgi_process_procedure.py:324,,Se queda,,defecto,
3095,método,sgi.process.action_view_no_method_activities,addons/quimibond_sgi/models/sgi_process_procedure.py:327,,Se elimina,B-011,coincidencia de nombre en hallazgo,
3096,método,sgi.process._sgi_measure_strict,addons/quimibond_sgi/models/sgi_process_procedure.py:330,,Se queda,,defecto,
3097,método,sgi.process._sgi_flag_procedure_dirty,addons/quimibond_sgi/models/sgi_process_procedure.py:341,,Se queda,,defecto,
3098,método,sgi.process.write,addons/quimibond_sgi/models/sgi_process_procedure.py:379,,Se queda,,defecto,
3099,método,sgi.process._sgi_procedure_document,addons/quimibond_sgi/models/sgi_process_procedure.py:386,,Se queda,,defecto,
3100,método,sgi.process._sgi_format_revision,addons/quimibond_sgi/models/sgi_process_procedure.py:395,,Se queda,,defecto,
3101,método,sgi.process._sgi_document_by_code,addons/quimibond_sgi/models/sgi_process_procedure.py:400,,Se queda,,defecto,
3102,método,sgi.process._sgi_env_risks,addons/quimibond_sgi/models/sgi_process_procedure.py:406,,Se queda,,defecto,
3103,método,sgi.process._sgi_iper_risks,addons/quimibond_sgi/models/sgi_process_procedure.py:411,,Se queda,,defecto,
3104,método,sgi.process._sgi_documented_info,addons/quimibond_sgi/models/sgi_process_procedure.py:416,,Se queda,,defecto,
3105,método,sgi.process.action_print_procedure,addons/quimibond_sgi/models/sgi_process_procedure.py:428,,Se elimina,B-011,coincidencia de nombre en hallazgo,
3106,método,sgi.process.responsibility._onchange_job_id,addons/quimibond_sgi/models/sgi_process_procedure.py:457,,Se elimina,B-002,decisión (módulo que sale / modelo que se retira),
3107,método,sgi.process.responsibility.create,addons/quimibond_sgi/models/sgi_process_procedure.py:462,,Se elimina,B-002,decisión (módulo que sale / modelo que se retira),
3108,método,sgi.process.responsibility.write,addons/quimibond_sgi/models/sgi_process_procedure.py:467,,Se elimina,B-002,decisión (módulo que sale / modelo que se retira),
3109,método,sgi.process.responsibility.unlink,addons/quimibond_sgi/models/sgi_process_procedure.py:472,,Se elimina,B-002,decisión (módulo que sale / modelo que se retira),
3110,método,sgi.process.activity._compute_responsible_job_ids,addons/quimibond_sgi/models/sgi_process_procedure.py:602,,Se queda,,defecto,
3111,método,sgi.process.activity._inverse_responsible_job_ids,addons/quimibond_sgi/models/sgi_process_procedure.py:609,,Se queda,,defecto,
3112,método,sgi.process.activity._compute_role_views,addons/quimibond_sgi/models/sgi_process_procedure.py:632,,Se queda,,defecto,
3113,método,sgi.process.activity._compute_recent_exec_stat_ids,addons/quimibond_sgi/models/sgi_process_procedure.py:639,,Se queda,,defecto,
3114,método,sgi.process.activity._sgi_executor_jobs,addons/quimibond_sgi/models/sgi_process_procedure.py:648,,Se queda,,defecto,
3115,método,sgi.process.activity._sgi_check_roles,addons/quimibond_sgi/models/sgi_process_procedure.py:658,,Se queda,,defecto,
3116,método,sgi.process.activity._check_roles,addons/quimibond_sgi/models/sgi_process_procedure.py:689,,Se queda,,defecto,
3117,método,sgi.process.activity._sgi_measure_problems,addons/quimibond_sgi/models/sgi_process_procedure.py:692,,Se queda,,defecto,
3118,método,sgi.process.activity._sgi_check_measure_strict,addons/quimibond_sgi/models/sgi_process_procedure.py:711,,Se queda,,defecto,
3119,método,sgi.process.activity._check_measure_method,addons/quimibond_sgi/models/sgi_process_procedure.py:734,,Se queda,,defecto,
3120,método,sgi.process.activity._check_proxy_cycle,addons/quimibond_sgi/models/sgi_process_procedure.py:738,,Se queda,,defecto,
3121,método,sgi.process.activity._sgi_proxy_root,addons/quimibond_sgi/models/sgi_process_procedure.py:752,,Se queda,,defecto,
3122,método,sgi.process.activity._compute_number,addons/quimibond_sgi/models/sgi_process_procedure.py:767,,Se queda,,defecto,
3123,método,sgi.process.activity._compute_section,addons/quimibond_sgi/models/sgi_process_procedure.py:773,,Se queda,,defecto,
3124,método,sgi.process.activity._check_stage_process,addons/quimibond_sgi/models/sgi_process_procedure.py:778,,Se queda,,defecto,
3125,método,sgi.process.activity._sgi_parse_number,addons/quimibond_sgi/models/sgi_process_procedure.py:785,,Se queda,,defecto,
3126,método,sgi.process.activity._sgi_structure_vals,addons/quimibond_sgi/models/sgi_process_procedure.py:798,,Se queda,,defecto,
3127,método,sgi.process.activity._sgi_next_step,addons/quimibond_sgi/models/sgi_process_procedure.py:817,,Se queda,,defecto,
3128,método,sgi.process.activity._compute_chain,addons/quimibond_sgi/models/sgi_process_procedure.py:824,,Se queda,,defecto,
3129,método,sgi.process.activity.action_open_next,addons/quimibond_sgi/models/sgi_process_procedure.py:829,,Se queda,,defecto,
3130,método,sgi.process.activity._compute_measure_model_name,addons/quimibond_sgi/models/sgi_process_procedure.py:983,,Se queda,,defecto,
3131,método,sgi.process.activity._inverse_measure_model_name,addons/quimibond_sgi/models/sgi_process_procedure.py:987,,Se queda,,defecto,
3132,método,sgi.process.activity._sgi_measure_domain,addons/quimibond_sgi/models/sgi_process_procedure.py:995,,Se corrige,G-003,coincidencia de nombre en hallazgo,
3133,método,sgi.process.activity._sgi_measure,addons/quimibond_sgi/models/sgi_process_procedure.py:1010,,Se queda,,defecto,
3134,método,sgi.process.activity._sgi_write_if_changed,addons/quimibond_sgi/models/sgi_process_procedure.py:1039,,Se queda,,defecto,
3135,método,sgi.process.activity._sgi_measure_odoo,addons/quimibond_sgi/models/sgi_process_procedure.py:1046,,Se corrige,G-003,coincidencia de nombre en hallazgo,
3136,método,sgi.process.activity._sgi_generic_user_ids,addons/quimibond_sgi/models/sgi_process_procedure.py:1093,,Se queda,,defecto,
3137,método,sgi.process.activity._sgi_exec_window_start,addons/quimibond_sgi/models/sgi_process_procedure.py:1103,,Se queda,,defecto,
3138,método,sgi.process.activity._sgi_replace_exec_stats,addons/quimibond_sgi/models/sgi_process_procedure.py:1110,,Se queda,,defecto,
3139,método,sgi.process.activity._sgi_measure_executors,addons/quimibond_sgi/models/sgi_process_procedure.py:1133,,Se queda,,defecto,
3140,método,sgi.process.activity._sgi_resolve_menu,addons/quimibond_sgi/models/sgi_process_procedure.py:1248,,Se queda,,defecto,
3141,método,sgi.process.activity.cron_measure_activities,addons/quimibond_sgi/models/sgi_process_procedure.py:1264,,Se queda,,defecto,
3142,método,sgi.process.activity._sgi_checked_measure_domain,addons/quimibond_sgi/models/sgi_process_procedure.py:1296,,Se queda,,defecto,
3143,método,sgi.process.activity.action_view_measure_records,addons/quimibond_sgi/models/sgi_process_procedure.py:1315,,Se queda,,defecto,
3144,método,sgi.process.activity._compute_display_name,addons/quimibond_sgi/models/sgi_process_procedure.py:1332,,Se queda,,defecto,
3145,método,sgi.process.activity._onchange_odoo_menu_id,addons/quimibond_sgi/models/sgi_process_procedure.py:1339,,Se queda,,defecto,
3146,método,sgi.process.activity.action_open_odoo,addons/quimibond_sgi/models/sgi_process_procedure.py:1344,,Se queda,,defecto,
3147,método,sgi.process.activity.create,addons/quimibond_sgi/models/sgi_process_procedure.py:1360,,Se queda,,defecto,
3148,método,sgi.process.activity.write,addons/quimibond_sgi/models/sgi_process_procedure.py:1381,,Se queda,,defecto,
3149,método,sgi.process.activity.unlink,addons/quimibond_sgi/models/sgi_process_procedure.py:1402,,Se queda,,defecto,
3150,método,sgi.activity.link._compute_cross,addons/quimibond_sgi/models/sgi_process_procedure.py:1464,,Se queda,,defecto,
3151,método,sgi.activity.link._sgi_evaluate_chain,addons/quimibond_sgi/models/sgi_process_procedure.py:1469,,Se queda,,defecto,
3152,método,sgi.activity.link._sgi_chain_nc_open,addons/quimibond_sgi/models/sgi_process_procedure.py:1525,,Se queda,,defecto,
3153,método,sgi.activity.link._sgi_create_chain_nc,addons/quimibond_sgi/models/sgi_process_procedure.py:1532,,Se queda,,defecto,
3154,método,sgi.activity.link._check_not_self,addons/quimibond_sgi/models/sgi_process_procedure.py:1573,,Se queda,,defecto,
3155,método,sgi.activity.link.create,addons/quimibond_sgi/models/sgi_process_procedure.py:1580,,Se queda,,defecto,
3156,método,sgi.activity.link.write,addons/quimibond_sgi/models/sgi_process_procedure.py:1586,,Se queda,,defecto,
3157,método,sgi.activity.link.unlink,addons/quimibond_sgi/models/sgi_process_procedure.py:1594,,Se queda,,defecto,
3158,método,stock.picking._compute_sgi_delivery_picking,addons/quimibond_sgi/models/sgi_release.py:59,,Se queda,,defecto,
3159,método,stock.picking._sgi_release_block_enabled,addons/quimibond_sgi/models/sgi_release.py:78,,Se queda,,defecto,
3160,método,stock.picking._sgi_unreleased_lines,addons/quimibond_sgi/models/sgi_release.py:83,,Se queda,,defecto,
3161,método,stock.picking._sgi_check_release,addons/quimibond_sgi/models/sgi_release.py:110,,Se queda,,defecto,
3162,método,stock.picking.button_validate,addons/quimibond_sgi/models/sgi_release.py:127,,Se queda,,defecto,
3163,método,sgi.risk._sgi_level,addons/quimibond_sgi/models/sgi_risk.py:140,,Se queda,,defecto,
3164,método,sgi.risk._check_iper_scale,addons/quimibond_sgi/models/sgi_risk.py:172,,Se queda,,defecto,
3165,método,sgi.risk._check_foda_type,addons/quimibond_sgi/models/sgi_risk.py:183,,Se queda,,defecto,
3166,método,sgi.risk._compute_score,addons/quimibond_sgi/models/sgi_risk.py:189,,Se queda,,defecto,
3167,método,sgi.risk._compute_residual,addons/quimibond_sgi/models/sgi_risk.py:199,,Se queda,,defecto,
3168,método,sgi.risk._compute_semaphore,addons/quimibond_sgi/models/sgi_risk.py:210,,Se queda,,defecto,
3169,método,sgi.risk._compute_high_without_action,addons/quimibond_sgi/models/sgi_risk.py:222,,Se queda,,defecto,
3170,método,sgi.risk._sgi_next_semester,addons/quimibond_sgi/models/sgi_risk.py:229,,Se queda,,defecto,
3171,método,sgi.risk.action_evaluate,addons/quimibond_sgi/models/sgi_risk.py:235,,Se queda,,defecto,
3172,método,sgi.risk._compute_has_finished_actions,addons/quimibond_sgi/models/sgi_risk.py:250,,Se queda,,defecto,
3173,método,sgi.risk._compute_display_name,addons/quimibond_sgi/models/sgi_risk.py:256,,Se queda,,defecto,
3174,método,sgi.risk._compute_sgi_nc_count,addons/quimibond_sgi/models/sgi_risk.py:262,,Se queda,,defecto,
3175,método,sgi.risk.action_view_sgi_ncs,addons/quimibond_sgi/models/sgi_risk.py:266,,Se queda,,defecto,
3176,método,sgi.risk._sgi_check_can_close,addons/quimibond_sgi/models/sgi_risk.py:283,,Se queda,,defecto,
3177,método,sgi.risk.write,addons/quimibond_sgi/models/sgi_risk.py:307,,Se queda,,defecto,
3178,método,sgi.risk.action_set_en_tratamiento,addons/quimibond_sgi/models/sgi_risk.py:318,,Se queda,,defecto,
3179,método,sgi.risk.action_set_controlado,addons/quimibond_sgi/models/sgi_risk.py:322,,Se queda,,defecto,
3180,método,sgi.risk.action_set_cerrado,addons/quimibond_sgi/models/sgi_risk.py:326,,Se queda,,defecto,
3181,método,sgi.risk.action_set_identificado,addons/quimibond_sgi/models/sgi_risk.py:330,,Se queda,,defecto,
3182,método,sale.order._sgi_commitment_stamp,addons/quimibond_sgi/models/sgi_sale_commitment.py:25,,Se queda,,defecto,
3183,método,sale.order.create,addons/quimibond_sgi/models/sgi_sale_commitment.py:30,,Se queda,,defecto,
3184,método,sale.order.write,addons/quimibond_sgi/models/sgi_sale_commitment.py:36,,Se queda,,defecto,
3185,método,sgi.sales.budget._compute_needs_justification,addons/quimibond_sgi/models/sgi_sales_budget.py:146,,Sale a otro módulo,A-016,decisión (módulo que sale / modelo que se retira),
3186,método,sgi.sales.budget._compute_name,addons/quimibond_sgi/models/sgi_sales_budget.py:157,,Sale a otro módulo,A-016,decisión (módulo que sale / modelo que se retira),
3187,método,sgi.sales.budget._compute_line_count,addons/quimibond_sgi/models/sgi_sales_budget.py:169,,Sale a otro módulo,A-016,decisión (módulo que sale / modelo que se retira),
3188,método,sgi.sales.budget._compute_amount_totals,addons/quimibond_sgi/models/sgi_sales_budget.py:175,,Sale a otro módulo,A-016,decisión (módulo que sale / modelo que se retira),
3189,método,sgi.sales.budget._compute_qty_texts,addons/quimibond_sgi/models/sgi_sales_budget.py:186,,Sale a otro módulo,A-016,decisión (módulo que sale / modelo que se retira),
3190,método,sgi.sales.budget._sgi_qty_text,addons/quimibond_sgi/models/sgi_sales_budget.py:191,,Sale a otro módulo,A-016,decisión (módulo que sale / modelo que se retira),
3191,método,sgi.sales.budget._compute_unconverted_count,addons/quimibond_sgi/models/sgi_sales_budget.py:205,,Sale a otro módulo,A-016,decisión (módulo que sale / modelo que se retira),
3192,método,sgi.sales.budget._compute_amount_currency_text,addons/quimibond_sgi/models/sgi_sales_budget.py:211,,Sale a otro módulo,A-016,decisión (módulo que sale / modelo que se retira),
3193,método,sgi.sales.budget._compute_no_price_count,addons/quimibond_sgi/models/sgi_sales_budget.py:225,,Sale a otro módulo,A-016,decisión (módulo que sale / modelo que se retira),
3194,método,sgi.sales.budget.action_view_no_price,addons/quimibond_sgi/models/sgi_sales_budget.py:230,,Sale a otro módulo,A-016,decisión (módulo que sale / modelo que se retira),
3195,método,sgi.sales.budget._compute_price_deviation_count,addons/quimibond_sgi/models/sgi_sales_budget.py:241,,Sale a otro módulo,A-016,decisión (módulo que sale / modelo que se retira),
3196,método,sgi.sales.budget.action_view_price_deviations,addons/quimibond_sgi/models/sgi_sales_budget.py:246,,Sale a otro módulo,A-016,decisión (módulo que sale / modelo que se retira),
3197,método,sgi.sales.budget.action_price_coverage_report,addons/quimibond_sgi/models/sgi_sales_budget.py:257,,Sale a otro módulo,A-016,decisión (módulo que sale / modelo que se retira),
3198,método,sgi.sales.budget._compute_uncovered_count,addons/quimibond_sgi/models/sgi_sales_budget.py:271,,Sale a otro módulo,A-016,decisión (módulo que sale / modelo que se retira),
3199,método,sgi.sales.budget.action_view_uncovered,addons/quimibond_sgi/models/sgi_sales_budget.py:276,,Sale a otro módulo,A-016,decisión (módulo que sale / modelo que se retira),
3200,método,sgi.sales.budget._sgi_horizon_mondays,addons/quimibond_sgi/models/sgi_sales_budget.py:287,,Sale a otro módulo,A-016,decisión (módulo que sale / modelo que se retira),
3201,método,sgi.sales.budget._sgi_orders_without_forecast,addons/quimibond_sgi/models/sgi_sales_budget.py:296,,Sale a otro módulo,A-016,decisión (módulo que sale / modelo que se retira),
3202,método,sgi.sales.budget.action_view_orders_without_forecast,addons/quimibond_sgi/models/sgi_sales_budget.py:323,,Sale a otro módulo,A-016,decisión (módulo que sale / modelo que se retira),
3203,método,sgi.sales.budget._sgi_team_year_real,addons/quimibond_sgi/models/sgi_sales_budget.py:334,,Sale a otro módulo,A-016,decisión (módulo que sale / modelo que se retira),
3204,método,sgi.sales.budget._compute_unbudgeted,addons/quimibond_sgi/models/sgi_sales_budget.py:351,,Sale a otro módulo,A-016,decisión (módulo que sale / modelo que se retira),
3205,método,sgi.sales.budget._sgi_reconcile_data,addons/quimibond_sgi/models/sgi_sales_budget.py:357,,Sale a otro módulo,A-016,decisión (módulo que sale / modelo que se retira),
3206,método,sgi.sales.budget.action_reconcile_invoiced,addons/quimibond_sgi/models/sgi_sales_budget.py:436,,Sale a otro módulo,A-016,decisión (módulo que sale / modelo que se retira),
3207,método,sgi.sales.budget._check_unique_active,addons/quimibond_sgi/models/sgi_sales_budget.py:492,,Sale a otro módulo,A-016,decisión (módulo que sale / modelo que se retira),
3208,método,sgi.sales.budget._check_forecast_partner,addons/quimibond_sgi/models/sgi_sales_budget.py:514,,Sale a otro módulo,A-016,decisión (módulo que sale / modelo que se retira),
3209,método,sgi.sales.budget.unlink,addons/quimibond_sgi/models/sgi_sales_budget.py:521,,Sale a otro módulo,A-016,decisión (módulo que sale / modelo que se retira),
3210,método,sgi.sales.budget._sgi_locked_records,addons/quimibond_sgi/models/sgi_sales_budget.py:529,,Sale a otro módulo,A-016,decisión (módulo que sale / modelo que se retira),
3211,método,sgi.sales.budget._sgi_no_price_pairs,addons/quimibond_sgi/models/sgi_sales_budget.py:538,,Sale a otro módulo,A-016,decisión (módulo que sale / modelo que se retira),
3212,método,sgi.sales.budget._sgi_can_review,addons/quimibond_sgi/models/sgi_sales_budget.py:549,,Sale a otro módulo,A-016,decisión (módulo que sale / modelo que se retira),
3213,método,sgi.sales.budget.action_send_to_review,addons/quimibond_sgi/models/sgi_sales_budget.py:555,,Sale a otro módulo,A-016,decisión (módulo que sale / modelo que se retira),
3214,método,sgi.sales.budget.action_approve,addons/quimibond_sgi/models/sgi_sales_budget.py:584,,Sale a otro módulo,A-016,decisión (módulo que sale / modelo que se retira),
3215,método,sgi.sales.budget.action_set_borrador,addons/quimibond_sgi/models/sgi_sales_budget.py:628,,Sale a otro módulo,A-016,decisión (módulo que sale / modelo que se retira),
3216,método,sgi.sales.budget.action_set_obsoleto,addons/quimibond_sgi/models/sgi_sales_budget.py:632,,Sale a otro módulo,A-016,decisión (módulo que sale / modelo que se retira),
3217,método,sgi.sales.budget.action_revise,addons/quimibond_sgi/models/sgi_sales_budget.py:636,,Sale a otro módulo,A-016,decisión (módulo que sale / modelo que se retira),
3218,método,sgi.sales.budget.action_open_lines,addons/quimibond_sgi/models/sgi_sales_budget.py:667,,Sale a otro módulo,A-016 B-011,decisión (módulo que sale / modelo que se retira),
3219,método,sgi.sales.budget._action_grid,addons/quimibond_sgi/models/sgi_sales_budget.py:678,,Sale a otro módulo,A-016,decisión (módulo que sale / modelo que se retira),
3220,método,sgi.sales.budget.action_open_grid_qty,addons/quimibond_sgi/models/sgi_sales_budget.py:694,,Sale a otro módulo,A-016,decisión (módulo que sale / modelo que se retira),
3221,método,sgi.sales.budget.action_open_comparison,addons/quimibond_sgi/models/sgi_sales_budget.py:698,,Sale a otro módulo,A-016,decisión (módulo que sale / modelo que se retira),
3222,método,sgi.sales.budget.action_open_analysis,addons/quimibond_sgi/models/sgi_sales_budget.py:710,,Sale a otro módulo,A-016,decisión (módulo que sale / modelo que se retira),
3223,método,sgi.sales.budget.action_open_cumulative,addons/quimibond_sgi/models/sgi_sales_budget.py:728,,Sale a otro módulo,A-016,decisión (módulo que sale / modelo que se retira),
3224,método,sgi.sales.budget._report_matrix,addons/quimibond_sgi/models/sgi_sales_budget.py:743,,Sale a otro módulo,A-016,decisión (módulo que sale / modelo que se retira),
3225,método,sgi.sales.budget._report_forecast_matrix,addons/quimibond_sgi/models/sgi_sales_budget.py:806,,Sale a otro módulo,A-016,decisión (módulo que sale / modelo que se retira),
3226,método,sgi.sales.budget._sgi_format_code,addons/quimibond_sgi/models/sgi_sales_budget.py:840,,Sale a otro módulo,A-016,decisión (módulo que sale / modelo que se retira),
3227,método,sgi.sales.budget.action_print_budget,addons/quimibond_sgi/models/sgi_sales_budget.py:846,,Sale a otro módulo,A-016,decisión (módulo que sale / modelo que se retira),
3228,método,sgi.sales.budget._sgi_historical_products,addons/quimibond_sgi/models/sgi_sales_budget.py:856,,Sale a otro módulo,A-016,decisión (módulo que sale / modelo que se retira),
3229,método,sgi.sales.budget._sgi_historical_pairs,addons/quimibond_sgi/models/sgi_sales_budget.py:877,,Sale a otro módulo,A-016,decisión (módulo que sale / modelo que se retira),
3230,método,sgi.sales.budget.action_download_template,addons/quimibond_sgi/models/sgi_sales_budget.py:897,,Sale a otro módulo,A-016,decisión (módulo que sale / modelo que se retira),
3231,método,sgi.sales.budget.action_refresh_actuals,addons/quimibond_sgi/models/sgi_sales_budget.py:947,,Sale a otro módulo,A-016,decisión (módulo que sale / modelo que se retira),
3232,método,sgi.sales.budget._compute_mps_available,addons/quimibond_sgi/models/sgi_sales_budget.py:961,,Sale a otro módulo,A-016,decisión (módulo que sale / modelo que se retira),
3233,método,sgi.sales.budget._sgi_committed_by_week,addons/quimibond_sgi/models/sgi_sales_budget.py:966,,Sale a otro módulo,A-016,decisión (módulo que sale / modelo que se retira),
3234,método,sgi.sales.budget.action_preload_from_orders,addons/quimibond_sgi/models/sgi_sales_budget.py:998,,Sale a otro módulo,A-016,decisión (módulo que sale / modelo que se retira),
3235,método,sgi.sales.budget._preload_forecast_from_orders,addons/quimibond_sgi/models/sgi_sales_budget.py:1014,,Sale a otro módulo,A-016,decisión (módulo que sale / modelo que se retira),
3236,método,sgi.sales.budget._preload_budget_proposals,addons/quimibond_sgi/models/sgi_sales_budget.py:1035,,Sale a otro módulo,A-016,decisión (módulo que sale / modelo que se retira),
3237,método,sgi.sales.budget._preload_budget_from_forecast_and_real,addons/quimibond_sgi/models/sgi_sales_budget.py:1088,,Sale a otro módulo,A-016,decisión (módulo que sale / modelo que se retira),
3238,método,sgi.sales.budget._sgi_forecast_covered_products,addons/quimibond_sgi/models/sgi_sales_budget.py:1137,,Sale a otro módulo,A-016,decisión (módulo que sale / modelo que se retira),
3239,método,sgi.sales.budget._sgi_mps_warehouse,addons/quimibond_sgi/models/sgi_sales_budget.py:1150,,Sale a otro módulo,A-016,decisión (módulo que sale / modelo que se retira),
3240,método,sgi.sales.budget._sgi_push_forecast_cells,addons/quimibond_sgi/models/sgi_sales_budget.py:1158,,Sale a otro módulo,A-016,decisión (módulo que sale / modelo que se retira),
3241,método,sgi.sales.budget.action_send_to_mps,addons/quimibond_sgi/models/sgi_sales_budget.py:1185,,Sale a otro módulo,A-016,decisión (módulo que sale / modelo que se retira),
3242,método,sgi.sales.budget._send_forecast_to_mps,addons/quimibond_sgi/models/sgi_sales_budget.py:1200,,Sale a otro módulo,A-016,decisión (módulo que sale / modelo que se retira),
3243,método,sgi.sales.budget._send_budget_to_mps,addons/quimibond_sgi/models/sgi_sales_budget.py:1221,,Sale a otro módulo,A-016,decisión (módulo que sale / modelo que se retira),
3244,método,sgi.sales.budget.action_open_import,addons/quimibond_sgi/models/sgi_sales_budget.py:1250,,Sale a otro módulo,A-016,decisión (módulo que sale / modelo que se retira),
3245,método,sgi.sales.budget.import._onchange_file,addons/quimibond_sgi/models/sgi_sales_budget_import.py:57,,Sale a otro módulo,A-016,decisión (módulo que sale / modelo que se retira),
3246,método,sgi.sales.budget.import._load_workbook,addons/quimibond_sgi/models/sgi_sales_budget_import.py:70,,Sale a otro módulo,A-016,decisión (módulo que sale / modelo que se retira),
3247,método,sgi.sales.budget.import._parse_header,addons/quimibond_sgi/models/sgi_sales_budget_import.py:83,,Sale a otro módulo,A-016,decisión (módulo que sale / modelo que se retira),
3248,método,sgi.sales.budget.import._match_product,addons/quimibond_sgi/models/sgi_sales_budget_import.py:127,,Sale a otro módulo,A-016,decisión (módulo que sale / modelo que se retira),
3249,método,sgi.sales.budget.import._norm_apostrophe,addons/quimibond_sgi/models/sgi_sales_budget_import.py:142,,Sale a otro módulo,A-016,decisión (módulo que sale / modelo que se retira),
3250,método,sgi.sales.budget.import._match_partner,addons/quimibond_sgi/models/sgi_sales_budget_import.py:147,,Sale a otro módulo,A-016,decisión (módulo que sale / modelo que se retira),
3251,método,sgi.sales.budget.import._as_number,addons/quimibond_sgi/models/sgi_sales_budget_import.py:183,,Sale a otro módulo,A-016,decisión (módulo que sale / modelo que se retira),
3252,método,sgi.sales.budget.import._as_int,addons/quimibond_sgi/models/sgi_sales_budget_import.py:195,,Sale a otro módulo,A-016,decisión (módulo que sale / modelo que se retira),
3253,método,sgi.sales.budget.import._week_monday,addons/quimibond_sgi/models/sgi_sales_budget_import.py:202,,Sale a otro módulo,A-016,decisión (módulo que sale / modelo que se retira),
3254,método,sgi.sales.budget.import._parse_forecast_header,addons/quimibond_sgi/models/sgi_sales_budget_import.py:209,,Sale a otro módulo,A-016,decisión (módulo que sale / modelo que se retira),
3255,método,sgi.sales.budget.import._resolve_uom,addons/quimibond_sgi/models/sgi_sales_budget_import.py:236,,Sale a otro módulo,A-016,decisión (módulo que sale / modelo que se retira),
3256,método,sgi.sales.budget.import.action_import,addons/quimibond_sgi/models/sgi_sales_budget_import.py:254,,Sale a otro módulo,A-016,decisión (módulo que sale / modelo que se retira),
3257,método,sgi.sales.budget.import._import_monthly,addons/quimibond_sgi/models/sgi_sales_budget_import.py:283,,Sale a otro módulo,A-016,decisión (módulo que sale / modelo que se retira),
3258,método,sgi.sales.budget.import._import_forecast,addons/quimibond_sgi/models/sgi_sales_budget_import.py:341,,Sale a otro módulo,A-016,decisión (módulo que sale / modelo que se retira),
3259,método,sgi.sales.budget.import._upsert_line,addons/quimibond_sgi/models/sgi_sales_budget_import.py:386,,Sale a otro módulo,A-016,decisión (módulo que sale / modelo que se retira),
3260,método,sgi.sales.budget.import._result_body,addons/quimibond_sgi/models/sgi_sales_budget_import.py:416,,Sale a otro módulo,A-016,decisión (módulo que sale / modelo que se retira),
3261,método,sgi.sales.budget.line._compute_display_name,addons/quimibond_sgi/models/sgi_sales_budget_line.py:180,,Sale a otro módulo,A-016,decisión (módulo que sale / modelo que se retira),
3262,método,sgi.sales.budget.line._compute_amount_budget,addons/quimibond_sgi/models/sgi_sales_budget_line.py:193,,Sale a otro módulo,A-016,decisión (módulo que sale / modelo que se retira),
3263,método,sgi.sales.budget.line._onchange_product_id,addons/quimibond_sgi/models/sgi_sales_budget_line.py:199,,Sale a otro módulo,A-016,decisión (módulo que sale / modelo que se retira),
3264,método,sgi.sales.budget.line._compute_price,addons/quimibond_sgi/models/sgi_sales_budget_line.py:204,,Sale a otro módulo,A-016,decisión (módulo que sale / modelo que se retira),
3265,método,sgi.sales.budget.line._sgi_default_pricelist,addons/quimibond_sgi/models/sgi_sales_budget_line.py:219,,Sale a otro módulo,A-016,decisión (módulo que sale / modelo que se retira),
3266,método,sgi.sales.budget.line._sgi_min_plausible,addons/quimibond_sgi/models/sgi_sales_budget_line.py:237,,Sale a otro módulo,A-016,decisión (módulo que sale / modelo que se retira),
3267,método,sgi.sales.budget.line._sgi_pricelist_price,addons/quimibond_sgi/models/sgi_sales_budget_line.py:243,,Sale a otro módulo,A-016,decisión (módulo que sale / modelo que se retira),
3268,método,sgi.sales.budget.line._sgi_planning_factor,addons/quimibond_sgi/models/sgi_sales_budget_line.py:315,,Sale a otro módulo,A-016,decisión (módulo que sale / modelo que se retira),
3269,método,sgi.sales.budget.line._sgi_to_company_price,addons/quimibond_sgi/models/sgi_sales_budget_line.py:335,,Sale a otro módulo,A-016,decisión (módulo que sale / modelo que se retira),
3270,método,sgi.sales.budget.line._check_date_in_year,addons/quimibond_sgi/models/sgi_sales_budget_line.py:352,,Sale a otro módulo,A-016,decisión (módulo que sale / modelo que se retira),
3271,método,sgi.sales.budget.line._check_forecast_partner,addons/quimibond_sgi/models/sgi_sales_budget_line.py:370,,Sale a otro módulo,A-016,decisión (módulo que sale / modelo que se retira),
3272,método,sgi.sales.budget.line._check_no_mixed_scheme,addons/quimibond_sgi/models/sgi_sales_budget_line.py:379,,Sale a otro módulo,A-016,decisión (módulo que sale / modelo que se retira),
3273,método,sgi.sales.budget.line._check_uom_category,addons/quimibond_sgi/models/sgi_sales_budget_line.py:407,,Sale a otro módulo,A-016,decisión (módulo que sale / modelo que se retira),
3274,método,sgi.sales.budget.line._sgi_month_bounds,addons/quimibond_sgi/models/sgi_sales_budget_line.py:418,,Sale a otro módulo,A-016,decisión (módulo que sale / modelo que se retira),
3275,método,sgi.sales.budget.line._compute_real,addons/quimibond_sgi/models/sgi_sales_budget_line.py:428,,Sale a otro módulo,A-016,decisión (módulo que sale / modelo que se retira),
3276,método,sgi.sales.budget.line._sgi_compute_real_invoiced,addons/quimibond_sgi/models/sgi_sales_budget_line.py:437,,Sale a otro módulo,A-016,decisión (módulo que sale / modelo que se retira),
3277,método,sgi.sales.budget.line._sgi_set_price_gap,addons/quimibond_sgi/models/sgi_sales_budget_line.py:511,,Sale a otro módulo,A-016,decisión (módulo que sale / modelo que se retira),
3278,método,sgi.sales.budget.line._sgi_company_to_list_price,addons/quimibond_sgi/models/sgi_sales_budget_line.py:539,,Sale a otro módulo,A-016,decisión (módulo que sale / modelo que se retira),
3279,método,sgi.sales.budget.line._sgi_effective_monday,addons/quimibond_sgi/models/sgi_sales_budget_line.py:552,,Sale a otro módulo,A-016,decisión (módulo que sale / modelo que se retira),
3280,método,sgi.sales.budget.line._sgi_forecast_sols,addons/quimibond_sgi/models/sgi_sales_budget_line.py:562,,Sale a otro módulo,A-016,decisión (módulo que sale / modelo que se retira),
3281,método,sgi.sales.budget.line._sgi_compute_real_committed,addons/quimibond_sgi/models/sgi_sales_budget_line.py:578,,Sale a otro módulo,A-016,decisión (módulo que sale / modelo que se retira),
3282,método,sgi.sales.budget.line._sgi_set_coverage,addons/quimibond_sgi/models/sgi_sales_budget_line.py:636,,Sale a otro módulo,A-016,decisión (módulo que sale / modelo que se retira),
3283,método,sgi.sales.budget.line.action_view_week_orders,addons/quimibond_sgi/models/sgi_sales_budget_line.py:652,,Sale a otro módulo,A-016,decisión (módulo que sale / modelo que se retira),
3284,método,sgi.sales.budget.line.action_create_draft_quotation,addons/quimibond_sgi/models/sgi_sales_budget_line.py:665,,Sale a otro módulo,A-016,decisión (módulo que sale / modelo que se retira),
3285,método,sgi.sales.budget.line.action_view_month_invoices,addons/quimibond_sgi/models/sgi_sales_budget_line.py:711,,Sale a otro módulo,A-016,decisión (módulo que sale / modelo que se retira),
3286,método,sgi.sales.budget.line._compute_ordered,addons/quimibond_sgi/models/sgi_sales_budget_line.py:736,,Sale a otro módulo,A-016,decisión (módulo que sale / modelo que se retira),
3287,método,sgi.sales.budget.line._compute_net_demand,addons/quimibond_sgi/models/sgi_sales_budget_line.py:780,,Sale a otro módulo,A-016,decisión (módulo que sale / modelo que se retira),
3288,método,sgi.sales.budget.line._compute_avg_prices,addons/quimibond_sgi/models/sgi_sales_budget_line.py:785,,Sale a otro módulo,A-016,decisión (módulo que sale / modelo que se retira),
3289,método,sgi.sales.budget.line._compute_qty_forecast,addons/quimibond_sgi/models/sgi_sales_budget_line.py:793,,Sale a otro módulo,A-016,decisión (módulo que sale / modelo que se retira),
3290,método,sgi.sales.budget.line.create,addons/quimibond_sgi/models/sgi_sales_budget_line.py:839,,Sale a otro módulo,A-016,decisión (módulo que sale / modelo que se retira),
3291,método,sgi.sales.budget.line._sgi_reopen_reviewed_parents,addons/quimibond_sgi/models/sgi_sales_budget_line.py:853,,Sale a otro módulo,A-016,decisión (módulo que sale / modelo que se retira),
3292,método,sgi.sales.budget.line._sgi_locked_lines,addons/quimibond_sgi/models/sgi_sales_budget_line.py:870,,Sale a otro módulo,A-016,decisión (módulo que sale / modelo que se retira),
3293,método,sgi.sales.budget.line.write,addons/quimibond_sgi/models/sgi_sales_budget_line.py:877,,Sale a otro módulo,A-016,decisión (módulo que sale / modelo que se retira),
3294,método,sgi.sales.budget.line.unlink,addons/quimibond_sgi/models/sgi_sales_budget_line.py:900,,Sale a otro módulo,A-016,decisión (módulo que sale / modelo que se retira),
3295,método,sgi.sales.budget.line._grid_cell_vals_from_domain,addons/quimibond_sgi/models/sgi_sales_budget_line.py:920,,Sale a otro módulo,A-016,decisión (módulo que sale / modelo que se retira),
3296,método,sgi.sales.budget.line.grid_update_cell,addons/quimibond_sgi/models/sgi_sales_budget_line.py:939,,Sale a otro módulo,A-016,decisión (módulo que sale / modelo que se retira),
3297,método,res.config.settings.get_values,addons/quimibond_sgi/models/sgi_settings.py:186,,Se queda,,defecto,
3298,método,res.config.settings.set_values,addons/quimibond_sgi/models/sgi_settings.py:216,,Se queda,,defecto,
3299,método,sgi.sign.builder._sgi_box,addons/quimibond_sgi/models/sgi_sign_builder.py:30,,Se queda,,defecto,
3300,método,sgi.sign.builder._sgi_render_pdf,addons/quimibond_sgi/models/sgi_sign_builder.py:37,,Se queda,,defecto,
3301,método,sgi.sign.builder._sgi_append,addons/quimibond_sgi/models/sgi_sign_builder.py:42,,Se queda,,defecto,
3302,método,sgi.sign.builder._sgi_attachment_pdf,addons/quimibond_sgi/models/sgi_sign_builder.py:63,,Se queda,,defecto,
3303,método,sgi.sign.builder._sgi_signature_type,addons/quimibond_sgi/models/sgi_sign_builder.py:71,,Se queda,,defecto,
3304,método,sgi.sign.builder._sgi_template,addons/quimibond_sgi/models/sgi_sign_builder.py:76,,Se queda,,defecto,
3305,método,sgi.sign.builder._sgi_request,addons/quimibond_sgi/models/sgi_sign_builder.py:90,,Se queda,,defecto,
3306,método,documents.document.write,addons/quimibond_sgi/models/sgi_sign_elearning.py:34,,Se corrige,L-010,coincidencia de nombre en hallazgo,
3307,método,documents.document._sgi_ack_sign_template,addons/quimibond_sgi/models/sgi_sign_elearning.py:39,,Se queda,,defecto,
3308,método,documents.document.action_sgi_send_sign_requests,addons/quimibond_sgi/models/sgi_sign_elearning.py:58,,Se queda,,defecto,
3309,método,sgi.document.ack._sgi_sync_from_sign,addons/quimibond_sgi/models/sgi_sign_elearning.py:130,,Se queda,,defecto,
3310,método,slide.channel._sgi_employee_for_partner,addons/quimibond_sgi/models/sgi_sign_elearning.py:161,,Se queda,,defecto,
3311,método,slide.channel._sgi_sync_completions,addons/quimibond_sgi/models/sgi_sign_elearning.py:171,,Se queda,,defecto,
3312,método,sgi.sign.record.mixin._sgi_sign_domain,addons/quimibond_sgi/models/sgi_sign_record.py:26,,Se queda,,defecto,
3313,método,sgi.sign.record.mixin._compute_sgi_sign_requests,addons/quimibond_sgi/models/sgi_sign_record.py:29,,Se queda,,defecto,
3314,método,sgi.sign.record.mixin._search_sgi_signed,addons/quimibond_sgi/models/sgi_sign_record.py:44,,Se queda,,defecto,
3315,método,sgi.sign.record.mixin.action_sgi_sign,addons/quimibond_sgi/models/sgi_sign_record.py:53,,Se queda,,defecto,
3316,método,sgi.sign.record.mixin.action_sgi_view_sign_requests,addons/quimibond_sgi/models/sgi_sign_record.py:62,,Se queda,,defecto,
3317,método,product.product.action_sgi_sign,addons/quimibond_sgi/models/sgi_sign_record.py:99,,Se queda,,defecto,
3318,método,product.product.action_sgi_view_sign_requests,addons/quimibond_sgi/models/sgi_sign_record.py:103,,Se queda,,defecto,
3319,método,sgi.sign.request.wizard.action_confirm,addons/quimibond_sgi/models/sgi_sign_record.py:118,,Se corrige,F-003 I-014,coincidencia de nombre en hallazgo,
3320,método,sgi.deliverable._onchange_survey_id,addons/quimibond_sgi/models/sgi_sign_record.py:155,,Se queda,,defecto,
3321,método,sgi.deliverable._sgi_signed_ids,addons/quimibond_sgi/models/sgi_sign_record.py:162,,Se queda,,defecto,
3322,método,sgi.staff.efficiency._compute_name,addons/quimibond_sgi/models/sgi_staff_efficiency.py:54,,Se queda,,defecto,
3323,método,sgi.staff.efficiency._sgi_default_department,addons/quimibond_sgi/models/sgi_staff_efficiency.py:60,,Se queda,,defecto,
3324,método,sgi.staff.efficiency._compute_totals,addons/quimibond_sgi/models/sgi_staff_efficiency.py:64,,Se queda,,defecto,
3325,método,sgi.staff.efficiency._compute_amount_total,addons/quimibond_sgi/models/sgi_staff_efficiency.py:69,,Se queda,,defecto,
3326,método,sgi.staff.efficiency._period_bounds,addons/quimibond_sgi/models/sgi_staff_efficiency.py:75,,Se queda,,defecto,
3327,método,sgi.staff.efficiency.action_load_employees,addons/quimibond_sgi/models/sgi_staff_efficiency.py:80,,Se queda,,defecto,
3328,método,sgi.staff.efficiency.action_compute_efficiency,addons/quimibond_sgi/models/sgi_staff_efficiency.py:95,,Se queda,,defecto,
3329,método,sgi.staff.efficiency.action_close,addons/quimibond_sgi/models/sgi_staff_efficiency.py:129,,Se queda,,defecto,
3330,método,sgi.staff.efficiency.action_receive,addons/quimibond_sgi/models/sgi_staff_efficiency.py:146,,Se queda,,defecto,
3331,método,sgi.staff.efficiency.action_reopen,addons/quimibond_sgi/models/sgi_staff_efficiency.py:157,,Se queda,,defecto,
3332,método,sgi.staff.efficiency.sgi_show_money,addons/quimibond_sgi/models/sgi_staff_efficiency.py:161,,Se queda,,defecto,
3333,método,sgi.staff.efficiency.sgi_format_info,addons/quimibond_sgi/models/sgi_staff_efficiency.py:166,,Se queda,,defecto,
3334,método,sgi.staff.efficiency.line._compute_wage_daily,addons/quimibond_sgi/models/sgi_staff_efficiency.py:205,,Se queda,,defecto,
3335,método,sgi.staff.efficiency.line._compute_wage_monthly,addons/quimibond_sgi/models/sgi_staff_efficiency.py:212,,Se queda,,defecto,
3336,método,sgi.staff.efficiency.line._compute_total_pct,addons/quimibond_sgi/models/sgi_staff_efficiency.py:219,,Se queda,,defecto,
3337,método,sgi.staff.efficiency.line._compute_amounts,addons/quimibond_sgi/models/sgi_staff_efficiency.py:225,,Se queda,,defecto,
3338,método,sgi.staff.efficiency.line._check_maxima,addons/quimibond_sgi/models/sgi_staff_efficiency.py:232,,Se queda,,defecto,
3339,método,sgi.process._compute_nc_open_ids,addons/quimibond_sgi/models/sgi_structure.py:29,,Se queda,,defecto,
3340,método,sgi.process._compute_structure_status,addons/quimibond_sgi/models/sgi_structure.py:42,,Se queda,,defecto,
3341,método,sgi.process.action_sgi_request_change,addons/quimibond_sgi/models/sgi_structure.py:61,,Se queda,,defecto,
3342,método,sgi.process.action_sgi_register_finding,addons/quimibond_sgi/models/sgi_structure.py:90,,Se queda,,defecto,
3343,método,sgi.process.action_sgi_view_flows,addons/quimibond_sgi/models/sgi_structure.py:104,,Se elimina,B-011,coincidencia de nombre en hallazgo,
3344,método,sgi.process.activity.action_open_instruction,addons/quimibond_sgi/models/sgi_structure.py:122,,Se queda,,defecto,
3345,método,sgi.process.activity.action_sgi_register_finding,addons/quimibond_sgi/models/sgi_structure.py:129,,Se queda,,defecto,
3346,método,sgi.process.activity.action_view_recent_records,addons/quimibond_sgi/models/sgi_structure.py:137,,Se queda,,defecto,
3347,método,res.partner._compute_sgi_eval_count,addons/quimibond_sgi/models/sgi_supplier_eval.py:45,,Se queda,,defecto,
3348,método,res.partner.action_sgi_approve_supplier,addons/quimibond_sgi/models/sgi_supplier_eval.py:52,,Se queda,,defecto,
3349,método,res.partner.action_sgi_block_supplier,addons/quimibond_sgi/models/sgi_supplier_eval.py:64,,Se queda,,defecto,
3350,método,res.partner.action_sgi_open_evals,addons/quimibond_sgi/models/sgi_supplier_eval.py:72,,Se queda,,defecto,
3351,método,sgi.supplier.eval._sgi_critical_categ_ids,addons/quimibond_sgi/models/sgi_supplier_eval.py:90,,Se queda,,defecto,
3352,método,sgi.supplier.eval._compute_metrics,addons/quimibond_sgi/models/sgi_supplier_eval.py:130,,Se queda,,defecto,
3353,método,sgi.supplier.eval._sgi_class_from_score,addons/quimibond_sgi/models/sgi_supplier_eval.py:158,,Se queda,,defecto,
3354,método,sgi.supplier.eval._sgi_compute_otd,addons/quimibond_sgi/models/sgi_supplier_eval.py:165,,Se queda,,defecto,
3355,método,sgi.supplier.eval._sgi_count_ncs,addons/quimibond_sgi/models/sgi_supplier_eval.py:203,,Se queda,,defecto,
3356,método,sgi.supplier.eval.action_recompute,addons/quimibond_sgi/models/sgi_supplier_eval.py:214,,Se queda,,defecto,
3357,método,sgi.supplier.eval.action_apply_to_partner,addons/quimibond_sgi/models/sgi_supplier_eval.py:221,,Se queda,,defecto,
3358,método,sgi.supplier.eval._compute_display_name,addons/quimibond_sgi/models/sgi_supplier_eval.py:231,,Se queda,,defecto,
3359,método,quality.alert._compute_sgi_supplier_id,addons/quimibond_sgi/models/sgi_supplier_nc.py:37,,Se queda,,defecto,
3360,método,quality.alert._compute_sgi_supplier_overdue,addons/quimibond_sgi/models/sgi_supplier_nc.py:43,,Se queda,,defecto,
3361,método,quality.alert._compute_access_url,addons/quimibond_sgi/models/sgi_supplier_nc.py:50,,Se queda,,defecto,
3362,método,quality.alert.action_sgi_send_to_supplier,addons/quimibond_sgi/models/sgi_supplier_nc.py:55,,Se queda,,defecto,
3363,método,quality.alert.sgi_supplier_answer,addons/quimibond_sgi/models/sgi_supplier_nc.py:87,,Se corrige,F-006,coincidencia de nombre en hallazgo,
3364,método,quality.alert._sgi_supplier_escalation,addons/quimibond_sgi/models/sgi_supplier_nc.py:113,,Se queda,,defecto,
3365,vista,sgi_action_line_view_list,addons/quimibond_sgi/views/sgi_action_line_views.xml:6,sgi.action.line list,Se corrige,D-007,04-vistas,
3366,vista,sgi_action_line_view_search,addons/quimibond_sgi/views/sgi_action_line_views.xml:37,sgi.action.line search,Se queda,,04-vistas,
3367,vista,sgi_action_line_view_form,addons/quimibond_sgi/views/sgi_action_line_views.xml:76,sgi.action.line form,Se corrige,D-007,04-vistas,
3368,vista,sgi_activity_spec_gap_view_list,addons/quimibond_sgi/views/sgi_activity_spec_views.xml:4,sgi.activity.spec.gap list,Se queda,,04-vistas,
3369,vista,sgi_activity_spec_gap_view_pivot,addons/quimibond_sgi/views/sgi_activity_spec_views.xml:20,sgi.activity.spec.gap pivot,Se queda,,04-vistas,
3370,vista,sgi_activity_spec_gap_view_search,addons/quimibond_sgi/views/sgi_activity_spec_views.xml:31,sgi.activity.spec.gap search,Se queda,,04-vistas,
3371,vista,sgi_activity_week_stat_view_list,addons/quimibond_sgi/views/sgi_activity_spec_views.xml:63,sgi.activity.week.stat list,Se queda,,04-vistas,
3372,vista,sgi_activity_week_stat_view_pivot,addons/quimibond_sgi/views/sgi_activity_spec_views.xml:85,sgi.activity.week.stat pivot,Se queda,,04-vistas,
3373,vista,sgi_activity_week_stat_view_search,addons/quimibond_sgi/views/sgi_activity_spec_views.xml:100,sgi.activity.week.stat search,Se queda,,04-vistas,
3374,vista,sgi_alert_source_view_list,addons/quimibond_sgi/views/sgi_alert_source_views.xml:4,sgi.alert.source list,Se corrige,D-014,04-vistas,
3375,vista,sgi_alert_source_view_form,addons/quimibond_sgi/views/sgi_alert_source_views.xml:23,sgi.alert.source form,Se queda,,04-vistas,
3376,vista,sgi_activity_role_view_list_approval,addons/quimibond_sgi/views/sgi_approval_native_views.xml:5,sgi.activity.role list,Se queda,,04-vistas,
3377,vista,sgi_activity_role_view_search_approval,addons/quimibond_sgi/views/sgi_approval_native_views.xml:59,sgi.activity.role search,Se queda,,04-vistas,
3378,vista,sgi_area_view_list,addons/quimibond_sgi/views/sgi_area_views.xml:3,sgi.area list,Se corrige,D-014,04-vistas,
3379,vista,sgi_area_view_form,addons/quimibond_sgi/views/sgi_area_views.xml:15,sgi.area form,Se queda,,04-vistas,
3380,vista,sgi_audit_program_view_form,addons/quimibond_sgi/views/sgi_audit_views.xml:4,sgi.audit.program form,Se corrige,D-008,04-vistas,
3381,vista,sgi_audit_program_view_list,addons/quimibond_sgi/views/sgi_audit_views.xml:48,sgi.audit.program list,Se corrige,D-014,04-vistas,
3382,vista,sgi_audit_view_form,addons/quimibond_sgi/views/sgi_audit_views.xml:72,sgi.audit form,Se corrige,B-009 D-003 D-007 D-008,04-vistas,
3383,vista,sgi_audit_view_list,addons/quimibond_sgi/views/sgi_audit_views.xml:219,sgi.audit list,Se queda,,04-vistas,
3384,vista,sgi_audit_view_search,addons/quimibond_sgi/views/sgi_audit_views.xml:234,sgi.audit search,Se queda,,04-vistas,
3385,vista,sgi_audit_finding_view_list,addons/quimibond_sgi/views/sgi_audit_views.xml:264,sgi.audit.finding list,Se queda,,04-vistas,
3386,vista,sgi_audit_view_activity,addons/quimibond_sgi/views/sgi_audit_views.xml:280,sgi.audit activity,Se queda,,04-vistas,
3387,vista,sgi_budget_analytic_view_form,addons/quimibond_sgi/views/sgi_budget_analytic_views.xml:6,budget.analytic herencia(xpath),Sale a otro módulo,A-016 D-018,decisión (módulo que sale / modelo que se retira),
3388,vista,sgi_measure_split_view_list,addons/quimibond_sgi/views/sgi_business_line_views.xml:6,sgi.indicator.measure.split list,Se queda,,04-vistas,
3389,vista,sgi_measure_split_view_pivot,addons/quimibond_sgi/views/sgi_business_line_views.xml:37,sgi.indicator.measure.split pivot,Se queda,,04-vistas,
3390,vista,sgi_measure_split_view_graph,addons/quimibond_sgi/views/sgi_business_line_views.xml:49,sgi.indicator.measure.split graph,Se queda,,04-vistas,
3391,vista,sgi_measure_split_view_search,addons/quimibond_sgi/views/sgi_business_line_views.xml:61,sgi.indicator.measure.split search,Se queda,,04-vistas,
3392,vista,sgi_calibration_view_form,addons/quimibond_sgi/views/sgi_calibration_views.xml:4,sgi.calibration form,Se queda,,04-vistas,
3393,vista,sgi_calibration_view_list,addons/quimibond_sgi/views/sgi_calibration_views.xml:48,sgi.calibration list,Se queda,,04-vistas,
3394,vista,sgi_calibration_view_search,addons/quimibond_sgi/views/sgi_calibration_views.xml:65,sgi.calibration search,Se queda,,04-vistas,
3395,vista,sgi_equipment_view_form,addons/quimibond_sgi/views/sgi_calibration_views.xml:95,maintenance.equipment herencia(xpath),Se corrige,D-001,04-vistas,
3396,vista,sgi_equipment_view_list_sgi,addons/quimibond_sgi/views/sgi_calibration_views.xml:138,maintenance.equipment herencia(field),Se queda,,04-vistas,
3397,vista,sgi_activity_role_view_list,addons/quimibond_sgi/views/sgi_catalog_views.xml:4,sgi.activity.role list,Se queda,,04-vistas,
3398,vista,sgi_activity_role_view_search,addons/quimibond_sgi/views/sgi_catalog_views.xml:31,sgi.activity.role search,Se queda,,04-vistas,
3399,vista,sgi_deliverable_view_list,addons/quimibond_sgi/views/sgi_catalog_views.xml:61,sgi.deliverable list,Se queda,,04-vistas,
3400,vista,sgi_deliverable_view_form,addons/quimibond_sgi/views/sgi_catalog_views.xml:79,sgi.deliverable form,Se corrige,D-016,04-vistas,
3401,vista,sgi_deliverable_view_search,addons/quimibond_sgi/views/sgi_catalog_views.xml:146,sgi.deliverable search,Se queda,,04-vistas,
3402,vista,sgi_job_family_view_list,addons/quimibond_sgi/views/sgi_catalog_views.xml:167,sgi.job.family list,Se corrige,D-014,04-vistas,
3403,vista,sgi_job_family_view_form,addons/quimibond_sgi/views/sgi_catalog_views.xml:183,sgi.job.family form,Se queda,,04-vistas,
3404,vista,sgi_activity_exec_stat_view_list,addons/quimibond_sgi/views/sgi_catalog_views.xml:230,sgi.activity.exec.stat list,Se queda,,04-vistas,
3405,vista,sgi_activity_exec_stat_view_pivot,addons/quimibond_sgi/views/sgi_catalog_views.xml:256,sgi.activity.exec.stat pivot,Se queda,,04-vistas,
3406,vista,sgi_activity_exec_stat_view_search,addons/quimibond_sgi/views/sgi_catalog_views.xml:269,sgi.activity.exec.stat search,Se queda,,04-vistas,
3407,vista,sgi_activity_method_view_pivot,addons/quimibond_sgi/views/sgi_catalog_views.xml:323,sgi.process.activity pivot,Se queda,,04-vistas,
3408,vista,sgi_catalog_load_wizard_view_form,addons/quimibond_sgi/views/sgi_catalog_views.xml:347,sgi.catalog.load.wizard form,Se queda,,04-vistas,
3409,vista,sgi_document_type_view_list,addons/quimibond_sgi/views/sgi_catalog_views.xml:431,sgi.document.type list,Se corrige,D-014,04-vistas,
3410,vista,sgi_hr_job_view_form_roles,addons/quimibond_sgi/views/sgi_catalog_views.xml:461,hr.job herencia(xpath),Se corrige,A-008 D-019,04-vistas,
3411,vista,sgi_coa_res_partner_view_form,addons/quimibond_sgi/views/sgi_coa_views.xml:6,res.partner herencia(xpath),Se corrige,D-018,04-vistas,
3412,vista,sgi_coa_stock_picking_view_form,addons/quimibond_sgi/views/sgi_coa_views.xml:29,stock.picking herencia(xpath),Se corrige,D-019,04-vistas,
3413,vista,sgi_coa_stock_picking_view_search,addons/quimibond_sgi/views/sgi_coa_views.xml:71,stock.picking herencia(xpath),Se queda,,04-vistas,
3414,vista,sgi_coa_sale_order_view_form,addons/quimibond_sgi/views/sgi_coa_views.xml:84,sale.order herencia(xpath),Se queda,,04-vistas,
3415,vista,sgi_coa_sale_order_view_list,addons/quimibond_sgi/views/sgi_coa_views.xml:105,sale.order herencia(xpath),Se queda,,04-vistas,
3416,vista,sgi_coa_sale_order_view_search,addons/quimibond_sgi/views/sgi_coa_views.xml:118,sale.order herencia(xpath),Se queda,,04-vistas,
3417,vista,sgi_coa_attach_wizard_view_form,addons/quimibond_sgi/views/sgi_coa_views.xml:131,sgi.coa.attach.wizard form,Se queda,,04-vistas,
3418,vista,sgi_coa_exception_wizard_view_form,addons/quimibond_sgi/views/sgi_coa_views.xml:152,sgi.coa.exception.wizard form,Se queda,,04-vistas,
3419,vista,sgi_coa_inbox_view_list,addons/quimibond_sgi/views/sgi_coa_views.xml:173,sgi.coa.inbox list,Se queda,,04-vistas,
3420,vista,sgi_coa_inbox_view_form,addons/quimibond_sgi/views/sgi_coa_views.xml:187,sgi.coa.inbox form,Se queda,,04-vistas,
3421,vista,sgi_coa_inbox_view_search,addons/quimibond_sgi/views/sgi_coa_views.xml:211,sgi.coa.inbox search,Se queda,,04-vistas,
3422,vista,sgi_competence_gap_view_list,addons/quimibond_sgi/views/sgi_competence_views.xml:4,sgi.competence.gap list,Se queda,,04-vistas,
3423,vista,sgi_competence_gap_view_pivot,addons/quimibond_sgi/views/sgi_competence_views.xml:22,sgi.competence.gap pivot,Se queda,,04-vistas,
3424,vista,sgi_competence_gap_view_search,addons/quimibond_sgi/views/sgi_competence_views.xml:34,sgi.competence.gap search,Se queda,,04-vistas,
3425,vista,sgi_employee_view_form_competence,addons/quimibond_sgi/views/sgi_competence_views.xml:68,hr.employee herencia(xpath),Se corrige,D-001 D-019,04-vistas,
3426,vista,sgi_helpdesk_ticket_view_form,addons/quimibond_sgi/views/sgi_complaint_views.xml:3,helpdesk.ticket herencia(xpath),Se corrige,D-006 D-007 D-009,04-vistas,
3427,vista,sgi_interested_party_view_list,addons/quimibond_sgi/views/sgi_context_views.xml:3,sgi.interested.party list,Se queda,,04-vistas,
3428,vista,sgi_interested_party_view_form,addons/quimibond_sgi/views/sgi_context_views.xml:18,sgi.interested.party form,Se queda,,04-vistas,
3429,vista,sgi_interested_party_view_search,addons/quimibond_sgi/views/sgi_context_views.xml:63,sgi.interested.party search,Se corrige,D-014,04-vistas,
3430,vista,sgi_control_plan_view_form,addons/quimibond_sgi/views/sgi_control_plan_views.xml:4,sgi.control.plan form,Se corrige,D-008 D-009,04-vistas,
3431,vista,sgi_control_plan_view_list,addons/quimibond_sgi/views/sgi_control_plan_views.xml:73,sgi.control.plan list,Se queda,,04-vistas,
3432,vista,sgi_control_plan_view_search,addons/quimibond_sgi/views/sgi_control_plan_views.xml:91,sgi.control.plan search,Se queda,,04-vistas,
3433,vista,sgi_quality_point_view_form,addons/quimibond_sgi/views/sgi_control_plan_views.xml:124,quality.point herencia(xpath),Se queda,,04-vistas,
3434,vista,sgi_stock_lot_view_form,addons/quimibond_sgi/views/sgi_control_plan_views.xml:156,stock.lot herencia(xpath),Se queda,,04-vistas,
3435,vista,sgi_quality_alert_view_pivot,addons/quimibond_sgi/views/sgi_dashboard_views.xml:9,quality.alert pivot,Se elimina,D-012,04-vistas,
3436,vista,sgi_quality_alert_view_graph,addons/quimibond_sgi/views/sgi_dashboard_views.xml:20,quality.alert graph,Se elimina,D-012,04-vistas,
3437,vista,sgi_project_view_form_dev_request,addons/quimibond_sgi/views/sgi_dev_request_views.xml:5,project.project herencia(xpath),Se queda,,04-vistas,
3438,vista,sgi_diagnostic_line_view_list,addons/quimibond_sgi/views/sgi_diagnostic_views.xml:6,sgi.diagnostic.line list,Se queda,,04-vistas,
3439,vista,sgi_diagnostic_line_view_form,addons/quimibond_sgi/views/sgi_diagnostic_views.xml:25,sgi.diagnostic.line form,Se queda,,04-vistas,
3440,vista,sgi_diagnostic_line_view_search,addons/quimibond_sgi/views/sgi_diagnostic_views.xml:46,sgi.diagnostic.line search,Se queda,,04-vistas,
3441,vista,sgi_process_view_sgi_diagram,addons/quimibond_sgi/views/sgi_diagram_views.xml:8,sgi.process sgi_diagram,Se queda,,04-vistas,
3442,vista,sgi_process_activity_view_sgi_diagram,addons/quimibond_sgi/views/sgi_diagram_views.xml:16,sgi.process.activity sgi_diagram,Se queda,,04-vistas,
3443,vista,sgi_risk_view_sgi_diagram,addons/quimibond_sgi/views/sgi_diagram_views.xml:24,sgi.risk sgi_diagram,Se queda,,04-vistas,
3444,vista,sgi_legal_requirement_view_sgi_diagram,addons/quimibond_sgi/views/sgi_diagram_views.xml:32,sgi.legal.requirement sgi_diagram,Se queda,,04-vistas,
3445,vista,sgi_interested_party_view_sgi_diagram,addons/quimibond_sgi/views/sgi_diagram_views.xml:40,sgi.interested.party sgi_diagram,Se queda,,04-vistas,
3446,vista,sgi_objective_view_sgi_diagram,addons/quimibond_sgi/views/sgi_diagram_views.xml:48,sgi.objective sgi_diagram,Se queda,,04-vistas,
3447,vista,sgi_indicator_view_sgi_diagram,addons/quimibond_sgi/views/sgi_diagram_views.xml:56,sgi.indicator sgi_diagram,Se queda,,04-vistas,
3448,vista,sgi_policy_view_sgi_diagram,addons/quimibond_sgi/views/sgi_diagram_views.xml:64,sgi.policy sgi_diagram,Se queda,,04-vistas,
3449,vista,sgi_management_review_view_sgi_diagram,addons/quimibond_sgi/views/sgi_diagram_views.xml:72,sgi.management.review sgi_diagram,Se queda,,04-vistas,
3450,vista,quality_alert_view_sgi_diagram,addons/quimibond_sgi/views/sgi_diagram_views.xml:80,quality.alert sgi_diagram,Se queda,,04-vistas,
3451,vista,sgi_audit_program_view_sgi_diagram,addons/quimibond_sgi/views/sgi_diagram_views.xml:88,sgi.audit.program sgi_diagram,Se queda,,04-vistas,
3452,vista,sgi_emergency_plan_view_sgi_diagram,addons/quimibond_sgi/views/sgi_diagram_views.xml:96,sgi.emergency.plan sgi_diagram,Se queda,,04-vistas,
3453,vista,maintenance_equipment_view_sgi_diagram,addons/quimibond_sgi/views/sgi_diagram_views.xml:104,maintenance.equipment sgi_diagram,Se queda,,04-vistas,
3454,vista,documents_document_view_sgi_diagram,addons/quimibond_sgi/views/sgi_diagram_views.xml:112,documents.document sgi_diagram,Se queda,,04-vistas,
3455,vista,sgi_competence_gap_view_sgi_diagram,addons/quimibond_sgi/views/sgi_diagram_views.xml:120,sgi.competence.gap sgi_diagram,Se queda,,04-vistas,
3456,vista,sgi_activity_exec_stat_view_sgi_diagram,addons/quimibond_sgi/views/sgi_diagram_views.xml:128,sgi.activity.exec.stat sgi_diagram,Se queda,,04-vistas,
3457,vista,hr_job_view_sgi_diagram,addons/quimibond_sgi/views/sgi_diagram_views.xml:136,hr.job sgi_diagram,Se queda,,04-vistas,
3458,vista,sgi_direction_board_view_form,addons/quimibond_sgi/views/sgi_direction_board_views.xml:4,sgi.direction.board form,Se queda,,04-vistas,
3459,vista,sgi_indicator_view_form_level,addons/quimibond_sgi/views/sgi_direction_board_views.xml:109,sgi.indicator herencia(field),Se corrige,A-008,04-vistas,
3460,vista,sgi_approval_request_view_form,addons/quimibond_sgi/views/sgi_doc_change_views.xml:3,approval.request herencia(xpath),Se queda,,04-vistas,
3461,vista,sgi_approval_category_view_form,addons/quimibond_sgi/views/sgi_doc_change_views.xml:93,approval.category herencia(xpath),Se queda,,04-vistas,
3462,vista,sgi_doc_change_view_list,addons/quimibond_sgi/views/sgi_doc_change_views.xml:110,approval.request list,Se queda,,04-vistas,
3463,vista,sgi_doc_change_view_search,addons/quimibond_sgi/views/sgi_doc_change_views.xml:133,approval.request search,Se queda,,04-vistas,
3464,vista,sgi_document_view_form,addons/quimibond_sgi/views/sgi_document_views.xml:4,documents.document form,Se corrige,C-001 D-002 D-003 D-016,04-vistas,
3465,vista,sgi_document_view_list,addons/quimibond_sgi/views/sgi_document_views.xml:218,documents.document list,Se corrige,D-002,04-vistas,
3466,vista,sgi_document_view_search,addons/quimibond_sgi/views/sgi_document_views.xml:252,documents.document search,Se queda,,04-vistas,
3467,vista,sgi_document_ack_view_list,addons/quimibond_sgi/views/sgi_document_views.xml:298,sgi.document.ack list,Se queda,,04-vistas,
3468,vista,sgi_document_ack_view_form,addons/quimibond_sgi/views/sgi_document_views.xml:316,sgi.document.ack form,Se queda,,04-vistas,
3469,vista,sgi_document_ack_view_search,addons/quimibond_sgi/views/sgi_document_views.xml:342,sgi.document.ack search,Se queda,,04-vistas,
3470,vista,sgi_migration_view_list,addons/quimibond_sgi/views/sgi_document_views.xml:392,documents.document list,Se queda,,04-vistas,
3471,vista,sgi_migration_view_kanban,addons/quimibond_sgi/views/sgi_document_views.xml:423,documents.document kanban,Se queda,,04-vistas,
3472,vista,sgi_migration_view_search,addons/quimibond_sgi/views/sgi_document_views.xml:449,documents.document search,Se queda,,04-vistas,
3473,vista,sgi_emergency_plan_view_form,addons/quimibond_sgi/views/sgi_emergency_views.xml:4,sgi.emergency.plan form,Se corrige,D-008 D-009,04-vistas,
3474,vista,sgi_emergency_plan_view_list,addons/quimibond_sgi/views/sgi_emergency_views.xml:52,sgi.emergency.plan list,Se queda,,04-vistas,
3475,vista,sgi_emergency_plan_view_search,addons/quimibond_sgi/views/sgi_emergency_views.xml:72,sgi.emergency.plan search,Se queda,,04-vistas,
3476,vista,sgi_emergency_plan_view_activity,addons/quimibond_sgi/views/sgi_emergency_views.xml:88,sgi.emergency.plan activity,Se queda,,04-vistas,
3477,vista,sgi_emergency_drill_view_form,addons/quimibond_sgi/views/sgi_emergency_views.xml:114,sgi.emergency.drill form,Se corrige,D-008 D-009,04-vistas,
3478,vista,sgi_emergency_drill_view_list,addons/quimibond_sgi/views/sgi_emergency_views.xml:176,sgi.emergency.drill list,Se queda,,04-vistas,
3479,vista,sgi_emergency_drill_view_search,addons/quimibond_sgi/views/sgi_emergency_views.xml:197,sgi.emergency.drill search,Se queda,,04-vistas,
3480,vista,sgi_epp_delivery_view_form,addons/quimibond_sgi/views/sgi_epp_views.xml:6,sgi.epp.delivery form,Se queda,,04-vistas,
3481,vista,sgi_epp_delivery_view_list,addons/quimibond_sgi/views/sgi_epp_views.xml:66,sgi.epp.delivery list,Se queda,,04-vistas,
3482,vista,sgi_epp_delivery_view_search,addons/quimibond_sgi/views/sgi_epp_views.xml:85,sgi.epp.delivery search,Se queda,,04-vistas,
3483,vista,sgi_hr_employee_view_form_epp,addons/quimibond_sgi/views/sgi_epp_views.xml:120,hr.employee herencia(xpath),Se corrige,D-001 D-019,04-vistas,
3484,vista,sgi_external_doc_view_list,addons/quimibond_sgi/views/sgi_external_doc_views.xml:5,documents.document list,Se queda,,04-vistas,
3485,vista,sgi_external_doc_view_search,addons/quimibond_sgi/views/sgi_external_doc_views.xml:29,documents.document search,Se queda,,04-vistas,
3486,vista,sgi_fmea_view_form,addons/quimibond_sgi/views/sgi_fmea_views.xml:3,sgi.fmea form,Sale a otro módulo,A-018 D-008 D-009,decisión (módulo que sale / modelo que se retira),
3487,vista,sgi_fmea_view_list,addons/quimibond_sgi/views/sgi_fmea_views.xml:119,sgi.fmea list,Sale a otro módulo,A-018,decisión (módulo que sale / modelo que se retira),
3488,vista,sgi_fmea_view_search,addons/quimibond_sgi/views/sgi_fmea_views.xml:137,sgi.fmea search,Sale a otro módulo,A-018,decisión (módulo que sale / modelo que se retira),
3489,vista,sgi_fmea_view_activity,addons/quimibond_sgi/views/sgi_fmea_views.xml:171,sgi.fmea activity,Sale a otro módulo,A-018,decisión (módulo que sale / modelo que se retira),
3490,vista,sgi_format_map_view_list,addons/quimibond_sgi/views/sgi_format_map_views.xml:5,sgi.format.map list,Se corrige,D-014,04-vistas,
3491,vista,sgi_format_map_view_form,addons/quimibond_sgi/views/sgi_format_map_views.xml:19,sgi.format.map form,Se queda,,04-vistas,
3492,vista,sgi_format_banner_sale_order,addons/quimibond_sgi/views/sgi_format_map_views.xml:59,sale.order herencia(xpath),Se queda,,04-vistas,
3493,vista,sgi_format_banner_purchase_order,addons/quimibond_sgi/views/sgi_format_map_views.xml:74,purchase.order herencia(xpath),Se queda,,04-vistas,
3494,vista,sgi_format_banner_stock_picking,addons/quimibond_sgi/views/sgi_format_map_views.xml:89,stock.picking herencia(xpath),Se corrige,D-019,04-vistas,
3495,vista,sgi_format_banner_mrp_production,addons/quimibond_sgi/views/sgi_format_map_views.xml:104,mrp.production herencia(xpath),Se queda,,04-vistas,
3496,vista,sgi_format_banner_maintenance_request,addons/quimibond_sgi/views/sgi_format_map_views.xml:119,maintenance.request herencia(xpath),Se queda,,04-vistas,
3497,vista,sgi_format_banner_quality_alert,addons/quimibond_sgi/views/sgi_format_map_views.xml:134,quality.alert herencia(xpath),Se queda,,04-vistas,
3498,vista,sgi_format_banner_stock_lot,addons/quimibond_sgi/views/sgi_format_map_views.xml:149,stock.lot herencia(xpath),Se queda,,04-vistas,
3499,vista,sgi_format_banner_mgmt_review,addons/quimibond_sgi/views/sgi_format_map_views.xml:164,sgi.management.review herencia(xpath),Se corrige,A-008,04-vistas,
3500,vista,sgi_process_view_hierarchy,addons/quimibond_sgi/views/sgi_hierarchy_views.xml:7,sgi.process hierarchy,Se queda,,04-vistas,
3501,vista,sgi_process_activity_view_hierarchy,addons/quimibond_sgi/views/sgi_hierarchy_views.xml:54,sgi.process.activity hierarchy,Se queda,,04-vistas,
3502,vista,sgi_health_record_view_list,addons/quimibond_sgi/views/sgi_hse_views.xml:9,sgi.health.record list,Se corrige,F-004,04-vistas,
3503,vista,sgi_health_record_view_form,addons/quimibond_sgi/views/sgi_hse_views.xml:30,sgi.health.record form,Se corrige,F-004,04-vistas,
3504,vista,sgi_health_record_view_search,addons/quimibond_sgi/views/sgi_hse_views.xml:68,sgi.health.record search,Se corrige,F-004,04-vistas,
3505,vista,sgi_hr_employee_view_form_health,addons/quimibond_sgi/views/sgi_hse_views.xml:102,hr.employee herencia(xpath),Se corrige,D-019 F-004,04-vistas,
3506,vista,sgi_csh_inspection_view_list,addons/quimibond_sgi/views/sgi_hse_views.xml:126,sgi.csh.inspection list,Se corrige,D-014,04-vistas,
3507,vista,sgi_csh_inspection_view_form,addons/quimibond_sgi/views/sgi_hse_views.xml:141,sgi.csh.inspection form,Se corrige,D-008 D-009,04-vistas,
3508,vista,sgi_checklist_template_view_list,addons/quimibond_sgi/views/sgi_hse_views.xml:209,sgi.checklist.template list,Se corrige,D-014,04-vistas,
3509,vista,sgi_checklist_template_view_form,addons/quimibond_sgi/views/sgi_hse_views.xml:224,sgi.checklist.template form,Se queda,,04-vistas,
3510,vista,sgi_checklist_request_view_list,addons/quimibond_sgi/views/sgi_hse_views.xml:278,maintenance.request list,Se queda,,04-vistas,
3511,vista,sgi_checklist_request_view_pivot,addons/quimibond_sgi/views/sgi_hse_views.xml:298,maintenance.request pivot,Se queda,,04-vistas,
3512,vista,sgi_maintenance_request_view_form_checklist,addons/quimibond_sgi/views/sgi_hse_views.xml:337,maintenance.request herencia(xpath),Se queda,,04-vistas,
3513,vista,sgi_checklist_finish_view_form,addons/quimibond_sgi/views/sgi_hse_views.xml:377,sgi.checklist.finish form,Se queda,,04-vistas,
3514,vista,sgi_project_task_view_form,addons/quimibond_sgi/views/sgi_improvement_views.xml:3,project.task herencia(xpath),Se corrige,D-006 D-007,04-vistas,
3515,vista,sgi_incident_view_form,addons/quimibond_sgi/views/sgi_incident_views.xml:3,sgi.incident form,Se corrige,D-007 D-008 D-009 E-007,04-vistas,
3516,vista,sgi_incident_view_list,addons/quimibond_sgi/views/sgi_incident_views.xml:81,sgi.incident list,Se corrige,E-007,04-vistas,
3517,vista,sgi_incident_view_search,addons/quimibond_sgi/views/sgi_incident_views.xml:100,sgi.incident search,Se corrige,E-007,04-vistas,
3518,vista,sgi_incident_view_pivot,addons/quimibond_sgi/views/sgi_incident_views.xml:125,sgi.incident pivot,Se queda,,04-vistas,
3519,vista,sgi_incident_view_activity,addons/quimibond_sgi/views/sgi_incident_views.xml:149,sgi.incident activity,Se queda,,04-vistas,
3520,vista,sgi_indicator_term_view_list,addons/quimibond_sgi/views/sgi_indicator_formula_views.xml:4,sgi.indicator.term list,Se queda,,04-vistas,
3521,vista,sgi_indicator_view_form_formula,addons/quimibond_sgi/views/sgi_indicator_formula_views.xml:32,sgi.indicator herencia(xpath),Se corrige,A-008 D-018,04-vistas,
3522,vista,sgi_measure_view_form_formula,addons/quimibond_sgi/views/sgi_indicator_formula_views.xml:62,sgi.indicator.measure herencia(xpath),Se corrige,A-008,04-vistas,
3523,vista,sgi_measure_view_form_plan,addons/quimibond_sgi/views/sgi_indicator_plan_views.xml:3,sgi.indicator.measure herencia(field),Se corrige,A-008,04-vistas,
3524,vista,sgi_measure_view_list_plan,addons/quimibond_sgi/views/sgi_indicator_plan_views.xml:41,sgi.indicator.measure herencia(field),Se corrige,A-008,04-vistas,
3525,vista,sgi_indicator_view_form_window,addons/quimibond_sgi/views/sgi_indicator_plan_views.xml:57,sgi.indicator herencia(field),Se corrige,A-008,04-vistas,
3526,vista,sgi_management_review_view_form_validate,addons/quimibond_sgi/views/sgi_indicator_plan_views.xml:68,sgi.management.review herencia(button),Se corrige,A-008,04-vistas,
3527,vista,sgi_indicator_view_form_trajectory,addons/quimibond_sgi/views/sgi_indicator_trajectory_views.xml:3,sgi.indicator herencia(field),Se corrige,A-008,04-vistas,
3528,vista,sgi_measure_view_form_trajectory,addons/quimibond_sgi/views/sgi_indicator_trajectory_views.xml:55,sgi.indicator.measure herencia(field),Se corrige,A-008,04-vistas,
3529,vista,sgi_indicator_view_list,addons/quimibond_sgi/views/sgi_indicator_views.xml:4,sgi.indicator list,Se queda,,04-vistas,
3530,vista,sgi_indicator_view_form,addons/quimibond_sgi/views/sgi_indicator_views.xml:40,sgi.indicator form,Se queda,,04-vistas,
3531,vista,sgi_indicator_view_search,addons/quimibond_sgi/views/sgi_indicator_views.xml:176,sgi.indicator search,Se queda,,04-vistas,
3532,vista,sgi_measure_view_list,addons/quimibond_sgi/views/sgi_indicator_views.xml:227,sgi.indicator.measure list,Se queda,,04-vistas,
3533,vista,sgi_measure_view_form,addons/quimibond_sgi/views/sgi_indicator_views.xml:266,sgi.indicator.measure form,Se queda,,04-vistas,
3534,vista,sgi_measure_view_graph,addons/quimibond_sgi/views/sgi_indicator_views.xml:367,sgi.indicator.measure graph,Se queda,,04-vistas,
3535,vista,sgi_measure_view_pivot,addons/quimibond_sgi/views/sgi_indicator_views.xml:379,sgi.indicator.measure pivot,Se queda,,04-vistas,
3536,vista,sgi_measure_view_search,addons/quimibond_sgi/views/sgi_indicator_views.xml:393,sgi.indicator.measure search,Se queda,,04-vistas,
3537,vista,sgi_indicator_view_activity,addons/quimibond_sgi/views/sgi_indicator_views.xml:431,sgi.indicator activity,Se queda,,04-vistas,
3538,vista,sgi_stock_picking_view_form,addons/quimibond_sgi/views/sgi_integration_views.xml:4,stock.picking herencia(xpath),Se corrige,D-001 D-019,04-vistas,
3539,vista,sgi_mrp_production_view_form,addons/quimibond_sgi/views/sgi_integration_views.xml:25,mrp.production herencia(xpath),Se corrige,D-001,04-vistas,
3540,vista,sgi_hr_employee_view_form,addons/quimibond_sgi/views/sgi_integration_views.xml:40,hr.employee herencia(xpath),Se corrige,D-001 D-019,04-vistas,
3541,vista,sgi_hr_job_view_form,addons/quimibond_sgi/views/sgi_integration_views.xml:59,hr.job herencia(xpath),Se corrige,D-003 D-019,04-vistas,
3542,vista,sgi_product_template_view_form_spec,addons/quimibond_sgi/views/sgi_integration_views.xml:97,product.template herencia(xpath),Se corrige,D-019,04-vistas,
3543,vista,sgi_stock_picking_view_form_kpi,addons/quimibond_sgi/views/sgi_kpi_fields_views.xml:7,stock.picking herencia(xpath),Se corrige,D-019,04-vistas,
3544,vista,sgi_quality_alert_view_form_kpi,addons/quimibond_sgi/views/sgi_kpi_fields_views.xml:30,quality.alert herencia(xpath),Se queda,,04-vistas,
3545,vista,sgi_account_move_view_form_kpi,addons/quimibond_sgi/views/sgi_kpi_fields_views.xml:46,account.move herencia(xpath),Se queda,,04-vistas,
3546,vista,sgi_product_template_view_form_kpi,addons/quimibond_sgi/views/sgi_kpi_fields_views.xml:61,product.template herencia(xpath),Se corrige,D-019,04-vistas,
3547,vista,sgi_lock_date_log_view_list,addons/quimibond_sgi/views/sgi_kpi_fields_views.xml:73,sgi.lock.date.log list,Sale a otro módulo,A-017,decisión (módulo que sale / modelo que se retira),
3548,vista,sgi_inventory_value_view_list,addons/quimibond_sgi/views/sgi_kpi_fields_views.xml:97,sgi.inventory.value list,Sale a otro módulo,A-017,decisión (módulo que sale / modelo que se retira),
3549,vista,sgi_legal_requirement_view_list,addons/quimibond_sgi/views/sgi_legal_views.xml:3,sgi.legal.requirement list,Se queda,,04-vistas,
3550,vista,sgi_legal_evaluate_view_form,addons/quimibond_sgi/views/sgi_legal_views.xml:29,sgi.legal.evaluate form,Se queda,,04-vistas,
3551,vista,sgi_legal_evaluation_view_list,addons/quimibond_sgi/views/sgi_legal_views.xml:48,sgi.legal.evaluation list,Se queda,,04-vistas,
3552,vista,sgi_legal_requirement_view_form,addons/quimibond_sgi/views/sgi_legal_views.xml:63,sgi.legal.requirement form,Se queda,,04-vistas,
3553,vista,sgi_legal_requirement_view_search,addons/quimibond_sgi/views/sgi_legal_views.xml:148,sgi.legal.requirement search,Se corrige,D-014,04-vistas,
3554,vista,sgi_fmea_view_form_links,addons/quimibond_sgi/views/sgi_links_views.xml:6,sgi.fmea herencia(field),Sale a otro módulo,A-018,decisión (módulo que sale / modelo que se retira),
3555,vista,sgi_control_plan_view_form_links,addons/quimibond_sgi/views/sgi_links_views.xml:16,sgi.control.plan herencia(field),Se corrige,A-008,04-vistas,
3556,vista,sgi_ppap_view_form_links,addons/quimibond_sgi/views/sgi_links_views.xml:26,sgi.ppap herencia(field),Sale a otro módulo,A-018,decisión (módulo que sale / modelo que se retira),
3557,vista,sgi_mrp_bom_view_form_links,addons/quimibond_sgi/views/sgi_links_views.xml:36,mrp.bom herencia(xpath),Se queda,,04-vistas,
3558,vista,sgi_mrp_production_view_form_links,addons/quimibond_sgi/views/sgi_links_views.xml:50,mrp.production herencia(xpath),Se queda,,04-vistas,
3559,vista,sgi_product_template_view_form_links,addons/quimibond_sgi/views/sgi_links_views.xml:71,product.template herencia(field),Se corrige,A-008 D-019,04-vistas,
3560,vista,sgi_project_task_view_form_links,addons/quimibond_sgi/views/sgi_links_views.xml:81,project.task herencia(xpath),Se queda,,04-vistas,
3561,vista,sgi_quality_alert_view_form_links,addons/quimibond_sgi/views/sgi_links_views.xml:120,quality.alert herencia(field),Se corrige,A-008 D-003,04-vistas,
3562,vista,sgi_purchase_order_view_form_links,addons/quimibond_sgi/views/sgi_links_views.xml:132,purchase.order herencia(xpath),Se queda,,04-vistas,
3563,vista,sgi_account_move_view_form_links,addons/quimibond_sgi/views/sgi_links_views.xml:148,account.move herencia(xpath),Se queda,,04-vistas,
3564,vista,sgi_stock_picking_view_form_links,addons/quimibond_sgi/views/sgi_links_views.xml:164,stock.picking herencia(xpath),Se corrige,A-008 D-019,04-vistas,
3565,vista,sgi_acuse_attach_wizard_view_form,addons/quimibond_sgi/views/sgi_links_views.xml:184,sgi.acuse.attach.wizard form,Se queda,,04-vistas,
3566,vista,sgi_res_partner_view_form_links,addons/quimibond_sgi/views/sgi_links_views.xml:204,res.partner herencia(field),Se corrige,A-008 D-001,04-vistas,
3567,vista,sgi_settings_view_form_links,addons/quimibond_sgi/views/sgi_links_views.xml:214,res.config.settings herencia(xpath),Se corrige,A-008,04-vistas,
3568,vista,sgi_machine_sheet_view_form,addons/quimibond_sgi/views/sgi_machine_sheet_views.xml:3,sgi.machine.sheet form,Se corrige,D-008,04-vistas,
3569,vista,sgi_machine_sheet_view_list,addons/quimibond_sgi/views/sgi_machine_sheet_views.xml:94,sgi.machine.sheet list,Se queda,,04-vistas,
3570,vista,sgi_machine_sheet_view_search,addons/quimibond_sgi/views/sgi_machine_sheet_views.xml:110,sgi.machine.sheet search,Se corrige,D-014,04-vistas,
3571,vista,sgi_workcenter_view_form_machine_sheet,addons/quimibond_sgi/views/sgi_machine_sheet_views.xml:143,mrp.workcenter herencia(xpath),Se queda,,04-vistas,
3572,vista,sgi_management_review_view_form,addons/quimibond_sgi/views/sgi_management_review_views.xml:3,sgi.management.review form,Se corrige,D-008 D-009,04-vistas,
3573,vista,sgi_management_review_view_list,addons/quimibond_sgi/views/sgi_management_review_views.xml:116,sgi.management.review list,Se corrige,D-014,04-vistas,
3574,vista,sgi_purchase_order_form,addons/quimibond_sgi/views/sgi_map_hooks_views.xml:4,purchase.order herencia(xpath),Se corrige,D-001,04-vistas,
3575,vista,sgi_maintenance_request_form,addons/quimibond_sgi/views/sgi_map_hooks_views.xml:19,maintenance.request herencia(xpath),Se queda,,04-vistas,
3576,vista,sgi_activity_change_view_form,addons/quimibond_sgi/views/sgi_mp_change_views.xml:5,sgi.activity.change form,Se queda,,04-vistas,
3577,vista,sgi_approval_request_view_form_mp_change,addons/quimibond_sgi/views/sgi_mp_change_views.xml:106,approval.request herencia(xpath),Se queda,,04-vistas,
3578,vista,sgi_msa_study_view_form,addons/quimibond_sgi/views/sgi_msa_views.xml:3,sgi.msa.study form,Sale a otro módulo,A-018,decisión (módulo que sale / modelo que se retira),
3579,vista,sgi_msa_study_view_list,addons/quimibond_sgi/views/sgi_msa_views.xml:38,sgi.msa.study list,Sale a otro módulo,A-018,decisión (módulo que sale / modelo que se retira),
3580,vista,sgi_msa_study_view_search,addons/quimibond_sgi/views/sgi_msa_views.xml:59,sgi.msa.study search,Sale a otro módulo,A-018,decisión (módulo que sale / modelo que se retira),
3581,vista,sgi_equipment_view_form_msa,addons/quimibond_sgi/views/sgi_msa_views.xml:92,maintenance.equipment herencia(xpath),Sale a otro módulo,A-018 D-001,decisión (archivo),
3582,vista,sgi_my_pending_view_list,addons/quimibond_sgi/views/sgi_my_pending_views.xml:4,sgi.my.pending list,Se queda,,04-vistas,
3583,vista,sgi_my_pending_view_search,addons/quimibond_sgi/views/sgi_my_pending_views.xml:26,sgi.my.pending search,Se queda,,04-vistas,
3584,vista,sgi_hr_employee_view_form_mp_tab,addons/quimibond_sgi/views/sgi_my_procedure_tab_views.xml:8,hr.employee herencia(xpath),Se corrige,D-002 D-019,04-vistas,
3585,vista,sgi_hr_employee_public_view_form_mp_tab,addons/quimibond_sgi/views/sgi_my_procedure_tab_views.xml:81,hr.employee.public herencia(xpath),Se corrige,D-002,04-vistas,
3586,vista,sgi_hr_job_view_form_mp_tab,addons/quimibond_sgi/views/sgi_my_procedure_tab_views.xml:152,hr.job herencia(xpath),Se corrige,D-019,04-vistas,
3587,vista,sgi_activity_role_view_kanban_mp,addons/quimibond_sgi/views/sgi_my_procedure_views.xml:9,sgi.activity.role kanban,Se queda,,04-vistas,
3588,vista,sgi_activity_role_view_list_mp_embedded,addons/quimibond_sgi/views/sgi_my_procedure_views.xml:95,sgi.activity.role list,Se queda,,04-vistas,
3589,vista,sgi_activity_role_view_list_mp_received,addons/quimibond_sgi/views/sgi_my_procedure_views.xml:127,sgi.activity.role list,Se queda,,04-vistas,
3590,vista,sgi_activity_role_view_list_mp_short,addons/quimibond_sgi/views/sgi_my_procedure_views.xml:142,sgi.activity.role list,Se queda,,04-vistas,
3591,vista,sgi_my_procedure_view_form,addons/quimibond_sgi/views/sgi_my_procedure_views.xml:158,sgi.my.procedure form,Se corrige,D-002,04-vistas,
3592,vista,sgi_my_procedure_check_view_form,addons/quimibond_sgi/views/sgi_my_procedure_views.xml:356,sgi.my.procedure.check form,Se queda,,04-vistas,
3593,vista,sgi_activity_role_view_list_my_procedure,addons/quimibond_sgi/views/sgi_my_procedure_views.xml:415,sgi.activity.role list,Se queda,,04-vistas,
3594,vista,sgi_hr_job_view_form_my_procedure,addons/quimibond_sgi/views/sgi_my_procedure_views.xml:453,hr.job herencia(xpath),Se corrige,A-008 D-019,04-vistas,
3595,vista,sgi_hr_employee_view_form_my_procedure,addons/quimibond_sgi/views/sgi_my_procedure_views.xml:485,hr.employee herencia(xpath),Se corrige,A-008 D-019,04-vistas,
3596,vista,sgi_process_activity_view_search_my_procedure,addons/quimibond_sgi/views/sgi_my_procedure_views.xml:504,sgi.process.activity herencia(filter),Se corrige,A-008,04-vistas,
3597,vista,sgi_my_team_view_list,addons/quimibond_sgi/views/sgi_my_procedure_views.xml:516,hr.employee.public list,Se queda,,04-vistas,
3598,vista,sgi_my_team_view_hierarchy,addons/quimibond_sgi/views/sgi_my_procedure_views.xml:553,hr.employee.public hierarchy,Se queda,,04-vistas,
3599,vista,sgi_my_team_view_search,addons/quimibond_sgi/views/sgi_my_procedure_views.xml:602,hr.employee.public search,Se queda,,04-vistas,
3600,vista,sgi_quality_alert_view_form,addons/quimibond_sgi/views/sgi_nonconformity_views.xml:4,quality.alert herencia(xpath),Se corrige,D-003 D-007 D-021,04-vistas,
3601,vista,sgi_nc_view_search,addons/quimibond_sgi/views/sgi_nonconformity_views.xml:194,quality.alert search,Se queda,,04-vistas,
3602,vista,sgi_nc_view_pivot,addons/quimibond_sgi/views/sgi_nonconformity_views.xml:264,quality.alert pivot,Se elimina,D-012,04-vistas,
3603,vista,sgi_nc_view_graph,addons/quimibond_sgi/views/sgi_nonconformity_views.xml:275,quality.alert graph,Se elimina,D-012,04-vistas,
3604,vista,sgi_nc_cancel_view_form,addons/quimibond_sgi/views/sgi_nonconformity_views.xml:287,sgi.nc.cancel form,Se queda,,04-vistas,
3605,vista,sgi_nc_force_close_view_form,addons/quimibond_sgi/views/sgi_nonconformity_views.xml:315,sgi.nc.force.close form,Se queda,,04-vistas,
3606,vista,sgi_nc_view_activity,addons/quimibond_sgi/views/sgi_nonconformity_views.xml:334,quality.alert activity,Se queda,,04-vistas,
3607,vista,sgi_nc_lessons_view_list,addons/quimibond_sgi/views/sgi_nonconformity_views.xml:351,quality.alert list,Se queda,,04-vistas,
3608,vista,sgi_crm_team_view_form_complaint_days,addons/quimibond_sgi/views/sgi_nonconformity_views.xml:381,crm.team herencia(xpath),Se queda,,04-vistas,
3609,vista,sgi_norm_view_form,addons/quimibond_sgi/views/sgi_norm_views.xml:3,sgi.norm form,Se queda,,04-vistas,
3610,vista,sgi_norm_view_list,addons/quimibond_sgi/views/sgi_norm_views.xml:37,sgi.norm list,Se corrige,D-014,04-vistas,
3611,vista,sgi_norm_clause_view_list,addons/quimibond_sgi/views/sgi_norm_views.xml:58,sgi.norm.clause list,Se queda,,04-vistas,
3612,vista,sgi_norm_clause_view_form,addons/quimibond_sgi/views/sgi_norm_views.xml:75,sgi.norm.clause form,Se queda,,04-vistas,
3613,vista,sgi_norm_clause_view_search,addons/quimibond_sgi/views/sgi_norm_views.xml:121,sgi.norm.clause search,Se queda,,04-vistas,
3614,vista,sgi_objective_view_list,addons/quimibond_sgi/views/sgi_objective_views.xml:3,sgi.objective list,Se corrige,D-014,04-vistas,
3615,vista,sgi_objective_view_form,addons/quimibond_sgi/views/sgi_objective_views.xml:19,sgi.objective form,Se queda,,04-vistas,
3616,vista,sgi_policy_view_list,addons/quimibond_sgi/views/sgi_policy_views.xml:3,sgi.policy list,Se corrige,D-014,04-vistas,
3617,vista,sgi_policy_view_form,addons/quimibond_sgi/views/sgi_policy_views.xml:23,sgi.policy form,Se queda,D-008,04-vistas,
3618,vista,sgi_ppap_view_form,addons/quimibond_sgi/views/sgi_ppap_views.xml:3,sgi.ppap form,Sale a otro módulo,A-018 D-008 D-009,decisión (módulo que sale / modelo que se retira),
3619,vista,sgi_ppap_view_list,addons/quimibond_sgi/views/sgi_ppap_views.xml:75,sgi.ppap list,Sale a otro módulo,A-018,decisión (módulo que sale / modelo que se retira),
3620,vista,sgi_ppap_view_search,addons/quimibond_sgi/views/sgi_ppap_views.xml:94,sgi.ppap search,Sale a otro módulo,A-018,decisión (módulo que sale / modelo que se retira),
3621,vista,sgi_ppap_element_template_view_list,addons/quimibond_sgi/views/sgi_ppap_views.xml:126,sgi.ppap.element.template list,Sale a otro módulo,A-018,decisión (módulo que sale / modelo que se retira),
3622,vista,sgi_ppap_res_partner_form,addons/quimibond_sgi/views/sgi_ppap_views.xml:149,res.partner herencia(xpath),Sale a otro módulo,A-018 D-001,decisión (archivo),
3623,vista,sgi_ppap_product_template_form,addons/quimibond_sgi/views/sgi_ppap_views.xml:163,product.template herencia(xpath),Sale a otro módulo,A-018 D-001,decisión (archivo),
3624,vista,sgi_quality_alert_view_form_supplier,addons/quimibond_sgi/views/sgi_pr6_views.xml:4,quality.alert herencia(xpath),Se corrige,A-008 D-003,04-vistas,
3625,vista,sgi_audit_view_form_pr6,addons/quimibond_sgi/views/sgi_pr6_views.xml:43,sgi.audit herencia(field),Se corrige,A-008,04-vistas,
3626,vista,sgi_audit_program_view_form_pr6,addons/quimibond_sgi/views/sgi_pr6_views.xml:56,sgi.audit.program herencia(button),Se corrige,A-008,04-vistas,
3627,vista,sgi_process_activity_view_form_knowledge,addons/quimibond_sgi/views/sgi_pr6_views.xml:74,sgi.process.activity herencia(field),Se corrige,A-008,04-vistas,
3628,vista,sgi_instruction_publish_view_form,addons/quimibond_sgi/views/sgi_pr6_views.xml:90,sgi.instruction.publish form,Se corrige,D-003,04-vistas,
3629,vista,sgi_sign_request_wizard_view_form,addons/quimibond_sgi/views/sgi_pr6_views.xml:114,sgi.sign.request.wizard form,Se queda,,04-vistas,
3630,vista,sgi_purchase_order_view_form_sign,addons/quimibond_sgi/views/sgi_pr6_views.xml:134,purchase.order herencia(xpath),Se queda,,04-vistas,
3631,vista,sgi_stock_picking_view_form_sign,addons/quimibond_sgi/views/sgi_pr6_views.xml:152,stock.picking herencia(xpath),Se corrige,A-008 D-019,04-vistas,
3632,vista,sgi_stock_lot_view_form_sign,addons/quimibond_sgi/views/sgi_pr6_views.xml:170,stock.lot herencia(xpath),Se queda,,04-vistas,
3633,vista,sgi_product_template_view_form_sign,addons/quimibond_sgi/views/sgi_pr6_views.xml:188,product.template herencia(xpath),Se corrige,A-008 D-019,04-vistas,
3634,vista,sgi_deliverable_view_form_pr6,addons/quimibond_sgi/views/sgi_pr6_views.xml:206,sgi.deliverable herencia(field),Se corrige,A-008 D-016,04-vistas,
3635,vista,sgi_process_activity_view_form,addons/quimibond_sgi/views/sgi_process_procedure_views.xml:7,sgi.process.activity form,Se corrige,D-016,04-vistas,
3636,vista,sgi_process_activity_view_list,addons/quimibond_sgi/views/sgi_process_procedure_views.xml:313,sgi.process.activity list,Se corrige,D-016,04-vistas,
3637,vista,sgi_process_activity_view_kanban,addons/quimibond_sgi/views/sgi_process_procedure_views.xml:365,sgi.process.activity kanban,Se queda,,04-vistas,
3638,vista,sgi_process_activity_view_search,addons/quimibond_sgi/views/sgi_process_procedure_views.xml:417,sgi.process.activity search,Se queda,,04-vistas,
3639,vista,sgi_activity_link_view_list,addons/quimibond_sgi/views/sgi_process_procedure_views.xml:521,sgi.activity.link list,Se queda,,04-vistas,
3640,vista,sgi_activity_link_view_search,addons/quimibond_sgi/views/sgi_process_procedure_views.xml:546,sgi.activity.link search,Se queda,,04-vistas,
3641,vista,sgi_activity_compliance_view_pivot,addons/quimibond_sgi/views/sgi_process_procedure_views.xml:585,sgi.process.activity pivot,Se queda,,04-vistas,
3642,vista,sgi_activity_compliance_view_graph,addons/quimibond_sgi/views/sgi_process_procedure_views.xml:596,sgi.process.activity graph,Se queda,,04-vistas,
3643,vista,sgi_process_flow_view_list,addons/quimibond_sgi/views/sgi_process_views.xml:4,sgi.process.flow list,Se queda,,04-vistas,
3644,vista,sgi_process_flow_view_form,addons/quimibond_sgi/views/sgi_process_views.xml:23,sgi.process.flow form,Se corrige,D-003,04-vistas,
3645,vista,sgi_process_flow_view_search,addons/quimibond_sgi/views/sgi_process_views.xml:70,sgi.process.flow search,Se queda,,04-vistas,
3646,vista,sgi_process_view_kanban,addons/quimibond_sgi/views/sgi_process_views.xml:102,sgi.process kanban,Se queda,,04-vistas,
3647,vista,sgi_process_view_list,addons/quimibond_sgi/views/sgi_process_views.xml:164,sgi.process list,Se queda,,04-vistas,
3648,vista,sgi_process_view_form,addons/quimibond_sgi/views/sgi_process_views.xml:193,sgi.process form,Se corrige,C-001 D-008 D-016,04-vistas,
3649,vista,sgi_process_view_search,addons/quimibond_sgi/views/sgi_process_views.xml:403,sgi.process search,Se queda,D-014,04-vistas,
3650,vista,sgi_res_partner_supplier_view_form,addons/quimibond_sgi/views/sgi_res_partner_views.xml:3,res.partner herencia(xpath),Se corrige,D-001,04-vistas,
3651,vista,sgi_risk_category_view_list,addons/quimibond_sgi/views/sgi_risk_views.xml:4,sgi.risk.category list,Se corrige,D-014,04-vistas,
3652,vista,sgi_risk_view_form,addons/quimibond_sgi/views/sgi_risk_views.xml:25,sgi.risk form,Se corrige,D-008 D-009,04-vistas,
3653,vista,sgi_risk_view_kanban,addons/quimibond_sgi/views/sgi_risk_views.xml:164,sgi.risk kanban,Se queda,,04-vistas,
3654,vista,sgi_risk_view_list,addons/quimibond_sgi/views/sgi_risk_views.xml:190,sgi.risk list,Se queda,,04-vistas,
3655,vista,sgi_risk_view_pivot,addons/quimibond_sgi/views/sgi_risk_views.xml:211,sgi.risk pivot,Se queda,,04-vistas,
3656,vista,sgi_risk_view_search,addons/quimibond_sgi/views/sgi_risk_views.xml:222,sgi.risk search,Se queda,,04-vistas,
3657,vista,sgi_risk_view_activity,addons/quimibond_sgi/views/sgi_risk_views.xml:269,sgi.risk activity,Se queda,,04-vistas,
3658,vista,sgi_sales_budget_line_view_list,addons/quimibond_sgi/views/sgi_sales_budget_views.xml:4,sgi.sales.budget.line list,Sale a otro módulo,A-016,decisión (módulo que sale / modelo que se retira),
3659,vista,sgi_sales_budget_line_view_form,addons/quimibond_sgi/views/sgi_sales_budget_views.xml:61,sgi.sales.budget.line form,Sale a otro módulo,A-016,decisión (módulo que sale / modelo que se retira),
3660,vista,sgi_sales_budget_line_grid_qty,addons/quimibond_sgi/views/sgi_sales_budget_views.xml:129,sgi.sales.budget.line grid,Sale a otro módulo,A-016,decisión (módulo que sale / modelo que se retira),
3661,vista,sgi_sales_budget_line_view_pivot,addons/quimibond_sgi/views/sgi_sales_budget_views.xml:147,sgi.sales.budget.line pivot,Sale a otro módulo,A-016,decisión (módulo que sale / modelo que se retira),
3662,vista,sgi_sales_budget_line_view_graph,addons/quimibond_sgi/views/sgi_sales_budget_views.xml:166,sgi.sales.budget.line graph,Sale a otro módulo,A-016,decisión (módulo que sale / modelo que se retira),
3663,vista,sgi_sales_budget_line_view_graph_curve,addons/quimibond_sgi/views/sgi_sales_budget_views.xml:179,sgi.sales.budget.line graph,Sale a otro módulo,A-016,decisión (módulo que sale / modelo que se retira),
3664,vista,sgi_sales_budget_line_view_search,addons/quimibond_sgi/views/sgi_sales_budget_views.xml:191,sgi.sales.budget.line search,Sale a otro módulo,A-016,decisión (módulo que sale / modelo que se retira),
3665,vista,sgi_sales_budget_view_form,addons/quimibond_sgi/views/sgi_sales_budget_views.xml:242,sgi.sales.budget form,Sale a otro módulo,A-016,decisión (módulo que sale / modelo que se retira),
3666,vista,sgi_sales_budget_view_list,addons/quimibond_sgi/views/sgi_sales_budget_views.xml:424,sgi.sales.budget list,Sale a otro módulo,A-016,decisión (módulo que sale / modelo que se retira),
3667,vista,sgi_sales_budget_view_search,addons/quimibond_sgi/views/sgi_sales_budget_views.xml:447,sgi.sales.budget search,Sale a otro módulo,A-016,decisión (módulo que sale / modelo que se retira),
3668,vista,sgi_sales_budget_import_view_form,addons/quimibond_sgi/views/sgi_sales_budget_views.xml:473,sgi.sales.budget.import form,Sale a otro módulo,A-016,decisión (módulo que sale / modelo que se retira),
3669,vista,sgi_sales_forecast_view_list,addons/quimibond_sgi/views/sgi_sales_budget_views.xml:532,sgi.sales.budget list,Sale a otro módulo,A-016,decisión (módulo que sale / modelo que se retira),
3670,vista,sgi_sales_budget_view_kanban,addons/quimibond_sgi/views/sgi_sales_budget_views.xml:573,sgi.sales.budget kanban,Sale a otro módulo,A-016,decisión (módulo que sale / modelo que se retira),
3671,vista,sgi_sales_analysis_pivot_mercado,addons/quimibond_sgi/views/sgi_sales_budget_views.xml:614,sgi.sales.budget.line pivot,Sale a otro módulo,A-016,decisión (módulo que sale / modelo que se retira),
3672,vista,sgi_sales_analysis_pivot_cliente,addons/quimibond_sgi/views/sgi_sales_budget_views.xml:628,sgi.sales.budget.line pivot,Sale a otro módulo,A-016,decisión (módulo que sale / modelo que se retira),
3673,vista,sgi_sales_analysis_pivot_producto,addons/quimibond_sgi/views/sgi_sales_budget_views.xml:642,sgi.sales.budget.line pivot,Sale a otro módulo,A-016,decisión (módulo que sale / modelo que se retira),
3674,vista,sgi_sales_analysis_graph_global,addons/quimibond_sgi/views/sgi_sales_budget_views.xml:656,sgi.sales.budget.line graph,Sale a otro módulo,A-016,decisión (módulo que sale / modelo que se retira),
3675,vista,res_config_settings_view_form_sgi,addons/quimibond_sgi/views/sgi_settings_views.xml:3,res.config.settings herencia(xpath),Se corrige,D-003,04-vistas,
3676,vista,sgi_slide_channel_view_list,addons/quimibond_sgi/views/sgi_sign_elearning_views.xml:5,slide.channel list,Se queda,,04-vistas,
3677,vista,sgi_staff_efficiency_view_form,addons/quimibond_sgi/views/sgi_staff_efficiency_views.xml:3,sgi.staff.efficiency form,Se corrige,D-008 D-009,04-vistas,
3678,vista,sgi_staff_efficiency_view_list,addons/quimibond_sgi/views/sgi_staff_efficiency_views.xml:66,sgi.staff.efficiency list,Se queda,,04-vistas,
3679,vista,sgi_staff_efficiency_line_view_pivot,addons/quimibond_sgi/views/sgi_staff_efficiency_views.xml:83,sgi.staff.efficiency.line pivot,Se queda,,04-vistas,
3680,vista,sgi_staff_efficiency_line_view_list,addons/quimibond_sgi/views/sgi_staff_efficiency_views.xml:96,sgi.staff.efficiency.line list,Se queda,,04-vistas,
3681,vista,sgi_staff_efficiency_view_search,addons/quimibond_sgi/views/sgi_staff_efficiency_views.xml:116,sgi.staff.efficiency search,Se queda,,04-vistas,
3682,vista,sgi_process_activity_view_form_structure,addons/quimibond_sgi/views/sgi_structure_views.xml:6,sgi.process.activity herencia(xpath),Se corrige,A-008,04-vistas,
3683,vista,sgi_supplier_eval_view_list,addons/quimibond_sgi/views/sgi_supplier_eval_views.xml:3,sgi.supplier.eval list,Se queda,,04-vistas,
3684,vista,sgi_supplier_eval_view_form,addons/quimibond_sgi/views/sgi_supplier_eval_views.xml:28,sgi.supplier.eval form,Se queda,,04-vistas,
3685,vista,sgi_supplier_eval_view_search,addons/quimibond_sgi/views/sgi_supplier_eval_views.xml:73,sgi.supplier.eval search,Se queda,,04-vistas,
3686,vista,sgi_document_master_list_view_list,addons/quimibond_sgi/report/report_master_list_all.xml:6,documents.document list,Se queda,,04-vistas,
3687,qweb,portal_nc_page,addons/quimibond_sgi/views/sgi_portal_templates.xml:4,,Se queda,,04-vistas,
3688,qweb,report_8d_document,addons/quimibond_sgi/report/report_8d.xml:17,,Se queda,,04-vistas,
3689,qweb,report_audit_plan_document,addons/quimibond_sgi/report/report_audit.xml:14,,Se corrige,D-004,04-vistas,
3690,qweb,report_audit_report_document,addons/quimibond_sgi/report/report_audit.xml:59,,Se corrige,D-004,04-vistas,
3691,qweb,sgi_calibration_label_box,addons/quimibond_sgi/report/report_calibration_label.xml:27,,Se queda,,04-vistas,
3692,qweb,report_calibration_label_document,addons/quimibond_sgi/report/report_calibration_label.xml:51,,Se corrige,D-004,04-vistas,
3693,qweb,report_out_of_service_label_document,addons/quimibond_sgi/report/report_calibration_label.xml:67,,Se corrige,D-004,04-vistas,
3694,qweb,report_coa_document,addons/quimibond_sgi/report/report_coa.xml:12,,Se corrige,D-004,04-vistas,
3695,qweb,report_compliance_matrix_document,addons/quimibond_sgi/report/report_compliance_matrix.xml:30,,Se queda,,04-vistas,
3696,qweb,report_dev_request_document,addons/quimibond_sgi/report/report_dev_request.xml:15,,Se queda,,04-vistas,
3697,qweb,report_risk_matrix_document,addons/quimibond_sgi/report/report_direction.xml:15,,Se queda,,04-vistas,
3698,qweb,report_competence_matrix_document,addons/quimibond_sgi/report/report_direction.xml:71,,Se queda,,04-vistas,
3699,qweb,report_doc_change_document,addons/quimibond_sgi/report/report_doc_change.xml:30,,Se corrige,D-004,04-vistas,
3700,qweb,report_epp_delivery_document,addons/quimibond_sgi/report/report_epp_delivery.xml:16,,Se queda,,04-vistas,
3701,qweb,report_fmea_document,addons/quimibond_sgi/report/report_fmea.xml:14,,Sale a otro módulo,A-018,decisión (archivo),
3702,qweb,report_incident_document,addons/quimibond_sgi/report/report_incident.xml:13,,Se corrige,D-004,04-vistas,
3703,qweb,report_knowledge_instruction_document,addons/quimibond_sgi/report/report_knowledge_instruction.xml:12,,Sale a otro módulo,A-014,04-vistas,
3704,qweb,report_machine_sheet_document,addons/quimibond_sgi/report/report_machine_sheet.xml:14,,Se queda,,04-vistas,
3705,qweb,report_master_list_document,addons/quimibond_sgi/report/report_master_list.xml:15,,Se queda,,04-vistas,
3706,qweb,report_legal_matrix_document,addons/quimibond_sgi/report/report_master_list.xml:71,,Se queda,,04-vistas,
3707,qweb,report_master_list_all_document,addons/quimibond_sgi/report/report_master_list_all.xml:54,,Se corrige,D-004,04-vistas,
3708,qweb,report_mgmt_review_document,addons/quimibond_sgi/report/report_mgmt_review.xml:13,,Se corrige,D-004,04-vistas,
3709,qweb,report_my_procedure_header,addons/quimibond_sgi/report/report_my_procedure.xml:31,,Se queda,,04-vistas,
3710,qweb,report_my_procedure_footer,addons/quimibond_sgi/report/report_my_procedure.xml:65,,Se queda,,04-vistas,
3711,qweb,report_my_procedure_entry,addons/quimibond_sgi/report/report_my_procedure.xml:79,,Se queda,,04-vistas,
3712,qweb,report_my_procedure_document,addons/quimibond_sgi/report/report_my_procedure.xml:126,,Se corrige,D-004,04-vistas,
3713,qweb,report_nc_document,addons/quimibond_sgi/report/report_nc.xml:13,,Se corrige,D-004,04-vistas,
3714,qweb,report_news_document,addons/quimibond_sgi/report/report_news.xml:11,,Se corrige,D-004,04-vistas,
3715,qweb,report_procedure_header,addons/quimibond_sgi/report/report_procedure.xml:15,,Se corrige,D-004,04-vistas,
3716,qweb,report_procedure_footer,addons/quimibond_sgi/report/report_procedure.xml:55,,Se queda,,04-vistas,
3717,qweb,report_procedure_document,addons/quimibond_sgi/report/report_procedure.xml:71,,Se corrige,D-004,04-vistas,
3718,qweb,report_retention_document,addons/quimibond_sgi/report/report_retention.xml:15,,Se queda,,04-vistas,
3719,qweb,report_sales_budget_document,addons/quimibond_sgi/report/report_sales_budget.xml:12,,Sale a otro módulo,A-016,decisión (archivo),
3720,qweb,report_sales_forecast_page,addons/quimibond_sgi/report/report_sales_budget.xml:111,,Sale a otro módulo,A-016,decisión (archivo),
3721,qweb,report_sign_sheet_body,addons/quimibond_sgi/report/report_sign_sheet.xml:7,,Se queda,,04-vistas,
3722,qweb,report_ack_sign_sheet_document,addons/quimibond_sgi/report/report_sign_sheet.xml:36,,Se queda,,04-vistas,
3723,qweb,report_epp_sign_sheet_document,addons/quimibond_sgi/report/report_sign_sheet.xml:61,,Se queda,,04-vistas,
3724,qweb,report_publish_sign_sheet_document,addons/quimibond_sgi/report/report_sign_sheet.xml:87,,Se queda,,04-vistas,
3725,qweb,report_staff_efficiency_document,addons/quimibond_sgi/report/report_staff_efficiency.xml:14,,Se queda,,04-vistas,
3726,qweb,sgi_format_footer,addons/quimibond_sgi/report/sgi_format_footer.xml:5,,Se corrige,C-006 D-004,04-vistas,
3727,qweb,report_saleorder_document_sgi,addons/quimibond_sgi/report/sgi_format_footer.xml:14,,Se corrige,C-006,04-vistas,
3728,qweb,report_purchaseorder_document_sgi,addons/quimibond_sgi/report/sgi_format_footer.xml:22,,Se corrige,C-006,04-vistas,
3729,qweb,report_delivery_document_sgi,addons/quimibond_sgi/report/sgi_format_footer.xml:30,,Se corrige,C-006,04-vistas,
3730,qweb,report_nc_document_sgi,addons/quimibond_sgi/report/sgi_format_footer.xml:42,,Se queda,,04-vistas,
3731,qweb,report_coa_document_sgi,addons/quimibond_sgi/report/sgi_format_footer.xml:50,,Se queda,,04-vistas,
3732,qweb,report_mgmt_review_document_sgi,addons/quimibond_sgi/report/sgi_format_footer.xml:58,,Se queda,,04-vistas,
3733,acción,sgi_action_line_action_all,addons/quimibond_sgi/views/sgi_action_line_views.xml:122,ir.actions.act_window,Se corrige,E-007,05-menus/acciones_revision,
3734,acción,sgi_activity_spec_gap_action,addons/quimibond_sgi/views/sgi_activity_spec_views.xml:50,ir.actions.act_window,Se queda,,05-menus/acciones_revision,
3735,acción,sgi_activity_week_stat_action,addons/quimibond_sgi/views/sgi_activity_spec_views.xml:119,ir.actions.act_window,Se queda,,05-menus/acciones_revision,
3736,acción,sgi_alert_source_action,addons/quimibond_sgi/views/sgi_alert_source_views.xml:67,ir.actions.act_window,Se queda,,05-menus/acciones_revision,
3737,acción,sgi_activity_role_action_approval,addons/quimibond_sgi/views/sgi_approval_native_views.xml:84,ir.actions.act_window,Se queda,,05-menus/acciones_revision,
3738,acción,sgi_area_action,addons/quimibond_sgi/views/sgi_area_views.xml:32,ir.actions.act_window,Se corrige,E-007,05-menus/acciones_revision,
3739,acción,sgi_audit_program_action,addons/quimibond_sgi/views/sgi_diagram_views.xml:174,ir.actions.act_window,Se corrige,B-015,05-menus/acciones_revision,
3740,acción,sgi_audit_action,addons/quimibond_sgi/views/sgi_audit_views.xml:252,ir.actions.act_window,Se corrige,B-009 D-015 E-007,05-menus/acciones_revision,
3741,acción,sgi_measure_split_action,addons/quimibond_sgi/views/sgi_business_line_views.xml:84,ir.actions.act_window,Se queda,,05-menus/acciones_revision,
3742,acción,sgi_calibration_action,addons/quimibond_sgi/views/sgi_calibration_views.xml:83,ir.actions.act_window,Se queda,,05-menus/acciones_revision,
3743,acción,sgi_equipment_action_measuring,addons/quimibond_sgi/views/sgi_diagram_views.xml:182,ir.actions.act_window,Se corrige,B-015 D-013,05-menus/acciones_revision,
3744,acción,sgi_job_family_action,addons/quimibond_sgi/views/sgi_catalog_views.xml:219,ir.actions.act_window,Se corrige,E-007,05-menus/acciones_revision,
3745,acción,sgi_activity_exec_stat_action_who,addons/quimibond_sgi/views/sgi_diagram_views.xml:194,ir.actions.act_window,Se corrige,B-015,05-menus/acciones_revision,
3746,acción,sgi_activity_method_action,addons/quimibond_sgi/views/sgi_catalog_views.xml:334,ir.actions.act_window,Se queda,,05-menus/acciones_revision,
3747,acción,sgi_catalog_load_wizard_action,addons/quimibond_sgi/views/sgi_catalog_views.xml:402,ir.actions.act_window,Se queda,,05-menus/acciones_revision,
3748,acción,sgi_spreadsheet_dashboard_action,addons/quimibond_sgi/views/sgi_catalog_views.xml:424,ir.actions.client,Se queda,E-017,05-menus/acciones_revision,
3749,acción,sgi_document_type_action,addons/quimibond_sgi/views/sgi_catalog_views.xml:450,ir.actions.act_window,Se queda,,05-menus/acciones_revision,
3750,acción,sgi_coa_inbox_action,addons/quimibond_sgi/views/sgi_coa_views.xml:224,ir.actions.act_window,Se corrige,E-007,05-menus/acciones_revision,
3751,acción,sgi_competence_gap_action,addons/quimibond_sgi/views/sgi_diagram_views.xml:190,ir.actions.act_window,Se corrige,B-015,05-menus/acciones_revision,
3752,acción,sgi_dnc_survey_action,addons/quimibond_sgi/views/sgi_competence_views.xml:84,ir.actions.server,Se corrige,E-007,05-menus/acciones_revision,
3753,acción,sgi_complaint_action,addons/quimibond_sgi/views/sgi_complaint_views.xml:29,ir.actions.server,Se corrige,D-006 D-015 E-012,05-menus/acciones_revision,
3754,acción,sgi_satisfaction_action,addons/quimibond_sgi/views/sgi_complaint_views.xml:54,ir.actions.server,Se corrige,E-007,05-menus/acciones_revision,
3755,acción,sgi_internal_complaint_action,addons/quimibond_sgi/views/sgi_complaint_views.xml:77,ir.actions.server,Se corrige,E-007 E-012,05-menus/acciones_revision,
3756,acción,sgi_interested_party_action,addons/quimibond_sgi/views/sgi_diagram_views.xml:154,ir.actions.act_window,Se corrige,B-015,05-menus/acciones_revision,
3757,acción,sgi_control_plan_action,addons/quimibond_sgi/views/sgi_control_plan_views.xml:112,ir.actions.act_window,Se queda,,05-menus/acciones_revision,
3758,acción,sgi_quality_alert_action_pareto,addons/quimibond_sgi/views/sgi_dashboard_views.xml:30,ir.actions.act_window,Se queda,D-012 D-015,05-menus/acciones_revision,
3759,acción,sgi_diagnostic_line_action,addons/quimibond_sgi/views/sgi_diagnostic_views.xml:65,ir.actions.act_window,Se queda,,05-menus/acciones_revision,
3760,acción,sgi_diagnostic_run_action,addons/quimibond_sgi/views/sgi_diagnostic_views.xml:77,ir.actions.server,Se queda,,05-menus/acciones_revision,
3761,acción,sgi_risk_action,addons/quimibond_sgi/views/sgi_risk_views.xml:255,ir.actions.act_window,Se corrige,B-015,05-menus/acciones_revision,
3762,acción,sgi_legal_requirement_action,addons/quimibond_sgi/views/sgi_legal_views.xml:176,ir.actions.act_window,Se corrige,B-015,05-menus/acciones_revision,
3763,acción,sgi_objective_action,addons/quimibond_sgi/views/sgi_objective_views.xml:77,ir.actions.act_window,Se corrige,B-015 E-007,05-menus/acciones_revision,
3764,acción,sgi_indicator_action,addons/quimibond_sgi/views/sgi_indicator_views.xml:214,ir.actions.act_window,Se corrige,B-015,05-menus/acciones_revision,
3765,acción,sgi_policy_action,addons/quimibond_sgi/views/sgi_policy_views.xml:92,ir.actions.act_window,Se corrige,B-015 E-007,05-menus/acciones_revision,
3766,acción,sgi_management_review_action,addons/quimibond_sgi/views/sgi_management_review_views.xml:134,ir.actions.act_window,Se corrige,B-015,05-menus/acciones_revision,
3767,acción,sgi_emergency_plan_action,addons/quimibond_sgi/views/sgi_emergency_views.xml:102,ir.actions.act_window,Se corrige,B-015,05-menus/acciones_revision,
3768,acción,sgi_document_action,addons/quimibond_sgi/views/sgi_document_views.xml:281,ir.actions.act_window,Se corrige,B-015 D-002 D-015 E-007,05-menus/acciones_revision,
3769,acción,sgi_hr_job_action_roles,addons/quimibond_sgi/views/sgi_diagram_views.xml:199,ir.actions.act_window,Se queda,,05-menus/acciones_revision,
3770,acción,sgi_direction_board_action_open,addons/quimibond_sgi/views/sgi_direction_board_views.xml:101,ir.actions.server,Se queda,,05-menus/acciones_revision,
3771,acción,sgi_doc_change_board_action,addons/quimibond_sgi/views/sgi_doc_change_views.xml:165,ir.actions.server,Se corrige,E-007,05-menus/acciones_revision,
3772,acción,sgi_document_ack_action,addons/quimibond_sgi/views/sgi_document_views.xml:368,ir.actions.act_window,Se queda,,05-menus/acciones_revision,
3773,acción,sgi_document_resolve_menu_action,addons/quimibond_sgi/views/sgi_document_views.xml:382,ir.actions.server,Se corrige,E-011,05-menus/acciones_revision,
3774,acción,sgi_migration_action,addons/quimibond_sgi/views/sgi_document_views.xml:477,ir.actions.act_window,Se corrige,E-004,05-menus/acciones_revision,
3775,acción,sgi_emergency_drill_action,addons/quimibond_sgi/views/sgi_emergency_views.xml:216,ir.actions.act_window,Se queda,,05-menus/acciones_revision,
3776,acción,sgi_epp_delivery_action,addons/quimibond_sgi/views/sgi_epp_views.xml:105,ir.actions.act_window,Se queda,,05-menus/acciones_revision,
3777,acción,sgi_external_doc_action,addons/quimibond_sgi/views/sgi_external_doc_views.xml:51,ir.actions.act_window,Se queda,,05-menus/acciones_revision,
3778,acción,sgi_fmea_action,addons/quimibond_sgi/views/sgi_fmea_views.xml:158,ir.actions.act_window,Sale a otro módulo,A-018,decisión (archivo),
3779,acción,sgi_format_map_action,addons/quimibond_sgi/views/sgi_format_map_views.xml:46,ir.actions.act_window,Se queda,,05-menus/acciones_revision,
3780,acción,sgi_process_hierarchy_action,addons/quimibond_sgi/views/sgi_hierarchy_views.xml:35,ir.actions.act_window,Se elimina,B-014,05-menus/acciones_revision,
3781,acción,sgi_process_action,addons/quimibond_sgi/views/sgi_process_views.xml:438,ir.actions.act_window,Se corrige,B-015 E-007,05-menus/acciones_revision,
3782,acción,sgi_process_activity_action,addons/quimibond_sgi/views/sgi_process_procedure_views.xml:508,ir.actions.act_window,Se corrige,B-015 E-007,05-menus/acciones_revision,
3783,acción,sgi_health_record_action,addons/quimibond_sgi/views/sgi_hse_views.xml:90,ir.actions.act_window,Se queda,,05-menus/acciones_revision,
3784,acción,sgi_csh_inspection_action,addons/quimibond_sgi/views/sgi_hse_views.xml:198,ir.actions.act_window,Se corrige,E-007,05-menus/acciones_revision,
3785,acción,sgi_checklist_template_action,addons/quimibond_sgi/views/sgi_hse_views.xml:267,ir.actions.act_window,Se queda,,05-menus/acciones_revision,
3786,acción,sgi_checklist_request_action,addons/quimibond_sgi/views/sgi_hse_views.xml:310,ir.actions.act_window,Se corrige,D-015 E-007,05-menus/acciones_revision,
3787,acción,sgi_checklist_today_action,addons/quimibond_sgi/views/sgi_hse_views.xml:322,ir.actions.act_window,Se queda,,05-menus/acciones_revision,
3788,acción,sgi_improvement_action,addons/quimibond_sgi/views/sgi_improvement_views.xml:23,ir.actions.server,Se corrige,D-006 D-015 E-007,05-menus/acciones_revision,
3789,acción,sgi_incident_action,addons/quimibond_sgi/views/sgi_incident_views.xml:136,ir.actions.act_window,Se corrige,E-007,05-menus/acciones_revision,
3790,acción,sgi_measure_action,addons/quimibond_sgi/views/sgi_indicator_views.xml:418,ir.actions.act_window,Se queda,,05-menus/acciones_revision,
3791,acción,sgi_lock_date_log_action,addons/quimibond_sgi/views/sgi_kpi_fields_views.xml:88,ir.actions.act_window,Se queda,,05-menus/acciones_revision,
3792,acción,sgi_inventory_value_action,addons/quimibond_sgi/views/sgi_kpi_fields_views.xml:111,ir.actions.act_window,Se queda,,05-menus/acciones_revision,
3793,acción,sgi_machine_sheet_action,addons/quimibond_sgi/views/sgi_machine_sheet_views.xml:130,ir.actions.act_window,Se queda,,05-menus/acciones_revision,
3794,acción,sgi_activity_change_action_new,addons/quimibond_sgi/views/sgi_mp_change_views.xml:99,ir.actions.server,Se queda,,05-menus/acciones_revision,
3795,acción,sgi_msa_study_action,addons/quimibond_sgi/views/sgi_msa_views.xml:80,ir.actions.act_window,Sale a otro módulo,A-018,decisión (archivo),
3796,acción,sgi_indicator_action_mine,addons/quimibond_sgi/views/sgi_my_procedure_views.xml:643,ir.actions.act_window,Se queda,,05-menus/acciones_revision,
3797,acción,sgi_nc_board_action,addons/quimibond_sgi/views/sgi_nonconformity_views.xml:236,ir.actions.server,Se corrige,E-007 E-012,05-menus/acciones_revision,
3798,acción,sgi_nc_lessons_action,addons/quimibond_sgi/views/sgi_nonconformity_views.xml:368,ir.actions.act_window,Se queda,,05-menus/acciones_revision,
3799,acción,sgi_norm_action,addons/quimibond_sgi/views/sgi_norm_views.xml:48,ir.actions.act_window,Se corrige,E-007,05-menus/acciones_revision,
3800,acción,sgi_norm_clause_action,addons/quimibond_sgi/views/sgi_norm_views.xml:139,ir.actions.act_window,Se queda,,05-menus/acciones_revision,
3801,acción,sgi_ppap_action,addons/quimibond_sgi/views/sgi_ppap_views.xml:114,ir.actions.act_window,Sale a otro módulo,A-018,decisión (archivo),
3802,acción,sgi_ppap_element_template_action,addons/quimibond_sgi/views/sgi_ppap_views.xml:138,ir.actions.act_window,Sale a otro módulo,A-018,decisión (archivo),
3803,acción,sgi_activity_compliance_action,addons/quimibond_sgi/views/sgi_process_procedure_views.xml:607,ir.actions.act_window,Se queda,,05-menus/acciones_revision,
3804,acción,sgi_risk_category_action,addons/quimibond_sgi/views/sgi_risk_views.xml:14,ir.actions.act_window,Se queda,D-015,05-menus/acciones_revision,
3805,acción,sgi_sales_budget_import_action,addons/quimibond_sgi/views/sgi_sales_budget_views.xml:508,ir.actions.act_window,Sale a otro módulo,A-016,decisión (archivo),
3806,acción,sgi_sales_budget_action,addons/quimibond_sgi/views/sgi_sales_budget_views.xml:517,ir.actions.act_window,Sale a otro módulo,A-016 B-015 D-004,decisión (archivo),
3807,acción,sgi_sales_forecast_action,addons/quimibond_sgi/views/sgi_sales_budget_views.xml:553,ir.actions.act_window,Sale a otro módulo,A-016 B-015 D-004,decisión (archivo),
3808,acción,sgi_sales_analysis_mercado_action,addons/quimibond_sgi/views/sgi_sales_budget_views.xml:669,ir.actions.act_window,Sale a otro módulo,A-016 D-015,decisión (archivo),
3809,acción,sgi_sales_analysis_cliente_action,addons/quimibond_sgi/views/sgi_sales_budget_views.xml:681,ir.actions.act_window,Sale a otro módulo,A-016,decisión (archivo),
3810,acción,sgi_sales_analysis_producto_action,addons/quimibond_sgi/views/sgi_sales_budget_views.xml:698,ir.actions.act_window,Sale a otro módulo,A-016 D-015,decisión (archivo),
3811,acción,sgi_sales_analysis_global_action,addons/quimibond_sgi/views/sgi_sales_budget_views.xml:710,ir.actions.act_window,Sale a otro módulo,A-016,decisión (archivo),
3812,acción,sgi_config_settings_action,addons/quimibond_sgi/views/sgi_settings_views.xml:203,ir.actions.act_window,Se queda,,05-menus/acciones_revision,
3813,acción,sgi_slide_channel_action,addons/quimibond_sgi/views/sgi_sign_elearning_views.xml:19,ir.actions.act_window,Se queda,,05-menus/acciones_revision,
3814,acción,sgi_staff_efficiency_action,addons/quimibond_sgi/views/sgi_staff_efficiency_views.xml:134,ir.actions.act_window,Se queda,,05-menus/acciones_revision,
3815,acción,sgi_staff_efficiency_line_action,addons/quimibond_sgi/views/sgi_staff_efficiency_views.xml:146,ir.actions.act_window,Se corrige,D-015 E-007,05-menus/acciones_revision,
3816,acción,sgi_supplier_eval_action,addons/quimibond_sgi/views/sgi_supplier_eval_views.xml:91,ir.actions.act_window,Se corrige,E-007,05-menus/acciones_revision,
3817,acción,sgi_supplier_eval_recompute_action,addons/quimibond_sgi/views/sgi_supplier_eval_views.xml:104,ir.actions.server,Se corrige,E-011,05-menus/acciones_revision,
3818,acción,action_report_8d,addons/quimibond_sgi/report/report_8d.xml:7,ir.actions.report,Se corrige,E-011,05-menus/acciones_revision,
3819,acción,action_report_audit_plan,addons/quimibond_sgi/report/report_audit.xml:4,ir.actions.report,Se corrige,D-004,05-menus/acciones_revision,
3820,acción,action_report_audit_report,addons/quimibond_sgi/report/report_audit.xml:49,ir.actions.report,Se queda,,05-menus/acciones_revision,
3821,acción,action_report_calibration_label,addons/quimibond_sgi/report/report_calibration_label.xml:5,ir.actions.report,Se queda,,05-menus/acciones_revision,
3822,acción,action_report_out_of_service_label,addons/quimibond_sgi/report/report_calibration_label.xml:16,ir.actions.report,Se queda,,05-menus/acciones_revision,
3823,acción,action_report_coa,addons/quimibond_sgi/report/report_coa.xml:3,ir.actions.report,Se corrige,D-004,05-menus/acciones_revision,
3824,acción,action_report_compliance_matrix,addons/quimibond_sgi/report/report_compliance_matrix.xml:18,ir.actions.report,Se queda,,05-menus/acciones_revision,
3825,acción,action_report_dev_request,addons/quimibond_sgi/report/report_dev_request.xml:4,ir.actions.report,Se corrige,E-011,05-menus/acciones_revision,
3826,acción,action_report_risk_matrix,addons/quimibond_sgi/report/report_direction.xml:4,ir.actions.report,Se queda,,05-menus/acciones_revision,
3827,acción,action_report_competence_matrix,addons/quimibond_sgi/report/report_direction.xml:60,ir.actions.report,Se corrige,E-011,05-menus/acciones_revision,
3828,acción,action_report_doc_change,addons/quimibond_sgi/report/report_doc_change.xml:20,ir.actions.report,Se corrige,D-004,05-menus/acciones_revision,
3829,acción,action_report_epp_delivery,addons/quimibond_sgi/report/report_epp_delivery.xml:5,ir.actions.report,Se queda,,05-menus/acciones_revision,
3830,acción,action_report_fmea,addons/quimibond_sgi/report/report_fmea.xml:3,ir.actions.report,Sale a otro módulo,A-018,decisión (archivo),
3831,acción,action_report_incident,addons/quimibond_sgi/report/report_incident.xml:3,ir.actions.report,Se corrige,D-004,05-menus/acciones_revision,
3832,acción,action_report_knowledge_instruction,addons/quimibond_sgi/report/report_knowledge_instruction.xml:4,ir.actions.report,Se queda,,05-menus/acciones_revision,
3833,acción,action_report_machine_sheet,addons/quimibond_sgi/report/report_machine_sheet.xml:3,ir.actions.report,Se queda,,05-menus/acciones_revision,
3834,acción,action_report_master_list,addons/quimibond_sgi/report/report_master_list.xml:4,ir.actions.report,Se queda,,05-menus/acciones_revision,
3835,acción,action_report_legal_matrix,addons/quimibond_sgi/report/report_master_list.xml:60,ir.actions.report,Se queda,,05-menus/acciones_revision,
3836,acción,sgi_document_master_list_action,addons/quimibond_sgi/report/report_master_list_all.xml:28,ir.actions.act_window,Se corrige,D-004 E-007,05-menus/acciones_revision,
3837,acción,action_report_master_list_all,addons/quimibond_sgi/report/report_master_list_all.xml:43,ir.actions.report,Se corrige,D-004 E-011,05-menus/acciones_revision,
3838,acción,action_report_mgmt_review,addons/quimibond_sgi/report/report_mgmt_review.xml:3,ir.actions.report,Se corrige,D-004,05-menus/acciones_revision,
3839,acción,action_report_my_procedure,addons/quimibond_sgi/report/report_my_procedure.xml:18,ir.actions.report,Se corrige,E-011,05-menus/acciones_revision,
3840,acción,action_report_nc,addons/quimibond_sgi/report/report_nc.xml:3,ir.actions.report,Se corrige,D-004 E-011,05-menus/acciones_revision,
3841,acción,action_report_news,addons/quimibond_sgi/report/report_news.xml:3,ir.actions.report,Se corrige,D-004,05-menus/acciones_revision,
3842,acción,action_report_procedure,addons/quimibond_sgi/report/report_procedure.xml:3,ir.actions.report,Se corrige,D-004,05-menus/acciones_revision,
3843,acción,action_report_retention,addons/quimibond_sgi/report/report_retention.xml:5,ir.actions.report,Se corrige,E-011,05-menus/acciones_revision,
3844,acción,action_report_sales_budget,addons/quimibond_sgi/report/report_sales_budget.xml:3,ir.actions.report,Sale a otro módulo,A-016,decisión (archivo),
3845,acción,action_report_ack_sign_sheet,addons/quimibond_sgi/report/report_sign_sheet.xml:27,ir.actions.report,Se queda,,05-menus/acciones_revision,
3846,acción,action_report_epp_sign_sheet,addons/quimibond_sgi/report/report_sign_sheet.xml:52,ir.actions.report,Se queda,,05-menus/acciones_revision,
3847,acción,action_report_publish_sign_sheet,addons/quimibond_sgi/report/report_sign_sheet.xml:78,ir.actions.report,Se queda,,05-menus/acciones_revision,
3848,acción,action_report_staff_efficiency,addons/quimibond_sgi/report/report_staff_efficiency.xml:3,ir.actions.report,Se queda,,05-menus/acciones_revision,
3849,acción,sgi_my_procedure_action_mine,addons/quimibond_sgi/data/sgi_my_procedure_data.xml:18,ir.actions.server,Se queda,,05-menus/acciones_revision,
3850,acción,sgi_my_pending_action_mine,addons/quimibond_sgi/data/sgi_my_procedure_data.xml:27,ir.actions.server,Se corrige,I-004,05-menus/acciones_revision,
3851,acción,sgi_my_procedure_action_publish,addons/quimibond_sgi/data/sgi_my_procedure_data.xml:37,ir.actions.server,Se queda,,05-menus/acciones_revision,
3852,acción,sgi_my_team_action_mine,addons/quimibond_sgi/data/sgi_my_procedure_data.xml:45,ir.actions.server,Se queda,,05-menus/acciones_revision,
3853,menú,menu_sgi_spec_gaps,addons/quimibond_sgi/views/sgi_activity_spec_views.xml:130,Faltantes de especificación,Se corrige,A-025,05-menus/menus_final,
3854,menú,menu_sgi_week_stats,addons/quimibond_sgi/views/sgi_activity_spec_views.xml:132,Cumplimiento semanal,Se corrige,A-025,05-menus/menus_final,
3855,menú,menu_sgi_measures_split,addons/quimibond_sgi/views/sgi_business_line_views.xml:95,Mediciones por equipo o mercado,Se queda,,05-menus/menus_final,
3856,menú,menu_sgi_epp_deliveries,addons/quimibond_sgi/views/sgi_epp_views.xml:116,Responsivas de EPP,Se queda,A-001,05-menus/menus_final,
3857,menú,menu_sgi_external_docs,addons/quimibond_sgi/views/sgi_external_doc_views.xml:68,Documentos externos,Se queda,,05-menus/menus_final,
3858,menú,menu_sgi_health_records,addons/quimibond_sgi/views/sgi_hse_views.xml:396,Estudios de higiene y exámenes médicos,Se corrige,E-009 F-004 I-013,05-menus/menus_final,
3859,menú,menu_sgi_csh_inspections,addons/quimibond_sgi/views/sgi_hse_views.xml:399,Recorridos de la Comisión de Seguridad e Higiene,Se corrige,E-007,05-menus/menus_final,
3860,menú,menu_sgi_checklist_requests,addons/quimibond_sgi/views/sgi_hse_views.xml:401,Hojas de checklist (planta y unidades),Se corrige,E-007,05-menus/menus_final,
3861,menú,menu_sgi_checklist_today,addons/quimibond_sgi/views/sgi_hse_views.xml:403,Checklists de hoy,Se corrige,E-013,05-menus/menus_final,
3862,menú,menu_sgi_checklist_templates,addons/quimibond_sgi/views/sgi_hse_views.xml:405,Checklists de planta y unidades,Se corrige,E-013,05-menus/menus_final,
3863,menú,menu_sgi_lock_date_log,addons/quimibond_sgi/views/sgi_kpi_fields_views.xml:119,Bitácora de bloqueo contable,Sale a otro módulo,A-017,05-menus/menus_final,
3864,menú,menu_sgi_inventory_value,addons/quimibond_sgi/views/sgi_kpi_fields_views.xml:121,Valor del inventario por mes,Se elimina,A-017,05-menus/menus_final,
3865,menú,menu_sgi_root,addons/quimibond_sgi/views/sgi_menus.xml:14,SGI,Se queda,,05-menus/menus_final,
3866,menú,menu_sgi_panel,addons/quimibond_sgi/views/sgi_menus.xml:25,,Se queda,B-016,05-menus/menus_final,
3867,menú,menu_sgi_processes,addons/quimibond_sgi/views/sgi_menus.xml:38,,Se queda,B-016,05-menus/menus_final,
3868,menú,menu_sgi_process_map,addons/quimibond_sgi/views/sgi_menus.xml:46,Mapa de procesos,Se queda,,05-menus/menus_final,
3869,menú,menu_sgi_activities,addons/quimibond_sgi/views/sgi_menus.xml:48,Actividades,Se queda,,05-menus/menus_final,
3870,menú,menu_sgi_analysis_who,addons/quimibond_sgi/views/sgi_menus.xml:50,Matriz de responsabilidades,Se queda,,05-menus/menus_final,
3871,menú,menu_sgi_jobs_roles,addons/quimibond_sgi/views/sgi_menus.xml:53,Puestos y procesos,Se queda,,05-menus/menus_final,
3872,menú,menu_sgi_machine_sheets,addons/quimibond_sgi/views/sgi_menus.xml:56,Fichas de proceso por máquina,Se queda,,05-menus/menus_final,
3873,menú,menu_sgi_improvement_group,addons/quimibond_sgi/views/sgi_menus.xml:61,Mejora,Se queda,,05-menus/menus_final,
3874,menú,menu_sgi_nc,addons/quimibond_sgi/views/sgi_menus.xml:62,No conformidades,Se queda,,05-menus/menus_final,
3875,menú,menu_sgi_complaints,addons/quimibond_sgi/views/sgi_menus.xml:64,Reclamaciones de clientes,Se queda,,05-menus/menus_final,
3876,menú,menu_sgi_nc_all_actions,addons/quimibond_sgi/views/sgi_menus.xml:66,Acciones correctivas,Se corrige,E-009,05-menus/menus_final,
3877,menú,menu_sgi_internal_complaints,addons/quimibond_sgi/views/sgi_menus.xml:69,Quejas y sugerencias del personal,Se queda,,05-menus/menus_final,
3878,menú,menu_sgi_improvements,addons/quimibond_sgi/views/sgi_menus.xml:72,Mejora continua,Se queda,,05-menus/menus_final,
3879,menú,menu_sgi_lessons,addons/quimibond_sgi/views/sgi_menus.xml:74,Lecciones aprendidas,Se queda,,05-menus/menus_final,
3880,menú,menu_sgi_audits,addons/quimibond_sgi/views/sgi_menus.xml:76,Auditorías,Se queda,,05-menus/menus_final,
3881,menú,menu_sgi_audit_list,addons/quimibond_sgi/views/sgi_menus.xml:78,Auditorías realizadas,Se queda,,05-menus/menus_final,
3882,menú,menu_sgi_audit_programs,addons/quimibond_sgi/views/sgi_menus.xml:80,Programa de auditorías,Se corrige,E-007,05-menus/menus_final,
3883,menú,menu_sgi_safety,addons/quimibond_sgi/views/sgi_menus.xml:82,Seguridad y ambiente,Se queda,,05-menus/menus_final,
3884,menú,menu_sgi_incidents,addons/quimibond_sgi/views/sgi_menus.xml:84,Incidentes y accidentes,Se queda,F-009,05-menus/menus_final,
3885,menú,menu_sgi_emergency_plans,addons/quimibond_sgi/views/sgi_menus.xml:86,Planes de emergencia,Se queda,,05-menus/menus_final,
3886,menú,menu_sgi_emergency_drills,addons/quimibond_sgi/views/sgi_menus.xml:88,Simulacros,Se queda,,05-menus/menus_final,
3887,menú,menu_sgi_direction,addons/quimibond_sgi/views/sgi_menus.xml:92,Dirección,Se corrige,E-009,05-menus/menus_final,
3888,menú,menu_sgi_dashboard_health,addons/quimibond_sgi/views/sgi_menus.xml:96,Tablero de dirección,Se corrige,E-007 E-009,05-menus/menus_final,
3889,menú,menu_sgi_mgmt_review,addons/quimibond_sgi/views/sgi_menus.xml:98,Revisión por la dirección,Se corrige,E-009,05-menus/menus_final,
3890,menú,menu_sgi_policy,addons/quimibond_sgi/views/sgi_menus.xml:100,Política integral,Se queda,E-009,05-menus/menus_final,
3891,menú,menu_sgi_objectives,addons/quimibond_sgi/views/sgi_menus.xml:102,Objetivos integrales,Se queda,E-009,05-menus/menus_final,
3892,menú,menu_sgi_risks,addons/quimibond_sgi/views/sgi_menus.xml:104,Riesgos y oportunidades,Se queda,E-009,05-menus/menus_final,
3893,menú,menu_sgi_legal,addons/quimibond_sgi/views/sgi_menus.xml:106,Requisitos legales,Se queda,E-009,05-menus/menus_final,
3894,menú,menu_sgi_interested_parties,addons/quimibond_sgi/views/sgi_menus.xml:108,Partes interesadas,Se corrige,E-009,05-menus/menus_final,
3895,menú,menu_sgi_satisfaction,addons/quimibond_sgi/views/sgi_menus.xml:110,Satisfacción del cliente,Se corrige,E-009,05-menus/menus_final,
3896,menú,menu_sgi_admin,addons/quimibond_sgi/views/sgi_menus.xml:116,Administración SGI,Se corrige,E-009 I-015,05-menus/menus_final,
3897,menú,menu_sgi_documental,addons/quimibond_sgi/views/sgi_menus.xml:120,Documentos,Se queda,,05-menus/menus_final,
3898,menú,menu_sgi_documents,addons/quimibond_sgi/views/sgi_menus.xml:121,Documentos,Se queda,,05-menus/menus_final,
3899,menú,menu_sgi_doc_changes,addons/quimibond_sgi/views/sgi_menus.xml:123,Solicitudes de cambio a documentos,Se corrige,E-007 E-009,05-menus/menus_final,
3900,menú,menu_sgi_master_list,addons/quimibond_sgi/views/sgi_menus.xml:125,Lista maestra de documentos,Se corrige,E-007,05-menus/menus_final,
3901,menú,menu_sgi_migration,addons/quimibond_sgi/views/sgi_menus.xml:127,Migración de formatos,Se corrige,E-001 E-004,05-menus/menus_final,
3902,menú,menu_sgi_config_doc_types,addons/quimibond_sgi/views/sgi_menus.xml:129,Tipos de documento,Se corrige,E-013,05-menus/menus_final,
3903,menú,menu_sgi_admin_indicators,addons/quimibond_sgi/views/sgi_menus.xml:133,Indicadores,Se queda,,05-menus/menus_final,
3904,menú,menu_sgi_indicators,addons/quimibond_sgi/views/sgi_menus.xml:134,Indicadores,Se queda,,05-menus/menus_final,
3905,menú,menu_sgi_measures,addons/quimibond_sgi/views/sgi_menus.xml:136,Mediciones,Se queda,,05-menus/menus_final,
3906,menú,menu_sgi_approvals_native,addons/quimibond_sgi/views/sgi_menus.xml:140,Aprobaciones del SGI,Se corrige,E-009,05-menus/menus_final,
3907,menú,menu_sgi_analysis,addons/quimibond_sgi/views/sgi_menus.xml:147,Diagnóstico,Se corrige,E-009 F-012,05-menus/menus_final,
3908,menú,menu_sgi_diagnostic,addons/quimibond_sgi/views/sgi_menus.xml:148,Diagnóstico del SGI,Se queda,E-011,05-menus/menus_final,
3909,menú,menu_sgi_activity_methods,addons/quimibond_sgi/views/sgi_menus.xml:150,Cobertura de medición,Se queda,,05-menus/menus_final,
3910,menú,menu_sgi_compliance,addons/quimibond_sgi/views/sgi_menus.xml:152,Cumplimiento de procedimientos,Se queda,,05-menus/menus_final,
3911,menú,menu_sgi_admin_signatures,addons/quimibond_sgi/views/sgi_menus.xml:159,Firmas de lectura,Se queda,,05-menus/menus_final,
3912,menú,menu_sgi_my_procedure_publish,addons/quimibond_sgi/views/sgi_menus.xml:160,Publicar Mi procedimiento,Se queda,,05-menus/menus_final,
3913,menú,menu_sgi_config_acks,addons/quimibond_sgi/views/sgi_menus.xml:162,Acuses de lectura,Se queda,,05-menus/menus_final,
3914,menú,menu_sgi_config,addons/quimibond_sgi/views/sgi_menus.xml:166,Configuración,Se queda,,05-menus/menus_final,
3915,menú,menu_sgi_config_load,addons/quimibond_sgi/views/sgi_menus.xml:167,Cargar catálogo,Se queda,,05-menus/menus_final,
3916,menú,menu_sgi_job_families,addons/quimibond_sgi/views/sgi_menus.xml:170,Familias de puesto,Se queda,,05-menus/menus_final,
3917,menú,menu_sgi_config_settings,addons/quimibond_sgi/views/sgi_menus.xml:172,Ajustes,Se queda,,05-menus/menus_final,
3918,menú,menu_sgi_config_areas,addons/quimibond_sgi/views/sgi_menus.xml:175,Áreas,Se queda,,05-menus/menus_final,
3919,menú,menu_sgi_config_norms,addons/quimibond_sgi/views/sgi_menus.xml:177,Normas,Se queda,,05-menus/menus_final,
3920,menú,menu_sgi_config_clauses,addons/quimibond_sgi/views/sgi_menus.xml:179,Cláusulas,Se queda,,05-menus/menus_final,
3921,menú,menu_sgi_config_risk_cat,addons/quimibond_sgi/views/sgi_menus.xml:181,Categorías de riesgo,Se corrige,E-013,05-menus/menus_final,
3922,menú,menu_sgi_config_ppap_elements,addons/quimibond_sgi/views/sgi_menus.xml:183,Elementos PPAP,Sale a otro módulo,A-018,05-menus/menus_final,
3923,menú,menu_sgi_config_format_map,addons/quimibond_sgi/views/sgi_menus.xml:185,Formatos en documentos de Odoo,Se corrige,C-006,05-menus/menus_final,
3924,menú,menu_sgi_config_alert_sources,addons/quimibond_sgi/views/sgi_menus.xml:187,Fuentes de NC automáticas,Se corrige,E-013,05-menus/menus_final,
3925,menú,menu_sgi_suppliers,addons/quimibond_sgi/views/sgi_menus.xml:203,Evaluación de proveedores,Se queda,,05-menus/menus_final,
3926,menú,menu_hr_sgi_competences,addons/quimibond_sgi/views/sgi_menus.xml:209,Competencias (SGI),Se corrige,E-007,05-menus/menus_final,
3927,menú,menu_sgi_competences,addons/quimibond_sgi/views/sgi_menus.xml:212,Brechas de competencia (DNC),Se queda,,05-menus/menus_final,
3928,menú,menu_sgi_dnc_survey,addons/quimibond_sgi/views/sgi_menus.xml:215,Encuesta DNC,Se queda,D-004,05-menus/menus_final,
3929,menú,menu_sgi_elearning_skills,addons/quimibond_sgi/views/sgi_menus.xml:218,Cursos y competencias (eLearning),Se queda,,05-menus/menus_final,
3930,menú,menu_sale_sgi_planning,addons/quimibond_sgi/views/sgi_menus.xml:225,Presupuesto y pronóstico,Sale a otro módulo,A-016,05-menus/menus_final,
3931,menú,menu_sale_sgi_sales_budget,addons/quimibond_sgi/views/sgi_menus.xml:228,Presupuestos,Sale a otro módulo,A-016,05-menus/menus_final,
3932,menú,menu_sale_sgi_sales_forecast,addons/quimibond_sgi/views/sgi_menus.xml:230,Pronósticos,Sale a otro módulo,A-016,05-menus/menus_final,
3933,menú,menu_sale_sgi_sales_analysis,addons/quimibond_sgi/views/sgi_menus.xml:232,Análisis,Sale a otro módulo,A-016,05-menus/menus_final,
3934,menú,menu_sale_sgi_analysis_mercado,addons/quimibond_sgi/views/sgi_menus.xml:234,Por mercado,Sale a otro módulo,A-016,05-menus/menus_final,
3935,menú,menu_sale_sgi_analysis_cliente,addons/quimibond_sgi/views/sgi_menus.xml:236,Por cliente,Sale a otro módulo,A-016,05-menus/menus_final,
3936,menú,menu_sale_sgi_analysis_producto,addons/quimibond_sgi/views/sgi_menus.xml:238,Por producto,Sale a otro módulo,A-016,05-menus/menus_final,
3937,menú,menu_sale_sgi_analysis_global,addons/quimibond_sgi/views/sgi_menus.xml:240,Global (Dirección),Sale a otro módulo,A-016,05-menus/menus_final,
3938,menú,menu_sgi_automotive,addons/quimibond_sgi/views/sgi_menus.xml:251,Calidad preventiva,Se corrige,A-018 E-008,05-menus/menus_final,
3939,menú,menu_sgi_control_plans,addons/quimibond_sgi/views/sgi_menus.xml:254,Planes de control,Se queda,,05-menus/menus_final,
3940,menú,menu_sgi_fmea,addons/quimibond_sgi/views/sgi_menus.xml:256,AMEF,Sale a otro módulo,A-018,05-menus/menus_final,
3941,menú,menu_sgi_ppap,addons/quimibond_sgi/views/sgi_menus.xml:258,PPAP,Sale a otro módulo,A-018,05-menus/menus_final,
3942,menú,menu_sgi_metrology,addons/quimibond_sgi/views/sgi_menus.xml:260,Metrología,Se queda,,05-menus/menus_final,
3943,menú,menu_sgi_measuring_equipment,addons/quimibond_sgi/views/sgi_menus.xml:262,Equipos de medición,Se queda,,05-menus/menus_final,
3944,menú,menu_sgi_calibrations,addons/quimibond_sgi/views/sgi_menus.xml:264,Calibraciones,Se queda,,05-menus/menus_final,
3945,menú,menu_sgi_msa,addons/quimibond_sgi/views/sgi_menus.xml:266,Estudios MSA,Sale a otro módulo,A-018,05-menus/menus_final,
3946,menú,menu_sgi_dashboards,addons/quimibond_sgi/views/sgi_menus.xml:275,Tableros (SGI),Se corrige,E-008,05-menus/menus_final,
3947,menú,menu_sgi_dashboard_alerts,addons/quimibond_sgi/views/sgi_menus.xml:278,Pareto de alertas de calidad,Se queda,,05-menus/menus_final,
3948,menú,menu_sgi_coa_inbox,addons/quimibond_sgi/views/sgi_menus.xml:286,COA recibidos,Se queda,A-018 E-008,05-menus/menus_final,
3949,menú,menu_sgi_my_staff_efficiency,addons/quimibond_sgi/views/sgi_menus.xml:293,Eficiencias de mi área,Se queda,,05-menus/menus_final,
3950,menú,menu_sgi_my_procedure,addons/quimibond_sgi/views/sgi_my_procedure_views.xml:629,Mi procedimiento,Se queda,,05-menus/menus_final,
3951,menú,menu_sgi_my_pending,addons/quimibond_sgi/views/sgi_my_procedure_views.xml:632,Mis pendientes,Se queda,I-004,05-menus/menus_final,
3952,menú,menu_sgi_my_team,addons/quimibond_sgi/views/sgi_my_procedure_views.xml:635,Mi equipo,Se queda,,05-menus/menus_final,
3953,menú,menu_sgi_my_indicators,addons/quimibond_sgi/views/sgi_my_procedure_views.xml:654,Mis indicadores,Se queda,,05-menus/menus_final,
3954,menú,menu_hr_sgi_staff_efficiency,addons/quimibond_sgi/views/sgi_staff_efficiency_views.xml:152,Eficiencias de personal (SGI),Se corrige,E-007,05-menus/menus_final,
3955,menú,menu_sgi_staff_efficiency,addons/quimibond_sgi/views/sgi_staff_efficiency_views.xml:155,Hojas mensuales,Se queda,,05-menus/menus_final,
3956,menú,menu_sgi_staff_efficiency_analysis,addons/quimibond_sgi/views/sgi_staff_efficiency_views.xml:157,Análisis por empleado,Se queda,,05-menus/menus_final,
3957,grupo,group_sgi_user,addons/quimibond_sgi/security/sgi_security.xml:15,Usuario SGI,Se queda,E-011 F-003 F-021,06-seguridad,
3958,grupo,group_sgi_auditor,addons/quimibond_sgi/security/sgi_security.xml:39,Auditor SGI,Se corrige,F-012,06-seguridad,
3959,grupo,group_sgi_manager,addons/quimibond_sgi/security/sgi_security.xml:46,Jefe MAST y SGI,Se queda,E-011 L-010 L-018,06-seguridad,
3960,grupo,group_sgi_admin,addons/quimibond_sgi/security/sgi_security.xml:62,Administrador SGI,Se queda,,06-seguridad,
3961,grupo,group_sgi_director,addons/quimibond_sgi/security/sgi_security.xml:69,Dirección de Operaciones (SGI),Se corrige,F-013,06-seguridad,
3962,grupo,group_sgi_efficiency_capture,addons/quimibond_sgi/security/sgi_security.xml:256,Captura de eficiencias (jefe o supervisor de área),Se queda,F-020,06-seguridad,
3963,acceso,access_sgi_area_user,addons/quimibond_sgi/security/ir.model.access.csv:2,model_sgi_area group_sgi_user,Se queda,,defecto,
3964,acceso,access_sgi_norm_user,addons/quimibond_sgi/security/ir.model.access.csv:3,model_sgi_norm group_sgi_user,Se queda,,defecto,
3965,acceso,access_sgi_norm_clause_user,addons/quimibond_sgi/security/ir.model.access.csv:4,model_sgi_norm_clause group_sgi_user,Se queda,,defecto,
3966,acceso,access_sgi_process_user,addons/quimibond_sgi/security/ir.model.access.csv:5,model_sgi_process group_sgi_user,Se queda,,defecto,
3967,acceso,access_sgi_process_flow_user,addons/quimibond_sgi/security/ir.model.access.csv:6,model_sgi_process_flow group_sgi_user,Se queda,,defecto,
3968,acceso,access_sgi_process_responsibility_user,addons/quimibond_sgi/security/ir.model.access.csv:7,model_sgi_process_responsibility group_sgi_user,Se elimina,B-002,decisión (módulo que sale / modelo que se retira),
3969,acceso,access_sgi_process_activity_user,addons/quimibond_sgi/security/ir.model.access.csv:8,model_sgi_process_activity group_sgi_user,Se queda,,defecto,
3970,acceso,access_sgi_activity_link_user,addons/quimibond_sgi/security/ir.model.access.csv:9,model_sgi_activity_link group_sgi_user,Se queda,,defecto,
3971,acceso,access_sgi_document_ack_user,addons/quimibond_sgi/security/ir.model.access.csv:10,model_sgi_document_ack group_sgi_user,Se queda,,defecto,
3972,acceso,access_sgi_action_line_user,addons/quimibond_sgi/security/ir.model.access.csv:11,model_sgi_action_line group_sgi_user,Se queda,,defecto,
3973,acceso,access_sgi_nc_force_close_user,addons/quimibond_sgi/security/ir.model.access.csv:12,model_sgi_nc_force_close group_sgi_user,Se queda,,defecto,
3974,acceso,access_sgi_area_manager,addons/quimibond_sgi/security/ir.model.access.csv:13,model_sgi_area group_sgi_manager,Se queda,,defecto,
3975,acceso,access_sgi_norm_manager,addons/quimibond_sgi/security/ir.model.access.csv:14,model_sgi_norm group_sgi_manager,Se queda,,defecto,
3976,acceso,access_sgi_norm_clause_manager,addons/quimibond_sgi/security/ir.model.access.csv:15,model_sgi_norm_clause group_sgi_manager,Se queda,,defecto,
3977,acceso,access_sgi_process_manager,addons/quimibond_sgi/security/ir.model.access.csv:16,model_sgi_process group_sgi_manager,Se queda,,defecto,
3978,acceso,access_sgi_process_flow_manager,addons/quimibond_sgi/security/ir.model.access.csv:17,model_sgi_process_flow group_sgi_manager,Se queda,,defecto,
3979,acceso,access_sgi_process_responsibility_manager,addons/quimibond_sgi/security/ir.model.access.csv:18,model_sgi_process_responsibility group_sgi_manager,Se elimina,B-002,decisión (módulo que sale / modelo que se retira),
3980,acceso,access_sgi_process_activity_manager,addons/quimibond_sgi/security/ir.model.access.csv:19,model_sgi_process_activity group_sgi_manager,Se queda,,defecto,
3981,acceso,access_sgi_activity_link_manager,addons/quimibond_sgi/security/ir.model.access.csv:20,model_sgi_activity_link group_sgi_manager,Se queda,,defecto,
3982,acceso,access_sgi_document_ack_manager,addons/quimibond_sgi/security/ir.model.access.csv:21,model_sgi_document_ack group_sgi_manager,Se queda,,defecto,
3983,acceso,access_sgi_action_line_manager,addons/quimibond_sgi/security/ir.model.access.csv:22,model_sgi_action_line group_sgi_manager,Se queda,,defecto,
3984,acceso,access_sgi_nc_force_close_manager,addons/quimibond_sgi/security/ir.model.access.csv:23,model_sgi_nc_force_close group_sgi_manager,Se queda,,defecto,
3985,acceso,access_sgi_objective_user,addons/quimibond_sgi/security/ir.model.access.csv:24,model_sgi_objective group_sgi_user,Se queda,,defecto,
3986,acceso,access_sgi_objective_manager,addons/quimibond_sgi/security/ir.model.access.csv:25,model_sgi_objective group_sgi_manager,Se queda,,defecto,
3987,acceso,access_sgi_policy_user,addons/quimibond_sgi/security/ir.model.access.csv:26,model_sgi_policy group_sgi_user,Se queda,,defecto,
3988,acceso,access_sgi_policy_manager,addons/quimibond_sgi/security/ir.model.access.csv:27,model_sgi_policy group_sgi_manager,Se queda,,defecto,
3989,acceso,access_sgi_indicator_user,addons/quimibond_sgi/security/ir.model.access.csv:28,model_sgi_indicator group_sgi_user,Se queda,,defecto,
3990,acceso,access_sgi_indicator_manager,addons/quimibond_sgi/security/ir.model.access.csv:29,model_sgi_indicator group_sgi_manager,Se queda,,defecto,
3991,acceso,access_sgi_indicator_measure_user,addons/quimibond_sgi/security/ir.model.access.csv:30,model_sgi_indicator_measure group_sgi_user,Se queda,,defecto,
3992,acceso,access_sgi_indicator_measure_manager,addons/quimibond_sgi/security/ir.model.access.csv:31,model_sgi_indicator_measure group_sgi_manager,Se queda,,defecto,
3993,acceso,access_sgi_audit_program_user,addons/quimibond_sgi/security/ir.model.access.csv:32,model_sgi_audit_program group_sgi_user,Se queda,,defecto,
3994,acceso,access_sgi_audit_program_auditor,addons/quimibond_sgi/security/ir.model.access.csv:33,model_sgi_audit_program group_sgi_auditor,Se queda,,defecto,
3995,acceso,access_sgi_audit_program_manager,addons/quimibond_sgi/security/ir.model.access.csv:34,model_sgi_audit_program group_sgi_manager,Se queda,,defecto,
3996,acceso,access_sgi_audit_program_line_user,addons/quimibond_sgi/security/ir.model.access.csv:35,model_sgi_audit_program_line group_sgi_user,Se queda,,defecto,
3997,acceso,access_sgi_audit_program_line_auditor,addons/quimibond_sgi/security/ir.model.access.csv:36,model_sgi_audit_program_line group_sgi_auditor,Se queda,,defecto,
3998,acceso,access_sgi_audit_program_line_manager,addons/quimibond_sgi/security/ir.model.access.csv:37,model_sgi_audit_program_line group_sgi_manager,Se queda,,defecto,
3999,acceso,access_sgi_audit_user,addons/quimibond_sgi/security/ir.model.access.csv:38,model_sgi_audit group_sgi_user,Se queda,,defecto,
4000,acceso,access_sgi_audit_auditor,addons/quimibond_sgi/security/ir.model.access.csv:39,model_sgi_audit group_sgi_auditor,Se queda,,defecto,
4001,acceso,access_sgi_audit_manager,addons/quimibond_sgi/security/ir.model.access.csv:40,model_sgi_audit group_sgi_manager,Se queda,,defecto,
4002,acceso,access_sgi_audit_finding_user,addons/quimibond_sgi/security/ir.model.access.csv:41,model_sgi_audit_finding group_sgi_user,Se queda,,defecto,
4003,acceso,access_sgi_audit_finding_auditor,addons/quimibond_sgi/security/ir.model.access.csv:42,model_sgi_audit_finding group_sgi_auditor,Se queda,,defecto,
4004,acceso,access_sgi_audit_finding_manager,addons/quimibond_sgi/security/ir.model.access.csv:43,model_sgi_audit_finding group_sgi_manager,Se queda,,defecto,
4005,acceso,access_sgi_risk_category_user,addons/quimibond_sgi/security/ir.model.access.csv:44,model_sgi_risk_category group_sgi_user,Se queda,,defecto,
4006,acceso,access_sgi_risk_category_manager,addons/quimibond_sgi/security/ir.model.access.csv:45,model_sgi_risk_category group_sgi_manager,Se queda,,defecto,
4007,acceso,access_sgi_risk_user,addons/quimibond_sgi/security/ir.model.access.csv:46,model_sgi_risk group_sgi_user,Se queda,,defecto,
4008,acceso,access_sgi_risk_manager,addons/quimibond_sgi/security/ir.model.access.csv:47,model_sgi_risk group_sgi_manager,Se queda,,defecto,
4009,acceso,access_sgi_supplier_eval_user,addons/quimibond_sgi/security/ir.model.access.csv:48,model_sgi_supplier_eval group_sgi_user,Se corrige,F-010,06-seguridad (F-010),
4010,acceso,access_sgi_supplier_eval_purchase,addons/quimibond_sgi/security/ir.model.access.csv:49,model_sgi_supplier_eval purchase.group_purchase_user,Se queda,,defecto,
4011,acceso,access_sgi_supplier_eval_manager,addons/quimibond_sgi/security/ir.model.access.csv:50,model_sgi_supplier_eval group_sgi_manager,Se queda,,defecto,
4012,acceso,access_sgi_management_review_manager,addons/quimibond_sgi/security/ir.model.access.csv:51,model_sgi_management_review group_sgi_manager,Se queda,,defecto,
4013,acceso,access_sgi_management_review_director,addons/quimibond_sgi/security/ir.model.access.csv:52,model_sgi_management_review group_sgi_director,Se queda,,defecto,
4014,acceso,access_sgi_management_review_agreement_manager,addons/quimibond_sgi/security/ir.model.access.csv:53,model_sgi_management_review_agreement group_sgi_manager,Se queda,,defecto,
4015,acceso,access_sgi_management_review_user,addons/quimibond_sgi/security/ir.model.access.csv:54,model_sgi_management_review group_sgi_user,Se queda,,defecto,
4016,acceso,access_sgi_management_review_agreement_user,addons/quimibond_sgi/security/ir.model.access.csv:55,model_sgi_management_review_agreement group_sgi_user,Se queda,,defecto,
4017,acceso,access_sgi_control_plan_user,addons/quimibond_sgi/security/ir.model.access.csv:56,model_sgi_control_plan group_sgi_user,Se corrige,F-010,06-seguridad (F-010),
4018,acceso,access_sgi_control_plan_quality,addons/quimibond_sgi/security/ir.model.access.csv:57,model_sgi_control_plan quality.group_quality_user,Se queda,,defecto,
4019,acceso,access_sgi_control_plan_manager,addons/quimibond_sgi/security/ir.model.access.csv:58,model_sgi_control_plan group_sgi_manager,Se queda,,defecto,
4020,acceso,access_sgi_calibration_user,addons/quimibond_sgi/security/ir.model.access.csv:59,model_sgi_calibration group_sgi_user,Se corrige,F-010,06-seguridad (F-010),
4021,acceso,access_sgi_calibration_quality,addons/quimibond_sgi/security/ir.model.access.csv:60,model_sgi_calibration quality.group_quality_user,Se queda,,defecto,
4022,acceso,access_sgi_calibration_manager,addons/quimibond_sgi/security/ir.model.access.csv:61,model_sgi_calibration group_sgi_manager,Se queda,,defecto,
4023,acceso,access_sgi_fmea_user,addons/quimibond_sgi/security/ir.model.access.csv:62,model_sgi_fmea group_sgi_user,Sale a otro módulo,A-018,decisión (módulo que sale / modelo que se retira),
4024,acceso,access_sgi_fmea_quality,addons/quimibond_sgi/security/ir.model.access.csv:63,model_sgi_fmea quality.group_quality_user,Sale a otro módulo,A-018,decisión (módulo que sale / modelo que se retira),
4025,acceso,access_sgi_fmea_manager,addons/quimibond_sgi/security/ir.model.access.csv:64,model_sgi_fmea group_sgi_manager,Sale a otro módulo,A-018,decisión (módulo que sale / modelo que se retira),
4026,acceso,access_sgi_fmea_line_user,addons/quimibond_sgi/security/ir.model.access.csv:65,model_sgi_fmea_line group_sgi_user,Sale a otro módulo,A-018,decisión (módulo que sale / modelo que se retira),
4027,acceso,access_sgi_fmea_line_quality,addons/quimibond_sgi/security/ir.model.access.csv:66,model_sgi_fmea_line quality.group_quality_user,Sale a otro módulo,A-018,decisión (módulo que sale / modelo que se retira),
4028,acceso,access_sgi_fmea_line_manager,addons/quimibond_sgi/security/ir.model.access.csv:67,model_sgi_fmea_line group_sgi_manager,Sale a otro módulo,A-018,decisión (módulo que sale / modelo que se retira),
4029,acceso,access_sgi_ppap_user,addons/quimibond_sgi/security/ir.model.access.csv:68,model_sgi_ppap group_sgi_user,Sale a otro módulo,A-018,decisión (módulo que sale / modelo que se retira),
4030,acceso,access_sgi_ppap_quality,addons/quimibond_sgi/security/ir.model.access.csv:69,model_sgi_ppap quality.group_quality_user,Sale a otro módulo,A-018,decisión (módulo que sale / modelo que se retira),
4031,acceso,access_sgi_ppap_manager,addons/quimibond_sgi/security/ir.model.access.csv:70,model_sgi_ppap group_sgi_manager,Sale a otro módulo,A-018,decisión (módulo que sale / modelo que se retira),
4032,acceso,access_sgi_ppap_element_user,addons/quimibond_sgi/security/ir.model.access.csv:71,model_sgi_ppap_element group_sgi_user,Sale a otro módulo,A-018,decisión (módulo que sale / modelo que se retira),
4033,acceso,access_sgi_ppap_element_quality,addons/quimibond_sgi/security/ir.model.access.csv:72,model_sgi_ppap_element quality.group_quality_user,Sale a otro módulo,A-018,decisión (módulo que sale / modelo que se retira),
4034,acceso,access_sgi_ppap_element_manager,addons/quimibond_sgi/security/ir.model.access.csv:73,model_sgi_ppap_element group_sgi_manager,Sale a otro módulo,A-018,decisión (módulo que sale / modelo que se retira),
4035,acceso,access_sgi_ppap_element_template_user,addons/quimibond_sgi/security/ir.model.access.csv:74,model_sgi_ppap_element_template group_sgi_user,Sale a otro módulo,A-018,decisión (módulo que sale / modelo que se retira),
4036,acceso,access_sgi_ppap_element_template_quality,addons/quimibond_sgi/security/ir.model.access.csv:75,model_sgi_ppap_element_template quality.group_quality_user,Sale a otro módulo,A-018,decisión (módulo que sale / modelo que se retira),
4037,acceso,access_sgi_ppap_element_template_manager,addons/quimibond_sgi/security/ir.model.access.csv:76,model_sgi_ppap_element_template group_sgi_manager,Sale a otro módulo,A-018,decisión (módulo que sale / modelo que se retira),
4038,acceso,access_sgi_incident_user,addons/quimibond_sgi/security/ir.model.access.csv:77,model_sgi_incident group_sgi_user,Se corrige,F-009,06-seguridad,
4039,acceso,access_sgi_incident_manager,addons/quimibond_sgi/security/ir.model.access.csv:78,model_sgi_incident group_sgi_manager,Se queda,,defecto,
4040,acceso,access_sgi_competence_gap_user,addons/quimibond_sgi/security/ir.model.access.csv:79,model_sgi_competence_gap group_sgi_user,Se queda,,defecto,
4041,acceso,access_sgi_competence_gap_hr,addons/quimibond_sgi/security/ir.model.access.csv:80,model_sgi_competence_gap hr.group_hr_user,Se queda,,defecto,
4042,acceso,access_sgi_competence_gap_manager,addons/quimibond_sgi/security/ir.model.access.csv:81,model_sgi_competence_gap group_sgi_manager,Se queda,,defecto,
4043,acceso,access_sgi_format_map_user,addons/quimibond_sgi/security/ir.model.access.csv:82,model_sgi_format_map group_sgi_user,Se queda,,defecto,
4044,acceso,access_sgi_format_map_manager,addons/quimibond_sgi/security/ir.model.access.csv:83,model_sgi_format_map group_sgi_manager,Se queda,,defecto,
4045,acceso,access_sgi_sales_budget_user,addons/quimibond_sgi/security/ir.model.access.csv:84,model_sgi_sales_budget group_sgi_user,Sale a otro módulo,A-016,decisión (módulo que sale / modelo que se retira),
4046,acceso,access_sgi_sales_budget_sale_mgr,addons/quimibond_sgi/security/ir.model.access.csv:85,model_sgi_sales_budget sales_team.group_sale_manager,Sale a otro módulo,A-016,decisión (módulo que sale / modelo que se retira),
4047,acceso,access_sgi_sales_budget_manager,addons/quimibond_sgi/security/ir.model.access.csv:86,model_sgi_sales_budget group_sgi_manager,Sale a otro módulo,A-016,decisión (módulo que sale / modelo que se retira),
4048,acceso,access_sgi_sales_budget_line_user,addons/quimibond_sgi/security/ir.model.access.csv:87,model_sgi_sales_budget_line group_sgi_user,Sale a otro módulo,A-016,decisión (módulo que sale / modelo que se retira),
4049,acceso,access_sgi_sales_budget_line_sale_mgr,addons/quimibond_sgi/security/ir.model.access.csv:88,model_sgi_sales_budget_line sales_team.group_sale_manager,Sale a otro módulo,A-016,decisión (módulo que sale / modelo que se retira),
4050,acceso,access_sgi_sales_budget_line_manager,addons/quimibond_sgi/security/ir.model.access.csv:89,model_sgi_sales_budget_line group_sgi_manager,Sale a otro módulo,A-016,decisión (módulo que sale / modelo que se retira),
4051,acceso,access_sgi_sales_budget_import_sale_mgr,addons/quimibond_sgi/security/ir.model.access.csv:90,model_sgi_sales_budget_import sales_team.group_sale_manager,Sale a otro módulo,A-016,decisión (módulo que sale / modelo que se retira),
4052,acceso,access_sgi_sales_budget_import_manager,addons/quimibond_sgi/security/ir.model.access.csv:91,model_sgi_sales_budget_import group_sgi_manager,Sale a otro módulo,A-016,decisión (módulo que sale / modelo que se retira),
4053,acceso,access_sgi_alert_source_user,addons/quimibond_sgi/security/ir.model.access.csv:92,model_sgi_alert_source group_sgi_user,Se queda,,defecto,
4054,acceso,access_sgi_alert_source_manager,addons/quimibond_sgi/security/ir.model.access.csv:93,model_sgi_alert_source group_sgi_manager,Se queda,,defecto,
4055,acceso,access_sgi_emergency_plan_user,addons/quimibond_sgi/security/ir.model.access.csv:94,model_sgi_emergency_plan group_sgi_user,Se corrige,F-010,06-seguridad (F-010),
4056,acceso,access_sgi_emergency_plan_manager,addons/quimibond_sgi/security/ir.model.access.csv:95,model_sgi_emergency_plan group_sgi_manager,Se queda,,defecto,
4057,acceso,access_sgi_emergency_drill_user,addons/quimibond_sgi/security/ir.model.access.csv:96,model_sgi_emergency_drill group_sgi_user,Se corrige,F-010,06-seguridad (F-010),
4058,acceso,access_sgi_emergency_drill_manager,addons/quimibond_sgi/security/ir.model.access.csv:97,model_sgi_emergency_drill group_sgi_manager,Se queda,,defecto,
4059,acceso,access_sgi_msa_study_user,addons/quimibond_sgi/security/ir.model.access.csv:98,model_sgi_msa_study group_sgi_user,Sale a otro módulo,A-018,decisión (módulo que sale / modelo que se retira),
4060,acceso,access_sgi_msa_study_quality,addons/quimibond_sgi/security/ir.model.access.csv:99,model_sgi_msa_study quality.group_quality_user,Sale a otro módulo,A-018,decisión (módulo que sale / modelo que se retira),
4061,acceso,access_sgi_msa_study_manager,addons/quimibond_sgi/security/ir.model.access.csv:100,model_sgi_msa_study group_sgi_manager,Sale a otro módulo,A-018,decisión (módulo que sale / modelo que se retira),
4062,acceso,access_sgi_diagnostic_manager,addons/quimibond_sgi/security/ir.model.access.csv:101,model_sgi_diagnostic group_sgi_manager,Se queda,,defecto,
4063,acceso,access_sgi_diagnostic_line_manager,addons/quimibond_sgi/security/ir.model.access.csv:102,model_sgi_diagnostic_line group_sgi_manager,Se queda,,defecto,
4064,acceso,access_sgi_legal_requirement_user,addons/quimibond_sgi/security/ir.model.access.csv:103,model_sgi_legal_requirement group_sgi_user,Se queda,,defecto,
4065,acceso,access_sgi_legal_requirement_manager,addons/quimibond_sgi/security/ir.model.access.csv:104,model_sgi_legal_requirement group_sgi_manager,Se queda,,defecto,
4066,acceso,access_sgi_interested_party_user,addons/quimibond_sgi/security/ir.model.access.csv:105,model_sgi_interested_party group_sgi_user,Se queda,,defecto,
4067,acceso,access_sgi_interested_party_manager,addons/quimibond_sgi/security/ir.model.access.csv:106,model_sgi_interested_party group_sgi_manager,Se queda,,defecto,
4068,acceso,access_sign_template_sgi_manager,addons/quimibond_sgi/security/ir.model.access.csv:107,sign.model_sign_template group_sgi_manager,Se queda,,defecto,
4069,acceso,access_sign_request_sgi_manager,addons/quimibond_sgi/security/ir.model.access.csv:108,sign.model_sign_request group_sgi_manager,Se queda,,defecto,
4070,acceso,access_slide_channel_sgi_manager,addons/quimibond_sgi/security/ir.model.access.csv:109,website_slides.model_slide_channel group_sgi_manager,Se queda,,defecto,
4071,acceso,access_sgi_activity_role_user,addons/quimibond_sgi/security/ir.model.access.csv:110,model_sgi_activity_role group_sgi_user,Se queda,,defecto,
4072,acceso,access_sgi_activity_role_manager,addons/quimibond_sgi/security/ir.model.access.csv:111,model_sgi_activity_role group_sgi_manager,Se queda,,defecto,
4073,acceso,access_sgi_document_type_user,addons/quimibond_sgi/security/ir.model.access.csv:112,model_sgi_document_type group_sgi_user,Se queda,,defecto,
4074,acceso,access_sgi_document_type_employee,addons/quimibond_sgi/security/ir.model.access.csv:113,model_sgi_document_type base.group_user,Se queda,,defecto,
4075,acceso,access_sgi_document_type_admin,addons/quimibond_sgi/security/ir.model.access.csv:114,model_sgi_document_type group_sgi_admin,Se queda,,defecto,
4076,acceso,access_sgi_job_family_employee,addons/quimibond_sgi/security/ir.model.access.csv:115,model_sgi_job_family base.group_user,Se queda,,defecto,
4077,acceso,access_sgi_job_family_manager,addons/quimibond_sgi/security/ir.model.access.csv:116,model_sgi_job_family group_sgi_manager,Se queda,,defecto,
4078,acceso,access_sgi_activity_exec_stat_user,addons/quimibond_sgi/security/ir.model.access.csv:117,model_sgi_activity_exec_stat group_sgi_user,Se queda,,defecto,
4079,acceso,access_sgi_catalog_load_wizard_admin,addons/quimibond_sgi/security/ir.model.access.csv:118,model_sgi_catalog_load_wizard group_sgi_admin,Se queda,,defecto,
4080,acceso,access_sgi_catalog_load_wizard_line_admin,addons/quimibond_sgi/security/ir.model.access.csv:119,model_sgi_catalog_load_wizard_line group_sgi_admin,Se queda,,defecto,
4081,acceso,access_sgi_deliverable_user,addons/quimibond_sgi/security/ir.model.access.csv:120,model_sgi_deliverable group_sgi_user,Se queda,,defecto,
4082,acceso,access_sgi_deliverable_manager,addons/quimibond_sgi/security/ir.model.access.csv:121,model_sgi_deliverable group_sgi_manager,Se queda,,defecto,
4083,acceso,access_sgi_process_stage_user,addons/quimibond_sgi/security/ir.model.access.csv:122,model_sgi_process_stage group_sgi_user,Se queda,,defecto,
4084,acceso,access_sgi_process_stage_manager,addons/quimibond_sgi/security/ir.model.access.csv:123,model_sgi_process_stage group_sgi_manager,Se queda,,defecto,
4085,acceso,access_sgi_activity_input_user,addons/quimibond_sgi/security/ir.model.access.csv:124,model_sgi_activity_input group_sgi_user,Se queda,,defecto,
4086,acceso,access_sgi_activity_input_manager,addons/quimibond_sgi/security/ir.model.access.csv:125,model_sgi_activity_input group_sgi_manager,Se queda,,defecto,
4087,acceso,access_sgi_activity_spec_gap_user,addons/quimibond_sgi/security/ir.model.access.csv:126,model_sgi_activity_spec_gap group_sgi_user,Se queda,,defecto,
4088,acceso,access_sgi_activity_spec_gap_manager,addons/quimibond_sgi/security/ir.model.access.csv:127,model_sgi_activity_spec_gap group_sgi_manager,Se queda,,defecto,
4089,acceso,access_sgi_activity_week_stat_user,addons/quimibond_sgi/security/ir.model.access.csv:128,model_sgi_activity_week_stat group_sgi_user,Se queda,,defecto,
4090,acceso,access_sgi_activity_week_stat_manager,addons/quimibond_sgi/security/ir.model.access.csv:129,model_sgi_activity_week_stat group_sgi_manager,Se queda,,defecto,
4091,acceso,access_sgi_coa_attach_wizard_quality,addons/quimibond_sgi/security/ir.model.access.csv:130,model_sgi_coa_attach_wizard quality.group_quality_user,Se queda,,defecto,
4092,acceso,access_sgi_coa_attach_wizard_user,addons/quimibond_sgi/security/ir.model.access.csv:131,model_sgi_coa_attach_wizard group_sgi_user,Se queda,,defecto,
4093,acceso,access_sgi_acuse_attach_wizard_user,addons/quimibond_sgi/security/ir.model.access.csv:132,model_sgi_acuse_attach_wizard base.group_user,Se queda,,defecto,
4094,acceso,access_sgi_coa_exception_wizard_stock,addons/quimibond_sgi/security/ir.model.access.csv:133,model_sgi_coa_exception_wizard stock.group_stock_user,Se queda,,defecto,
4095,acceso,access_sgi_coa_inbox_quality,addons/quimibond_sgi/security/ir.model.access.csv:134,model_sgi_coa_inbox quality.group_quality_user,Se queda,,defecto,
4096,acceso,access_sgi_coa_inbox_manager,addons/quimibond_sgi/security/ir.model.access.csv:135,model_sgi_coa_inbox group_sgi_manager,Se queda,,defecto,
4097,acceso,access_sgi_indicator_term_user,addons/quimibond_sgi/security/ir.model.access.csv:136,model_sgi_indicator_term group_sgi_user,Se queda,,defecto,
4098,acceso,access_sgi_indicator_term_admin,addons/quimibond_sgi/security/ir.model.access.csv:137,model_sgi_indicator_term group_sgi_admin,Se queda,,defecto,
4099,acceso,access_sgi_indicator_step_user,addons/quimibond_sgi/security/ir.model.access.csv:138,model_sgi_indicator_step group_sgi_user,Se queda,,defecto,
4100,acceso,access_sgi_indicator_step_manager,addons/quimibond_sgi/security/ir.model.access.csv:139,model_sgi_indicator_step group_sgi_manager,Se queda,,defecto,
4101,acceso,access_sgi_my_procedure_user,addons/quimibond_sgi/security/ir.model.access.csv:140,model_sgi_my_procedure group_sgi_user,Se queda,,defecto,
4102,acceso,access_sgi_my_procedure_auditor,addons/quimibond_sgi/security/ir.model.access.csv:141,model_sgi_my_procedure group_sgi_auditor,Se queda,,defecto,
4103,acceso,access_sgi_my_procedure_check_manager,addons/quimibond_sgi/security/ir.model.access.csv:142,model_sgi_my_procedure_check group_sgi_manager,Se queda,,defecto,
4104,acceso,access_sgi_area_auditor,addons/quimibond_sgi/security/ir.model.access.csv:143,model_sgi_area group_sgi_auditor,Se queda,,defecto,
4105,acceso,access_sgi_norm_auditor,addons/quimibond_sgi/security/ir.model.access.csv:144,model_sgi_norm group_sgi_auditor,Se queda,,defecto,
4106,acceso,access_sgi_norm_clause_auditor,addons/quimibond_sgi/security/ir.model.access.csv:145,model_sgi_norm_clause group_sgi_auditor,Se queda,,defecto,
4107,acceso,access_sgi_process_auditor,addons/quimibond_sgi/security/ir.model.access.csv:146,model_sgi_process group_sgi_auditor,Se queda,,defecto,
4108,acceso,access_sgi_process_flow_auditor,addons/quimibond_sgi/security/ir.model.access.csv:147,model_sgi_process_flow group_sgi_auditor,Se queda,,defecto,
4109,acceso,access_sgi_process_responsibility_auditor,addons/quimibond_sgi/security/ir.model.access.csv:148,model_sgi_process_responsibility group_sgi_auditor,Se elimina,B-002,decisión (módulo que sale / modelo que se retira),
4110,acceso,access_sgi_process_activity_auditor,addons/quimibond_sgi/security/ir.model.access.csv:149,model_sgi_process_activity group_sgi_auditor,Se queda,,defecto,
4111,acceso,access_sgi_activity_link_auditor,addons/quimibond_sgi/security/ir.model.access.csv:150,model_sgi_activity_link group_sgi_auditor,Se queda,,defecto,
4112,acceso,access_sgi_document_ack_auditor,addons/quimibond_sgi/security/ir.model.access.csv:151,model_sgi_document_ack group_sgi_auditor,Se queda,,defecto,
4113,acceso,access_sgi_action_line_auditor,addons/quimibond_sgi/security/ir.model.access.csv:152,model_sgi_action_line group_sgi_auditor,Se queda,,defecto,
4114,acceso,access_sgi_objective_auditor,addons/quimibond_sgi/security/ir.model.access.csv:153,model_sgi_objective group_sgi_auditor,Se queda,,defecto,
4115,acceso,access_sgi_policy_auditor,addons/quimibond_sgi/security/ir.model.access.csv:154,model_sgi_policy group_sgi_auditor,Se queda,,defecto,
4116,acceso,access_sgi_indicator_auditor,addons/quimibond_sgi/security/ir.model.access.csv:155,model_sgi_indicator group_sgi_auditor,Se queda,,defecto,
4117,acceso,access_sgi_indicator_measure_auditor,addons/quimibond_sgi/security/ir.model.access.csv:156,model_sgi_indicator_measure group_sgi_auditor,Se queda,,defecto,
4118,acceso,access_sgi_risk_category_auditor,addons/quimibond_sgi/security/ir.model.access.csv:157,model_sgi_risk_category group_sgi_auditor,Se queda,,defecto,
4119,acceso,access_sgi_risk_auditor,addons/quimibond_sgi/security/ir.model.access.csv:158,model_sgi_risk group_sgi_auditor,Se queda,,defecto,
4120,acceso,access_sgi_supplier_eval_auditor,addons/quimibond_sgi/security/ir.model.access.csv:159,model_sgi_supplier_eval group_sgi_auditor,Se queda,,defecto,
4121,acceso,access_sgi_management_review_auditor,addons/quimibond_sgi/security/ir.model.access.csv:160,model_sgi_management_review group_sgi_auditor,Se queda,,defecto,
4122,acceso,access_sgi_management_review_agreement_auditor,addons/quimibond_sgi/security/ir.model.access.csv:161,model_sgi_management_review_agreement group_sgi_auditor,Se queda,,defecto,
4123,acceso,access_sgi_control_plan_auditor,addons/quimibond_sgi/security/ir.model.access.csv:162,model_sgi_control_plan group_sgi_auditor,Se queda,,defecto,
4124,acceso,access_sgi_calibration_auditor,addons/quimibond_sgi/security/ir.model.access.csv:163,model_sgi_calibration group_sgi_auditor,Se queda,,defecto,
4125,acceso,access_sgi_fmea_auditor,addons/quimibond_sgi/security/ir.model.access.csv:164,model_sgi_fmea group_sgi_auditor,Sale a otro módulo,A-018,decisión (módulo que sale / modelo que se retira),
4126,acceso,access_sgi_fmea_line_auditor,addons/quimibond_sgi/security/ir.model.access.csv:165,model_sgi_fmea_line group_sgi_auditor,Sale a otro módulo,A-018,decisión (módulo que sale / modelo que se retira),
4127,acceso,access_sgi_ppap_auditor,addons/quimibond_sgi/security/ir.model.access.csv:166,model_sgi_ppap group_sgi_auditor,Sale a otro módulo,A-018,decisión (módulo que sale / modelo que se retira),
4128,acceso,access_sgi_ppap_element_auditor,addons/quimibond_sgi/security/ir.model.access.csv:167,model_sgi_ppap_element group_sgi_auditor,Sale a otro módulo,A-018,decisión (módulo que sale / modelo que se retira),
4129,acceso,access_sgi_ppap_element_template_auditor,addons/quimibond_sgi/security/ir.model.access.csv:168,model_sgi_ppap_element_template group_sgi_auditor,Sale a otro módulo,A-018,decisión (módulo que sale / modelo que se retira),
4130,acceso,access_sgi_incident_auditor,addons/quimibond_sgi/security/ir.model.access.csv:169,model_sgi_incident group_sgi_auditor,Se queda,,defecto,
4131,acceso,access_sgi_competence_gap_auditor,addons/quimibond_sgi/security/ir.model.access.csv:170,model_sgi_competence_gap group_sgi_auditor,Se queda,,defecto,
4132,acceso,access_sgi_format_map_auditor,addons/quimibond_sgi/security/ir.model.access.csv:171,model_sgi_format_map group_sgi_auditor,Se queda,,defecto,
4133,acceso,access_sgi_sales_budget_auditor,addons/quimibond_sgi/security/ir.model.access.csv:172,model_sgi_sales_budget group_sgi_auditor,Sale a otro módulo,A-016,decisión (módulo que sale / modelo que se retira),
4134,acceso,access_sgi_sales_budget_line_auditor,addons/quimibond_sgi/security/ir.model.access.csv:173,model_sgi_sales_budget_line group_sgi_auditor,Sale a otro módulo,A-016,decisión (módulo que sale / modelo que se retira),
4135,acceso,access_sgi_alert_source_auditor,addons/quimibond_sgi/security/ir.model.access.csv:174,model_sgi_alert_source group_sgi_auditor,Se queda,,defecto,
4136,acceso,access_sgi_emergency_plan_auditor,addons/quimibond_sgi/security/ir.model.access.csv:175,model_sgi_emergency_plan group_sgi_auditor,Se queda,,defecto,
4137,acceso,access_sgi_emergency_drill_auditor,addons/quimibond_sgi/security/ir.model.access.csv:176,model_sgi_emergency_drill group_sgi_auditor,Se queda,,defecto,
4138,acceso,access_sgi_msa_study_auditor,addons/quimibond_sgi/security/ir.model.access.csv:177,model_sgi_msa_study group_sgi_auditor,Sale a otro módulo,A-018,decisión (módulo que sale / modelo que se retira),
4139,acceso,access_sgi_legal_requirement_auditor,addons/quimibond_sgi/security/ir.model.access.csv:178,model_sgi_legal_requirement group_sgi_auditor,Se queda,,defecto,
4140,acceso,access_sgi_interested_party_auditor,addons/quimibond_sgi/security/ir.model.access.csv:179,model_sgi_interested_party group_sgi_auditor,Se queda,,defecto,
4141,acceso,access_sgi_activity_role_auditor,addons/quimibond_sgi/security/ir.model.access.csv:180,model_sgi_activity_role group_sgi_auditor,Se queda,,defecto,
4142,acceso,access_sgi_document_type_auditor,addons/quimibond_sgi/security/ir.model.access.csv:181,model_sgi_document_type group_sgi_auditor,Se queda,,defecto,
4143,acceso,access_sgi_job_family_auditor,addons/quimibond_sgi/security/ir.model.access.csv:182,model_sgi_job_family group_sgi_auditor,Se queda,,defecto,
4144,acceso,access_sgi_activity_exec_stat_auditor,addons/quimibond_sgi/security/ir.model.access.csv:183,model_sgi_activity_exec_stat group_sgi_auditor,Se queda,,defecto,
4145,acceso,access_sgi_deliverable_auditor,addons/quimibond_sgi/security/ir.model.access.csv:184,model_sgi_deliverable group_sgi_auditor,Se queda,,defecto,
4146,acceso,access_sgi_process_stage_auditor,addons/quimibond_sgi/security/ir.model.access.csv:185,model_sgi_process_stage group_sgi_auditor,Se queda,,defecto,
4147,acceso,access_sgi_activity_input_auditor,addons/quimibond_sgi/security/ir.model.access.csv:186,model_sgi_activity_input group_sgi_auditor,Se queda,,defecto,
4148,acceso,access_sgi_activity_spec_gap_auditor,addons/quimibond_sgi/security/ir.model.access.csv:187,model_sgi_activity_spec_gap group_sgi_auditor,Se queda,,defecto,
4149,acceso,access_sgi_activity_week_stat_auditor,addons/quimibond_sgi/security/ir.model.access.csv:188,model_sgi_activity_week_stat group_sgi_auditor,Se queda,,defecto,
4150,acceso,access_sgi_coa_inbox_auditor,addons/quimibond_sgi/security/ir.model.access.csv:189,model_sgi_coa_inbox group_sgi_auditor,Se queda,,defecto,
4151,acceso,access_sgi_indicator_term_auditor,addons/quimibond_sgi/security/ir.model.access.csv:190,model_sgi_indicator_term group_sgi_auditor,Se queda,,defecto,
4152,acceso,access_sgi_indicator_step_auditor,addons/quimibond_sgi/security/ir.model.access.csv:191,model_sgi_indicator_step group_sgi_auditor,Se queda,,defecto,
4153,acceso,access_quality_alert_sgi_auditor,addons/quimibond_sgi/security/ir.model.access.csv:192,quality.model_quality_alert group_sgi_auditor,Se queda,,defecto,
4154,acceso,access_quality_check_sgi_auditor,addons/quimibond_sgi/security/ir.model.access.csv:193,quality.model_quality_check group_sgi_auditor,Se queda,,defecto,
4155,acceso,access_quality_point_sgi_auditor,addons/quimibond_sgi/security/ir.model.access.csv:194,quality.model_quality_point group_sgi_auditor,Se queda,,defecto,
4156,acceso,access_quality_alert_stage_sgi_auditor,addons/quimibond_sgi/security/ir.model.access.csv:195,quality.model_quality_alert_stage group_sgi_auditor,Se queda,,defecto,
4157,acceso,access_quality_alert_team_sgi_auditor,addons/quimibond_sgi/security/ir.model.access.csv:196,quality.model_quality_alert_team group_sgi_auditor,Se queda,,defecto,
4158,acceso,access_documents_document_sgi_auditor,addons/quimibond_sgi/security/ir.model.access.csv:197,documents.model_documents_document group_sgi_auditor,Se queda,,defecto,
4159,acceso,access_helpdesk_ticket_sgi_auditor,addons/quimibond_sgi/security/ir.model.access.csv:198,helpdesk.model_helpdesk_ticket group_sgi_auditor,Se queda,,defecto,
4160,acceso,access_helpdesk_team_sgi_auditor,addons/quimibond_sgi/security/ir.model.access.csv:199,helpdesk.model_helpdesk_team group_sgi_auditor,Se queda,,defecto,
4161,acceso,access_approval_request_sgi_auditor,addons/quimibond_sgi/security/ir.model.access.csv:200,approvals.model_approval_request group_sgi_auditor,Se queda,,defecto,
4162,acceso,access_project_task_sgi_auditor,addons/quimibond_sgi/security/ir.model.access.csv:201,project.model_project_task group_sgi_auditor,Se queda,,defecto,
4163,acceso,access_project_project_sgi_auditor,addons/quimibond_sgi/security/ir.model.access.csv:202,project.model_project_project group_sgi_auditor,Se queda,,defecto,
4164,acceso,access_maintenance_request_sgi_auditor,addons/quimibond_sgi/security/ir.model.access.csv:203,maintenance.model_maintenance_request group_sgi_auditor,Se queda,,defecto,
4165,acceso,access_maintenance_equipment_sgi_auditor,addons/quimibond_sgi/security/ir.model.access.csv:204,maintenance.model_maintenance_equipment group_sgi_auditor,Se queda,,defecto,
4166,acceso,access_purchase_order_sgi_auditor,addons/quimibond_sgi/security/ir.model.access.csv:205,purchase.model_purchase_order group_sgi_auditor,Se queda,,defecto,
4167,acceso,access_purchase_order_line_sgi_auditor,addons/quimibond_sgi/security/ir.model.access.csv:206,purchase.model_purchase_order_line group_sgi_auditor,Se queda,,defecto,
4168,acceso,access_stock_picking_sgi_auditor,addons/quimibond_sgi/security/ir.model.access.csv:207,stock.model_stock_picking group_sgi_auditor,Se queda,,defecto,
4169,acceso,access_stock_move_sgi_auditor,addons/quimibond_sgi/security/ir.model.access.csv:208,stock.model_stock_move group_sgi_auditor,Se queda,,defecto,
4170,acceso,access_stock_lot_sgi_auditor,addons/quimibond_sgi/security/ir.model.access.csv:209,stock.model_stock_lot group_sgi_auditor,Se queda,,defecto,
4171,acceso,access_mrp_production_sgi_auditor,addons/quimibond_sgi/security/ir.model.access.csv:210,mrp.model_mrp_production group_sgi_auditor,Se queda,,defecto,
4172,acceso,access_mrp_workorder_sgi_auditor,addons/quimibond_sgi/security/ir.model.access.csv:211,mrp.model_mrp_workorder group_sgi_auditor,Se queda,,defecto,
4173,acceso,access_sale_order_sgi_auditor,addons/quimibond_sgi/security/ir.model.access.csv:212,sale.model_sale_order group_sgi_auditor,Se queda,,defecto,
4174,acceso,access_sale_order_line_sgi_auditor,addons/quimibond_sgi/security/ir.model.access.csv:213,sale.model_sale_order_line group_sgi_auditor,Se queda,,defecto,
4175,acceso,access_survey_user_input_sgi_auditor,addons/quimibond_sgi/security/ir.model.access.csv:214,survey.model_survey_user_input group_sgi_auditor,Se queda,,defecto,
4176,acceso,access_sign_request_sgi_auditor,addons/quimibond_sgi/security/ir.model.access.csv:215,sign.model_sign_request group_sgi_auditor,Se queda,,defecto,
4177,acceso,access_sgi_epp_delivery_user,addons/quimibond_sgi/security/ir.model.access.csv:216,model_sgi_epp_delivery group_sgi_user,Se corrige,F-010,06-seguridad (F-010),
4178,acceso,access_sgi_epp_delivery_hr,addons/quimibond_sgi/security/ir.model.access.csv:217,model_sgi_epp_delivery hr.group_hr_user,Se queda,,defecto,
4179,acceso,access_sgi_epp_delivery_manager,addons/quimibond_sgi/security/ir.model.access.csv:218,model_sgi_epp_delivery group_sgi_manager,Se queda,,defecto,
4180,acceso,access_sgi_epp_delivery_auditor,addons/quimibond_sgi/security/ir.model.access.csv:219,model_sgi_epp_delivery group_sgi_auditor,Se queda,,defecto,
4181,acceso,access_sgi_nc_cancel_user,addons/quimibond_sgi/security/ir.model.access.csv:220,model_sgi_nc_cancel group_sgi_user,Se queda,,defecto,
4182,acceso,access_sgi_audit_checklist_line_user,addons/quimibond_sgi/security/ir.model.access.csv:221,model_sgi_audit_checklist_line group_sgi_user,Se queda,,defecto,
4183,acceso,access_sgi_audit_checklist_line_auditor,addons/quimibond_sgi/security/ir.model.access.csv:222,model_sgi_audit_checklist_line group_sgi_auditor,Se queda,,defecto,
4184,acceso,access_sgi_audit_checklist_line_manager,addons/quimibond_sgi/security/ir.model.access.csv:223,model_sgi_audit_checklist_line group_sgi_manager,Se queda,,defecto,
4185,acceso,access_sgi_legal_evaluation_user,addons/quimibond_sgi/security/ir.model.access.csv:224,model_sgi_legal_evaluation group_sgi_user,Se queda,,defecto,
4186,acceso,access_sgi_legal_evaluation_auditor,addons/quimibond_sgi/security/ir.model.access.csv:225,model_sgi_legal_evaluation group_sgi_auditor,Se queda,,defecto,
4187,acceso,access_sgi_legal_evaluation_manager,addons/quimibond_sgi/security/ir.model.access.csv:226,model_sgi_legal_evaluation group_sgi_manager,Se queda,,defecto,
4188,acceso,access_sgi_legal_evaluate_user,addons/quimibond_sgi/security/ir.model.access.csv:227,model_sgi_legal_evaluate group_sgi_user,Se queda,,defecto,
4189,acceso,access_sgi_direction_board_manager,addons/quimibond_sgi/security/ir.model.access.csv:228,model_sgi_direction_board group_sgi_manager,Se queda,,defecto,
4190,acceso,access_sgi_direction_board_director,addons/quimibond_sgi/security/ir.model.access.csv:229,model_sgi_direction_board group_sgi_director,Se queda,,defecto,
4191,acceso,access_sgi_direction_board_auditor,addons/quimibond_sgi/security/ir.model.access.csv:230,model_sgi_direction_board group_sgi_auditor,Se queda,,defecto,
4192,acceso,access_sgi_instruction_publish_manager,addons/quimibond_sgi/security/ir.model.access.csv:231,model_sgi_instruction_publish group_sgi_manager,Se queda,,defecto,
4193,acceso,access_sgi_sign_request_wizard_user,addons/quimibond_sgi/security/ir.model.access.csv:232,model_sgi_sign_request_wizard base.group_user,Se corrige,F-003,06-seguridad,
4194,acceso,access_sgi_lock_date_log_user,addons/quimibond_sgi/security/ir.model.access.csv:233,model_sgi_lock_date_log group_sgi_user,Sale a otro módulo,A-017,decisión (módulo que sale / modelo que se retira),
4195,acceso,access_sgi_lock_date_log_manager,addons/quimibond_sgi/security/ir.model.access.csv:234,model_sgi_lock_date_log group_sgi_manager,Sale a otro módulo,A-017,decisión (módulo que sale / modelo que se retira),
4196,acceso,access_sgi_lock_date_log_auditor,addons/quimibond_sgi/security/ir.model.access.csv:235,model_sgi_lock_date_log group_sgi_auditor,Sale a otro módulo,A-017,decisión (módulo que sale / modelo que se retira),
4197,acceso,access_sgi_inventory_value_user,addons/quimibond_sgi/security/ir.model.access.csv:236,model_sgi_inventory_value group_sgi_user,Sale a otro módulo,A-017,decisión (módulo que sale / modelo que se retira),
4198,acceso,access_sgi_inventory_value_manager,addons/quimibond_sgi/security/ir.model.access.csv:237,model_sgi_inventory_value group_sgi_manager,Sale a otro módulo,A-017,decisión (módulo que sale / modelo que se retira),
4199,acceso,access_sgi_inventory_value_auditor,addons/quimibond_sgi/security/ir.model.access.csv:238,model_sgi_inventory_value group_sgi_auditor,Sale a otro módulo,A-017,decisión (módulo que sale / modelo que se retira),
4200,acceso,access_sgi_dev_characteristic_user,addons/quimibond_sgi/security/ir.model.access.csv:239,model_sgi_dev_characteristic base.group_user,Se queda,,defecto,
4201,acceso,access_sgi_machine_sheet_user,addons/quimibond_sgi/security/ir.model.access.csv:240,model_sgi_machine_sheet base.group_user,Se queda,,defecto,
4202,acceso,access_sgi_machine_sheet_mrp,addons/quimibond_sgi/security/ir.model.access.csv:241,model_sgi_machine_sheet mrp.group_mrp_user,Se queda,,defecto,
4203,acceso,access_sgi_machine_sheet_manager,addons/quimibond_sgi/security/ir.model.access.csv:242,model_sgi_machine_sheet quimibond_sgi.group_sgi_manager,Se queda,,defecto,
4204,acceso,access_sgi_machine_sheet_yarn_user,addons/quimibond_sgi/security/ir.model.access.csv:243,model_sgi_machine_sheet_yarn base.group_user,Se queda,,defecto,
4205,acceso,access_sgi_machine_sheet_yarn_mrp,addons/quimibond_sgi/security/ir.model.access.csv:244,model_sgi_machine_sheet_yarn mrp.group_mrp_user,Se queda,,defecto,
4206,acceso,access_sgi_machine_sheet_yarn_manager,addons/quimibond_sgi/security/ir.model.access.csv:245,model_sgi_machine_sheet_yarn quimibond_sgi.group_sgi_manager,Se queda,,defecto,
4207,acceso,access_sgi_machine_sheet_param_user,addons/quimibond_sgi/security/ir.model.access.csv:246,model_sgi_machine_sheet_param base.group_user,Se queda,,defecto,
4208,acceso,access_sgi_machine_sheet_param_mrp,addons/quimibond_sgi/security/ir.model.access.csv:247,model_sgi_machine_sheet_param mrp.group_mrp_user,Se queda,,defecto,
4209,acceso,access_sgi_machine_sheet_param_manager,addons/quimibond_sgi/security/ir.model.access.csv:248,model_sgi_machine_sheet_param quimibond_sgi.group_sgi_manager,Se queda,,defecto,
4210,acceso,access_sgi_staff_efficiency_hr,addons/quimibond_sgi/security/ir.model.access.csv:249,model_sgi_staff_efficiency hr.group_hr_user,Se queda,,defecto,
4211,acceso,access_sgi_staff_efficiency_sgi,addons/quimibond_sgi/security/ir.model.access.csv:250,model_sgi_staff_efficiency quimibond_sgi.group_sgi_manager,Se queda,,defecto,
4212,acceso,access_sgi_staff_efficiency_line_hr,addons/quimibond_sgi/security/ir.model.access.csv:251,model_sgi_staff_efficiency_line hr.group_hr_user,Se queda,,defecto,
4213,acceso,access_sgi_staff_efficiency_line_sgi,addons/quimibond_sgi/security/ir.model.access.csv:252,model_sgi_staff_efficiency_line quimibond_sgi.group_sgi_manager,Se queda,,defecto,
4214,acceso,access_sgi_staff_efficiency_capture,addons/quimibond_sgi/security/ir.model.access.csv:253,model_sgi_staff_efficiency quimibond_sgi.group_sgi_efficiency_capture,Se queda,,defecto,
4215,acceso,access_sgi_staff_efficiency_line_capture,addons/quimibond_sgi/security/ir.model.access.csv:254,model_sgi_staff_efficiency_line quimibond_sgi.group_sgi_efficiency_capture,Se queda,,defecto,
4216,acceso,access_sgi_epp_delivery_line_user,addons/quimibond_sgi/security/ir.model.access.csv:255,model_sgi_epp_delivery_line base.group_user,Se queda,,defecto,
4217,acceso,access_sgi_epp_delivery_line_hr,addons/quimibond_sgi/security/ir.model.access.csv:256,model_sgi_epp_delivery_line hr.group_hr_user,Se queda,,defecto,
4218,acceso,access_sgi_epp_delivery_line_manager,addons/quimibond_sgi/security/ir.model.access.csv:257,model_sgi_epp_delivery_line quimibond_sgi.group_sgi_manager,Se queda,,defecto,
4219,acceso,access_sgi_my_pending_user,addons/quimibond_sgi/security/ir.model.access.csv:258,model_sgi_my_pending base.group_user,Se queda,,defecto,
4220,acceso,access_sgi_activity_change_user,addons/quimibond_sgi/security/ir.model.access.csv:259,model_sgi_activity_change base.group_user,Se queda,,defecto,
4221,acceso,access_sgi_activity_change_manager,addons/quimibond_sgi/security/ir.model.access.csv:260,model_sgi_activity_change quimibond_sgi.group_sgi_manager,Se queda,,defecto,
4222,acceso,access_sgi_activity_change_role_user,addons/quimibond_sgi/security/ir.model.access.csv:261,model_sgi_activity_change_role base.group_user,Se queda,,defecto,
4223,acceso,access_sgi_measure_split_user,addons/quimibond_sgi/security/ir.model.access.csv:262,model_sgi_indicator_measure_split group_sgi_user,Se queda,,defecto,
4224,acceso,access_sgi_measure_split_auditor,addons/quimibond_sgi/security/ir.model.access.csv:263,model_sgi_indicator_measure_split group_sgi_auditor,Se queda,,defecto,
4225,acceso,access_sgi_measure_split_manager,addons/quimibond_sgi/security/ir.model.access.csv:264,model_sgi_indicator_measure_split group_sgi_manager,Se queda,,defecto,
4226,acceso,access_sgi_health_record_hr,addons/quimibond_sgi/security/ir.model.access.csv:265,model_sgi_health_record hr.group_hr_user,Se corrige,F-004,06-seguridad,
4227,acceso,access_sgi_health_record_manager,addons/quimibond_sgi/security/ir.model.access.csv:266,model_sgi_health_record group_sgi_manager,Se queda,,defecto,
4228,acceso,access_sgi_csh_inspection_user,addons/quimibond_sgi/security/ir.model.access.csv:267,model_sgi_csh_inspection group_sgi_user,Se corrige,F-010,06-seguridad (F-010),
4229,acceso,access_sgi_csh_inspection_auditor,addons/quimibond_sgi/security/ir.model.access.csv:268,model_sgi_csh_inspection group_sgi_auditor,Se queda,,defecto,
4230,acceso,access_sgi_csh_inspection_manager,addons/quimibond_sgi/security/ir.model.access.csv:269,model_sgi_csh_inspection group_sgi_manager,Se queda,,defecto,
4231,acceso,access_sgi_csh_finding_user,addons/quimibond_sgi/security/ir.model.access.csv:270,model_sgi_csh_finding group_sgi_user,Se queda,,defecto,
4232,acceso,access_sgi_csh_finding_auditor,addons/quimibond_sgi/security/ir.model.access.csv:271,model_sgi_csh_finding group_sgi_auditor,Se queda,,defecto,
4233,acceso,access_sgi_csh_finding_manager,addons/quimibond_sgi/security/ir.model.access.csv:272,model_sgi_csh_finding group_sgi_manager,Se queda,,defecto,
4234,acceso,access_sgi_checklist_template_user,addons/quimibond_sgi/security/ir.model.access.csv:273,model_sgi_checklist_template base.group_user,Se queda,,defecto,
4235,acceso,access_sgi_checklist_template_maint,addons/quimibond_sgi/security/ir.model.access.csv:274,model_sgi_checklist_template maintenance.group_equipment_manager,Se queda,,defecto,
4236,acceso,access_sgi_checklist_template_manager,addons/quimibond_sgi/security/ir.model.access.csv:275,model_sgi_checklist_template group_sgi_manager,Se queda,,defecto,
4237,acceso,access_sgi_checklist_template_item_user,addons/quimibond_sgi/security/ir.model.access.csv:276,model_sgi_checklist_template_item base.group_user,Se queda,,defecto,
4238,acceso,access_sgi_checklist_template_item_maint,addons/quimibond_sgi/security/ir.model.access.csv:277,model_sgi_checklist_template_item maintenance.group_equipment_manager,Se queda,,defecto,
4239,acceso,access_sgi_checklist_template_item_manager,addons/quimibond_sgi/security/ir.model.access.csv:278,model_sgi_checklist_template_item group_sgi_manager,Se queda,,defecto,
4240,acceso,access_sgi_checklist_line_user,addons/quimibond_sgi/security/ir.model.access.csv:279,model_sgi_checklist_line base.group_user,Se queda,,defecto,
4241,acceso,access_sgi_checklist_line_manager,addons/quimibond_sgi/security/ir.model.access.csv:280,model_sgi_checklist_line group_sgi_manager,Se queda,,defecto,
4242,acceso,access_sgi_checklist_finish_user,addons/quimibond_sgi/security/ir.model.access.csv:281,model_sgi_checklist_finish base.group_user,Se queda,,defecto,
4243,regla,rule_sgi_process_company,addons/quimibond_sgi/security/sgi_security.xml:77,ref:model_sgi_process,Se queda,,06-seguridad/reglas_evaluacion,
4244,regla,rule_sgi_process_activity_company,addons/quimibond_sgi/security/sgi_security.xml:82,ref:model_sgi_process_activity,Se queda,,06-seguridad/reglas_evaluacion,
4245,regla,rule_sgi_activity_role_company,addons/quimibond_sgi/security/sgi_security.xml:87,ref:model_sgi_activity_role,Se queda,,06-seguridad/reglas_evaluacion,
4246,regla,rule_sgi_activity_link_company,addons/quimibond_sgi/security/sgi_security.xml:92,ref:model_sgi_activity_link,Se queda,,06-seguridad/reglas_evaluacion,
4247,regla,rule_sgi_process_flow_company,addons/quimibond_sgi/security/sgi_security.xml:97,ref:model_sgi_process_flow,Se queda,,06-seguridad/reglas_evaluacion,
4248,regla,rule_sgi_process_responsibility_company,addons/quimibond_sgi/security/sgi_security.xml:102,ref:model_sgi_process_responsibility,Se elimina,B-002,decisión (módulo que sale / modelo que se retira),
4249,regla,rule_sgi_job_family_company,addons/quimibond_sgi/security/sgi_security.xml:107,ref:model_sgi_job_family,Se queda,,06-seguridad/reglas_evaluacion,
4250,regla,rule_sgi_activity_exec_stat_company,addons/quimibond_sgi/security/sgi_security.xml:112,ref:model_sgi_activity_exec_stat,Se queda,,06-seguridad/reglas_evaluacion,
4251,regla,rule_sgi_deliverable_company,addons/quimibond_sgi/security/sgi_security.xml:117,ref:model_sgi_deliverable,Se queda,,06-seguridad/reglas_evaluacion,
4252,regla,rule_sgi_activity_input_company,addons/quimibond_sgi/security/sgi_security.xml:122,ref:model_sgi_activity_input,Se queda,,06-seguridad/reglas_evaluacion,
4253,regla,rule_sgi_activity_spec_gap_company,addons/quimibond_sgi/security/sgi_security.xml:127,ref:model_sgi_activity_spec_gap,Se queda,,06-seguridad/reglas_evaluacion,
4254,regla,rule_sgi_activity_week_stat_company,addons/quimibond_sgi/security/sgi_security.xml:132,ref:model_sgi_activity_week_stat,Se queda,,06-seguridad/reglas_evaluacion,
4255,regla,rule_sgi_process_stage_company,addons/quimibond_sgi/security/sgi_security.xml:137,ref:model_sgi_process_stage,Se queda,,06-seguridad/reglas_evaluacion,
4256,regla,rule_sgi_document_type_company,addons/quimibond_sgi/security/sgi_security.xml:142,ref:model_sgi_document_type,Se queda,,06-seguridad/reglas_evaluacion,
4257,regla,rule_sgi_measure_user_own,addons/quimibond_sgi/security/sgi_security.xml:152,ref:model_sgi_indicator_measure,Se queda,,06-seguridad/reglas_evaluacion,
4258,regla,rule_sgi_measure_manager_all,addons/quimibond_sgi/security/sgi_security.xml:162,ref:model_sgi_indicator_measure,Se queda,,06-seguridad/reglas_evaluacion,
4259,regla,rule_sgi_measure_split_user_own,addons/quimibond_sgi/security/sgi_security.xml:170,ref:model_sgi_indicator_measure_split,Se queda,,06-seguridad/reglas_evaluacion,
4260,regla,rule_sgi_measure_split_manager_all,addons/quimibond_sgi/security/sgi_security.xml:180,ref:model_sgi_indicator_measure_split,Se queda,,06-seguridad/reglas_evaluacion,
4261,regla,rule_sgi_action_line_user_own,addons/quimibond_sgi/security/sgi_security.xml:187,ref:model_sgi_action_line,Se queda,,06-seguridad/reglas_evaluacion,
4262,regla,rule_sgi_action_line_manager_all,addons/quimibond_sgi/security/sgi_security.xml:194,ref:model_sgi_action_line,Se queda,,06-seguridad/reglas_evaluacion,
4263,regla,rule_sgi_risk_user_own,addons/quimibond_sgi/security/sgi_security.xml:201,ref:model_sgi_risk,Se corrige,E-009,06-seguridad/reglas_evaluacion,
4264,regla,rule_sgi_risk_manager_all,addons/quimibond_sgi/security/sgi_security.xml:208,ref:model_sgi_risk,Se queda,,06-seguridad/reglas_evaluacion,
4265,regla,rule_sgi_legal_user_own,addons/quimibond_sgi/security/sgi_security.xml:215,ref:model_sgi_legal_requirement,Se corrige,E-009,06-seguridad/reglas_evaluacion,
4266,regla,rule_sgi_legal_manager_all,addons/quimibond_sgi/security/sgi_security.xml:222,ref:model_sgi_legal_requirement,Se queda,,06-seguridad/reglas_evaluacion,
4267,regla,rule_sgi_legal_eval_user_own,addons/quimibond_sgi/security/sgi_security.xml:229,ref:model_sgi_legal_evaluation,Se queda,,06-seguridad/reglas_evaluacion,
4268,regla,rule_sgi_legal_eval_manager_all,addons/quimibond_sgi/security/sgi_security.xml:236,ref:model_sgi_legal_evaluation,Se queda,,06-seguridad/reglas_evaluacion,
4269,regla,rule_sgi_staff_eff_capture_read,addons/quimibond_sgi/security/sgi_security.xml:262,ref:model_sgi_staff_efficiency,Se corrige,F-021,06-seguridad/reglas_evaluacion,
4270,regla,rule_sgi_staff_eff_capture_edit,addons/quimibond_sgi/security/sgi_security.xml:272,ref:model_sgi_staff_efficiency,Se queda,,06-seguridad/reglas_evaluacion,
4271,regla,rule_sgi_staff_eff_hr_all,addons/quimibond_sgi/security/sgi_security.xml:279,ref:model_sgi_staff_efficiency,Se corrige,F-004,06-seguridad/reglas_evaluacion,
4272,regla,rule_sgi_staff_eff_line_capture_read,addons/quimibond_sgi/security/sgi_security.xml:285,ref:model_sgi_staff_efficiency_line,Se queda,,06-seguridad/reglas_evaluacion,
4273,regla,rule_sgi_staff_eff_line_capture_edit,addons/quimibond_sgi/security/sgi_security.xml:295,ref:model_sgi_staff_efficiency_line,Se queda,,06-seguridad/reglas_evaluacion,
4274,regla,rule_sgi_staff_eff_line_hr_all,addons/quimibond_sgi/security/sgi_security.xml:302,ref:model_sgi_staff_efficiency_line,Se corrige,F-004,06-seguridad/reglas_evaluacion,
4275,cron,sgi_cron_sync_approvals,addons/quimibond_sgi/data/sgi_approval_cron.xml:6,SGI: Sincronizar aprobaciones nativas,Se queda,,07-logica/crons,
4276,cron,sgi_cron_checklists,addons/quimibond_sgi/data/sgi_checklist_cron.xml:4,SGI: Hojas de checklist de planta y unidades,Se corrige,G-007 G-022,07-logica/crons,
4277,cron,sgi_cron_nonconformities,addons/quimibond_sgi/data/sgi_cron.xml:7,SGI: Seguimiento de No Conformidades,Se corrige,G-004 G-005 G-009 G-010 G-011 G-024,07-logica/crons,
4278,cron,sgi_cron_overdue_actions,addons/quimibond_sgi/data/sgi_cron.xml:17,SGI: Escalamiento de acciones vencidas,Se corrige,G-009 G-024,07-logica/crons,
4279,cron,sgi_cron_documents,addons/quimibond_sgi/data/sgi_cron.xml:27,SGI: Vencimientos documentales,Se corrige,G-004 G-011,07-logica/crons,
4280,cron,sgi_cron_news,addons/quimibond_sgi/data/sgi_cron.xml:37,SGI: Boletín NEWS mensual,Se corrige,G-012,07-logica/crons,
4281,cron,sgi_cron_indicators,addons/quimibond_sgi/data/sgi_cron_fase2.xml:3,SGI: Mediciones de indicadores y NC automáticas,Se corrige,A-017 G-001 G-009 G-020,07-logica/crons,
4282,cron,sgi_cron_indicators_weekly,addons/quimibond_sgi/data/sgi_cron_fase2.xml:14,SGI: Mediciones semanales de indicadores,Se corrige,G-001 G-009,07-logica/crons,
4283,cron,sgi_cron_audit_program,addons/quimibond_sgi/data/sgi_cron_fase2.xml:25,SGI: Avisos de programa de auditorías,Se corrige,G-005,07-logica/crons,
4284,cron,sgi_cron_risk_review,addons/quimibond_sgi/data/sgi_cron_fase2.xml:35,SGI: Revisión de riesgos vencidos,Se corrige,G-005,07-logica/crons,
4285,cron,sgi_cron_supplier_eval,addons/quimibond_sgi/data/sgi_cron_fase2.xml:45,SGI: Evaluación trimestral de proveedores,Se corrige,G-019,07-logica/crons,
4286,cron,sgi_cron_calibrations,addons/quimibond_sgi/data/sgi_cron_fase3.xml:6,SGI: Vencimientos de calibración y EPP,Se corrige,G-004 G-005 G-006 G-011 G-024,07-logica/crons,
4287,cron,sgi_cron_competences,addons/quimibond_sgi/data/sgi_cron_fase3.xml:16,SGI: Competencias y certificaciones por vencer,Se corrige,G-004,07-logica/crons,
4288,cron,sgi_cron_budget_revaluation,addons/quimibond_sgi/data/sgi_cron_fase3.xml:29,"SGI: Revaluación del S2 del presupuesto (junio, P-A28 Nota 1)",Se corrige,A-016 G-007,07-logica/crons,
4289,cron,sgi_cron_forecast_coverage,addons/quimibond_sgi/data/sgi_cron_fase3.xml:41,"SGI: Cobertura del pronóstico (semanal, P-A28 4.2.2.7)",Se corrige,A-016 G-005 G-007,07-logica/crons,
4290,cron,sgi_cron_legal_requirements,addons/quimibond_sgi/data/sgi_cumplimiento_data.xml:5,SGI: Cumplimiento legal (evaluaciones y permisos),Se corrige,G-005 G-007,07-logica/crons,
4291,cron,sgi_cron_worker_participation,addons/quimibond_sgi/data/sgi_cumplimiento_data.xml:17,SGI: Consulta y participación de trabajadores (45001 5.4),Se corrige,G-007,07-logica/crons,
4292,cron,sgi_cron_context_review,addons/quimibond_sgi/data/sgi_cumplimiento_data.xml:28,SGI: Revisión del contexto (partes interesadas),Se corrige,G-007 G-011,07-logica/crons,
4293,cron,sgi_cron_emergency_drills,addons/quimibond_sgi/data/sgi_fase7_data.xml:32,SGI: Simulacros de emergencia (8.2),Se corrige,G-004,07-logica/crons,
4294,cron,sgi_cron_satisfaction,addons/quimibond_sgi/data/sgi_fase7_data.xml:41,SGI: Encuesta de satisfacción del cliente (9.1.2),Se queda,,07-logica/crons,
4295,cron,sgi_cron_dnc,addons/quimibond_sgi/data/sgi_fase7_data.xml:50,SGI: DNC y plan de capacitación (P-A01),Se queda,,07-logica/crons,
4296,cron,sgi_cron_operational_signals,addons/quimibond_sgi/data/sgi_fase8_data.xml:16,"SGI: Señales operativas (fallas repetitivas, SLA vencido)",Se corrige,G-005,07-logica/crons,
4297,cron,sgi_cron_measure_activities,addons/quimibond_sgi/data/sgi_measure_cron.xml:6,SGI: Medición de actividades de procedimiento,Se corrige,G-002 G-003 G-007 G-016 G-017,07-logica/crons,
4298,cron,sgi_cron_my_procedure_stale,addons/quimibond_sgi/data/sgi_my_procedure_data.xml:52,SGI: Mi procedimiento por publicar (aviso semanal a MAST),Se corrige,G-005 G-027,07-logica/crons,
4299,cron,sgi_cron_sign_elearning,addons/quimibond_sgi/data/sgi_sign_elearning_data.xml:5,SGI: Sincronizar Firma electrónica y eLearning,Se queda,,07-logica/crons,
4300,cron,sgi_cron_weekly_digest,addons/quimibond_sgi/data/sgi_sign_elearning_data.xml:16,SGI: Resumen semanal por correo,Se elimina,B-017,07-logica/crons (B-017 pendiente de decisión),
4301,dato spreadsheet.dashboard.group,sgi_spreadsheet_dashboard_group,addons/quimibond_sgi/views/sgi_catalog_views.xml:410,SGI,Se elimina,E-017,hallazgo del dato,
4302,dato spreadsheet.dashboard,sgi_spreadsheet_dashboard_health,addons/quimibond_sgi/views/sgi_catalog_views.xml:417,Salud del SGI,Se elimina,E-017,hallazgo del dato,
4303,dato report.paperformat,paperformat_sgi_carta_horizontal,addons/quimibond_sgi/report/report_compliance_matrix.xml:5,SGI Carta horizontal (Matriz de cumplimiento),Se queda,,defecto,
4304,dato report.paperformat,paperformat_sgi_doc_change,addons/quimibond_sgi/report/report_doc_change.xml:7,SGI Carta (cambio documental),Se queda,,defecto,
4305,dato report.paperformat,paperformat_sgi_carta,addons/quimibond_sgi/report/report_my_procedure.xml:5,SGI Carta (Mi procedimiento),Se queda,,defecto,
4306,dato sgi.alert.source,sgi_alert_source_indicator_red,addons/quimibond_sgi/data/sgi_alert_source_data.xml:7,Indicador en semáforo rojo,Se queda,,defecto,
4307,dato sgi.alert.source,sgi_alert_source_calibration,addons/quimibond_sgi/data/sgi_alert_source_data.xml:19,Equipo de medición fuera de tolerancia,Se queda,,defecto,
4308,dato sgi.alert.source,sgi_alert_source_incident,addons/quimibond_sgi/data/sgi_alert_source_data.xml:31,Incidente SST grave o fatal,Se queda,,defecto,
4309,dato sgi.alert.source,sgi_alert_source_audit_finding,addons/quimibond_sgi/data/sgi_alert_source_data.xml:42,Hallazgo de auditoría,Se queda,,defecto,
4310,dato sgi.alert.source,sgi_alert_source_complaint,addons/quimibond_sgi/data/sgi_alert_source_data.xml:53,Reclamación de cliente,Se queda,,defecto,
4311,dato sgi.alert.source,sgi_alert_source_chain_stuck,addons/quimibond_sgi/data/sgi_alert_source_data.xml:63,Eslabón de procedimiento atorado,Se queda,,defecto,
4312,dato sgi.alert.source,sgi_alert_source_legal,addons/quimibond_sgi/data/sgi_alert_source_data.xml:75,Incumplimiento de requisito legal,Se queda,,defecto,
4313,dato sgi.alert.source,sgi_alert_source_maintenance,addons/quimibond_sgi/data/sgi_alert_source_data.xml:86,Falla de mantenimiento,Se queda,,defecto,
4314,dato sgi.area,sgi_area_g,addons/quimibond_sgi/data/sgi_areas.xml:7,SGI,Se queda,,defecto,
4315,dato sgi.area,sgi_area_a,addons/quimibond_sgi/data/sgi_areas.xml:11,Administración,Se queda,,defecto,
4316,dato sgi.area,sgi_area_c,addons/quimibond_sgi/data/sgi_areas.xml:15,Calidad,Se queda,,defecto,
4317,dato sgi.area,sgi_area_d,addons/quimibond_sgi/data/sgi_areas.xml:19,Diseño,Se queda,,defecto,
4318,dato sgi.area,sgi_area_e,addons/quimibond_sgi/data/sgi_areas.xml:23,Ambiental,Se queda,,defecto,
4319,dato sgi.area,sgi_area_i,addons/quimibond_sgi/data/sgi_areas.xml:27,Inspección,Se queda,,defecto,
4320,dato sgi.area,sgi_area_m,addons/quimibond_sgi/data/sgi_areas.xml:31,Mantenimiento,Se queda,,defecto,
4321,dato sgi.area,sgi_area_p,addons/quimibond_sgi/data/sgi_areas.xml:35,Producción,Se queda,,defecto,
4322,dato sgi.area,sgi_area_s,addons/quimibond_sgi/data/sgi_areas.xml:39,SST,Se queda,,defecto,
4323,dato sgi.area,sgi_area_v,addons/quimibond_sgi/data/sgi_areas.xml:43,Ventas,Se queda,,defecto,
4324,dato survey.survey,sgi_survey_audit_9001,addons/quimibond_sgi/data/sgi_audit_data.xml:7,,Se elimina,B-009,coincidencia de nombre en hallazgo,
4325,dato survey.question,sgi_survey_page_4,addons/quimibond_sgi/data/sgi_audit_data.xml:14,,Se queda,,defecto,
4326,dato survey.question,sgi_survey_q_4,addons/quimibond_sgi/data/sgi_audit_data.xml:20,,Se queda,,defecto,
4327,dato survey.question.answer,sgi_survey_a_4_c,addons/quimibond_sgi/data/sgi_audit_data.xml:26,,Se queda,,defecto,
4328,dato survey.question.answer,sgi_survey_a_4_nc,addons/quimibond_sgi/data/sgi_audit_data.xml:29,,Se queda,,defecto,
4329,dato survey.question.answer,sgi_survey_a_4_o,addons/quimibond_sgi/data/sgi_audit_data.xml:32,,Se queda,,defecto,
4330,dato survey.question,sgi_survey_page_5,addons/quimibond_sgi/data/sgi_audit_data.xml:37,,Se queda,,defecto,
4331,dato survey.question,sgi_survey_q_5,addons/quimibond_sgi/data/sgi_audit_data.xml:43,,Se queda,,defecto,
4332,dato survey.question.answer,sgi_survey_a_5_c,addons/quimibond_sgi/data/sgi_audit_data.xml:49,,Se queda,,defecto,
4333,dato survey.question.answer,sgi_survey_a_5_nc,addons/quimibond_sgi/data/sgi_audit_data.xml:52,,Se queda,,defecto,
4334,dato survey.question.answer,sgi_survey_a_5_o,addons/quimibond_sgi/data/sgi_audit_data.xml:55,,Se queda,,defecto,
4335,dato survey.question,sgi_survey_page_6,addons/quimibond_sgi/data/sgi_audit_data.xml:60,,Se queda,,defecto,
4336,dato survey.question,sgi_survey_q_6,addons/quimibond_sgi/data/sgi_audit_data.xml:66,,Se queda,,defecto,
4337,dato survey.question.answer,sgi_survey_a_6_c,addons/quimibond_sgi/data/sgi_audit_data.xml:72,,Se queda,,defecto,
4338,dato survey.question.answer,sgi_survey_a_6_nc,addons/quimibond_sgi/data/sgi_audit_data.xml:75,,Se queda,,defecto,
4339,dato survey.question.answer,sgi_survey_a_6_o,addons/quimibond_sgi/data/sgi_audit_data.xml:78,,Se queda,,defecto,
4340,dato survey.question,sgi_survey_page_7,addons/quimibond_sgi/data/sgi_audit_data.xml:83,,Se queda,,defecto,
4341,dato survey.question,sgi_survey_q_7,addons/quimibond_sgi/data/sgi_audit_data.xml:89,,Se queda,,defecto,
4342,dato survey.question.answer,sgi_survey_a_7_c,addons/quimibond_sgi/data/sgi_audit_data.xml:95,,Se queda,,defecto,
4343,dato survey.question.answer,sgi_survey_a_7_nc,addons/quimibond_sgi/data/sgi_audit_data.xml:98,,Se queda,,defecto,
4344,dato survey.question.answer,sgi_survey_a_7_o,addons/quimibond_sgi/data/sgi_audit_data.xml:101,,Se queda,,defecto,
4345,dato survey.question,sgi_survey_page_8,addons/quimibond_sgi/data/sgi_audit_data.xml:106,,Se queda,,defecto,
4346,dato survey.question,sgi_survey_q_8,addons/quimibond_sgi/data/sgi_audit_data.xml:112,,Se queda,,defecto,
4347,dato survey.question.answer,sgi_survey_a_8_c,addons/quimibond_sgi/data/sgi_audit_data.xml:118,,Se queda,,defecto,
4348,dato survey.question.answer,sgi_survey_a_8_nc,addons/quimibond_sgi/data/sgi_audit_data.xml:121,,Se queda,,defecto,
4349,dato survey.question.answer,sgi_survey_a_8_o,addons/quimibond_sgi/data/sgi_audit_data.xml:124,,Se queda,,defecto,
4350,dato survey.question,sgi_survey_page_9,addons/quimibond_sgi/data/sgi_audit_data.xml:129,,Se queda,,defecto,
4351,dato survey.question,sgi_survey_q_9,addons/quimibond_sgi/data/sgi_audit_data.xml:135,,Se queda,,defecto,
4352,dato survey.question.answer,sgi_survey_a_9_c,addons/quimibond_sgi/data/sgi_audit_data.xml:141,,Se queda,,defecto,
4353,dato survey.question.answer,sgi_survey_a_9_nc,addons/quimibond_sgi/data/sgi_audit_data.xml:144,,Se queda,,defecto,
4354,dato survey.question.answer,sgi_survey_a_9_o,addons/quimibond_sgi/data/sgi_audit_data.xml:147,,Se queda,,defecto,
4355,dato survey.question,sgi_survey_page_10,addons/quimibond_sgi/data/sgi_audit_data.xml:152,,Se queda,,defecto,
4356,dato survey.question,sgi_survey_q_10,addons/quimibond_sgi/data/sgi_audit_data.xml:158,,Se queda,,defecto,
4357,dato survey.question.answer,sgi_survey_a_10_c,addons/quimibond_sgi/data/sgi_audit_data.xml:164,,Se queda,,defecto,
4358,dato survey.question.answer,sgi_survey_a_10_nc,addons/quimibond_sgi/data/sgi_audit_data.xml:167,,Se queda,,defecto,
4359,dato survey.question.answer,sgi_survey_a_10_o,addons/quimibond_sgi/data/sgi_audit_data.xml:170,,Se queda,,defecto,
4360,dato mail.template,mail_template_sgi_coa,addons/quimibond_sgi/data/sgi_coa_data.xml:6,SGI: COA al cliente,Se queda,,defecto,
4361,dato sgi.control.plan,sgi_control_plan_mp,addons/quimibond_sgi/data/sgi_control_plans_fase4.xml:12,Recepción de Materias Primas (F-P-P03-01),Se queda,J-019,hallazgo por modelo del dato,se queda mientras se decide D-01 (catálogo base o quimibond_sgi_mapa)
4362,dato sgi.control.plan,sgi_control_plan_revisado,addons/quimibond_sgi/data/sgi_control_plans_fase4.xml:21,Tejido Circular — Revisado,Se queda,J-019,hallazgo por modelo del dato,se queda mientras se decide D-01 (catálogo base o quimibond_sgi_mapa)
4363,dato survey.survey,sgi_survey_dnc,addons/quimibond_sgi/data/sgi_dnc_survey.xml:4,,Se queda,,defecto,
4364,dato survey.question,sgi_survey_dnc_page1,addons/quimibond_sgi/data/sgi_dnc_survey.xml:12,,Se queda,,defecto,
4365,dato survey.question,sgi_survey_dnc_q1,addons/quimibond_sgi/data/sgi_dnc_survey.xml:19,,Se queda,,defecto,
4366,dato survey.question,sgi_survey_dnc_q2,addons/quimibond_sgi/data/sgi_dnc_survey.xml:26,,Se queda,,defecto,
4367,dato survey.question,sgi_survey_dnc_q3,addons/quimibond_sgi/data/sgi_dnc_survey.xml:38,,Se queda,,defecto,
4368,dato survey.question,sgi_survey_dnc_page2,addons/quimibond_sgi/data/sgi_dnc_survey.xml:47,,Se queda,,defecto,
4369,dato survey.question,sgi_survey_dnc_q4,addons/quimibond_sgi/data/sgi_dnc_survey.xml:54,,Se queda,,defecto,
4370,dato sign.item.role,sgi_sign_role_elaboro,addons/quimibond_sgi/data/sgi_doc_change_sign_data.xml:4,SGI · Elaboró,Se queda,,defecto,
4371,dato sign.item.role,sgi_sign_role_reviso,addons/quimibond_sgi/data/sgi_doc_change_sign_data.xml:7,SGI · Revisó,Se queda,,defecto,
4372,dato sign.item.role,sgi_sign_role_aprobo,addons/quimibond_sgi/data/sgi_doc_change_sign_data.xml:10,SGI · Aprobó,Se queda,,defecto,
4373,dato sign.item.role,sgi_sign_role_empleado,addons/quimibond_sgi/data/sgi_doc_change_sign_data.xml:14,SGI · Empleado,Se queda,,defecto,
4374,dato sgi.document.type,sgi_doc_type_miid,addons/quimibond_sgi/data/sgi_document_types.xml:8,Manual (MIID),Se queda,,defecto,
4375,dato sgi.document.type,sgi_doc_type_procedimiento,addons/quimibond_sgi/data/sgi_document_types.xml:16,Procedimiento (PR),Se queda,,defecto,
4376,dato sgi.document.type,sgi_doc_type_instructivo,addons/quimibond_sgi/data/sgi_document_types.xml:25,Instructivo (IT),Se queda,,defecto,
4377,dato sgi.document.type,sgi_doc_type_formato,addons/quimibond_sgi/data/sgi_document_types.xml:34,Formato (F),Se queda,,defecto,
4378,dato sgi.document.type,sgi_doc_type_formato_it,addons/quimibond_sgi/data/sgi_document_types.xml:43,Formato de instructivo (F-IT),Se queda,,defecto,
4379,dato sgi.document.type,sgi_doc_type_control_operacional,addons/quimibond_sgi/data/sgi_document_types.xml:51,Control operacional (CO),Se queda,,defecto,
4380,dato sgi.document.type,sgi_doc_type_metodo_anexo,addons/quimibond_sgi/data/sgi_document_types.xml:59,Método / anexo (MA),Se queda,,defecto,
4381,dato sgi.document.type,sgi_doc_type_descripcion_puesto,addons/quimibond_sgi/data/sgi_document_types.xml:67,Descripción de puesto (DP),Se queda,,defecto,
4382,dato sgi.document.type,sgi_doc_type_dat,addons/quimibond_sgi/data/sgi_document_types.xml:75,DAT,Se queda,,defecto,
4383,dato sgi.document.type,sgi_doc_type_protocolo,addons/quimibond_sgi/data/sgi_document_types.xml:83,Protocolo (PROT),Se queda,,defecto,
4384,dato sgi.document.type,sgi_doc_type_diagrama,addons/quimibond_sgi/data/sgi_document_types.xml:91,Diagrama de flujo (DF),Se queda,,defecto,
4385,dato sgi.document.type,sgi_doc_type_reglamento,addons/quimibond_sgi/data/sgi_document_types.xml:99,Reglamento (R),Se queda,,defecto,
4386,dato sgi.document.type,sgi_doc_type_anexo,addons/quimibond_sgi/data/sgi_document_types.xml:107,Anexo,Se queda,,defecto,
4387,dato sgi.document.type,sgi_doc_type_externo,addons/quimibond_sgi/data/sgi_document_types.xml:115,Documento externo,Se queda,,defecto,
4388,dato sgi.document.type,sgi_doc_type_formulario_odoo,addons/quimibond_sgi/data/sgi_document_types.xml:122,Formulario de Odoo (vista),Se queda,,defecto,
4389,dato project.project,sgi_project_dyd,addons/quimibond_sgi/data/sgi_dyd_data.xml:11,Diseño y Desarrollo (P-D01 · 8.3),Se corrige,A-012,hallazgo del dato,
4390,dato project.task.type,sgi_dyd_stage_plan,addons/quimibond_sgi/data/sgi_dyd_data.xml:17,Planificación (8.3.2),Se queda,,defecto,
4391,dato project.task.type,sgi_dyd_stage_inputs,addons/quimibond_sgi/data/sgi_dyd_data.xml:22,Entradas del diseño (8.3.3),Se queda,,defecto,
4392,dato project.task.type,sgi_dyd_stage_review,addons/quimibond_sgi/data/sgi_dyd_data.xml:27,Revisión (8.3.4),Se queda,,defecto,
4393,dato project.task.type,sgi_dyd_stage_verification,addons/quimibond_sgi/data/sgi_dyd_data.xml:32,Verificación (8.3.4),Se queda,,defecto,
4394,dato project.task.type,sgi_dyd_stage_validation,addons/quimibond_sgi/data/sgi_dyd_data.xml:37,Validación con cliente (8.3.4),Se queda,,defecto,
4395,dato project.task.type,sgi_dyd_stage_transfer,addons/quimibond_sgi/data/sgi_dyd_data.xml:42,Transferencia a producción (8.3.6),Se queda,,defecto,
4396,dato ir.sequence,sgi_seq_epp_delivery,addons/quimibond_sgi/data/sgi_epp_data.xml:3,Responsiva de EPP (SGI),Se queda,,defecto,
4397,dato sgi.objective,sgi_objective_expansion,addons/quimibond_sgi/data/sgi_expansion_data.xml:12,Expansión comercial rentable y diversificada,Se queda,J-019,hallazgo por modelo del dato,se queda mientras se decide D-01 (catálogo base o quimibond_sgi_mapa)
4398,dato sgi.indicator,sgi_ind_ex_margen,addons/quimibond_sgi/data/sgi_expansion_data.xml:18,Margen sobre órdenes de venta,Se queda,J-019,hallazgo por modelo del dato,se queda mientras se decide D-01 (catálogo base o quimibond_sgi_mapa)
4399,dato sgi.indicator,sgi_ind_ex_compras_ventas,addons/quimibond_sgi/data/sgi_expansion_data.xml:30,Compras vs ventas facturadas,Se queda,J-019,hallazgo por modelo del dato,se queda mientras se decide D-01 (catálogo base o quimibond_sgi_mapa)
4400,dato sgi.indicator,sgi_ind_ex_clientes_nuevos,addons/quimibond_sgi/data/sgi_expansion_data.xml:41,Clientes nuevos (primera factura),Se queda,J-019,hallazgo por modelo del dato,se queda mientras se decide D-01 (catálogo base o quimibond_sgi_mapa)
4401,dato sgi.indicator,sgi_ind_ex_concentracion,addons/quimibond_sgi/data/sgi_expansion_data.xml:53,Concentración top 3 clientes (12 meses),Se queda,J-019,hallazgo por modelo del dato,se queda mientras se decide D-01 (catálogo base o quimibond_sgi_mapa)
4402,dato sgi.indicator,sgi_ind_ex_facturacion_usd,addons/quimibond_sgi/data/sgi_expansion_data.xml:65,Participación de facturación en USD,Se queda,J-019,hallazgo por modelo del dato,se queda mientras se decide D-01 (catálogo base o quimibond_sgi_mapa)
4403,dato sgi.indicator,sgi_ind_ex_notas_credito,addons/quimibond_sgi/data/sgi_expansion_data.xml:77,Notas de crédito vs facturación,Se queda,J-019,hallazgo por modelo del dato,se queda mientras se decide D-01 (catálogo base o quimibond_sgi_mapa)
4404,dato sgi.indicator,sgi_ind_ex_dso,addons/quimibond_sgi/data/sgi_expansion_data.xml:89,Días de cartera (DSO),Se queda,J-019,hallazgo por modelo del dato,se queda mientras se decide D-01 (catálogo base o quimibond_sgi_mapa)
4405,dato sgi.indicator,sgi_ind_ex_cartera_vencida,addons/quimibond_sgi/data/sgi_expansion_data.xml:105,Cartera vencida,Se queda,J-019,hallazgo por modelo del dato,se queda mientras se decide D-01 (catálogo base o quimibond_sgi_mapa)
4406,dato sgi.indicator,sgi_ind_ex_cartera_vencida_60,addons/quimibond_sgi/data/sgi_expansion_data.xml:116,Cartera vencida a más de 60 días,Se queda,J-019,hallazgo por modelo del dato,se queda mientras se decide D-01 (catálogo base o quimibond_sgi_mapa)
4407,dato sgi.indicator,sgi_ind_ex_retencion,addons/quimibond_sgi/data/sgi_expansion_data.xml:127,Retención de clientes (12 meses),Se queda,J-019,hallazgo por modelo del dato,se queda mientras se decide D-01 (catálogo base o quimibond_sgi_mapa)
4408,dato sgi.indicator,sgi_ind_ex_reactivados,addons/quimibond_sgi/data/sgi_expansion_data.xml:139,Clientes reactivados,Se queda,J-019,hallazgo por modelo del dato,se queda mientras se decide D-01 (catálogo base o quimibond_sgi_mapa)
4409,dato sgi.indicator,sgi_ind_ex_fuera_top10,addons/quimibond_sgi/data/sgi_expansion_data.xml:151,Ventas fuera del top 10 clientes (12 meses),Se queda,J-019,hallazgo por modelo del dato,se queda mientras se decide D-01 (catálogo base o quimibond_sgi_mapa)
4410,dato sgi.indicator,sgi_ind_ex_conc_productos,addons/quimibond_sgi/data/sgi_expansion_data.xml:163,Concentración top 5 productos (12 meses),Se queda,J-019,hallazgo por modelo del dato,se queda mientras se decide D-01 (catálogo base o quimibond_sgi_mapa)
4411,dato sgi.indicator,sgi_ind_ex_cancelados,addons/quimibond_sgi/data/sgi_expansion_data.xml:175,Pedidos de venta cancelados,Se queda,J-019,hallazgo por modelo del dato,se queda mientras se decide D-01 (catálogo base o quimibond_sgi_mapa)
4412,dato sgi.indicator,sgi_ind_ex_entregas,addons/quimibond_sgi/data/sgi_expansion_data.xml:187,Entregas completas a la primera,Se queda,J-019,hallazgo por modelo del dato,se queda mientras se decide D-01 (catálogo base o quimibond_sgi_mapa)
4413,dato sgi.indicator,sgi_ind_ex_dpo,addons/quimibond_sgi/data/sgi_expansion_data.xml:198,Días de pago a proveedores (DPO),Se queda,J-019,hallazgo por modelo del dato,se queda mientras se decide D-01 (catálogo base o quimibond_sgi_mapa)
4414,dato ir.sequence,sgi_seq_emergency_plan,addons/quimibond_sgi/data/sgi_fase7_data.xml:6,Planes de emergencia SGI,Se queda,,defecto,
4415,dato ir.sequence,sgi_seq_emergency_drill,addons/quimibond_sgi/data/sgi_fase7_data.xml:14,Simulacros SGI,Se queda,,defecto,
4416,dato ir.sequence,sgi_seq_msa,addons/quimibond_sgi/data/sgi_fase7_data.xml:22,Estudios MSA SGI,Se queda,,defecto,
4417,dato sgi.indicator,sgi_ind_satisfaccion,addons/quimibond_sgi/data/sgi_fase7_data.xml:63,Satisfacción del cliente,Se queda,J-019,hallazgo por modelo del dato,se queda mientras se decide D-01 (catálogo base o quimibond_sgi_mapa)
4418,dato sgi.alert.source,sgi_alert_source_devolucion,addons/quimibond_sgi/data/sgi_fase8_data.xml:7,Devolución de cliente validada,Se queda,,defecto,
4419,dato sgi.format.map,format_map_sale_order,addons/quimibond_sgi/data/sgi_format_map_data.xml:8,,Se queda,,defecto,
4420,dato sgi.format.map,format_map_purchase_order,addons/quimibond_sgi/data/sgi_format_map_data.xml:18,,Se queda,,defecto,
4421,dato sgi.format.map,format_map_stock_picking,addons/quimibond_sgi/data/sgi_format_map_data.xml:28,,Se queda,,defecto,
4422,dato sgi.format.map,format_map_mrp_production,addons/quimibond_sgi/data/sgi_format_map_data.xml:34,,Se queda,,defecto,
4423,dato sgi.format.map,format_map_maintenance_request,addons/quimibond_sgi/data/sgi_format_map_data.xml:40,,Se queda,,defecto,
4424,dato sgi.format.map,format_map_quality_alert,addons/quimibond_sgi/data/sgi_format_map_data.xml:46,,Se queda,,defecto,
4425,dato sgi.format.map,format_map_stock_lot,addons/quimibond_sgi/data/sgi_format_map_data.xml:52,,Se queda,,defecto,
4426,dato sgi.format.map,format_map_mgmt_review,addons/quimibond_sgi/data/sgi_format_map_data.xml:58,,Se queda,,defecto,
4427,dato sgi.format.map,format_map_sales_budget,addons/quimibond_sgi/data/sgi_format_map_data.xml:64,,Sale a otro módulo,A-016,hallazgo del dato,
4428,dato helpdesk.team,sgi_helpdesk_team_voice,addons/quimibond_sgi/data/sgi_helpdesk_interno.xml:6,Quejas y Sugerencias,Se queda,,defecto,
4429,dato helpdesk.stage,sgi_hd_voice_stage_new,addons/quimibond_sgi/data/sgi_helpdesk_interno.xml:11,Recibida,Se queda,,defecto,
4430,dato helpdesk.stage,sgi_hd_voice_stage_progress,addons/quimibond_sgi/data/sgi_helpdesk_interno.xml:15,En atención,Se queda,,defecto,
4431,dato helpdesk.stage,sgi_hd_voice_stage_closed,addons/quimibond_sgi/data/sgi_helpdesk_interno.xml:19,Cerrada,Se queda,,defecto,
4432,dato helpdesk.tag,sgi_hd_tag_queja,addons/quimibond_sgi/data/sgi_helpdesk_interno.xml:24,Queja,Se queda,,defecto,
4433,dato helpdesk.tag,sgi_hd_tag_sugerencia,addons/quimibond_sgi/data/sgi_helpdesk_interno.xml:27,Sugerencia,Se queda,,defecto,
4434,dato helpdesk.tag,sgi_hd_tag_condicion_insegura,addons/quimibond_sgi/data/sgi_helpdesk_interno.xml:30,SST-Condición insegura,Se queda,,defecto,
4435,dato survey.survey,sgi_survey_satisfaction,addons/quimibond_sgi/data/sgi_helpdesk_interno.xml:37,,Se queda,,defecto,
4436,dato survey.question,sgi_sat_q_calidad,addons/quimibond_sgi/data/sgi_helpdesk_interno.xml:43,,Se queda,,defecto,
4437,dato survey.question.answer,sgi_sat_calidad_1,addons/quimibond_sgi/data/sgi_helpdesk_interno.xml:49,,Se queda,,defecto,
4438,dato survey.question.answer,sgi_sat_calidad_2,addons/quimibond_sgi/data/sgi_helpdesk_interno.xml:50,,Se queda,,defecto,
4439,dato survey.question.answer,sgi_sat_calidad_3,addons/quimibond_sgi/data/sgi_helpdesk_interno.xml:51,,Se queda,,defecto,
4440,dato survey.question.answer,sgi_sat_calidad_4,addons/quimibond_sgi/data/sgi_helpdesk_interno.xml:52,,Se queda,,defecto,
4441,dato survey.question.answer,sgi_sat_calidad_5,addons/quimibond_sgi/data/sgi_helpdesk_interno.xml:53,,Se queda,,defecto,
4442,dato survey.question,sgi_sat_q_entregas,addons/quimibond_sgi/data/sgi_helpdesk_interno.xml:55,,Se queda,,defecto,
4443,dato survey.question.answer,sgi_sat_entregas_1,addons/quimibond_sgi/data/sgi_helpdesk_interno.xml:61,,Se queda,,defecto,
4444,dato survey.question.answer,sgi_sat_entregas_2,addons/quimibond_sgi/data/sgi_helpdesk_interno.xml:62,,Se queda,,defecto,
4445,dato survey.question.answer,sgi_sat_entregas_3,addons/quimibond_sgi/data/sgi_helpdesk_interno.xml:63,,Se queda,,defecto,
4446,dato survey.question.answer,sgi_sat_entregas_4,addons/quimibond_sgi/data/sgi_helpdesk_interno.xml:64,,Se queda,,defecto,
4447,dato survey.question.answer,sgi_sat_entregas_5,addons/quimibond_sgi/data/sgi_helpdesk_interno.xml:65,,Se queda,,defecto,
4448,dato survey.question,sgi_sat_q_atencion,addons/quimibond_sgi/data/sgi_helpdesk_interno.xml:67,,Se queda,,defecto,
4449,dato survey.question.answer,sgi_sat_atencion_1,addons/quimibond_sgi/data/sgi_helpdesk_interno.xml:73,,Se queda,,defecto,
4450,dato survey.question.answer,sgi_sat_atencion_2,addons/quimibond_sgi/data/sgi_helpdesk_interno.xml:74,,Se queda,,defecto,
4451,dato survey.question.answer,sgi_sat_atencion_3,addons/quimibond_sgi/data/sgi_helpdesk_interno.xml:75,,Se queda,,defecto,
4452,dato survey.question.answer,sgi_sat_atencion_4,addons/quimibond_sgi/data/sgi_helpdesk_interno.xml:76,,Se queda,,defecto,
4453,dato survey.question.answer,sgi_sat_atencion_5,addons/quimibond_sgi/data/sgi_helpdesk_interno.xml:77,,Se queda,,defecto,
4454,dato survey.question,sgi_sat_q_reclamos,addons/quimibond_sgi/data/sgi_helpdesk_interno.xml:79,,Se queda,,defecto,
4455,dato survey.question.answer,sgi_sat_reclamos_1,addons/quimibond_sgi/data/sgi_helpdesk_interno.xml:85,,Se queda,,defecto,
4456,dato survey.question.answer,sgi_sat_reclamos_2,addons/quimibond_sgi/data/sgi_helpdesk_interno.xml:86,,Se queda,,defecto,
4457,dato survey.question.answer,sgi_sat_reclamos_3,addons/quimibond_sgi/data/sgi_helpdesk_interno.xml:87,,Se queda,,defecto,
4458,dato survey.question.answer,sgi_sat_reclamos_4,addons/quimibond_sgi/data/sgi_helpdesk_interno.xml:88,,Se queda,,defecto,
4459,dato survey.question.answer,sgi_sat_reclamos_5,addons/quimibond_sgi/data/sgi_helpdesk_interno.xml:89,,Se queda,,defecto,
4460,dato survey.question,sgi_sat_q_comentario,addons/quimibond_sgi/data/sgi_helpdesk_interno.xml:91,,Se queda,,defecto,
4461,dato sgi.indicator.term,sgi_term_desperdicio_num,addons/quimibond_sgi/data/sgi_indicator_formula_data.xml:13,,Sale a otro módulo,A-004,decisión (archivo),
4462,dato sgi.indicator.term,sgi_term_desperdicio_den,addons/quimibond_sgi/data/sgi_indicator_formula_data.xml:23,,Sale a otro módulo,A-004,decisión (archivo),
4463,dato sgi.indicator.term,sgi_term_reproceso_num,addons/quimibond_sgi/data/sgi_indicator_formula_data.xml:35,,Sale a otro módulo,A-004,decisión (archivo),
4464,dato sgi.indicator.term,sgi_term_reproceso_den,addons/quimibond_sgi/data/sgi_indicator_formula_data.xml:45,,Sale a otro módulo,A-004,decisión (archivo),
4465,dato sgi.indicator.term,sgi_term_inventario_num,addons/quimibond_sgi/data/sgi_indicator_formula_data.xml:59,,Sale a otro módulo,A-004,decisión (archivo),
4466,dato sgi.indicator.term,sgi_term_inventario_den,addons/quimibond_sgi/data/sgi_indicator_formula_data.xml:69,,Sale a otro módulo,A-004,decisión (archivo),
4467,dato sgi.indicator.term,sgi_term_energia_num,addons/quimibond_sgi/data/sgi_indicator_formula_data.xml:81,,Sale a otro módulo,A-004,decisión (archivo),
4468,dato sgi.indicator.term,sgi_term_energia_den,addons/quimibond_sgi/data/sgi_indicator_formula_data.xml:92,,Sale a otro módulo,A-004,decisión (archivo),
4469,dato sgi.indicator.term,sgi_term_compras_mp_num,addons/quimibond_sgi/data/sgi_indicator_formula_data.xml:105,,Sale a otro módulo,A-004,decisión (archivo),
4470,dato sgi.indicator.term,sgi_term_compras_mp_den,addons/quimibond_sgi/data/sgi_indicator_formula_data.xml:115,,Sale a otro módulo,A-004,decisión (archivo),
4471,dato sgi.indicator,sgi_ind_cierre_nc,addons/quimibond_sgi/data/sgi_indicators_data.xml:11,Cierre de No Conformidades (NCA/NCD),Se queda,J-019,hallazgo por modelo del dato,se queda mientras se decide D-01 (catálogo base o quimibond_sgi_mapa)
4472,dato sgi.indicator,sgi_ind_consumo_papel,addons/quimibond_sgi/data/sgi_indicators_data.xml:21,Consumo de papel 100−(NF/DL×100),Se queda,J-019,hallazgo por modelo del dato,se queda mientras se decide D-01 (catálogo base o quimibond_sgi_mapa)
4473,dato sgi.indicator,sgi_ind_consumo_energia,addons/quimibond_sgi/data/sgi_indicators_data.xml:31,Consumo de energía,Se queda,J-019,hallazgo por modelo del dato,se queda mientras se decide D-01 (catálogo base o quimibond_sgi_mapa)
4474,dato sgi.indicator,sgi_ind_separacion_residuos,addons/quimibond_sgi/data/sgi_indicators_data.xml:39,Separación de residuos,Se queda,J-019,hallazgo por modelo del dato,se queda mientras se decide D-01 (catálogo base o quimibond_sgi_mapa)
4475,dato sgi.indicator,sgi_ind_crecimiento_ventas,addons/quimibond_sgi/data/sgi_indicators_data.xml:52,Crecimiento anual de ventas,Se queda,J-019,hallazgo por modelo del dato,se queda mientras se decide D-01 (catálogo base o quimibond_sgi_mapa)
4476,dato sgi.indicator,sgi_ind_presupuesto_ventas,addons/quimibond_sgi/data/sgi_indicators_data.xml:64,Cumplimiento de presupuesto de ventas,Se queda,J-019,hallazgo por modelo del dato,se queda mientras se decide D-01 (catálogo base o quimibond_sgi_mapa)
4477,dato sgi.indicator,sgi_ind_otd_proveedores,addons/quimibond_sgi/data/sgi_indicators_data.xml:78,Entregas a tiempo de proveedores,Se queda,J-019,hallazgo por modelo del dato,se queda mientras se decide D-01 (catálogo base o quimibond_sgi_mapa)
4478,dato sgi.indicator,sgi_ind_requisiciones,addons/quimibond_sgi/data/sgi_indicators_data.xml:89,Requisiciones atendidas,Se queda,J-019,hallazgo por modelo del dato,se queda mientras se decide D-01 (catálogo base o quimibond_sgi_mapa)
4479,dato sgi.indicator,sgi_ind_errores_oc,addons/quimibond_sgi/data/sgi_indicators_data.xml:100,Errores en órdenes de compra,Se queda,J-019,hallazgo por modelo del dato,se queda mientras se decide D-01 (catálogo base o quimibond_sgi_mapa)
4480,dato sgi.indicator,sgi_ind_diferencia_inventario,addons/quimibond_sgi/data/sgi_indicators_data.xml:113,Diferencia inventario físico vs sistema,Se queda,J-019,hallazgo por modelo del dato,se queda mientras se decide D-01 (catálogo base o quimibond_sgi_mapa)
4481,dato sgi.indicator,sgi_ind_embarques_sin_error,addons/quimibond_sgi/data/sgi_indicators_data.xml:124,Embarques sin error,Se queda,J-019,hallazgo por modelo del dato,se queda mientras se decide D-01 (catálogo base o quimibond_sgi_mapa)
4482,dato sgi.indicator,sgi_ind_otif,addons/quimibond_sgi/data/sgi_indicators_data.xml:137,OTIF (On Time In Full),Se queda,J-019,hallazgo por modelo del dato,se queda mientras se decide D-01 (catálogo base o quimibond_sgi_mapa)
4483,dato sgi.indicator,sgi_ind_doc_exportaciones,addons/quimibond_sgi/data/sgi_indicators_data.xml:148,Documentación de exportaciones,Se queda,J-019,hallazgo por modelo del dato,se queda mientras se decide D-01 (catálogo base o quimibond_sgi_mapa)
4484,dato sgi.indicator,sgi_ind_producido_programado,addons/quimibond_sgi/data/sgi_indicators_data.xml:162,Producido vs programado,Se queda,J-019,hallazgo por modelo del dato,se queda mientras se decide D-01 (catálogo base o quimibond_sgi_mapa)
4485,dato sgi.indicator,sgi_ind_producido_capacidad,addons/quimibond_sgi/data/sgi_indicators_data.xml:173,Producido vs capacidad,Se queda,J-019,hallazgo por modelo del dato,se queda mientras se decide D-01 (catálogo base o quimibond_sgi_mapa)
4486,dato sgi.indicator,sgi_ind_calidad_pq,addons/quimibond_sgi/data/sgi_indicators_data.xml:184,Calidad PQ,Se queda,J-019,hallazgo por modelo del dato,se queda mientras se decide D-01 (catálogo base o quimibond_sgi_mapa)
4487,dato sgi.indicator,sgi_ind_reproceso,addons/quimibond_sgi/data/sgi_indicators_data.xml:195,Reproceso,Se queda,J-019,hallazgo por modelo del dato,se queda mientras se decide D-01 (catálogo base o quimibond_sgi_mapa)
4488,dato sgi.indicator,sgi_ind_desperdicio,addons/quimibond_sgi/data/sgi_indicators_data.xml:206,Desperdicio,Se queda,J-019,hallazgo por modelo del dato,se queda mientras se decide D-01 (catálogo base o quimibond_sgi_mapa)
4489,dato sgi.indicator,sgi_ind_reclamos_cliente,addons/quimibond_sgi/data/sgi_indicators_data.xml:219,Reclamos de cliente,Se queda,J-019,hallazgo por modelo del dato,se queda mientras se decide D-01 (catálogo base o quimibond_sgi_mapa)
4490,dato sgi.indicator,sgi_ind_disponibilidad,addons/quimibond_sgi/data/sgi_indicators_data.xml:232,Disponibilidad de equipos,Se queda,J-019,hallazgo por modelo del dato,se queda mientras se decide D-01 (catálogo base o quimibond_sgi_mapa)
4491,dato sgi.indicator,sgi_ind_preventivo,addons/quimibond_sgi/data/sgi_indicators_data.xml:243,Mantenimiento preventivo cumplido,Se queda,J-019,hallazgo por modelo del dato,se queda mientras se decide D-01 (catálogo base o quimibond_sgi_mapa)
4492,dato sgi.indicator,sgi_ind_ots_atendidas,addons/quimibond_sgi/data/sgi_indicators_data.xml:254,Órdenes de trabajo atendidas,Se queda,J-019,hallazgo por modelo del dato,se queda mientras se decide D-01 (catálogo base o quimibond_sgi_mapa)
4493,dato sgi.indicator,sgi_ind_cobertura_plantilla,addons/quimibond_sgi/data/sgi_indicators_data.xml:267,Cobertura de plantilla,Se queda,J-019,hallazgo por modelo del dato,se queda mientras se decide D-01 (catálogo base o quimibond_sgi_mapa)
4494,dato sgi.indicator,sgi_ind_capacitacion,addons/quimibond_sgi/data/sgi_indicators_data.xml:278,Capacitación,Se queda,J-019,hallazgo por modelo del dato,se queda mientras se decide D-01 (catálogo base o quimibond_sgi_mapa)
4495,dato sgi.indicator,sgi_ind_rotacion,addons/quimibond_sgi/data/sgi_indicators_data.xml:289,Rotación de personal,Se queda,J-019,hallazgo por modelo del dato,se queda mientras se decide D-01 (catálogo base o quimibond_sgi_mapa)
4496,dato sgi.indicator,sgi_ind_disponibilidad_odoo,addons/quimibond_sgi/data/sgi_indicators_data.xml:302,Disponibilidad de Odoo,Se queda,J-019,hallazgo por modelo del dato,se queda mientras se decide D-01 (catálogo base o quimibond_sgi_mapa)
4497,dato mail.template,mail_template_sgi_incident_grave,addons/quimibond_sgi/data/sgi_mail_templates.xml:12,SGI: Incidente grave/fatal,Se queda,,defecto,
4498,dato mail.template,mail_template_sgi_nc_mayor,addons/quimibond_sgi/data/sgi_mail_templates.xml:34,SGI: NC mayor,Se queda,,defecto,
4499,dato mail.template,mail_template_sgi_calibration_blocked,addons/quimibond_sgi/data/sgi_mail_templates.xml:56,SGI: Equipo bloqueado por calibración vencida,Se queda,,defecto,
4500,dato project.project,sgi_project_agreements,addons/quimibond_sgi/data/sgi_mgmt_review_data.xml:4,Acuerdos RxD,Se queda,,defecto,
4501,dato approval.category,sgi_approval_category_purchase,addons/quimibond_sgi/data/sgi_mgmt_review_data.xml:12,Solicitud de compra SGI,Se elimina,B-022,hallazgo del dato,
4502,dato approval.category,sgi_approval_category_moc,addons/quimibond_sgi/data/sgi_moc_data.xml:8,Cambio de proceso / infraestructura (MOC SGI),Se elimina,B-022,hallazgo del dato,
4503,dato sgi.document.type,sgi_doc_type_mi_procedimiento,addons/quimibond_sgi/data/sgi_my_procedure_data.xml:7,Mi procedimiento (MP),Se queda,,defecto,
4504,dato sgi.norm,sgi_norm_9001,addons/quimibond_sgi/data/sgi_norms.xml:8,Sistema de Gestión de la Calidad,Se queda,,defecto,
4505,dato sgi.norm,sgi_norm_14001,addons/quimibond_sgi/data/sgi_norms.xml:12,Sistema de Gestión Ambiental,Se queda,,defecto,
4506,dato sgi.norm,sgi_norm_45001,addons/quimibond_sgi/data/sgi_norms.xml:16,Sistema de Gestión de SST,Se queda,,defecto,
4507,dato sgi.norm.clause,c_9001_41,addons/quimibond_sgi/data/sgi_norms.xml:22,Comprensión de la organización y su contexto,Se queda,,defecto,
4508,dato sgi.norm.clause,c_9001_42,addons/quimibond_sgi/data/sgi_norms.xml:23,Comprensión de las necesidades y expectativas de las partes ,Se queda,,defecto,
4509,dato sgi.norm.clause,c_9001_43,addons/quimibond_sgi/data/sgi_norms.xml:24,Determinación del alcance del sistema de gestión de la calid,Se queda,,defecto,
4510,dato sgi.norm.clause,c_9001_44,addons/quimibond_sgi/data/sgi_norms.xml:25,Sistema de gestión de la calidad y sus procesos,Se queda,,defecto,
4511,dato sgi.norm.clause,c_9001_51,addons/quimibond_sgi/data/sgi_norms.xml:26,Liderazgo y compromiso,Se queda,,defecto,
4512,dato sgi.norm.clause,c_9001_52,addons/quimibond_sgi/data/sgi_norms.xml:27,Política,Se queda,,defecto,
4513,dato sgi.norm.clause,c_9001_53,addons/quimibond_sgi/data/sgi_norms.xml:28,"Roles, responsabilidades y autoridades en la organización",Se queda,,defecto,
4514,dato sgi.norm.clause,c_9001_61,addons/quimibond_sgi/data/sgi_norms.xml:29,Acciones para abordar riesgos y oportunidades,Se queda,,defecto,
4515,dato sgi.norm.clause,c_9001_62,addons/quimibond_sgi/data/sgi_norms.xml:30,Objetivos de la calidad y planificación para lograrlos,Se queda,,defecto,
4516,dato sgi.norm.clause,c_9001_63,addons/quimibond_sgi/data/sgi_norms.xml:31,Planificación de los cambios,Se queda,,defecto,
4517,dato sgi.norm.clause,c_9001_71,addons/quimibond_sgi/data/sgi_norms.xml:32,Recursos,Se queda,,defecto,
4518,dato sgi.norm.clause,c_9001_72,addons/quimibond_sgi/data/sgi_norms.xml:33,Competencia,Se queda,,defecto,
4519,dato sgi.norm.clause,c_9001_73,addons/quimibond_sgi/data/sgi_norms.xml:34,Toma de conciencia,Se queda,,defecto,
4520,dato sgi.norm.clause,c_9001_74,addons/quimibond_sgi/data/sgi_norms.xml:35,Comunicación,Se queda,,defecto,
4521,dato sgi.norm.clause,c_9001_75,addons/quimibond_sgi/data/sgi_norms.xml:36,Información documentada,Se queda,,defecto,
4522,dato sgi.norm.clause,c_9001_81,addons/quimibond_sgi/data/sgi_norms.xml:37,Planificación y control operacional,Se queda,,defecto,
4523,dato sgi.norm.clause,c_9001_82,addons/quimibond_sgi/data/sgi_norms.xml:38,Requisitos para los productos y servicios,Se queda,,defecto,
4524,dato sgi.norm.clause,c_9001_83,addons/quimibond_sgi/data/sgi_norms.xml:39,Diseño y desarrollo de los productos y servicios,Se queda,,defecto,
4525,dato sgi.norm.clause,c_9001_84,addons/quimibond_sgi/data/sgi_norms.xml:40,"Control de los procesos, productos y servicios suministrados",Se queda,,defecto,
4526,dato sgi.norm.clause,c_9001_85,addons/quimibond_sgi/data/sgi_norms.xml:41,Producción y provisión del servicio,Se queda,,defecto,
4527,dato sgi.norm.clause,c_9001_86,addons/quimibond_sgi/data/sgi_norms.xml:42,Liberación de los productos y servicios,Se queda,,defecto,
4528,dato sgi.norm.clause,c_9001_87,addons/quimibond_sgi/data/sgi_norms.xml:43,Control de las salidas no conformes,Se queda,,defecto,
4529,dato sgi.norm.clause,c_9001_91,addons/quimibond_sgi/data/sgi_norms.xml:44,"Seguimiento, medición, análisis y evaluación",Se queda,,defecto,
4530,dato sgi.norm.clause,c_9001_92,addons/quimibond_sgi/data/sgi_norms.xml:45,Auditoría interna,Se queda,,defecto,
4531,dato sgi.norm.clause,c_9001_93,addons/quimibond_sgi/data/sgi_norms.xml:46,Revisión por la dirección,Se queda,,defecto,
4532,dato sgi.norm.clause,c_9001_101,addons/quimibond_sgi/data/sgi_norms.xml:47,Generalidades,Se queda,,defecto,
4533,dato sgi.norm.clause,c_9001_102,addons/quimibond_sgi/data/sgi_norms.xml:48,No conformidad y acción correctiva,Se queda,,defecto,
4534,dato sgi.norm.clause,c_9001_103,addons/quimibond_sgi/data/sgi_norms.xml:49,Mejora continua,Se queda,,defecto,
4535,dato sgi.norm.clause,c_14001_41,addons/quimibond_sgi/data/sgi_norms.xml:52,Comprensión de la organización y su contexto,Se queda,,defecto,
4536,dato sgi.norm.clause,c_14001_42,addons/quimibond_sgi/data/sgi_norms.xml:53,Comprensión de las necesidades y expectativas de las partes ,Se queda,,defecto,
4537,dato sgi.norm.clause,c_14001_43,addons/quimibond_sgi/data/sgi_norms.xml:54,Determinación del alcance del sistema de gestión ambiental,Se queda,,defecto,
4538,dato sgi.norm.clause,c_14001_44,addons/quimibond_sgi/data/sgi_norms.xml:55,Sistema de gestión ambiental,Se queda,,defecto,
4539,dato sgi.norm.clause,c_14001_51,addons/quimibond_sgi/data/sgi_norms.xml:56,Liderazgo y compromiso,Se queda,,defecto,
4540,dato sgi.norm.clause,c_14001_52,addons/quimibond_sgi/data/sgi_norms.xml:57,Política ambiental,Se queda,,defecto,
4541,dato sgi.norm.clause,c_14001_53,addons/quimibond_sgi/data/sgi_norms.xml:58,"Roles, responsabilidades y autoridades en la organización",Se queda,,defecto,
4542,dato sgi.norm.clause,c_14001_61,addons/quimibond_sgi/data/sgi_norms.xml:59,Acciones para abordar riesgos y oportunidades (aspectos ambi,Se queda,,defecto,
4543,dato sgi.norm.clause,c_14001_62,addons/quimibond_sgi/data/sgi_norms.xml:60,Objetivos ambientales y planificación para lograrlos,Se queda,,defecto,
4544,dato sgi.norm.clause,c_14001_71,addons/quimibond_sgi/data/sgi_norms.xml:61,Recursos,Se queda,,defecto,
4545,dato sgi.norm.clause,c_14001_72,addons/quimibond_sgi/data/sgi_norms.xml:62,Competencia,Se queda,,defecto,
4546,dato sgi.norm.clause,c_14001_73,addons/quimibond_sgi/data/sgi_norms.xml:63,Toma de conciencia,Se queda,,defecto,
4547,dato sgi.norm.clause,c_14001_74,addons/quimibond_sgi/data/sgi_norms.xml:64,Comunicación,Se queda,,defecto,
4548,dato sgi.norm.clause,c_14001_75,addons/quimibond_sgi/data/sgi_norms.xml:65,Información documentada,Se queda,,defecto,
4549,dato sgi.norm.clause,c_14001_81,addons/quimibond_sgi/data/sgi_norms.xml:66,Planificación y control operacional,Se queda,,defecto,
4550,dato sgi.norm.clause,c_14001_82,addons/quimibond_sgi/data/sgi_norms.xml:67,Preparación y respuesta ante emergencias,Se queda,,defecto,
4551,dato sgi.norm.clause,c_14001_91,addons/quimibond_sgi/data/sgi_norms.xml:68,"Seguimiento, medición, análisis y evaluación (incluye evalua",Se queda,,defecto,
4552,dato sgi.norm.clause,c_14001_92,addons/quimibond_sgi/data/sgi_norms.xml:69,Auditoría interna,Se queda,,defecto,
4553,dato sgi.norm.clause,c_14001_93,addons/quimibond_sgi/data/sgi_norms.xml:70,Revisión por la dirección,Se queda,,defecto,
4554,dato sgi.norm.clause,c_14001_101,addons/quimibond_sgi/data/sgi_norms.xml:71,Generalidades,Se queda,,defecto,
4555,dato sgi.norm.clause,c_14001_102,addons/quimibond_sgi/data/sgi_norms.xml:72,No conformidad y acción correctiva,Se queda,,defecto,
4556,dato sgi.norm.clause,c_14001_103,addons/quimibond_sgi/data/sgi_norms.xml:73,Mejora continua,Se queda,,defecto,
4557,dato sgi.norm.clause,c_45001_41,addons/quimibond_sgi/data/sgi_norms.xml:76,Comprensión de la organización y su contexto,Se queda,,defecto,
4558,dato sgi.norm.clause,c_45001_42,addons/quimibond_sgi/data/sgi_norms.xml:77,Comprensión de las necesidades y expectativas de los trabaja,Se queda,,defecto,
4559,dato sgi.norm.clause,c_45001_43,addons/quimibond_sgi/data/sgi_norms.xml:78,Determinación del alcance del sistema de gestión de la SST,Se queda,,defecto,
4560,dato sgi.norm.clause,c_45001_44,addons/quimibond_sgi/data/sgi_norms.xml:79,Sistema de gestión de la SST,Se queda,,defecto,
4561,dato sgi.norm.clause,c_45001_51,addons/quimibond_sgi/data/sgi_norms.xml:80,Liderazgo y compromiso,Se queda,,defecto,
4562,dato sgi.norm.clause,c_45001_52,addons/quimibond_sgi/data/sgi_norms.xml:81,Política de la SST,Se queda,,defecto,
4563,dato sgi.norm.clause,c_45001_53,addons/quimibond_sgi/data/sgi_norms.xml:82,"Roles, responsabilidades y autoridades en la organización",Se queda,,defecto,
4564,dato sgi.norm.clause,c_45001_54,addons/quimibond_sgi/data/sgi_norms.xml:83,Consulta y participación de los trabajadores,Se queda,,defecto,
4565,dato sgi.norm.clause,c_45001_61,addons/quimibond_sgi/data/sgi_norms.xml:84,Acciones para abordar riesgos y oportunidades (identificació,Se queda,,defecto,
4566,dato sgi.norm.clause,c_45001_62,addons/quimibond_sgi/data/sgi_norms.xml:85,Objetivos de la SST y planificación para lograrlos,Se queda,,defecto,
4567,dato sgi.norm.clause,c_45001_71,addons/quimibond_sgi/data/sgi_norms.xml:86,Recursos,Se queda,,defecto,
4568,dato sgi.norm.clause,c_45001_72,addons/quimibond_sgi/data/sgi_norms.xml:87,Competencia,Se queda,,defecto,
4569,dato sgi.norm.clause,c_45001_73,addons/quimibond_sgi/data/sgi_norms.xml:88,Toma de conciencia,Se queda,,defecto,
4570,dato sgi.norm.clause,c_45001_74,addons/quimibond_sgi/data/sgi_norms.xml:89,Comunicación,Se queda,,defecto,
4571,dato sgi.norm.clause,c_45001_75,addons/quimibond_sgi/data/sgi_norms.xml:90,Información documentada,Se queda,,defecto,
4572,dato sgi.norm.clause,c_45001_81,addons/quimibond_sgi/data/sgi_norms.xml:91,Planificación y control operacional,Se queda,,defecto,
4573,dato sgi.norm.clause,c_45001_82,addons/quimibond_sgi/data/sgi_norms.xml:92,Preparación y respuesta ante emergencias,Se queda,,defecto,
4574,dato sgi.norm.clause,c_45001_91,addons/quimibond_sgi/data/sgi_norms.xml:93,"Seguimiento, medición, análisis y evaluación del desempeño",Se queda,,defecto,
4575,dato sgi.norm.clause,c_45001_92,addons/quimibond_sgi/data/sgi_norms.xml:94,Auditoría interna,Se queda,,defecto,
4576,dato sgi.norm.clause,c_45001_93,addons/quimibond_sgi/data/sgi_norms.xml:95,Revisión por la dirección,Se queda,,defecto,
4577,dato sgi.norm.clause,c_45001_101,addons/quimibond_sgi/data/sgi_norms.xml:96,Generalidades,Se queda,,defecto,
4578,dato sgi.norm.clause,c_45001_102,addons/quimibond_sgi/data/sgi_norms.xml:97,"Incidentes, no conformidades y acciones correctivas",Se queda,,defecto,
4579,dato sgi.norm.clause,c_45001_103,addons/quimibond_sgi/data/sgi_norms.xml:98,Mejora continua,Se queda,,defecto,
4580,dato sgi.objective,sgi_objective_ingresos,addons/quimibond_sgi/data/sgi_objectives.xml:4,Ingresos MX$360M a 2030,Se queda,J-019,hallazgo por modelo del dato,se queda mientras se decide D-01 (catálogo base o quimibond_sgi_mapa)
4581,dato sgi.objective,sgi_objective_no_automotriz,addons/quimibond_sgi/data/sgi_objectives.xml:9,≥30% de ventas no automotrices,Se queda,J-019,hallazgo por modelo del dato,se queda mientras se decide D-01 (catálogo base o quimibond_sgi_mapa)
4582,dato sgi.objective,sgi_objective_exportaciones,addons/quimibond_sgi/data/sgi_objectives.xml:14,Exportaciones ≥40%,Se queda,J-019,hallazgo por modelo del dato,se queda mientras se decide D-01 (catálogo base o quimibond_sgi_mapa)
4583,dato sgi.objective,sgi_objective_ebitda,addons/quimibond_sgi/data/sgi_objectives.xml:19,EBITDA 15%,Se queda,J-019,hallazgo por modelo del dato,se queda mientras se decide D-01 (catálogo base o quimibond_sgi_mapa)
4584,dato sgi.objective,sgi_objective_cero_residuos,addons/quimibond_sgi/data/sgi_objectives.xml:24,Cero residuos a relleno 2030,Se queda,J-019,hallazgo por modelo del dato,se queda mientras se decide D-01 (catálogo base o quimibond_sgi_mapa)
4585,dato sgi.objective,sgi_objective_certificaciones,addons/quimibond_sgi/data/sgi_objectives.xml:29,Mantener ISO 9001/14001/45001,Se queda,J-019,hallazgo por modelo del dato,se queda mientras se decide D-01 (catálogo base o quimibond_sgi_mapa)
4586,dato sgi.objective,sgi_objective_innovacion,addons/quimibond_sgi/data/sgi_objectives.xml:34,1-2 productos innovadores por año,Se queda,J-019,hallazgo por modelo del dato,se queda mientras se decide D-01 (catálogo base o quimibond_sgi_mapa)
4587,dato sgi.objective,sgi_objective_seguridad,addons/quimibond_sgi/data/sgi_objectives.xml:39,Cultura de seguridad ISO 45001,Se queda,J-019,hallazgo por modelo del dato,se queda mientras se decide D-01 (catálogo base o quimibond_sgi_mapa)
4588,dato sgi.objective,sgi_objective_gobierno,addons/quimibond_sgi/data/sgi_objectives.xml:44,Profesionalización y gobierno corporativo,Se queda,J-019,hallazgo por modelo del dato,se queda mientras se decide D-01 (catálogo base o quimibond_sgi_mapa)
4589,dato sgi.ppap.element.template,sgi_ppap_el_01,addons/quimibond_sgi/data/sgi_ppap_elements.xml:4,Registros de diseño,Sale a otro módulo,A-018,decisión (archivo),
4590,dato sgi.ppap.element.template,sgi_ppap_el_02,addons/quimibond_sgi/data/sgi_ppap_elements.xml:8,Documentos de cambio de ingeniería,Sale a otro módulo,A-018,decisión (archivo),
4591,dato sgi.ppap.element.template,sgi_ppap_el_03,addons/quimibond_sgi/data/sgi_ppap_elements.xml:12,Aprobación de ingeniería del cliente,Sale a otro módulo,A-018,decisión (archivo),
4592,dato sgi.ppap.element.template,sgi_ppap_el_04,addons/quimibond_sgi/data/sgi_ppap_elements.xml:16,AMEF de diseño (DFMEA),Sale a otro módulo,A-018,decisión (archivo),
4593,dato sgi.ppap.element.template,sgi_ppap_el_05,addons/quimibond_sgi/data/sgi_ppap_elements.xml:20,Diagrama de flujo del proceso,Sale a otro módulo,A-018,decisión (archivo),
4594,dato sgi.ppap.element.template,sgi_ppap_el_06,addons/quimibond_sgi/data/sgi_ppap_elements.xml:24,AMEF de proceso (PFMEA),Sale a otro módulo,A-018,decisión (archivo),
4595,dato sgi.ppap.element.template,sgi_ppap_el_07,addons/quimibond_sgi/data/sgi_ppap_elements.xml:28,Plan de control,Sale a otro módulo,A-018,decisión (archivo),
4596,dato sgi.ppap.element.template,sgi_ppap_el_08,addons/quimibond_sgi/data/sgi_ppap_elements.xml:32,Estudios de análisis de sistemas de medición (MSA),Sale a otro módulo,A-018,decisión (archivo),
4597,dato sgi.ppap.element.template,sgi_ppap_el_09,addons/quimibond_sgi/data/sgi_ppap_elements.xml:36,Resultados dimensionales,Sale a otro módulo,A-018,decisión (archivo),
4598,dato sgi.ppap.element.template,sgi_ppap_el_10,addons/quimibond_sgi/data/sgi_ppap_elements.xml:40,Resultados de pruebas de material y desempeño,Sale a otro módulo,A-018,decisión (archivo),
4599,dato sgi.ppap.element.template,sgi_ppap_el_11,addons/quimibond_sgi/data/sgi_ppap_elements.xml:44,Estudios iniciales del proceso (SPC / Cpk),Sale a otro módulo,A-018,decisión (archivo),
4600,dato sgi.ppap.element.template,sgi_ppap_el_12,addons/quimibond_sgi/data/sgi_ppap_elements.xml:48,Documentación del laboratorio calificado,Sale a otro módulo,A-018,decisión (archivo),
4601,dato sgi.ppap.element.template,sgi_ppap_el_13,addons/quimibond_sgi/data/sgi_ppap_elements.xml:52,Reporte de aprobación de apariencia (AAR),Sale a otro módulo,A-018,decisión (archivo),
4602,dato sgi.ppap.element.template,sgi_ppap_el_14,addons/quimibond_sgi/data/sgi_ppap_elements.xml:56,Muestras de producto / partes de producción,Sale a otro módulo,A-018,decisión (archivo),
4603,dato sgi.ppap.element.template,sgi_ppap_el_15,addons/quimibond_sgi/data/sgi_ppap_elements.xml:60,Muestra maestra,Sale a otro módulo,A-018,decisión (archivo),
4604,dato sgi.ppap.element.template,sgi_ppap_el_16,addons/quimibond_sgi/data/sgi_ppap_elements.xml:64,Ayudas de verificación (check aids),Sale a otro módulo,A-018,decisión (archivo),
4605,dato sgi.ppap.element.template,sgi_ppap_el_17,addons/quimibond_sgi/data/sgi_ppap_elements.xml:68,Requisitos específicos del cliente,Sale a otro módulo,A-018,decisión (archivo),
4606,dato sgi.ppap.element.template,sgi_ppap_el_18,addons/quimibond_sgi/data/sgi_ppap_elements.xml:72,Garantía de presentación de la parte (PSW),Sale a otro módulo,A-018,decisión (archivo),
4607,dato mail.template,mail_template_sgi_nc_supplier,addons/quimibond_sgi/data/sgi_pr6_data.xml:4,SGI: No conformidad a proveedor (portal),Se queda,,defecto,
4608,dato sgi.process,proc_adm,addons/quimibond_sgi/data/sgi_process_data.xml:8,ADMINISTRACIÓN,Se elimina,A-002,decisión (archivo),
4609,dato sgi.process,proc_cal,addons/quimibond_sgi/data/sgi_process_data.xml:13,CALIDAD,Se elimina,A-002,decisión (archivo),
4610,dato sgi.process,proc_mto,addons/quimibond_sgi/data/sgi_process_data.xml:18,MANTENIMIENTO,Se elimina,A-002,decisión (archivo),
4611,dato sgi.process,proc_dis,addons/quimibond_sgi/data/sgi_process_data.xml:23,DISEÑO Y DESARROLLO,Se elimina,A-002,decisión (archivo),
4612,dato sgi.process,proc_mfg,addons/quimibond_sgi/data/sgi_process_data.xml:28,MANUFACTURA,Se elimina,A-002,decisión (archivo),
4613,dato sgi.process,proc_ventas,addons/quimibond_sgi/data/sgi_process_data.xml:35,Ventas,Se elimina,A-002,decisión (archivo),
4614,dato sgi.process,proc_planeacion,addons/quimibond_sgi/data/sgi_process_data.xml:39,Planeación,Se elimina,A-002,decisión (archivo),
4615,dato sgi.process,proc_compras,addons/quimibond_sgi/data/sgi_process_data.xml:43,Compras,Se elimina,A-002,decisión (archivo),
4616,dato sgi.process,proc_almacen_mp,addons/quimibond_sgi/data/sgi_process_data.xml:47,Almacén de Materia Prima,Se elimina,A-002,decisión (archivo),
4617,dato sgi.process,proc_almacen_pt,addons/quimibond_sgi/data/sgi_process_data.xml:51,Almacén de Producto Terminado,Se elimina,A-002,decisión (archivo),
4618,dato sgi.process,proc_prod_tac,addons/quimibond_sgi/data/sgi_process_data.xml:55,Producción TAC,Se elimina,A-002,decisión (archivo),
4619,dato sgi.process,proc_prod_ent,addons/quimibond_sgi/data/sgi_process_data.xml:59,Producción Entretelas,Se elimina,A-002,decisión (archivo),
4620,dato sgi.process,proc_tintoreria,addons/quimibond_sgi/data/sgi_process_data.xml:63,Tintorería,Se elimina,A-002,decisión (archivo),
4621,dato sgi.process,proc_inspeccion,addons/quimibond_sgi/data/sgi_process_data.xml:67,Inspección y Empaque,Se elimina,A-002,decisión (archivo),
4622,dato sgi.process,proc_laboratorio,addons/quimibond_sgi/data/sgi_process_data.xml:71,Laboratorio,Se elimina,A-002,decisión (archivo),
4623,dato sgi.process,proc_logistica,addons/quimibond_sgi/data/sgi_process_data.xml:75,Logística,Se elimina,A-002,decisión (archivo),
4624,dato sgi.process,proc_facturacion,addons/quimibond_sgi/data/sgi_process_data.xml:79,Facturación,Se elimina,A-002,decisión (archivo),
4625,dato sgi.process,proc_cxc,addons/quimibond_sgi/data/sgi_process_data.xml:83,Crédito y Cobranza,Se elimina,A-002,decisión (archivo),
4626,dato sgi.process,proc_rh,addons/quimibond_sgi/data/sgi_process_data.xml:87,Recursos Humanos,Se elimina,A-002,decisión (archivo),
4627,dato sgi.process,proc_sgi,addons/quimibond_sgi/data/sgi_process_data.xml:91,MAST y SGI,Se elimina,A-002,decisión (archivo),
4628,dato sgi.process,proc_direccion,addons/quimibond_sgi/data/sgi_process_data.xml:95,Dirección de Operaciones,Se elimina,A-002,decisión (archivo),
4629,dato sgi.process.flow,flow_cxc_ventas,addons/quimibond_sgi/data/sgi_process_data.xml:101,Condiciones de crédito,Se elimina,A-002,decisión (archivo),
4630,dato sgi.process.flow,flow_ventas_plan_pronostico,addons/quimibond_sgi/data/sgi_process_data.xml:106,Pronóstico de ventas (F-P-A28-13),Se elimina,A-002,decisión (archivo),
4631,dato sgi.process.flow,flow_ventas_plan_presupuesto,addons/quimibond_sgi/data/sgi_process_data.xml:110,Presupuesto anual (F-P-A28-14),Se elimina,A-002,decisión (archivo),
4632,dato sgi.process.flow,flow_ventas_plan_pedido,addons/quimibond_sgi/data/sgi_process_data.xml:114,Pedido confirmado,Se elimina,A-002,decisión (archivo),
4633,dato sgi.process.flow,flow_plan_prod,addons/quimibond_sgi/data/sgi_process_data.xml:119,Programa semanal de producción (F-P-A12-01),Se elimina,A-002,decisión (archivo),
4634,dato sgi.process.flow,flow_plan_almacen,addons/quimibond_sgi/data/sgi_process_data.xml:124,Solicitud de existencias (F-P-A12-02),Se elimina,A-002,decisión (archivo),
4635,dato sgi.process.flow,flow_plan_ventas,addons/quimibond_sgi/data/sgi_process_data.xml:129,Resumen de fechas de entrega (F-P-A12-03),Se elimina,A-002,decisión (archivo),
4636,dato sgi.process.flow,flow_compras_almacen,addons/quimibond_sgi/data/sgi_process_data.xml:133,Orden de compra / insumos,Se elimina,A-002,decisión (archivo),
4637,dato sgi.process.flow,flow_almacen_prod,addons/quimibond_sgi/data/sgi_process_data.xml:138,Materia prima liberada,Se elimina,A-002,decisión (archivo),
4638,dato sgi.process.flow,flow_prod_inspeccion,addons/quimibond_sgi/data/sgi_process_data.xml:143,Lote a liberar,Se elimina,A-002,decisión (archivo),
4639,dato sgi.process.flow,flow_inspeccion_almacenpt,addons/quimibond_sgi/data/sgi_process_data.xml:148,Rollo clasificado,Se elimina,A-002,decisión (archivo),
4640,dato sgi.process.flow,flow_almacenpt_logistica,addons/quimibond_sgi/data/sgi_process_data.xml:153,Lista de embarque,Se elimina,A-002,decisión (archivo),
4641,dato sgi.process.flow,flow_logistica_facturacion,addons/quimibond_sgi/data/sgi_process_data.xml:158,Remisión / entrega,Se elimina,A-002,decisión (archivo),
4642,dato sgi.process.flow,flow_facturacion_cxc,addons/quimibond_sgi/data/sgi_process_data.xml:163,Factura,Se elimina,A-002,decisión (archivo),
4643,dato sgi.process.flow,flow_mto_prodtac,addons/quimibond_sgi/data/sgi_process_data.xml:170,Máquina disponible / OT atendida,Se elimina,A-002,decisión (archivo),
4644,dato sgi.process.flow,flow_mto_prodent,addons/quimibond_sgi/data/sgi_process_data.xml:175,Máquina disponible / OT atendida,Se elimina,A-002,decisión (archivo),
4645,dato sgi.process.flow,flow_lab_inspeccion,addons/quimibond_sgi/data/sgi_process_data.xml:180,Resultados de prueba,Se elimina,A-002,decisión (archivo),
4646,dato sgi.process.flow,flow_rh_direccion,addons/quimibond_sgi/data/sgi_process_data.xml:185,Personal competente (F-P-A01-01),Se elimina,A-002,decisión (archivo),
4647,dato sgi.process.flow,flow_sgi_direccion,addons/quimibond_sgi/data/sgi_process_data.xml:189,Estado del SGI,Se elimina,A-002,decisión (archivo),
4648,dato sgi.process.flow,flow_almacenmp_compras_req,addons/quimibond_sgi/data/sgi_process_flows_extra.xml:14,Requisición de compra / alerta de stock,Se elimina,A-002,decisión (archivo),
4649,dato sgi.process.flow,flow_plan_prodent,addons/quimibond_sgi/data/sgi_process_flows_extra.xml:22,Programa semanal de producción (F-P-A12-01),Se elimina,A-002,decisión (archivo),
4650,dato sgi.process.flow,flow_almacenmp_prodent,addons/quimibond_sgi/data/sgi_process_flows_extra.xml:27,Materia prima liberada (entretelas),Se elimina,A-002,decisión (archivo),
4651,dato sgi.process.flow,flow_direccion_plan_te,addons/quimibond_sgi/data/sgi_process_flows_extra.xml:32,Autorización de tiempo extra,Se elimina,A-002,decisión (archivo),
4652,dato sgi.process.flow,flow_prodtac_tintoreria,addons/quimibond_sgi/data/sgi_process_flows_extra.xml:39,Tela cruda tejida para teñido,Se elimina,A-002,decisión (archivo),
4653,dato sgi.process.flow,flow_tintoreria_prodtac,addons/quimibond_sgi/data/sgi_process_flows_extra.xml:44,Tela teñida para acabado (rama),Se elimina,A-002,decisión (archivo),
4654,dato sgi.process.flow,flow_prodent_inspeccion,addons/quimibond_sgi/data/sgi_process_flows_extra.xml:49,Entretela a liberar,Se elimina,A-002,decisión (archivo),
4655,dato sgi.process.flow,flow_almacenmp_lab,addons/quimibond_sgi/data/sgi_process_flows_extra.xml:56,Muestra de MP para liberación (P-C04),Se elimina,A-002,decisión (archivo),
4656,dato sgi.process.flow,flow_lab_almacenmp,addons/quimibond_sgi/data/sgi_process_flows_extra.xml:61,Liberación de materia prima,Se elimina,A-002,decisión (archivo),
4657,dato sgi.process.flow,flow_prodtac_mto,addons/quimibond_sgi/data/sgi_process_flows_extra.xml:69,Solicitud de mantenimiento (F-P-M01-01),Se elimina,A-002,decisión (archivo),
4658,dato sgi.process.flow,flow_prodent_mto,addons/quimibond_sgi/data/sgi_process_flows_extra.xml:74,Solicitud de mantenimiento (F-P-M01-01),Se elimina,A-002,decisión (archivo),
4659,dato sgi.process.flow,flow_inspeccion_sgi_nc,addons/quimibond_sgi/data/sgi_process_flows_extra.xml:81,No Conformidad levantada (F-P-G05-01),Se elimina,A-002,decisión (archivo),
4660,dato sgi.process.flow,flow_ventas_cal_reclamo,addons/quimibond_sgi/data/sgi_process_flows_extra.xml:86,Reclamación del cliente (P-C01),Se elimina,A-002,decisión (archivo),
4661,dato sgi.process.flow,flow_sgi_compras_prov,addons/quimibond_sgi/data/sgi_process_flows_extra.xml:92,Evaluación trimestral de proveedores,Se elimina,A-002,decisión (archivo),
4662,dato sgi.process.flow,flow_direccion_sgi_acuerdos,addons/quimibond_sgi/data/sgi_process_flows_extra.xml:98,Acuerdos y recursos de la Revisión por la Dirección,Se elimina,A-002,decisión (archivo),
4663,dato sgi.process.flow,flow_mfg_sgi_incidente,addons/quimibond_sgi/data/sgi_process_flows_extra.xml:103,Reporte de incidente SST (INC-),Se elimina,A-002,decisión (archivo),
4664,dato sgi.process.flow,flow_ventas_diseno,addons/quimibond_sgi/data/sgi_process_flows_extra.xml:110,Solicitud de desarrollo / muestra (P-D01),Se elimina,A-002,decisión (archivo),
4665,dato sgi.process.flow,flow_diseno_mfg,addons/quimibond_sgi/data/sgi_process_flows_extra.xml:114,Especificación / ficha técnica aprobada,Se elimina,A-002,decisión (archivo),
4666,dato sgi.risk.category,sgi_risk_cat_operativo,addons/quimibond_sgi/data/sgi_risk_data.xml:7,Operativo,Se queda,,defecto,
4667,dato sgi.risk.category,sgi_risk_cat_financiero,addons/quimibond_sgi/data/sgi_risk_data.xml:10,Financiero,Se queda,,defecto,
4668,dato sgi.risk.category,sgi_risk_cat_legal,addons/quimibond_sgi/data/sgi_risk_data.xml:13,Legal,Se queda,,defecto,
4669,dato sgi.risk.category,sgi_risk_cat_ambiental,addons/quimibond_sgi/data/sgi_risk_data.xml:16,Ambiental,Se queda,,defecto,
4670,dato sgi.risk.category,sgi_risk_cat_sst,addons/quimibond_sgi/data/sgi_risk_data.xml:19,SST (Seguridad y Salud),Se queda,,defecto,
4671,dato sgi.risk.category,sgi_risk_cat_tecnologico,addons/quimibond_sgi/data/sgi_risk_data.xml:22,Tecnológico,Se queda,,defecto,
4672,dato sgi.risk.category,sgi_risk_cat_patrimonial,addons/quimibond_sgi/data/sgi_risk_data.xml:25,Patrimonial,Se queda,,defecto,
4673,dato sgi.risk.category,sgi_risk_cat_imagen,addons/quimibond_sgi/data/sgi_risk_data.xml:28,Imagen / Reputación,Se queda,,defecto,
4674,dato sgi.risk.category,sgi_risk_cat_proveedores,addons/quimibond_sgi/data/sgi_risk_data.xml:31,Proveedores,Se queda,,defecto,
4675,dato sgi.risk.category,sgi_risk_cat_rh,addons/quimibond_sgi/data/sgi_risk_data.xml:34,Recursos Humanos,Se queda,,defecto,
4676,dato ir.sequence,sgi_seq_nc_internal,addons/quimibond_sgi/data/sgi_sequences.xml:3,NC Internas SGI,Se queda,,defecto,
4677,dato ir.sequence,sgi_seq_nc_external,addons/quimibond_sgi/data/sgi_sequences.xml:12,NC Externas SGI,Se queda,,defecto,
4678,dato ir.sequence,sgi_seq_machine_sheet,addons/quimibond_sgi/data/sgi_sequences.xml:20,Ficha de proceso por máquina (SGI),Se queda,,defecto,
4679,dato ir.sequence,sgi_seq_audit,addons/quimibond_sgi/data/sgi_sequences_fase2.xml:3,Auditorías SGI,Se queda,,defecto,
4680,dato ir.sequence,sgi_seq_risk,addons/quimibond_sgi/data/sgi_sequences_fase2.xml:12,Riesgos y oportunidades SGI,Se queda,,defecto,
4681,dato ir.sequence,sgi_seq_mgmt_review,addons/quimibond_sgi/data/sgi_sequences_fase2.xml:21,Revisión por la Dirección SGI,Se queda,,defecto,
4682,dato ir.sequence,sgi_seq_control_plan,addons/quimibond_sgi/data/sgi_sequences_fase3.xml:3,Planes de control SGI,Se queda,,defecto,
4683,dato ir.sequence,sgi_seq_fmea,addons/quimibond_sgi/data/sgi_sequences_fase3.xml:12,AMEF SGI,Se queda,,defecto,
4684,dato ir.sequence,sgi_seq_ppap,addons/quimibond_sgi/data/sgi_sequences_fase3.xml:21,PPAP SGI,Se queda,,defecto,
4685,dato ir.sequence,sgi_seq_incident,addons/quimibond_sgi/data/sgi_sequences_fase3.xml:30,Incidentes SST SGI,Se queda,,defecto,
4686,dato ir.sequence,sgi_seq_policy,addons/quimibond_sgi/data/sgi_sequences_fase6.xml:3,Política integral SGI,Se queda,,defecto,
4687,dato ir.sequence,sgi_seq_sales_budget,addons/quimibond_sgi/data/sgi_sequences_fase6.xml:11,Presupuesto de ventas SGI,Se queda,,defecto,
4688,dato quality.alert.team,sgi_quality_team_internal,addons/quimibond_sgi/data/sgi_stages.xml:4,NC Internas,Se queda,A-021,coincidencia de nombre en hallazgo,
4689,dato quality.alert.team,sgi_quality_team_external,addons/quimibond_sgi/data/sgi_stages.xml:8,NC Externas,Se queda,,defecto,
4690,dato quality.alert.stage,sgi_nc_int_stage_open,addons/quimibond_sgi/data/sgi_stages.xml:17,Abierta,Se queda,,defecto,
4691,dato quality.alert.stage,sgi_nc_int_stage_followup,addons/quimibond_sgi/data/sgi_stages.xml:21,Seguimiento,Se queda,,defecto,
4692,dato quality.alert.stage,sgi_nc_int_stage_closed,addons/quimibond_sgi/data/sgi_stages.xml:25,Cerrada,Se queda,,defecto,
4693,dato quality.alert.stage,sgi_nc_int_stage_cancel,addons/quimibond_sgi/data/sgi_stages.xml:30,Cancelada,Se queda,,defecto,
4694,dato helpdesk.team,sgi_helpdesk_team_complaints,addons/quimibond_sgi/data/sgi_stages.xml:37,Reclamaciones de clientes,Se corrige,D-006,hallazgo del dato,
4695,dato helpdesk.stage,sgi_hd_stage_new,addons/quimibond_sgi/data/sgi_stages.xml:41,Nueva,Se queda,,defecto,
4696,dato helpdesk.stage,sgi_hd_stage_containment,addons/quimibond_sgi/data/sgi_stages.xml:45,Contención,Se queda,,defecto,
4697,dato helpdesk.stage,sgi_hd_stage_analysis,addons/quimibond_sgi/data/sgi_stages.xml:49,Análisis,Se queda,,defecto,
4698,dato helpdesk.stage,sgi_hd_stage_response,addons/quimibond_sgi/data/sgi_stages.xml:53,Respuesta al cliente,Se queda,,defecto,
4699,dato helpdesk.stage,sgi_hd_stage_closed,addons/quimibond_sgi/data/sgi_stages.xml:57,Cerrada,Se queda,,defecto,
4700,dato helpdesk.sla,sgi_hd_sla_first_response,addons/quimibond_sgi/data/sgi_stages.xml:61,Primera respuesta ≤ 3 días,Se queda,,defecto,
4701,dato project.project,sgi_project_improvement,addons/quimibond_sgi/data/sgi_stages.xml:70,Mejora Continua SGI,Se queda,,defecto,
4702,dato project.task.type,sgi_task_stage_proposal,addons/quimibond_sgi/data/sgi_stages.xml:74,Propuesta,Se queda,,defecto,
4703,dato project.task.type,sgi_task_stage_progress,addons/quimibond_sgi/data/sgi_stages.xml:78,En ejecución,Se queda,,defecto,
4704,dato project.task.type,sgi_task_stage_done,addons/quimibond_sgi/data/sgi_stages.xml:82,Terminada,Se queda,,defecto,
4705,dato approval.category,sgi_approval_category_doc_change,addons/quimibond_sgi/data/sgi_stages.xml:89,Modificación de documento SGI,Se queda,,defecto,
4706,dato res.partner,sgi_demo_partner,addons/quimibond_sgi/demo/sgi_demo_fase3.xml:8,Continental Demo Automotive,Se elimina,A-028,decisión (archivo),
4707,dato product.product,sgi_demo_product,addons/quimibond_sgi/demo/sgi_demo_fase3.xml:14,Fieltro técnico automotriz SGI-DEMO,Se elimina,A-028,decisión (archivo),
4708,dato sgi.control.plan,sgi_demo_control_plan,addons/quimibond_sgi/demo/sgi_demo_fase3.xml:21,Plan de control — Fieltro técnico (Continental),Se elimina,A-028,decisión (archivo),
4709,dato quality.point,sgi_demo_point_gramaje,addons/quimibond_sgi/demo/sgi_demo_fase3.xml:32,,Se elimina,A-028,decisión (archivo),
4710,dato quality.point,sgi_demo_point_espesor,addons/quimibond_sgi/demo/sgi_demo_fase3.xml:49,,Se elimina,A-028,decisión (archivo),
4711,dato stock.lot,sgi_demo_lot,addons/quimibond_sgi/demo/sgi_demo_fase3.xml:66,LOTE-DEMO-0001,Se elimina,A-028,decisión (archivo),
4712,dato quality.check,sgi_demo_check_gramaje,addons/quimibond_sgi/demo/sgi_demo_fase3.xml:71,,Se elimina,A-028,decisión (archivo),
4713,dato quality.check,sgi_demo_check_espesor,addons/quimibond_sgi/demo/sgi_demo_fase3.xml:79,,Se elimina,A-028,decisión (archivo),
4714,dato maintenance.equipment,sgi_demo_equipment_ok,addons/quimibond_sgi/demo/sgi_demo_fase3.xml:88,Báscula analítica BA-01,Se elimina,A-028,decisión (archivo),
4715,dato sgi.calibration,sgi_demo_cal_ok,addons/quimibond_sgi/demo/sgi_demo_fase3.xml:97,,Se elimina,A-028,decisión (archivo),
4716,dato maintenance.equipment,sgi_demo_equipment_bad,addons/quimibond_sgi/demo/sgi_demo_fase3.xml:107,Micrómetro digital MI-07,Se elimina,A-028,decisión (archivo),
4717,dato sgi.calibration,sgi_demo_cal_bad,addons/quimibond_sgi/demo/sgi_demo_fase3.xml:116,,Se elimina,A-028,decisión (archivo),
4718,dato maintenance.equipment,sgi_demo_ppe,addons/quimibond_sgi/demo/sgi_demo_fase3.xml:127,Arnés de seguridad AS-03,Se elimina,A-028,decisión (archivo),
4719,dato sgi.fmea,sgi_demo_fmea,addons/quimibond_sgi/demo/sgi_demo_fase3.xml:134,PFMEA — Línea de termofusión,Se elimina,A-028,decisión (archivo),
4720,dato sgi.fmea.line,sgi_demo_fmea_line_high,addons/quimibond_sgi/demo/sgi_demo_fase3.xml:142,,Se elimina,A-028,decisión (archivo),
4721,dato sgi.fmea.line,sgi_demo_fmea_line_low,addons/quimibond_sgi/demo/sgi_demo_fase3.xml:155,,Se elimina,A-028,decisión (archivo),
4722,dato sgi.action.line,sgi_demo_fmea_action,addons/quimibond_sgi/demo/sgi_demo_fase3.xml:168,Poka-yoke: bloqueo de arranque si T < set point,Se elimina,A-028,decisión (archivo),
4723,dato sgi.ppap,sgi_demo_ppap,addons/quimibond_sgi/demo/sgi_demo_fase3.xml:177,,Se elimina,A-028,decisión (archivo),
4724,dato sgi.incident,sgi_demo_incident,addons/quimibond_sgi/demo/sgi_demo_fase3.xml:186,Casi accidente: montacargas en pasillo peatonal,Se elimina,A-028,decisión (archivo),
4725,dato sgi.action.line,sgi_demo_incident_action,addons/quimibond_sgi/demo/sgi_demo_fase3.xml:199,Delimitar y señalizar pasillo peatonal,Se elimina,A-028,decisión (archivo),
4726,dato hr.skill.type,sgi_demo_skilltype,addons/quimibond_sgi/demo/sgi_demo_fase3.xml:208,Competencias técnicas SGI-DEMO,Se elimina,A-028,decisión (archivo),
4727,dato hr.skill.level,sgi_demo_level_basic,addons/quimibond_sgi/demo/sgi_demo_fase3.xml:212,Básico,Se elimina,A-028,decisión (archivo),
4728,dato hr.skill.level,sgi_demo_level_expert,addons/quimibond_sgi/demo/sgi_demo_fase3.xml:218,Experto,Se elimina,A-028,decisión (archivo),
4729,dato hr.skill,sgi_demo_skill,addons/quimibond_sgi/demo/sgi_demo_fase3.xml:224,Operación de línea de termofusión,Se elimina,A-028,decisión (archivo),
4730,dato hr.job,sgi_demo_job,addons/quimibond_sgi/demo/sgi_demo_fase3.xml:229,Operador de termofusión SGI-DEMO,Se elimina,A-028,decisión (archivo),
4731,dato hr.job.skill,sgi_demo_job_skill,addons/quimibond_sgi/demo/sgi_demo_fase3.xml:233,,Se elimina,A-028,decisión (archivo),
4732,dato hr.employee,sgi_demo_employee,addons/quimibond_sgi/demo/sgi_demo_fase3.xml:240,Operador Demo (brecha de competencia),Se elimina,A-028,decisión (archivo),
4733,dato hr.employee.skill,sgi_demo_employee_skill,addons/quimibond_sgi/demo/sgi_demo_fase3.xml:245,,Se elimina,A-028,decisión (archivo),
4734,dato ir.module.category,module_category_sgi,addons/quimibond_sgi/security/sgi_security.xml:3,SGI,Se queda,,defecto,
4735,dato res.groups.privilege,res_groups_privilege_sgi,addons/quimibond_sgi/security/sgi_security.xml:9,SGI,Se queda,,defecto,
4736,dato res.groups.privilege,res_groups_privilege_sgi_efficiency,addons/quimibond_sgi/security/sgi_security.xml:251,Eficiencias de personal,Se queda,,defecto,
4737,asset js,quimibond_sgi.Diagram,static/src/diagram/diagram.js,owl_template,Se queda,,defecto,
4738,asset js,sgi_diagram,static/src/diagram/diagram_view.js,views,Se corrige,B-015,coincidencia de nombre en hallazgo,
4739,asset js,sgi_diagram,static/src/diagram/diagram_view.js,actions,Se corrige,B-015,coincidencia de nombre en hallazgo,
4740,asset js,quimibond_sgi.DiagramView,static/src/diagram/diagram_view.js,owl_template,Se queda,,defecto,
4741,asset js,quimibond_sgi.DiagramAction,static/src/diagram/diagram_view.js,owl_template,Se queda,,defecto,
4742,asset js,sgi_my_activities_list,static/src/my_procedure/new_activity_list.js,views,Se queda,,defecto,
4743,archivo,.gitignore,addons/quimibond_sgi/.gitignore,NO está en el manifest ni se importa,Se queda,,defecto,
4744,archivo,README.md,addons/quimibond_sgi/README.md,NO está en el manifest ni se importa,Se corrige,K-003,decisión (archivo),
4745,archivo,__init__.py,addons/quimibond_sgi/__init__.py,arranque,Se corrige,A-030 B-004 J-005,coincidencia de nombre en hallazgo,
4746,archivo,__manifest__.py,addons/quimibond_sgi/__manifest__.py,arranque,Se corrige,A-002 A-010 A-011 A-012 A-014 A-015 A-016 A-028,coincidencia de nombre en hallazgo,
4747,archivo,controllers/__init__.py,addons/quimibond_sgi/controllers/__init__.py,arranque,Se queda,,defecto,
4748,archivo,controllers/portal_nc.py,addons/quimibond_sgi/controllers/portal_nc.py,importado,Se corrige,F-017 J-014,coincidencia de nombre en hallazgo,
4749,archivo,views/sgi_action_line_views.xml,addons/quimibond_sgi/views/sgi_action_line_views.xml,manifest (data),Se queda,,defecto,
4750,archivo,views/sgi_activity_spec_views.xml,addons/quimibond_sgi/views/sgi_activity_spec_views.xml,manifest (data),Se queda,,defecto,
4751,archivo,views/sgi_alert_source_views.xml,addons/quimibond_sgi/views/sgi_alert_source_views.xml,manifest (data),Se queda,,defecto,
4752,archivo,views/sgi_approval_native_views.xml,addons/quimibond_sgi/views/sgi_approval_native_views.xml,manifest (data),Se queda,,defecto,
4753,archivo,views/sgi_area_views.xml,addons/quimibond_sgi/views/sgi_area_views.xml,manifest (data),Se queda,,defecto,
4754,archivo,views/sgi_audit_views.xml,addons/quimibond_sgi/views/sgi_audit_views.xml,manifest (data),Se queda,,defecto,
4755,archivo,views/sgi_budget_analytic_views.xml,addons/quimibond_sgi/views/sgi_budget_analytic_views.xml,manifest (data),Sale a otro módulo,A-016,decisión (archivo),
4756,archivo,views/sgi_business_line_views.xml,addons/quimibond_sgi/views/sgi_business_line_views.xml,manifest (data),Se queda,,defecto,
4757,archivo,views/sgi_calibration_views.xml,addons/quimibond_sgi/views/sgi_calibration_views.xml,manifest (data),Se corrige,D-013,coincidencia de nombre en hallazgo,
4758,archivo,views/sgi_catalog_views.xml,addons/quimibond_sgi/views/sgi_catalog_views.xml,manifest (data),Se corrige,A-025,coincidencia de nombre en hallazgo,
4759,archivo,views/sgi_coa_views.xml,addons/quimibond_sgi/views/sgi_coa_views.xml,manifest (data),Se queda,,defecto,
4760,archivo,views/sgi_competence_views.xml,addons/quimibond_sgi/views/sgi_competence_views.xml,manifest (data),Se corrige,D-004,coincidencia de nombre en hallazgo,
4761,archivo,views/sgi_complaint_views.xml,addons/quimibond_sgi/views/sgi_complaint_views.xml,manifest (data),Se corrige,D-006 E-012,coincidencia de nombre en hallazgo,
4762,archivo,views/sgi_context_views.xml,addons/quimibond_sgi/views/sgi_context_views.xml,manifest (data),Se queda,,defecto,
4763,archivo,views/sgi_control_plan_views.xml,addons/quimibond_sgi/views/sgi_control_plan_views.xml,manifest (data),Se queda,,defecto,
4764,archivo,views/sgi_dashboard_views.xml,addons/quimibond_sgi/views/sgi_dashboard_views.xml,manifest (data),Se queda,,defecto,
4765,archivo,views/sgi_dev_request_views.xml,addons/quimibond_sgi/views/sgi_dev_request_views.xml,manifest (data),Se queda,,defecto,
4766,archivo,views/sgi_diagnostic_views.xml,addons/quimibond_sgi/views/sgi_diagnostic_views.xml,manifest (data),Se queda,,defecto,
4767,archivo,views/sgi_diagram_views.xml,addons/quimibond_sgi/views/sgi_diagram_views.xml,manifest (data),Se corrige,B-015,coincidencia de nombre en hallazgo,
4768,archivo,views/sgi_direction_board_views.xml,addons/quimibond_sgi/views/sgi_direction_board_views.xml,manifest (data),Se queda,,defecto,
4769,archivo,views/sgi_doc_change_views.xml,addons/quimibond_sgi/views/sgi_doc_change_views.xml,manifest (data),Se queda,,defecto,
4770,archivo,views/sgi_document_views.xml,addons/quimibond_sgi/views/sgi_document_views.xml,manifest (data),Se corrige,C-005 D-002 E-004 E-011,coincidencia de nombre en hallazgo,
4771,archivo,views/sgi_emergency_views.xml,addons/quimibond_sgi/views/sgi_emergency_views.xml,manifest (data),Se queda,,defecto,
4772,archivo,views/sgi_epp_views.xml,addons/quimibond_sgi/views/sgi_epp_views.xml,manifest (data),Se corrige,A-001,coincidencia de nombre en hallazgo,
4773,archivo,views/sgi_external_doc_views.xml,addons/quimibond_sgi/views/sgi_external_doc_views.xml,manifest (data),Se queda,,defecto,
4774,archivo,views/sgi_fmea_views.xml,addons/quimibond_sgi/views/sgi_fmea_views.xml,manifest (data),Sale a otro módulo,A-018,decisión (archivo),
4775,archivo,views/sgi_format_map_views.xml,addons/quimibond_sgi/views/sgi_format_map_views.xml,manifest (data),Se queda,,defecto,
4776,archivo,views/sgi_hierarchy_views.xml,addons/quimibond_sgi/views/sgi_hierarchy_views.xml,manifest (data),Se corrige,B-014 B-015,coincidencia de nombre en hallazgo,
4777,archivo,views/sgi_hse_views.xml,addons/quimibond_sgi/views/sgi_hse_views.xml,manifest (data),Se corrige,I-013,coincidencia de nombre en hallazgo,
4778,archivo,views/sgi_improvement_views.xml,addons/quimibond_sgi/views/sgi_improvement_views.xml,manifest (data),Se queda,,defecto,
4779,archivo,views/sgi_incident_views.xml,addons/quimibond_sgi/views/sgi_incident_views.xml,manifest (data),Se queda,,defecto,
4780,archivo,views/sgi_indicator_formula_views.xml,addons/quimibond_sgi/views/sgi_indicator_formula_views.xml,manifest (data),Se queda,,defecto,
4781,archivo,views/sgi_indicator_plan_views.xml,addons/quimibond_sgi/views/sgi_indicator_plan_views.xml,manifest (data),Se queda,,defecto,
4782,archivo,views/sgi_indicator_trajectory_views.xml,addons/quimibond_sgi/views/sgi_indicator_trajectory_views.xml,manifest (data),Se queda,,defecto,
4783,archivo,views/sgi_indicator_views.xml,addons/quimibond_sgi/views/sgi_indicator_views.xml,manifest (data),Se queda,,defecto,
4784,archivo,views/sgi_integration_views.xml,addons/quimibond_sgi/views/sgi_integration_views.xml,manifest (data),Se queda,,defecto,
4785,archivo,views/sgi_kpi_fields_views.xml,addons/quimibond_sgi/views/sgi_kpi_fields_views.xml,manifest (data),Se queda,,defecto,
4786,archivo,views/sgi_legal_views.xml,addons/quimibond_sgi/views/sgi_legal_views.xml,manifest (data),Se queda,,defecto,
4787,archivo,views/sgi_links_views.xml,addons/quimibond_sgi/views/sgi_links_views.xml,manifest (data),Se queda,,defecto,
4788,archivo,views/sgi_machine_sheet_views.xml,addons/quimibond_sgi/views/sgi_machine_sheet_views.xml,manifest (data),Se queda,,defecto,
4789,archivo,views/sgi_management_review_views.xml,addons/quimibond_sgi/views/sgi_management_review_views.xml,manifest (data),Se queda,,defecto,
4790,archivo,views/sgi_map_hooks_views.xml,addons/quimibond_sgi/views/sgi_map_hooks_views.xml,manifest (data),Se queda,,defecto,
4791,archivo,views/sgi_menus.xml,addons/quimibond_sgi/views/sgi_menus.xml,manifest (data),Se corrige,E-008,coincidencia de nombre en hallazgo,
4792,archivo,views/sgi_mp_change_views.xml,addons/quimibond_sgi/views/sgi_mp_change_views.xml,manifest (data),Se queda,,defecto,
4793,archivo,views/sgi_msa_views.xml,addons/quimibond_sgi/views/sgi_msa_views.xml,manifest (data),Sale a otro módulo,A-018,decisión (archivo),
4794,archivo,views/sgi_my_pending_views.xml,addons/quimibond_sgi/views/sgi_my_pending_views.xml,manifest (data),Se queda,,defecto,
4795,archivo,views/sgi_my_procedure_tab_views.xml,addons/quimibond_sgi/views/sgi_my_procedure_tab_views.xml,manifest (data),Se queda,,defecto,
4796,archivo,views/sgi_my_procedure_views.xml,addons/quimibond_sgi/views/sgi_my_procedure_views.xml,manifest (data),Se corrige,A-001 I-012,coincidencia de nombre en hallazgo,
4797,archivo,views/sgi_nonconformity_views.xml,addons/quimibond_sgi/views/sgi_nonconformity_views.xml,manifest (data),Se corrige,E-012,coincidencia de nombre en hallazgo,
4798,archivo,views/sgi_norm_views.xml,addons/quimibond_sgi/views/sgi_norm_views.xml,manifest (data),Se queda,,defecto,
4799,archivo,views/sgi_objective_views.xml,addons/quimibond_sgi/views/sgi_objective_views.xml,manifest (data),Se queda,,defecto,
4800,archivo,views/sgi_policy_views.xml,addons/quimibond_sgi/views/sgi_policy_views.xml,manifest (data),Se queda,,defecto,
4801,archivo,views/sgi_portal_templates.xml,addons/quimibond_sgi/views/sgi_portal_templates.xml,manifest (data),Se queda,,defecto,
4802,archivo,views/sgi_ppap_views.xml,addons/quimibond_sgi/views/sgi_ppap_views.xml,manifest (data),Sale a otro módulo,A-018,decisión (archivo),
4803,archivo,views/sgi_pr6_views.xml,addons/quimibond_sgi/views/sgi_pr6_views.xml,manifest (data),Se corrige,A-014 I-014,coincidencia de nombre en hallazgo,
4804,archivo,views/sgi_process_procedure_views.xml,addons/quimibond_sgi/views/sgi_process_procedure_views.xml,manifest (data),Se queda,,defecto,
4805,archivo,views/sgi_process_views.xml,addons/quimibond_sgi/views/sgi_process_views.xml,manifest (data),Se corrige,B-002,coincidencia de nombre en hallazgo,
4806,archivo,views/sgi_res_partner_views.xml,addons/quimibond_sgi/views/sgi_res_partner_views.xml,manifest (data),Se corrige,D-001,coincidencia de nombre en hallazgo,
4807,archivo,views/sgi_risk_views.xml,addons/quimibond_sgi/views/sgi_risk_views.xml,manifest (data),Se queda,,defecto,
4808,archivo,views/sgi_sales_budget_views.xml,addons/quimibond_sgi/views/sgi_sales_budget_views.xml,manifest (data),Sale a otro módulo,A-016 B-015,decisión (archivo),
4809,archivo,views/sgi_settings_views.xml,addons/quimibond_sgi/views/sgi_settings_views.xml,manifest (data),Se corrige,A-020,coincidencia de nombre en hallazgo,
4810,archivo,views/sgi_sign_elearning_views.xml,addons/quimibond_sgi/views/sgi_sign_elearning_views.xml,manifest (data),Se queda,,defecto,
4811,archivo,views/sgi_staff_efficiency_views.xml,addons/quimibond_sgi/views/sgi_staff_efficiency_views.xml,manifest (data),Se queda,,defecto,
4812,archivo,views/sgi_structure_views.xml,addons/quimibond_sgi/views/sgi_structure_views.xml,manifest (data),Se queda,,defecto,
4813,archivo,views/sgi_supplier_eval_views.xml,addons/quimibond_sgi/views/sgi_supplier_eval_views.xml,manifest (data),Se queda,,defecto,
4814,archivo,static/description/icon.png,addons/quimibond_sgi/static/description/icon.png,ícono/descr. de la app,Se queda,,defecto,
4815,archivo,static/src/diagram/diagram.js,addons/quimibond_sgi/static/src/diagram/diagram.js,asset web.assets_backend,Se queda,,defecto,
4816,archivo,static/src/diagram/diagram.scss,addons/quimibond_sgi/static/src/diagram/diagram.scss,asset web.assets_backend,Se queda,,defecto,
4817,archivo,static/src/diagram/diagram.xml,addons/quimibond_sgi/static/src/diagram/diagram.xml,asset web.assets_backend,Se queda,,defecto,
4818,archivo,static/src/diagram/diagram_view.js,addons/quimibond_sgi/static/src/diagram/diagram_view.js,asset web.assets_backend,Se queda,,defecto,
4819,archivo,static/src/my_procedure/new_activity_list.js,addons/quimibond_sgi/static/src/my_procedure/new_activity_list.js,asset web.assets_backend,Se corrige,J-014,coincidencia de nombre en hallazgo,
4820,archivo,report/report_8d.xml,addons/quimibond_sgi/report/report_8d.xml,manifest (data),Se queda,,defecto,
4821,archivo,report/report_audit.xml,addons/quimibond_sgi/report/report_audit.xml,manifest (data),Se corrige,J-016,coincidencia de nombre en hallazgo,
4822,archivo,report/report_calibration_label.xml,addons/quimibond_sgi/report/report_calibration_label.xml,manifest (data),Se corrige,C-006,coincidencia de nombre en hallazgo,
4823,archivo,report/report_coa.xml,addons/quimibond_sgi/report/report_coa.xml,manifest (data),Se queda,,defecto,
4824,archivo,report/report_compliance_matrix.xml,addons/quimibond_sgi/report/report_compliance_matrix.xml,manifest (data),Se queda,,defecto,
4825,archivo,report/report_dev_request.xml,addons/quimibond_sgi/report/report_dev_request.xml,manifest (data),Se queda,,defecto,
4826,archivo,report/report_direction.xml,addons/quimibond_sgi/report/report_direction.xml,manifest (data),Se queda,,defecto,
4827,archivo,report/report_doc_change.xml,addons/quimibond_sgi/report/report_doc_change.xml,manifest (data),Se corrige,C-006 D-004,coincidencia de nombre en hallazgo,
4828,archivo,report/report_epp_delivery.xml,addons/quimibond_sgi/report/report_epp_delivery.xml,manifest (data),Se queda,,defecto,
4829,archivo,report/report_fmea.xml,addons/quimibond_sgi/report/report_fmea.xml,manifest (data),Sale a otro módulo,A-018,decisión (archivo),
4830,archivo,report/report_incident.xml,addons/quimibond_sgi/report/report_incident.xml,manifest (data),Se queda,,defecto,
4831,archivo,report/report_knowledge_instruction.xml,addons/quimibond_sgi/report/report_knowledge_instruction.xml,manifest (data),Se queda,,defecto,
4832,archivo,report/report_machine_sheet.xml,addons/quimibond_sgi/report/report_machine_sheet.xml,manifest (data),Se queda,,defecto,
4833,archivo,report/report_master_list.xml,addons/quimibond_sgi/report/report_master_list.xml,manifest (data),Se queda,,defecto,
4834,archivo,report/report_master_list_all.xml,addons/quimibond_sgi/report/report_master_list_all.xml,manifest (data),Se queda,,defecto,
4835,archivo,report/report_mgmt_review.xml,addons/quimibond_sgi/report/report_mgmt_review.xml,manifest (data),Se queda,,defecto,
4836,archivo,report/report_my_procedure.xml,addons/quimibond_sgi/report/report_my_procedure.xml,manifest (data),Se queda,,defecto,
4837,archivo,report/report_nc.xml,addons/quimibond_sgi/report/report_nc.xml,manifest (data),Se queda,,defecto,
4838,archivo,report/report_news.xml,addons/quimibond_sgi/report/report_news.xml,manifest (data),Se queda,,defecto,
4839,archivo,report/report_procedure.xml,addons/quimibond_sgi/report/report_procedure.xml,manifest (data),Se corrige,B-002 C-006,coincidencia de nombre en hallazgo,
4840,archivo,report/report_retention.xml,addons/quimibond_sgi/report/report_retention.xml,manifest (data),Se queda,,defecto,
4841,archivo,report/report_sales_budget.xml,addons/quimibond_sgi/report/report_sales_budget.xml,manifest (data),Sale a otro módulo,A-016,decisión (archivo),
4842,archivo,report/report_sign_sheet.xml,addons/quimibond_sgi/report/report_sign_sheet.xml,manifest (data),Se queda,,defecto,
4843,archivo,report/report_staff_efficiency.xml,addons/quimibond_sgi/report/report_staff_efficiency.xml,manifest (data),Se queda,,defecto,
4844,archivo,report/sgi_format_footer.xml,addons/quimibond_sgi/report/sgi_format_footer.xml,manifest (data),Se queda,,defecto,
4845,archivo,migrations/19.0.30.0.0/post-migrate.py,addons/quimibond_sgi/migrations/19.0.30.0.0/post-migrate.py,migración (Odoo la corre por versión),Se elimina,A-026,decisión (archivo),
4846,archivo,migrations/19.0.14.1.0/pre-migration.py,addons/quimibond_sgi/migrations/19.0.14.1.0/pre-migration.py,migración (Odoo la corre por versión),Se elimina,A-026,decisión (archivo),
4847,archivo,migrations/19.0.38.0.0/post-migrate.py,addons/quimibond_sgi/migrations/19.0.38.0.0/post-migrate.py,migración (Odoo la corre por versión),Se elimina,A-026,decisión (archivo),
4848,archivo,migrations/19.0.56.12.0/post-migrate.py,addons/quimibond_sgi/migrations/19.0.56.12.0/post-migrate.py,migración (Odoo la corre por versión),Se elimina,A-026,decisión (archivo),
4849,archivo,migrations/19.0.35.0.0/post-migrate.py,addons/quimibond_sgi/migrations/19.0.35.0.0/post-migrate.py,migración (Odoo la corre por versión),Se elimina,A-026,decisión (archivo),
4850,archivo,migrations/19.0.34.0.0/post-migrate.py,addons/quimibond_sgi/migrations/19.0.34.0.0/post-migrate.py,migración (Odoo la corre por versión),Se elimina,A-026,decisión (archivo),
4851,archivo,migrations/19.0.54.2.0/pre-migrate.py,addons/quimibond_sgi/migrations/19.0.54.2.0/pre-migrate.py,migración (Odoo la corre por versión),Se elimina,A-026,decisión (archivo),
4852,archivo,migrations/19.0.54.0.0/pre-migrate.py,addons/quimibond_sgi/migrations/19.0.54.0.0/pre-migrate.py,migración (Odoo la corre por versión),Se elimina,A-026,decisión (archivo),
4853,archivo,migrations/19.0.52.0.0/post-migrate.py,addons/quimibond_sgi/migrations/19.0.52.0.0/post-migrate.py,migración (Odoo la corre por versión),Se elimina,A-026,decisión (archivo),
4854,archivo,migrations/19.0.23.2.0/pre-migrate.py,addons/quimibond_sgi/migrations/19.0.23.2.0/pre-migrate.py,migración (Odoo la corre por versión),Se elimina,A-026,decisión (archivo),
4855,archivo,migrations/19.0.56.14.0/post-migrate.py,addons/quimibond_sgi/migrations/19.0.56.14.0/post-migrate.py,migración (Odoo la corre por versión),Se elimina,A-026,decisión (archivo),
4856,archivo,migrations/19.0.56.17.0/post-migrate.py,addons/quimibond_sgi/migrations/19.0.56.17.0/post-migrate.py,migración (Odoo la corre por versión),Se elimina,A-026,decisión (archivo),
4857,archivo,migrations/19.0.56.2.0/post-migrate.py,addons/quimibond_sgi/migrations/19.0.56.2.0/post-migrate.py,migración (Odoo la corre por versión),Se elimina,A-026,decisión (archivo),
4858,archivo,migrations/19.0.46.0.1/post-migrate.py,addons/quimibond_sgi/migrations/19.0.46.0.1/post-migrate.py,migración (Odoo la corre por versión),Se elimina,A-026,decisión (archivo),
4859,archivo,migrations/19.0.56.1.1/post-migrate.py,addons/quimibond_sgi/migrations/19.0.56.1.1/post-migrate.py,migración (Odoo la corre por versión),Se elimina,A-026,decisión (archivo),
4860,archivo,migrations/19.0.30.1.0/post-migrate.py,addons/quimibond_sgi/migrations/19.0.30.1.0/post-migrate.py,migración (Odoo la corre por versión),Se elimina,A-026,decisión (archivo),
4861,archivo,migrations/19.0.56.15.0/pre-migrate.py,addons/quimibond_sgi/migrations/19.0.56.15.0/pre-migrate.py,migración (Odoo la corre por versión),Se elimina,A-026,decisión (archivo),
4862,archivo,migrations/19.0.29.0.0/post-migrate.py,addons/quimibond_sgi/migrations/19.0.29.0.0/post-migrate.py,migración (Odoo la corre por versión),Se elimina,A-026,decisión (archivo),
4863,archivo,migrations/19.0.29.0.0/pre-migrate.py,addons/quimibond_sgi/migrations/19.0.29.0.0/pre-migrate.py,migración (Odoo la corre por versión),Se elimina,A-026,decisión (archivo),
4864,archivo,migrations/19.0.56.8.0/post-migrate.py,addons/quimibond_sgi/migrations/19.0.56.8.0/post-migrate.py,migración (Odoo la corre por versión),Se elimina,A-026,decisión (archivo),
4865,archivo,migrations/19.0.56.11.0/post-migrate.py,addons/quimibond_sgi/migrations/19.0.56.11.0/post-migrate.py,migración (Odoo la corre por versión),Se elimina,A-026,decisión (archivo),
4866,archivo,migrations/19.0.32.0.0/post-migrate.py,addons/quimibond_sgi/migrations/19.0.32.0.0/post-migrate.py,migración (Odoo la corre por versión),Se elimina,A-026,decisión (archivo),
4867,archivo,migrations/19.0.41.0.0/post-migrate.py,addons/quimibond_sgi/migrations/19.0.41.0.0/post-migrate.py,migración (Odoo la corre por versión),Se elimina,A-026,decisión (archivo),
4868,archivo,migrations/19.0.56.16.0/post-migrate.py,addons/quimibond_sgi/migrations/19.0.56.16.0/post-migrate.py,migración (Odoo la corre por versión),Se elimina,A-026,decisión (archivo),
4869,archivo,migrations/19.0.56.22.0/post-migrate.py,addons/quimibond_sgi/migrations/19.0.56.22.0/post-migrate.py,migración (Odoo la corre por versión),Se elimina,A-026,decisión (archivo),
4870,archivo,migrations/19.0.56.19.0/post-migrate.py,addons/quimibond_sgi/migrations/19.0.56.19.0/post-migrate.py,migración (Odoo la corre por versión),Se elimina,A-026,decisión (archivo),
4871,archivo,migrations/19.0.29.2.0/post-migrate.py,addons/quimibond_sgi/migrations/19.0.29.2.0/post-migrate.py,migración (Odoo la corre por versión),Se elimina,A-026,decisión (archivo),
4872,archivo,migrations/19.0.29.2.0/pre-migrate.py,addons/quimibond_sgi/migrations/19.0.29.2.0/pre-migrate.py,migración (Odoo la corre por versión),Se elimina,A-026,decisión (archivo),
4873,archivo,migrations/19.0.47.1.0/post-migrate.py,addons/quimibond_sgi/migrations/19.0.47.1.0/post-migrate.py,migración (Odoo la corre por versión),Se elimina,A-026,decisión (archivo),
4874,archivo,migrations/19.0.51.0.0/post-migrate.py,addons/quimibond_sgi/migrations/19.0.51.0.0/post-migrate.py,migración (Odoo la corre por versión),Se elimina,A-026,decisión (archivo),
4875,archivo,migrations/19.0.32.0.2/post-migrate.py,addons/quimibond_sgi/migrations/19.0.32.0.2/post-migrate.py,migración (Odoo la corre por versión),Se elimina,A-026,decisión (archivo),
4876,archivo,migrations/19.0.13.7.0/post-migration.py,addons/quimibond_sgi/migrations/19.0.13.7.0/post-migration.py,migración (Odoo la corre por versión),Se elimina,A-026,decisión (archivo),
4877,archivo,migrations/19.0.56.7.0/post-migrate.py,addons/quimibond_sgi/migrations/19.0.56.7.0/post-migrate.py,migración (Odoo la corre por versión),Se elimina,A-026,decisión (archivo),
4878,archivo,migrations/19.0.56.9.0/post-migrate.py,addons/quimibond_sgi/migrations/19.0.56.9.0/post-migrate.py,migración (Odoo la corre por versión),Se elimina,A-026,decisión (archivo),
4879,archivo,migrations/19.0.53.5.0/post-migrate.py,addons/quimibond_sgi/migrations/19.0.53.5.0/post-migrate.py,migración (Odoo la corre por versión),Se elimina,A-026,decisión (archivo),
4880,archivo,migrations/19.0.56.20.0/post-migrate.py,addons/quimibond_sgi/migrations/19.0.56.20.0/post-migrate.py,migración (Odoo la corre por versión),Se elimina,A-026,decisión (archivo),
4881,archivo,migrations/19.0.49.0.0/post-migrate.py,addons/quimibond_sgi/migrations/19.0.49.0.0/post-migrate.py,migración (Odoo la corre por versión),Se elimina,A-026,decisión (archivo),
4882,archivo,migrations/19.0.56.24.0/post-migrate.py,addons/quimibond_sgi/migrations/19.0.56.24.0/post-migrate.py,migración (Odoo la corre por versión),Se elimina,A-026,decisión (archivo),
4883,archivo,migrations/19.0.54.1.0/pre-migrate.py,addons/quimibond_sgi/migrations/19.0.54.1.0/pre-migrate.py,migración (Odoo la corre por versión),Se elimina,A-026,decisión (archivo),
4884,archivo,migrations/19.0.55.0.0/pre-migrate.py,addons/quimibond_sgi/migrations/19.0.55.0.0/pre-migrate.py,migración (Odoo la corre por versión),Se elimina,A-026,decisión (archivo),
4885,archivo,migrations/19.0.45.0.2/post-migrate.py,addons/quimibond_sgi/migrations/19.0.45.0.2/post-migrate.py,migración (Odoo la corre por versión),Se elimina,A-026,decisión (archivo),
4886,archivo,models/__init__.py,addons/quimibond_sgi/models/__init__.py,arranque,Se corrige,B-004,coincidencia de nombre en hallazgo,
4887,archivo,models/sgi_activity_spec.py,addons/quimibond_sgi/models/sgi_activity_spec.py,importado,Se corrige,G-002 G-008 G-016,coincidencia de nombre en hallazgo,
4888,archivo,models/sgi_alert_source.py,addons/quimibond_sgi/models/sgi_alert_source.py,importado,Se queda,,defecto,
4889,archivo,models/sgi_approval_native.py,addons/quimibond_sgi/models/sgi_approval_native.py,importado,Se queda,A-010,coincidencia de nombre en hallazgo,
4890,archivo,models/sgi_archived_filters.py,addons/quimibond_sgi/models/sgi_archived_filters.py,importado,Se corrige,I-004 I-022,coincidencia de nombre en hallazgo,
4891,archivo,models/sgi_area.py,addons/quimibond_sgi/models/sgi_area.py,importado,Se queda,,defecto,
4892,archivo,models/sgi_audit.py,addons/quimibond_sgi/models/sgi_audit.py,importado,Se corrige,D-013,coincidencia de nombre en hallazgo,
4893,archivo,models/sgi_base.py,addons/quimibond_sgi/models/sgi_base.py,importado,Se queda,,defecto,
4894,archivo,models/sgi_budget_analytic.py,addons/quimibond_sgi/models/sgi_budget_analytic.py,importado,Sale a otro módulo,A-016,decisión (archivo),
4895,archivo,models/sgi_business_line.py,addons/quimibond_sgi/models/sgi_business_line.py,importado,Se queda,,defecto,
4896,archivo,models/sgi_calendar.py,addons/quimibond_sgi/models/sgi_calendar.py,importado,Se queda,,defecto,
4897,archivo,models/sgi_calibration.py,addons/quimibond_sgi/models/sgi_calibration.py,importado,Se queda,,defecto,
4898,archivo,models/sgi_catalog.py,addons/quimibond_sgi/models/sgi_catalog.py,importado,Se corrige,G-023,coincidencia de nombre en hallazgo,
4899,archivo,models/sgi_checklist.py,addons/quimibond_sgi/models/sgi_checklist.py,importado,Se corrige,F-018 I-005,coincidencia de nombre en hallazgo,
4900,archivo,models/sgi_cleanup.py,addons/quimibond_sgi/models/sgi_cleanup.py,importado,Se corrige,B-004 J-002,coincidencia de nombre en hallazgo,
4901,archivo,models/sgi_coa.py,addons/quimibond_sgi/models/sgi_coa.py,importado,Se queda,,defecto,
4902,archivo,models/sgi_competence.py,addons/quimibond_sgi/models/sgi_competence.py,importado,Se queda,,defecto,
4903,archivo,models/sgi_complaint.py,addons/quimibond_sgi/models/sgi_complaint.py,importado,Se queda,,defecto,
4904,archivo,models/sgi_context.py,addons/quimibond_sgi/models/sgi_context.py,importado,Se queda,,defecto,
4905,archivo,models/sgi_control_plan.py,addons/quimibond_sgi/models/sgi_control_plan.py,importado,Se queda,,defecto,
4906,archivo,models/sgi_cron.py,addons/quimibond_sgi/models/sgi_cron.py,importado,Se corrige,F-008 G-004 G-005 G-006 I-003,coincidencia de nombre en hallazgo,
4907,archivo,models/sgi_customer_reply.py,addons/quimibond_sgi/models/sgi_customer_reply.py,importado,Se queda,,defecto,
4908,archivo,models/sgi_deliverable.py,addons/quimibond_sgi/models/sgi_deliverable.py,importado,Se queda,,defecto,
4909,archivo,models/sgi_dev_request.py,addons/quimibond_sgi/models/sgi_dev_request.py,importado,Se queda,,defecto,
4910,archivo,models/sgi_diagnostic.py,addons/quimibond_sgi/models/sgi_diagnostic.py,importado,Se corrige,A-019 I-009,coincidencia de nombre en hallazgo,
4911,archivo,models/sgi_diagram.py,addons/quimibond_sgi/models/sgi_diagram.py,importado,Se queda,,defecto,
4912,archivo,models/sgi_diagram_iso.py,addons/quimibond_sgi/models/sgi_diagram_iso.py,importado,Se queda,,defecto,
4913,archivo,models/sgi_diagram_view.py,addons/quimibond_sgi/models/sgi_diagram_view.py,importado,Se queda,,defecto,
4914,archivo,models/sgi_direction_board.py,addons/quimibond_sgi/models/sgi_direction_board.py,importado,Se queda,,defecto,
4915,archivo,models/sgi_doc_change.py,addons/quimibond_sgi/models/sgi_doc_change.py,importado,Se queda,,defecto,
4916,archivo,models/sgi_doc_change_sign.py,addons/quimibond_sgi/models/sgi_doc_change_sign.py,importado,Se queda,,defecto,
4917,archivo,models/sgi_document.py,addons/quimibond_sgi/models/sgi_document.py,importado,Se corrige,C-001,coincidencia de nombre en hallazgo,
4918,archivo,models/sgi_emergency.py,addons/quimibond_sgi/models/sgi_emergency.py,importado,Se queda,,defecto,
4919,archivo,models/sgi_epp.py,addons/quimibond_sgi/models/sgi_epp.py,importado,Se queda,,defecto,
4920,archivo,models/sgi_epp_sign.py,addons/quimibond_sgi/models/sgi_epp_sign.py,importado,Se queda,,defecto,
4921,archivo,models/sgi_exec_stat.py,addons/quimibond_sgi/models/sgi_exec_stat.py,importado,Se queda,,defecto,
4922,archivo,models/sgi_external_doc.py,addons/quimibond_sgi/models/sgi_external_doc.py,importado,Se queda,,defecto,
4923,archivo,models/sgi_fmea.py,addons/quimibond_sgi/models/sgi_fmea.py,importado,Sale a otro módulo,A-018,decisión (archivo),
4924,archivo,models/sgi_format_map.py,addons/quimibond_sgi/models/sgi_format_map.py,importado,Se corrige,A-003 A-006 A-020 A-022 B-001 F-008,coincidencia de nombre en hallazgo,
4925,archivo,models/sgi_groups_cleanup.py,addons/quimibond_sgi/models/sgi_groups_cleanup.py,importado,Se elimina,B-005,decisión (archivo),
4926,archivo,models/sgi_hierarchy.py,addons/quimibond_sgi/models/sgi_hierarchy.py,importado,Se queda,,defecto,
4927,archivo,models/sgi_hse_records.py,addons/quimibond_sgi/models/sgi_hse_records.py,importado,Se corrige,F-004 I-013,coincidencia de nombre en hallazgo,
4928,archivo,models/sgi_improvement.py,addons/quimibond_sgi/models/sgi_improvement.py,importado,Se queda,,defecto,
4929,archivo,models/sgi_incident.py,addons/quimibond_sgi/models/sgi_incident.py,importado,Se queda,F-009,coincidencia de nombre en hallazgo,
4930,archivo,models/sgi_indicator.py,addons/quimibond_sgi/models/sgi_indicator.py,importado,Se corrige,A-019 D-013,coincidencia de nombre en hallazgo,
4931,archivo,models/sgi_indicator_detail.py,addons/quimibond_sgi/models/sgi_indicator_detail.py,importado,Se corrige,A-019,coincidencia de nombre en hallazgo,
4932,archivo,models/sgi_indicator_formula.py,addons/quimibond_sgi/models/sgi_indicator_formula.py,importado,Se queda,,defecto,
4933,archivo,models/sgi_indicator_i3.py,addons/quimibond_sgi/models/sgi_indicator_i3.py,importado,Se queda,,defecto,
4934,archivo,models/sgi_indicator_p21.py,addons/quimibond_sgi/models/sgi_indicator_p21.py,importado,Se queda,,defecto,
4935,archivo,models/sgi_indicator_plan.py,addons/quimibond_sgi/models/sgi_indicator_plan.py,importado,Se queda,,defecto,
4936,archivo,models/sgi_indicator_trajectory.py,addons/quimibond_sgi/models/sgi_indicator_trajectory.py,importado,Se queda,,defecto,
4937,archivo,models/sgi_instruction_knowledge.py,addons/quimibond_sgi/models/sgi_instruction_knowledge.py,importado,Se queda,A-014,coincidencia de nombre en hallazgo,
4938,archivo,models/sgi_integration.py,addons/quimibond_sgi/models/sgi_integration.py,importado,Se corrige,E-008,coincidencia de nombre en hallazgo,
4939,archivo,models/sgi_kpi_fields.py,addons/quimibond_sgi/models/sgi_kpi_fields.py,importado,Se corrige,A-017 A-022 F-015,coincidencia de nombre en hallazgo,
4940,archivo,models/sgi_legal.py,addons/quimibond_sgi/models/sgi_legal.py,importado,Se queda,,defecto,
4941,archivo,models/sgi_links.py,addons/quimibond_sgi/models/sgi_links.py,importado,Se queda,,defecto,
4942,archivo,models/sgi_load.py,addons/quimibond_sgi/models/sgi_load.py,importado,Se queda,,defecto,
4943,archivo,models/sgi_load_wizard.py,addons/quimibond_sgi/models/sgi_load_wizard.py,importado,Se queda,,defecto,
4944,archivo,models/sgi_machine_sheet.py,addons/quimibond_sgi/models/sgi_machine_sheet.py,importado,Se queda,,defecto,
4945,archivo,models/sgi_management_review.py,addons/quimibond_sgi/models/sgi_management_review.py,importado,Se queda,,defecto,
4946,archivo,models/sgi_mp_change.py,addons/quimibond_sgi/models/sgi_mp_change.py,importado,Se corrige,F-005,coincidencia de nombre en hallazgo,
4947,archivo,models/sgi_msa.py,addons/quimibond_sgi/models/sgi_msa.py,importado,Sale a otro módulo,A-018,decisión (archivo),
4948,archivo,models/sgi_my_pending.py,addons/quimibond_sgi/models/sgi_my_pending.py,importado,Se corrige,F-007 G-001 I-001 I-004,coincidencia de nombre en hallazgo,
4949,archivo,models/sgi_my_procedure.py,addons/quimibond_sgi/models/sgi_my_procedure.py,importado,Se queda,,defecto,
4950,archivo,models/sgi_my_procedure_screen.py,addons/quimibond_sgi/models/sgi_my_procedure_screen.py,importado,Se corrige,F-007 G-001 G-015 I-022,coincidencia de nombre en hallazgo,
4951,archivo,models/sgi_my_procedure_sign.py,addons/quimibond_sgi/models/sgi_my_procedure_sign.py,importado,Se queda,,defecto,
4952,archivo,models/sgi_nonconformity.py,addons/quimibond_sgi/models/sgi_nonconformity.py,importado,Se queda,,defecto,
4953,archivo,models/sgi_norm.py,addons/quimibond_sgi/models/sgi_norm.py,importado,Se queda,,defecto,
4954,archivo,models/sgi_norm_compliance.py,addons/quimibond_sgi/models/sgi_norm_compliance.py,importado,Se queda,,defecto,
4955,archivo,models/sgi_objective.py,addons/quimibond_sgi/models/sgi_objective.py,importado,Se queda,,defecto,
4956,archivo,models/sgi_policy.py,addons/quimibond_sgi/models/sgi_policy.py,importado,Se queda,,defecto,
4957,archivo,models/sgi_ppap.py,addons/quimibond_sgi/models/sgi_ppap.py,importado,Sale a otro módulo,A-018,decisión (archivo),
4958,archivo,models/sgi_process.py,addons/quimibond_sgi/models/sgi_process.py,importado,Se corrige,B-004 C-001,coincidencia de nombre en hallazgo,
4959,archivo,models/sgi_process_procedure.py,addons/quimibond_sgi/models/sgi_process_procedure.py,importado,Se corrige,G-002 G-003,coincidencia de nombre en hallazgo,
4960,archivo,models/sgi_release.py,addons/quimibond_sgi/models/sgi_release.py,importado,Se queda,,defecto,
4961,archivo,models/sgi_risk.py,addons/quimibond_sgi/models/sgi_risk.py,importado,Se queda,,defecto,
4962,archivo,models/sgi_sale_commitment.py,addons/quimibond_sgi/models/sgi_sale_commitment.py,importado,Se queda,,defecto,
4963,archivo,models/sgi_sales_budget.py,addons/quimibond_sgi/models/sgi_sales_budget.py,importado,Sale a otro módulo,A-016,decisión (archivo),
4964,archivo,models/sgi_sales_budget_import.py,addons/quimibond_sgi/models/sgi_sales_budget_import.py,importado,Sale a otro módulo,A-016,decisión (archivo),
4965,archivo,models/sgi_sales_budget_line.py,addons/quimibond_sgi/models/sgi_sales_budget_line.py,importado,Sale a otro módulo,A-016,decisión (archivo),
4966,archivo,models/sgi_settings.py,addons/quimibond_sgi/models/sgi_settings.py,importado,Se corrige,A-020,coincidencia de nombre en hallazgo,
4967,archivo,models/sgi_sign_builder.py,addons/quimibond_sgi/models/sgi_sign_builder.py,importado,Se queda,,defecto,
4968,archivo,models/sgi_sign_elearning.py,addons/quimibond_sgi/models/sgi_sign_elearning.py,importado,Se corrige,G-002,coincidencia de nombre en hallazgo,
4969,archivo,models/sgi_sign_record.py,addons/quimibond_sgi/models/sgi_sign_record.py,importado,Se corrige,F-003 I-014,coincidencia de nombre en hallazgo,
4970,archivo,models/sgi_staff_efficiency.py,addons/quimibond_sgi/models/sgi_staff_efficiency.py,importado,Se corrige,F-004 I-013,coincidencia de nombre en hallazgo,
4971,archivo,models/sgi_structure.py,addons/quimibond_sgi/models/sgi_structure.py,importado,Se corrige,D-013,coincidencia de nombre en hallazgo,
4972,archivo,models/sgi_supplier_eval.py,addons/quimibond_sgi/models/sgi_supplier_eval.py,importado,Se queda,,defecto,
4973,archivo,models/sgi_supplier_nc.py,addons/quimibond_sgi/models/sgi_supplier_nc.py,importado,Se corrige,F-006,coincidencia de nombre en hallazgo,
4974,archivo,tests/__init__.py,addons/quimibond_sgi/tests/__init__.py,arranque,Se corrige,J-005,coincidencia de nombre en hallazgo,
4975,archivo,tests/common_accounts.py,addons/quimibond_sgi/tests/common_accounts.py,helper de tests,Se queda,,defecto,
4976,archivo,tests/common_calendar.py,addons/quimibond_sgi/tests/common_calendar.py,helper de tests,Se queda,,defecto,
4977,archivo,tests/common_documents.py,addons/quimibond_sgi/tests/common_documents.py,helper de tests,Se queda,,defecto,
4978,archivo,tests/common_users.py,addons/quimibond_sgi/tests/common_users.py,helper de tests,Se queda,,defecto,
4979,archivo,tests/test_acks.py,addons/quimibond_sgi/tests/test_acks.py,test registrado,Se queda,,10-calidad/pruebas,
4980,archivo,tests/test_alert_source.py,addons/quimibond_sgi/tests/test_alert_source.py,test registrado,Se queda,,10-calidad/pruebas,
4981,archivo,tests/test_approval_native.py,addons/quimibond_sgi/tests/test_approval_native.py,test registrado,Se queda,,10-calidad/pruebas,
4982,archivo,tests/test_archived_filters.py,addons/quimibond_sgi/tests/test_archived_filters.py,test registrado,Se queda,,10-calidad/pruebas,
4983,archivo,tests/test_audit.py,addons/quimibond_sgi/tests/test_audit.py,test registrado,Se queda,,10-calidad/pruebas,
4984,archivo,tests/test_audit_hardening.py,addons/quimibond_sgi/tests/test_audit_hardening.py,test registrado,Se queda,,10-calidad/pruebas,
4985,archivo,tests/test_audit_pr3.py,addons/quimibond_sgi/tests/test_audit_pr3.py,test registrado,Se queda,,10-calidad/pruebas,
4986,archivo,tests/test_business_line.py,addons/quimibond_sgi/tests/test_business_line.py,test registrado,Se queda,,10-calidad/pruebas,
4987,archivo,tests/test_calibration.py,addons/quimibond_sgi/tests/test_calibration.py,test registrado,Se queda,,10-calidad/pruebas,
4988,archivo,tests/test_capture_reply.py,addons/quimibond_sgi/tests/test_capture_reply.py,test registrado,Se queda,,10-calidad/pruebas,
4989,archivo,tests/test_catalog_fase1.py,addons/quimibond_sgi/tests/test_catalog_fase1.py,test registrado,Se queda,,10-calidad/pruebas,
4990,archivo,tests/test_cleanup_45.py,addons/quimibond_sgi/tests/test_cleanup_45.py,test registrado,Se corrige,B-004 J-002,10-calidad/pruebas,
4991,archivo,tests/test_cleanup_b10.py,addons/quimibond_sgi/tests/test_cleanup_b10.py,test registrado,Se corrige,B-006,10-calidad/pruebas,
4992,archivo,tests/test_coa.py,addons/quimibond_sgi/tests/test_coa.py,test registrado,Se corrige,A-018,10-calidad/pruebas,
4993,archivo,tests/test_competence.py,addons/quimibond_sgi/tests/test_competence.py,test registrado,Se queda,,10-calidad/pruebas,
4994,archivo,tests/test_diagnostic_otd.py,addons/quimibond_sgi/tests/test_diagnostic_otd.py,test registrado,Se queda,,10-calidad/pruebas,
4995,archivo,tests/test_diagram_iso.py,addons/quimibond_sgi/tests/test_diagram_iso.py,test registrado,Se queda,,10-calidad/pruebas,
4996,archivo,tests/test_diagram_view.py,addons/quimibond_sgi/tests/test_diagram_view.py,test registrado,Se queda,,10-calidad/pruebas,
4997,archivo,tests/test_doc_change.py,addons/quimibond_sgi/tests/test_doc_change.py,test registrado,Se queda,,10-calidad/pruebas,
4998,archivo,tests/test_doc_change_sign.py,addons/quimibond_sgi/tests/test_doc_change_sign.py,test registrado,Se queda,,10-calidad/pruebas,
4999,archivo,tests/test_due_long.py,addons/quimibond_sgi/tests/test_due_long.py,test registrado,Se queda,,10-calidad/pruebas,
5000,archivo,tests/test_epp.py,addons/quimibond_sgi/tests/test_epp.py,test registrado,Se queda,,10-calidad/pruebas,
5001,archivo,tests/test_escalate_nc.py,addons/quimibond_sgi/tests/test_escalate_nc.py,test registrado,Se queda,,10-calidad/pruebas,
5002,archivo,tests/test_excel_migration.py,addons/quimibond_sgi/tests/test_excel_migration.py,test registrado,Se queda,,10-calidad/pruebas,
5003,archivo,tests/test_expansion_kpis.py,addons/quimibond_sgi/tests/test_expansion_kpis.py,test registrado,Se corrige,B-001 B-010,10-calidad/pruebas,
5004,archivo,tests/test_external_doc.py,addons/quimibond_sgi/tests/test_external_doc.py,test registrado,Se queda,,10-calidad/pruebas,
5005,archivo,tests/test_fase10.py,addons/quimibond_sgi/tests/test_fase10.py,test registrado,Se queda,,10-calidad/pruebas,
5006,archivo,tests/test_fase7.py,addons/quimibond_sgi/tests/test_fase7.py,test registrado,Se corrige,A-018,10-calidad/pruebas,
5007,archivo,tests/test_fase8.py,addons/quimibond_sgi/tests/test_fase8.py,test registrado,Se corrige,B-009,10-calidad/pruebas,
5008,archivo,tests/test_fase9.py,addons/quimibond_sgi/tests/test_fase9.py,test registrado,Se queda,,10-calidad/pruebas,
5009,archivo,tests/test_flows_48.py,addons/quimibond_sgi/tests/test_flows_48.py,test registrado,Se corrige,A-003 B-001,10-calidad/pruebas,
5010,archivo,tests/test_fmea.py,addons/quimibond_sgi/tests/test_fmea.py,test registrado,Sale a otro módulo,A-018,decisión (archivo),
5011,archivo,tests/test_hierarchy.py,addons/quimibond_sgi/tests/test_hierarchy.py,test registrado,Se corrige,B-014,10-calidad/pruebas,
5012,archivo,tests/test_hse_records.py,addons/quimibond_sgi/tests/test_hse_records.py,test registrado,Se queda,,10-calidad/pruebas,
5013,archivo,tests/test_incident.py,addons/quimibond_sgi/tests/test_incident.py,test registrado,Se queda,,10-calidad/pruebas,
5014,archivo,tests/test_indicator_detail.py,addons/quimibond_sgi/tests/test_indicator_detail.py,test registrado,Se queda,,10-calidad/pruebas,
5015,archivo,tests/test_indicator_formula.py,addons/quimibond_sgi/tests/test_indicator_formula.py,test registrado,Se corrige,A-004,10-calidad/pruebas,
5016,archivo,tests/test_indicator_i3.py,addons/quimibond_sgi/tests/test_indicator_i3.py,test registrado,Se queda,,10-calidad/pruebas,
5017,archivo,tests/test_indicator_p21.py,addons/quimibond_sgi/tests/test_indicator_p21.py,test registrado,Se queda,,10-calidad/pruebas,
5018,archivo,tests/test_indicator_plan.py,addons/quimibond_sgi/tests/test_indicator_plan.py,test registrado,Se queda,,10-calidad/pruebas,
5019,archivo,tests/test_indicator_trajectory.py,addons/quimibond_sgi/tests/test_indicator_trajectory.py,test registrado,Se queda,,10-calidad/pruebas,
5020,archivo,tests/test_indicators.py,addons/quimibond_sgi/tests/test_indicators.py,test registrado,Se queda,,10-calidad/pruebas,
5021,archivo,tests/test_kpi20.py,addons/quimibond_sgi/tests/test_kpi20.py,test registrado,Se corrige,B-001 B-010,10-calidad/pruebas,
5022,archivo,tests/test_kpi_fase4.py,addons/quimibond_sgi/tests/test_kpi_fase4.py,test registrado,Se corrige,B-010,10-calidad/pruebas,
5023,archivo,tests/test_kpi_fields.py,addons/quimibond_sgi/tests/test_kpi_fields.py,test registrado,Se corrige,A-017,10-calidad/pruebas,
5024,archivo,tests/test_links.py,addons/quimibond_sgi/tests/test_links.py,test registrado,Se queda,,10-calidad/pruebas,
5025,archivo,tests/test_mgmt_review.py,addons/quimibond_sgi/tests/test_mgmt_review.py,test registrado,Se queda,,10-calidad/pruebas,
5026,archivo,tests/test_mp_change.py,addons/quimibond_sgi/tests/test_mp_change.py,test registrado,Se queda,,10-calidad/pruebas,
5027,archivo,tests/test_my_pending.py,addons/quimibond_sgi/tests/test_my_pending.py,test registrado,Se queda,,10-calidad/pruebas,
5028,archivo,tests/test_my_procedure.py,addons/quimibond_sgi/tests/test_my_procedure.py,test registrado,Se queda,,10-calidad/pruebas,
5029,archivo,tests/test_my_procedure_sign.py,addons/quimibond_sgi/tests/test_my_procedure_sign.py,test registrado,Se queda,,10-calidad/pruebas,
5030,archivo,tests/test_my_procedure_ui.py,addons/quimibond_sgi/tests/test_my_procedure_ui.py,test registrado,Se queda,,10-calidad/pruebas,
5031,archivo,tests/test_mywork.py,addons/quimibond_sgi/tests/test_mywork.py,test registrado,Se queda,,10-calidad/pruebas,
5032,archivo,tests/test_nc_deadlines.py,addons/quimibond_sgi/tests/test_nc_deadlines.py,test registrado,Se queda,,10-calidad/pruebas,
5033,archivo,tests/test_nc_flow.py,addons/quimibond_sgi/tests/test_nc_flow.py,test registrado,Se queda,,10-calidad/pruebas,
5034,archivo,tests/test_nc_origins.py,addons/quimibond_sgi/tests/test_nc_origins.py,test registrado,Se queda,,10-calidad/pruebas,
5035,archivo,tests/test_norm_compliance.py,addons/quimibond_sgi/tests/test_norm_compliance.py,test registrado,Se queda,,10-calidad/pruebas,
5036,archivo,tests/test_ola0.py,addons/quimibond_sgi/tests/test_ola0.py,test registrado,Se queda,,10-calidad/pruebas,
5037,archivo,tests/test_ola1.py,addons/quimibond_sgi/tests/test_ola1.py,test registrado,Se queda,,10-calidad/pruebas,
5038,archivo,tests/test_ola2.py,addons/quimibond_sgi/tests/test_ola2.py,test registrado,Se corrige,B-001,10-calidad/pruebas,
5039,archivo,tests/test_ola_a_procedure.py,addons/quimibond_sgi/tests/test_ola_a_procedure.py,test registrado,Se queda,,10-calidad/pruebas,
5040,archivo,tests/test_ola_a_security.py,addons/quimibond_sgi/tests/test_ola_a_security.py,test registrado,Se corrige,A-018,10-calidad/pruebas,
5041,archivo,tests/test_ola_b.py,addons/quimibond_sgi/tests/test_ola_b.py,test registrado,Se queda,,10-calidad/pruebas,
5042,archivo,tests/test_ola_certificable.py,addons/quimibond_sgi/tests/test_ola_certificable.py,test registrado,Se corrige,B-010,10-calidad/pruebas,
5043,archivo,tests/test_pegamento.py,addons/quimibond_sgi/tests/test_pegamento.py,test registrado,Se queda,,10-calidad/pruebas,
5044,archivo,tests/test_perm_auditor.py,addons/quimibond_sgi/tests/test_perm_auditor.py,test registrado,Se queda,,10-calidad/pruebas,
5045,archivo,tests/test_perm_groups.py,addons/quimibond_sgi/tests/test_perm_groups.py,test registrado,Se elimina,B-005,decisión (archivo),
5046,archivo,tests/test_ppap.py,addons/quimibond_sgi/tests/test_ppap.py,test registrado,Sale a otro módulo,A-018,decisión (archivo),
5047,archivo,tests/test_pr4_docs_legal.py,addons/quimibond_sgi/tests/test_pr4_docs_legal.py,test registrado,Se queda,,10-calidad/pruebas,
5048,archivo,tests/test_pr5_direction.py,addons/quimibond_sgi/tests/test_pr5_direction.py,test registrado,Se corrige,B-010,10-calidad/pruebas,
5049,archivo,tests/test_pr6_external.py,addons/quimibond_sgi/tests/test_pr6_external.py,test registrado,Se queda,,10-calidad/pruebas,
5050,archivo,tests/test_pr7_replaces.py,addons/quimibond_sgi/tests/test_pr7_replaces.py,test registrado,Se queda,,10-calidad/pruebas,
5051,archivo,tests/test_procedure.py,addons/quimibond_sgi/tests/test_procedure.py,test registrado,Se corrige,A-003 B-002,10-calidad/pruebas,
5052,archivo,tests/test_process_map.py,addons/quimibond_sgi/tests/test_process_map.py,test registrado,Se corrige,A-003,10-calidad/pruebas,
5053,archivo,tests/test_process_map_46.py,addons/quimibond_sgi/tests/test_process_map_46.py,test registrado,Se corrige,A-003,10-calidad/pruebas,
5054,archivo,tests/test_release.py,addons/quimibond_sgi/tests/test_release.py,test registrado,Se queda,,10-calidad/pruebas,
5055,archivo,tests/test_retro_vinculacion.py,addons/quimibond_sgi/tests/test_retro_vinculacion.py,test registrado,Se corrige,A-030,10-calidad/pruebas,
5056,archivo,tests/test_risk.py,addons/quimibond_sgi/tests/test_risk.py,test registrado,Se queda,,10-calidad/pruebas,
5057,archivo,tests/test_role_audit.py,addons/quimibond_sgi/tests/test_role_audit.py,test registrado,Se queda,,10-calidad/pruebas,
5058,archivo,tests/test_sales_budget.py,addons/quimibond_sgi/tests/test_sales_budget.py,test registrado,Sale a otro módulo,A-016,decisión (archivo),
5059,archivo,tests/test_sgi_format_map.py,addons/quimibond_sgi/tests/test_sgi_format_map.py,test registrado,Se queda,,10-calidad/pruebas,
5060,archivo,tests/test_sign_builder.py,addons/quimibond_sgi/tests/test_sign_builder.py,test registrado,Se queda,,10-calidad/pruebas,
5061,archivo,tests/test_sign_elearning.py,addons/quimibond_sgi/tests/test_sign_elearning.py,test registrado,Se corrige,B-017,10-calidad/pruebas,
5062,archivo,tests/test_spec.py,addons/quimibond_sgi/tests/test_spec.py,test registrado,Se queda,,10-calidad/pruebas,
5063,archivo,tests/test_structure.py,addons/quimibond_sgi/tests/test_structure.py,test registrado,Se queda,,10-calidad/pruebas,
5064,archivo,tests/test_structure_sgi.py,addons/quimibond_sgi/tests/test_structure_sgi.py,test registrado,Se queda,,10-calidad/pruebas,
5065,archivo,tests/test_view_file.py,addons/quimibond_sgi/tests/test_view_file.py,test registrado,Se queda,,10-calidad/pruebas,
5066,archivo,data/sgi_alert_source_data.xml,addons/quimibond_sgi/data/sgi_alert_source_data.xml,manifest (data),Se queda,,defecto,
5067,archivo,data/sgi_approval_cron.xml,addons/quimibond_sgi/data/sgi_approval_cron.xml,manifest (data),Se queda,,defecto,
5068,archivo,data/sgi_areas.xml,addons/quimibond_sgi/data/sgi_areas.xml,manifest (data),Se queda,,defecto,
5069,archivo,data/sgi_audit_data.xml,addons/quimibond_sgi/data/sgi_audit_data.xml,manifest (data),Se corrige,B-009,coincidencia de nombre en hallazgo,
5070,archivo,data/sgi_checklist_cron.xml,addons/quimibond_sgi/data/sgi_checklist_cron.xml,manifest (data),Se queda,,defecto,
5071,archivo,data/sgi_coa_data.xml,addons/quimibond_sgi/data/sgi_coa_data.xml,manifest (data),Se queda,,defecto,
5072,archivo,data/sgi_control_plans_fase4.xml,addons/quimibond_sgi/data/sgi_control_plans_fase4.xml,manifest (data),Se queda,,defecto,
5073,archivo,data/sgi_cron.xml,addons/quimibond_sgi/data/sgi_cron.xml,manifest (data),Se queda,,defecto,
5074,archivo,data/sgi_cron_fase2.xml,addons/quimibond_sgi/data/sgi_cron_fase2.xml,manifest (data),Se queda,,defecto,
5075,archivo,data/sgi_cron_fase3.xml,addons/quimibond_sgi/data/sgi_cron_fase3.xml,manifest (data),Se queda,,defecto,
5076,archivo,data/sgi_cumplimiento_data.xml,addons/quimibond_sgi/data/sgi_cumplimiento_data.xml,manifest (data),Se queda,,defecto,
5077,archivo,data/sgi_dnc_survey.xml,addons/quimibond_sgi/data/sgi_dnc_survey.xml,manifest (data),Se queda,,defecto,
5078,archivo,data/sgi_doc_change_sign_data.xml,addons/quimibond_sgi/data/sgi_doc_change_sign_data.xml,manifest (data),Se queda,,defecto,
5079,archivo,data/sgi_document_types.xml,addons/quimibond_sgi/data/sgi_document_types.xml,manifest (data),Se queda,C-007,coincidencia de nombre en hallazgo,
5080,archivo,data/sgi_dyd_data.xml,addons/quimibond_sgi/data/sgi_dyd_data.xml,manifest (data),Se corrige,A-012,coincidencia de nombre en hallazgo,
5081,archivo,data/sgi_epp_data.xml,addons/quimibond_sgi/data/sgi_epp_data.xml,manifest (data),Se queda,,defecto,
5082,archivo,data/sgi_expansion_data.xml,addons/quimibond_sgi/data/sgi_expansion_data.xml,manifest (data),Se corrige,A-001,coincidencia de nombre en hallazgo,
5083,archivo,data/sgi_fase7_data.xml,addons/quimibond_sgi/data/sgi_fase7_data.xml,manifest (data),Se queda,,defecto,
5084,archivo,data/sgi_fase8_data.xml,addons/quimibond_sgi/data/sgi_fase8_data.xml,manifest (data),Se queda,,defecto,
5085,archivo,data/sgi_format_map_data.xml,addons/quimibond_sgi/data/sgi_format_map_data.xml,manifest (data),Se corrige,C-006,coincidencia de nombre en hallazgo,
5086,archivo,data/sgi_helpdesk_interno.xml,addons/quimibond_sgi/data/sgi_helpdesk_interno.xml,manifest (data),Se queda,,defecto,
5087,archivo,data/sgi_indicator_formula_data.xml,addons/quimibond_sgi/data/sgi_indicator_formula_data.xml,manifest (data),Sale a otro módulo,A-001 A-004,decisión (archivo),
5088,archivo,data/sgi_indicators_data.xml,addons/quimibond_sgi/data/sgi_indicators_data.xml,manifest (data),Se queda,,defecto,
5089,archivo,data/sgi_mail_templates.xml,addons/quimibond_sgi/data/sgi_mail_templates.xml,manifest (data),Se queda,,defecto,
5090,archivo,data/sgi_measure_cron.xml,addons/quimibond_sgi/data/sgi_measure_cron.xml,manifest (data),Se queda,,defecto,
5091,archivo,data/sgi_mgmt_review_data.xml,addons/quimibond_sgi/data/sgi_mgmt_review_data.xml,manifest (data),Se queda,B-022,coincidencia de nombre en hallazgo,
5092,archivo,data/sgi_moc_data.xml,addons/quimibond_sgi/data/sgi_moc_data.xml,manifest (data),Se queda,,defecto,
5093,archivo,data/sgi_my_procedure_data.xml,addons/quimibond_sgi/data/sgi_my_procedure_data.xml,manifest (data),Se corrige,A-007 A-025,coincidencia de nombre en hallazgo,
5094,archivo,data/sgi_norms.xml,addons/quimibond_sgi/data/sgi_norms.xml,manifest (data),Se queda,A-029,coincidencia de nombre en hallazgo,
5095,archivo,data/sgi_objectives.xml,addons/quimibond_sgi/data/sgi_objectives.xml,manifest (data),Se queda,,defecto,
5096,archivo,data/sgi_parameters.xml,addons/quimibond_sgi/data/sgi_parameters.xml,manifest (data),Se corrige,A-003 A-006 B-001,coincidencia de nombre en hallazgo,
5097,archivo,data/sgi_ppap_elements.xml,addons/quimibond_sgi/data/sgi_ppap_elements.xml,manifest (data),Sale a otro módulo,A-018,decisión (archivo),
5098,archivo,data/sgi_pr6_data.xml,addons/quimibond_sgi/data/sgi_pr6_data.xml,manifest (data),Se queda,,defecto,
5099,archivo,data/sgi_process_data.xml,addons/quimibond_sgi/data/sgi_process_data.xml,manifest (data),Se elimina,A-002,decisión (archivo),
5100,archivo,data/sgi_process_flows_extra.xml,addons/quimibond_sgi/data/sgi_process_flows_extra.xml,manifest (data),Se elimina,A-002,decisión (archivo),
5101,archivo,data/sgi_risk_data.xml,addons/quimibond_sgi/data/sgi_risk_data.xml,manifest (data),Se queda,,defecto,
5102,archivo,data/sgi_sequences.xml,addons/quimibond_sgi/data/sgi_sequences.xml,manifest (data),Se queda,,defecto,
5103,archivo,data/sgi_sequences_fase2.xml,addons/quimibond_sgi/data/sgi_sequences_fase2.xml,manifest (data),Se queda,,defecto,
5104,archivo,data/sgi_sequences_fase3.xml,addons/quimibond_sgi/data/sgi_sequences_fase3.xml,manifest (data),Se queda,,defecto,
5105,archivo,data/sgi_sequences_fase6.xml,addons/quimibond_sgi/data/sgi_sequences_fase6.xml,manifest (data),Se queda,,defecto,
5106,archivo,data/sgi_sign_elearning_data.xml,addons/quimibond_sgi/data/sgi_sign_elearning_data.xml,manifest (data),Se queda,B-017,coincidencia de nombre en hallazgo,
5107,archivo,data/sgi_stages.xml,addons/quimibond_sgi/data/sgi_stages.xml,manifest (data),Se queda,,defecto,
5108,archivo,tools/carga_documental.py,addons/quimibond_sgi/tools/carga_documental.py,script suelto (shell de Odoo.sh; fuera del manifest),Se elimina,A-003,decisión (archivo),
5109,archivo,tools/post_carga_documental.py,addons/quimibond_sgi/tools/post_carga_documental.py,script suelto (shell de Odoo.sh; fuera del manifest),Se elimina,A-003,decisión (archivo),
5110,archivo,tools/reporte_telas_rollout.py,addons/quimibond_sgi/tools/reporte_telas_rollout.py,script suelto (shell de Odoo.sh; fuera del manifest),Se elimina,A-003,decisión (archivo),
5111,archivo,demo/sgi_demo_fase3.xml,addons/quimibond_sgi/demo/sgi_demo_fase3.xml,manifest (demo),Se elimina,A-028,decisión (archivo),
5112,archivo,security/ir.model.access.csv,addons/quimibond_sgi/security/ir.model.access.csv,manifest (data),Se corrige,F-003,coincidencia de nombre en hallazgo,
5113,archivo,security/sgi_security.xml,addons/quimibond_sgi/security/sgi_security.xml,manifest (data),Se corrige,I-013,coincidencia de nombre en hallazgo,
